substance,quota_year,doc_kind,quota_grams,extraction,superseded,published,doc_url
"3,4-methylenedioxymethamphetamine",1994,final,12,parsed,yes,1994-01-04,https://www.federalregister.gov/documents/1994/01/04/94-108/controlled-substances-established-1993-aggregate-production-quotas
"3,4-methylenedioxymethamphetamine",1994,final,14,parsed,no,1994-09-15,https://www.federalregister.gov/documents/1994/09/15/94-22866/controlled-substances-established-revised-1994-aggregate-production-quotas
"3,4-methylenedioxymethamphetamine",1995,final,42,parsed,no,1995-11-21,https://www.federalregister.gov/documents/1995/11/21/95-28550/controlled-substances-established-initial-1996-aggregate-production-quotas
"3,4-methylenedioxymethamphetamine",1995,proposed,12,parsed,yes,1995-05-09,https://www.federalregister.gov/documents/1995/05/09/95-11370/controlled-substances-proposed-1995-aggregate-production-quotas
"3,4-methylenedioxymethamphetamine",1995,proposed,17,parsed,yes,1995-07-05,https://www.federalregister.gov/documents/1995/07/05/95-16321/1995-revised-aggregate-production-quotas-for-controlled-substances-in-schedules-i-and-ii
"3,4-methylenedioxymethamphetamine",1995,proposed,42,parsed,no,1995-07-27,https://www.federalregister.gov/documents/1995/07/27/95-18407/controlled-substances-proposed-aggregate-production-quotas-for-1996
"3,4-methylenedioxymethamphetamine",1996,proposed,,manual_needed,no,1996-10-17,https://www.federalregister.gov/documents/1996/10/17/96-26581/controlled-substances-proposed-aggregate-production-quotas-for-1997
"3,4-methylenedioxymethamphetamine",1997,final,20,parsed,no,1997-11-21,https://www.federalregister.gov/documents/1997/11/21/97-30651/controlled-substances-established-initial-aggregate-production-quotas-for-1998
"3,4-methylenedioxymethamphetamine",1997,proposed,,manual_needed,yes,1997-06-05,https://www.federalregister.gov/documents/1997/06/05/97-14698/controlled-substances-notice-of-proposed-revised-1997-aggregate-production-quotas
"3,4-methylenedioxymethamphetamine",1997,proposed,,manual_needed,yes,1997-08-15,https://www.federalregister.gov/documents/1997/08/15/97-21587/controlled-substances-revised-aggregate-production-quotas-for-1997
"3,4-methylenedioxymethamphetamine",1997,proposed,20,parsed,no,1997-09-02,https://www.federalregister.gov/documents/1997/09/02/97-23224/controlled-substances-proposed-aggregate-production-quotas-for-1998
"3,4-methylenedioxymethamphetamine",1998,proposed,,manual_needed,yes,1998-07-17,https://www.federalregister.gov/documents/1998/07/17/98-19084/controlled-substances-proposed-revised-aggregate-production-quotas-for-1998
"3,4-methylenedioxymethamphetamine",1998,proposed,20,parsed,yes,1998-09-15,https://www.federalregister.gov/documents/1998/09/15/98-24621/controlled-substances-revised-aggregate-production-quotas-for-1998
"3,4-methylenedioxymethamphetamine",1998,proposed,20,parsed,no,1998-10-16,https://www.federalregister.gov/documents/1998/10/16/98-27740/controlled-substances-proposed-aggregate-production-quotas-for-1999
"3,4-methylenedioxymethamphetamine",1999,proposed,20,parsed,yes,1999-08-20,https://www.federalregister.gov/documents/1999/08/20/99-21583/controlled-substances-proposed-revised-aggregate-production-quotas-for-1999
"3,4-methylenedioxymethamphetamine",1999,proposed,20,parsed,no,1999-10-19,https://www.federalregister.gov/documents/1999/10/19/99-27291/controlled-substances-1999-aggregate-production-quotas
"3,4-methylenedioxymethamphetamine",2000,final,20,parsed,yes,1999-12-28,https://www.federalregister.gov/documents/1999/12/28/99-33550/controlled-substances-established-initial-aggregate-production-quotas-for-2000
"3,4-methylenedioxymethamphetamine",2000,final,20,parsed,no,2000-02-10,https://www.federalregister.gov/documents/2000/02/10/00-3149/controlled-substances-established-initial-aggregate-production-quotas-for-2000
"3,4-methylenedioxymethamphetamine",2000,proposed,20,parsed,yes,1999-10-21,https://www.federalregister.gov/documents/1999/10/21/99-27428/controlled-substances-proposed-aggregate-production-quotas-for-2000
"3,4-methylenedioxymethamphetamine",2000,proposed,20,parsed,yes,2000-07-19,https://www.federalregister.gov/documents/2000/07/19/00-18148/controlled-substances-proposed-revised-aggregate-production-quotas-for-2000
"3,4-methylenedioxymethamphetamine",2000,proposed,20,parsed,no,2000-09-25,https://www.federalregister.gov/documents/2000/09/25/00-24554/controlled-substances-2000-aggregate-production-quotas
"3,4-methylenedioxymethamphetamine",2001,final,10,parsed,yes,2000-12-19,https://www.federalregister.gov/documents/2000/12/19/00-32299/controlled-substances-established-initial-aggregate-production-quotas-for-2001
"3,4-methylenedioxymethamphetamine",2001,final,15,parsed,no,2001-10-15,https://www.federalregister.gov/documents/2001/10/15/01-25761/controlled-substances-final-revised-aggregate-production-quotas-for-2001
"3,4-methylenedioxymethamphetamine",2001,proposed,10,parsed,yes,2000-10-04,https://www.federalregister.gov/documents/2000/10/04/00-25421/controlled-substances-proposed-aggregate-production-quotas-for-2001
"3,4-methylenedioxymethamphetamine",2001,proposed,10,parsed,no,2001-08-06,https://www.federalregister.gov/documents/2001/08/06/01-19513/controlled-substances-proposed-revised-aggregate-production-quotas-for-2001
"3,4-methylenedioxymethamphetamine",2002,final,15,parsed,yes,2001-12-13,https://www.federalregister.gov/documents/2001/12/13/01-30821/controlled-substances-established-initial-aggregate-production-quotas-for-2002
"3,4-methylenedioxymethamphetamine",2002,final,15,parsed,no,2002-09-20,https://www.federalregister.gov/documents/2002/09/20/02-23876/controlled-substances-final-revised-aggregate-production-quotas-for-2002
"3,4-methylenedioxymethamphetamine",2002,proposed,15,parsed,no,2002-07-23,https://www.federalregister.gov/documents/2002/07/23/02-18468/controlled-substances-proposed-revised-aggregate-production-quotas-for-2002
"3,4-methylenedioxymethamphetamine",2003,final,19,parsed,yes,2002-12-19,https://www.federalregister.gov/documents/2002/12/19/02-31898/controlled-substances-established-initial-aggregate-production-quotas-for-2003
"3,4-methylenedioxymethamphetamine",2003,final,19,parsed,no,2003-09-30,https://www.federalregister.gov/documents/2003/09/30/03-24653/controlled-substances-final-revised-aggregate-production-quotas-for-2003
"3,4-methylenedioxymethamphetamine",2003,proposed,19,parsed,yes,2002-11-01,https://www.federalregister.gov/documents/2002/11/01/02-27882/controlled-substances-proposed-aggregate-production-quotas-for-2003
"3,4-methylenedioxymethamphetamine",2003,proposed,19,parsed,yes,2003-08-06,https://www.federalregister.gov/documents/2003/08/06/03-19954/controlled-substances-proposed-revised-aggregate-production-quotas-for-2003
"3,4-methylenedioxymethamphetamine",2003,proposed,19,parsed,no,2003-08-19,https://www.federalregister.gov/documents/2003/08/19/C3-19954/controlled-substances-proposed-revised-aggregate-production-quotas-for-2003
"3,4-methylenedioxymethamphetamine",2004,final,16,parsed,yes,2003-12-15,https://www.federalregister.gov/documents/2003/12/15/03-30834/controlled-substances-established-initial-aggregate-production-quotas-for-2004
"3,4-methylenedioxymethamphetamine",2004,final,16,parsed,no,2004-11-16,https://www.federalregister.gov/documents/2004/11/16/04-25340/controlled-substances-final-revised-aggregate-production-quotas-for-2004
"3,4-methylenedioxymethamphetamine",2004,proposed,16,parsed,yes,2003-11-04,https://www.federalregister.gov/documents/2003/11/04/03-27636/controlled-substances-proposed-aggregate-production-quotas-for-2004
"3,4-methylenedioxymethamphetamine",2004,proposed,16,parsed,no,2004-09-09,https://www.federalregister.gov/documents/2004/09/09/04-20369/controlled-substances-proposed-revised-aggregate-production-quotas-for-2004
"3,4-methylenedioxymethamphetamine",2005,final,15,parsed,yes,2005-01-03,https://www.federalregister.gov/documents/2005/01/03/04-28746/controlled-substances-established-initial-aggregate-production-quotas-for-2005
"3,4-methylenedioxymethamphetamine",2005,final,17,parsed,no,2005-11-09,https://www.federalregister.gov/documents/2005/11/09/05-22287/controlled-substances-final-revised-aggregate-production-quotas-for-2005
"3,4-methylenedioxymethamphetamine",2005,proposed,15,parsed,yes,2004-12-03,https://www.federalregister.gov/documents/2004/12/03/04-26689/controlled-substances-proposed-aggregate-production-quotas-for-2005
"3,4-methylenedioxymethamphetamine",2005,proposed,15,parsed,no,2005-08-05,https://www.federalregister.gov/documents/2005/08/05/05-15493/controlled-substances-proposed-revised-aggregate-production-quotas-for-2005
"3,4-methylenedioxymethamphetamine",2006,final,22,parsed,yes,2005-12-09,https://www.federalregister.gov/documents/2005/12/09/E5-7110/controlled-substances-established-initial-aggregate-production-quotas-for-2006
"3,4-methylenedioxymethamphetamine",2006,final,22,parsed,no,2006-10-19,https://www.federalregister.gov/documents/2006/10/19/E6-17524/controlled-substances-final-revised-aggregate-production-quotas-for-2006
"3,4-methylenedioxymethamphetamine",2006,proposed,17,parsed,yes,2005-10-21,https://www.federalregister.gov/documents/2005/10/21/05-21038/controlled-substances-proposed-aggregate-production-quotas-for-2006
"3,4-methylenedioxymethamphetamine",2006,proposed,22,parsed,no,2006-07-05,https://www.federalregister.gov/documents/2006/07/05/E6-10467/controlled-substances-proposed-revised-aggregate-production-quotas-for-2006
"3,4-methylenedioxymethamphetamine",2007,final,22,parsed,yes,2006-12-11,https://www.federalregister.gov/documents/2006/12/11/E6-20920/controlled-substances-established-initial-aggregate-production-quotas-for-2007
"3,4-methylenedioxymethamphetamine",2007,final,22,parsed,no,2007-08-24,https://www.federalregister.gov/documents/2007/08/24/E7-16730/controlled-substances-final-revised-aggregate-production-quotas-for-2007
"3,4-methylenedioxymethamphetamine",2007,proposed,22,parsed,no,2006-08-29,https://www.federalregister.gov/documents/2006/08/29/E6-14284/controlled-substances-proposed-aggregate-production-quotas-for-2007
"3,4-methylenedioxymethamphetamine",2008,final,22,parsed,yes,2007-12-27,https://www.federalregister.gov/documents/2007/12/27/E7-25113/controlled-substances-established-initial-aggregate-production-quotas-for-2008
"3,4-methylenedioxymethamphetamine",2008,final,22,parsed,no,2008-11-12,https://www.federalregister.gov/documents/2008/11/12/E8-26798/controlled-substances-final-revised-aggregate-production-quotas-for-2008
"3,4-methylenedioxymethamphetamine",2008,proposed,22,parsed,yes,2007-08-24,https://www.federalregister.gov/documents/2007/08/24/E7-16729/controlled-substances-proposed-aggregate-production-quotas-for-2008
"3,4-methylenedioxymethamphetamine",2008,proposed,22,parsed,no,2008-07-01,https://www.federalregister.gov/documents/2008/07/01/E8-14903/controlled-substances-proposed-revised-aggregate-production-quotas-for-2008
"3,4-methylenedioxymethamphetamine",2009,final,20,parsed,yes,2008-12-29,https://www.federalregister.gov/documents/2008/12/29/E8-30807/controlled-substances-established-initial-aggregate-production-quotas-for-2009
"3,4-methylenedioxymethamphetamine",2009,final,20,parsed,no,2009-10-21,https://www.federalregister.gov/documents/2009/10/21/E9-25274/controlled-substances-final-revised-aggregate-production-quotas-for-2009
"3,4-methylenedioxymethamphetamine",2009,proposed,20,parsed,no,2008-11-07,https://www.federalregister.gov/documents/2008/11/07/E8-26609/controlled-substances-proposed-aggregate-production-quotas-for-2009
"3,4-methylenedioxymethamphetamine",2010,final,20,parsed,yes,2009-10-21,https://www.federalregister.gov/documents/2009/10/21/E9-25275/controlled-substances-established-initial-aggregate-production-quotas-for-2010
"3,4-methylenedioxymethamphetamine",2010,final,20,parsed,no,2010-09-14,https://www.federalregister.gov/documents/2010/09/14/2010-22785/controlled-substances-final-revised-aggregate-production-quotas-for-2010
"3,4-methylenedioxymethamphetamine",2010,proposed,20,parsed,yes,2009-05-21,https://www.federalregister.gov/documents/2009/05/21/E9-11929/controlled-substances-proposed-aggregate-production-quotas-for-2010
"3,4-methylenedioxymethamphetamine",2010,proposed,20,parsed,no,2010-06-23,https://www.federalregister.gov/documents/2010/06/23/2010-15159/controlled-substances-proposed-revised-aggregate-production-quotas-for-2010
"3,4-methylenedioxymethamphetamine",2011,final,22,parsed,yes,2010-12-20,https://www.federalregister.gov/documents/2010/12/20/2010-31849/controlled-substances-established-initial-aggregate-production-quotas-for-2011
"3,4-methylenedioxymethamphetamine",2011,final,22,parsed,no,2011-12-09,https://www.federalregister.gov/documents/2011/12/09/2011-31621/controlled-substances-final-adjusted-aggregate-production-quotas-for-2011
"3,4-methylenedioxymethamphetamine",2011,proposed,20,parsed,yes,2010-09-15,https://www.federalregister.gov/documents/2010/09/15/2010-22905/controlled-substances-proposed-aggregate-production-quotas-for-2011
"3,4-methylenedioxymethamphetamine",2011,proposed,22,parsed,no,2011-09-14,https://www.federalregister.gov/documents/2011/09/14/2011-23498/controlled-substances-2011-proposed-aggregate-production-quotas
"3,4-methylenedioxymethamphetamine",2012,final,22,parsed,yes,2011-12-15,https://www.federalregister.gov/documents/2011/12/15/2011-32163/controlled-substances-established-aggregate-production-quotas-for-2012
"3,4-methylenedioxymethamphetamine",2012,final,30,parsed,no,2012-09-10,https://www.federalregister.gov/documents/2012/09/10/2012-22128/controlled-substances-final-adjusted-aggregate-production-quotas-for-2012
"3,4-methylenedioxymethamphetamine",2012,proposed,22,parsed,yes,2011-10-21,https://www.federalregister.gov/documents/2011/10/21/2011-27283/controlled-substances-proposed-aggregate-production-quotas-for-2012
"3,4-methylenedioxymethamphetamine",2012,proposed,22,parsed,no,2012-07-05,https://www.federalregister.gov/documents/2012/07/05/2012-16396/controlled-substances-proposed-adjustment-to-the-aggregate-production-quotas-for-2012
"3,4-methylenedioxymethamphetamine",2013,final,35,parsed,yes,2012-10-01,https://www.federalregister.gov/documents/2012/10/01/2012-24089/established-aggregate-production-quotas-for-schedule-i-and-ii-controlled-substances-and-established
"3,4-methylenedioxymethamphetamine",2013,final,50,parsed,no,2013-08-07,https://www.federalregister.gov/documents/2013/08/07/2013-19046/final-adjusted-aggregate-production-quotas-for-schedule-i-and-ii-controlled-substances-and
"3,4-methylenedioxymethamphetamine",2013,proposed,35,parsed,yes,2012-08-03,https://www.federalregister.gov/documents/2012/08/03/2012-19052/proposed-aggregate-production-quotas-for-schedule-i-and-ii-controlled-substances-and-proposed
"3,4-methylenedioxymethamphetamine",2013,proposed,35,parsed,no,2013-06-20,https://www.federalregister.gov/documents/2013/06/20/2013-14723/proposed-adjustments-to-the-aggregate-production-quotas-for-schedule-i-and-ii-controlled-substances
"3,4-methylenedioxymethamphetamine",2014,final,50,parsed,yes,2013-09-09,https://www.federalregister.gov/documents/2013/09/09/2013-21797/established-aggregate-production-quotas-for-schedule-i-and-ii-controlled-substances-and-established
"3,4-methylenedioxymethamphetamine",2014,final,50,parsed,no,2014-08-25,https://www.federalregister.gov/documents/2014/08/25/2014-20137/final-adjusted-aggregate-production-quotas-for-schedule-i-and-ii-controlled-substances-and
"3,4-methylenedioxymethamphetamine",2014,proposed,50,parsed,no,2013-07-03,https://www.federalregister.gov/documents/2013/07/03/2013-16052/proposed-aggregate-production-quotas-for-schedule-i-and-ii-controlled-substances-and-proposed
"3,4-methylenedioxymethamphetamine",2015,final,50,parsed,yes,2014-09-08,https://www.federalregister.gov/documents/2014/09/08/2014-21280/established-aggregate-production-quotas-for-schedule-i-and-ii-controlled-substances-and-assessment
"3,4-methylenedioxymethamphetamine",2015,final,50,parsed,no,2015-09-16,https://www.federalregister.gov/documents/2015/09/16/2015-23199/final-adjusted-aggregate-production-quotas-for-schedule-i-and-ii-controlled-substances-and
"3,4-methylenedioxymethamphetamine",2015,proposed,50,parsed,yes,2014-07-02,https://www.federalregister.gov/documents/2014/07/02/2014-15549/proposed-aggregate-production-quotas-for-schedule-i-and-ii-controlled-substances-and-assessment-of
"3,4-methylenedioxymethamphetamine",2015,proposed,50,parsed,no,2015-07-08,https://www.federalregister.gov/documents/2015/07/08/2015-16699/proposed-adjustments-to-the-aggregate-production-quotas-for-schedule-i-and-ii-controlled-substances
"3,4-methylenedioxymethamphetamine",2016,final,50,parsed,yes,2015-10-06,https://www.federalregister.gov/documents/2015/10/06/2015-25373/established-aggregate-production-quotas-for-schedule-i-and-ii-controlled-substances-and-assessment
"3,4-methylenedioxymethamphetamine",2016,final,50,parsed,no,2016-10-25,https://www.federalregister.gov/documents/2016/10/25/2016-25696/final-adjusted-aggregate-production-quotas-for-schedule-i-and-ii-controlled-substances-and
"3,4-methylenedioxymethamphetamine",2016,proposed,50,parsed,no,2015-07-17,https://www.federalregister.gov/documents/2015/07/17/2015-17561/proposed-aggregate-production-quotas-for-schedule-i-and-ii-controlled-substances-and-assessment-of
"3,4-methylenedioxymethamphetamine",2017,final,50,parsed,yes,2016-10-05,https://www.federalregister.gov/documents/2016/10/05/2016-23988/established-aggregate-production-quotas-for-schedule-i-and-ii-controlled-substances-and-assessment
"3,4-methylenedioxymethamphetamine",2017,final,50,parsed,no,2017-11-03,https://www.federalregister.gov/documents/2017/11/03/2017-24009/final-adjusted-aggregate-production-quotas-for-schedule-i-and-ii-controlled-substances-and
"3,4-methylenedioxymethamphetamine",2017,proposed,50,parsed,no,2016-07-22,https://www.federalregister.gov/documents/2016/07/22/2016-17370/proposed-aggregate-production-quotas-for-schedule-i-and-ii-controlled-substances-and-assessment-of
"3,4-methylenedioxymethamphetamine",2018,final,50,parsed,yes,2017-11-08,https://www.federalregister.gov/documents/2017/11/08/2017-24306/established-aggregate-production-quotas-for-schedule-i-and-ii-controlled-substances-and-assessment
"3,4-methylenedioxymethamphetamine",2018,final,50,parsed,no,2018-12-10,https://www.federalregister.gov/documents/2018/12/10/2018-26587/final-adjusted-aggregate-production-quotas-for-schedule-i-and-ii-controlled-substances-and
"3,4-methylenedioxymethamphetamine",2018,proposed,50,parsed,no,2017-08-07,https://www.federalregister.gov/documents/2017/08/07/2017-16439/proposed-aggregate-production-quotas-for-schedule-i-and-ii-controlled-substances-and-assessment-of
"3,4-methylenedioxymethamphetamine",2019,final,50,parsed,no,2018-12-28,https://www.federalregister.gov/documents/2018/12/28/2018-28108/established-aggregate-production-quotas-for-schedule-i-and-ii-controlled-substances-and-assessment
"3,4-methylenedioxymethamphetamine",2019,proposed,50,parsed,no,2018-08-20,https://www.federalregister.gov/documents/2018/08/20/2018-17893/proposed-aggregate-production-quotas-for-schedule-i-and-ii-controlled-substances-and-assessment-of
"3,4-methylenedioxymethamphetamine",2020,final,50,parsed,yes,2019-12-02,https://www.federalregister.gov/documents/2019/12/02/2019-26119/established-aggregate-production-quotas-for-schedule-i-and-ii-controlled-substances-and-assessment
"3,4-methylenedioxymethamphetamine",2020,final,50,parsed,no,2020-12-01,https://www.federalregister.gov/documents/2020/12/01/2020-26443/final-adjusted-aggregate-production-quotas-for-schedule-i-and-ii-controlled-substances-and
"3,4-methylenedioxymethamphetamine",2020,proposed,50,parsed,yes,2019-09-12,https://www.federalregister.gov/documents/2019/09/12/2019-19785/proposed-aggregate-production-quotas-for-schedule-i-and-ii-controlled-substances-and-assessment-of
"3,4-methylenedioxymethamphetamine",2020,proposed,50,parsed,no,2020-09-01,https://www.federalregister.gov/documents/2020/09/01/2020-19308/proposed-adjustments-to-the-aggregate-production-quotas-for-schedule-i-and-ii-controlled-substances
"3,4-methylenedioxymethamphetamine",2021,final,50,parsed,yes,2020-11-30,https://www.federalregister.gov/documents/2020/11/30/2020-26289/established-aggregate-production-quotas-for-schedule-i-and-ii-controlled-substances-and-assessment
"3,4-methylenedioxymethamphetamine",2021,final,3200,parsed,no,2021-11-15,https://www.federalregister.gov/documents/2021/11/15/2021-24921/final-adjusted-aggregate-production-quotas-for-schedule-i-and-ii-controlled-substances-and
"3,4-methylenedioxymethamphetamine",2021,proposed,50,parsed,yes,2020-09-01,https://www.federalregister.gov/documents/2020/09/01/2020-19285/proposed-aggregate-production-quotas-for-schedule-i-and-ii-controlled-substances-and-assessment-of
"3,4-methylenedioxymethamphetamine",2021,proposed,50,parsed,no,2021-09-02,https://www.federalregister.gov/documents/2021/09/02/2021-18935/proposed-adjustments-to-the-aggregate-production-quotas-for-schedule-i-and-ii-controlled-substances
"3,4-methylenedioxymethamphetamine",2022,final,8200,parsed,no,2021-12-02,https://www.federalregister.gov/documents/2021/12/02/2021-26227/established-aggregate-production-quotas-for-schedule-i-and-ii-controlled-substances-and-assessment
"3,4-methylenedioxymethamphetamine",2022,proposed,3200,parsed,no,2021-10-18,https://www.federalregister.gov/documents/2021/10/18/2021-22624/proposed-aggregate-production-quotas-for-schedule-i-and-ii-controlled-substances-and-assessment-of
"3,4-methylenedioxymethamphetamine",2023,final,12000,parsed,no,2022-12-02,https://www.federalregister.gov/documents/2022/12/02/2022-26351/established-aggregate-production-quotas-for-schedule-i-and-ii-controlled-substances-and-assessment
"3,4-methylenedioxymethamphetamine",2023,proposed,8200,parsed,yes,2022-10-18,https://www.federalregister.gov/documents/2022/10/18/2022-22638/proposed-aggregate-production-quotas-for-schedule-i-and-ii-controlled-substances-and-assessment-of
"3,4-methylenedioxymethamphetamine",2023,proposed,12000,parsed,no,2023-10-31,https://www.federalregister.gov/documents/2023/10/31/2023-23931/proposed-adjustments-to-the-aggregate-production-quotas-for-schedule-i-and-ii-controlled-substances
"3,4-methylenedioxymethamphetamine",2024,final,12000,parsed,no,2024-01-03,https://www.federalregister.gov/documents/2024/01/03/2023-28962/established-aggregate-production-quotas-for-schedule-i-and-ii-controlled-substances-and-assessment
"3,4-methylenedioxymethamphetamine",2024,proposed,12000,parsed,yes,2023-11-02,https://www.federalregister.gov/documents/2023/11/02/2023-24282/proposed-aggregate-production-quotas-for-schedule-i-and-ii-controlled-substances-and-assessment-of
"3,4-methylenedioxymethamphetamine",2024,proposed,12000,parsed,no,2024-09-25,https://www.federalregister.gov/documents/2024/09/25/2024-21960/proposed-adjustments-to-the-aggregate-production-quotas-for-schedule-i-and-ii-controlled-substances
"3,4-methylenedioxymethamphetamine",2025,proposed,12000,parsed,no,2024-09-25,https://www.federalregister.gov/documents/2024/09/25/2024-21962/proposed-aggregate-production-quotas-for-schedule-i-and-ii-controlled-substances-and-assessment-of
"3,4-methylenedioxymethamphetamine",2026,final,12000,parsed,no,2026-01-05,https://www.federalregister.gov/documents/2026/01/05/2025-24277/established-aggregate-production-quotas-for-schedule-i-and-ii-controlled-substances-and-assessment
"5-methoxy-n,n-dimethyltryptamine",2013,final,10,parsed,yes,2012-10-01,https://www.federalregister.gov/documents/2012/10/01/2012-24089/established-aggregate-production-quotas-for-schedule-i-and-ii-controlled-substances-and-established
"5-methoxy-n,n-dimethyltryptamine",2013,final,10,parsed,no,2013-08-07,https://www.federalregister.gov/documents/2013/08/07/2013-19046/final-adjusted-aggregate-production-quotas-for-schedule-i-and-ii-controlled-substances-and
"5-methoxy-n,n-dimethyltryptamine",2013,proposed,10,parsed,yes,2012-08-03,https://www.federalregister.gov/documents/2012/08/03/2012-19052/proposed-aggregate-production-quotas-for-schedule-i-and-ii-controlled-substances-and-proposed
"5-methoxy-n,n-dimethyltryptamine",2013,proposed,10,parsed,no,2013-06-20,https://www.federalregister.gov/documents/2013/06/20/2013-14723/proposed-adjustments-to-the-aggregate-production-quotas-for-schedule-i-and-ii-controlled-substances
"5-methoxy-n,n-dimethyltryptamine",2014,final,25,parsed,yes,2013-09-09,https://www.federalregister.gov/documents/2013/09/09/2013-21797/established-aggregate-production-quotas-for-schedule-i-and-ii-controlled-substances-and-established
"5-methoxy-n,n-dimethyltryptamine",2014,final,25,parsed,no,2014-08-25,https://www.federalregister.gov/documents/2014/08/25/2014-20137/final-adjusted-aggregate-production-quotas-for-schedule-i-and-ii-controlled-substances-and
"5-methoxy-n,n-dimethyltryptamine",2014,proposed,25,parsed,yes,2013-07-03,https://www.federalregister.gov/documents/2013/07/03/2013-16052/proposed-aggregate-production-quotas-for-schedule-i-and-ii-controlled-substances-and-proposed
"5-methoxy-n,n-dimethyltryptamine",2014,proposed,25,parsed,no,2014-06-12,https://www.federalregister.gov/documents/2014/06/12/2014-13804/proposed-adjustments-to-the-aggregate-production-quotas-for-schedule-i-and-ii-controlled-substances
"5-methoxy-n,n-dimethyltryptamine",2015,final,25,parsed,yes,2014-09-08,https://www.federalregister.gov/documents/2014/09/08/2014-21280/established-aggregate-production-quotas-for-schedule-i-and-ii-controlled-substances-and-assessment
"5-methoxy-n,n-dimethyltryptamine",2015,final,25,parsed,no,2015-09-16,https://www.federalregister.gov/documents/2015/09/16/2015-23199/final-adjusted-aggregate-production-quotas-for-schedule-i-and-ii-controlled-substances-and
"5-methoxy-n,n-dimethyltryptamine",2015,proposed,25,parsed,yes,2014-07-02,https://www.federalregister.gov/documents/2014/07/02/2014-15549/proposed-aggregate-production-quotas-for-schedule-i-and-ii-controlled-substances-and-assessment-of
"5-methoxy-n,n-dimethyltryptamine",2015,proposed,25,parsed,no,2015-07-08,https://www.federalregister.gov/documents/2015/07/08/2015-16699/proposed-adjustments-to-the-aggregate-production-quotas-for-schedule-i-and-ii-controlled-substances
"5-methoxy-n,n-dimethyltryptamine",2016,final,25,parsed,yes,2015-10-06,https://www.federalregister.gov/documents/2015/10/06/2015-25373/established-aggregate-production-quotas-for-schedule-i-and-ii-controlled-substances-and-assessment
"5-methoxy-n,n-dimethyltryptamine",2016,final,25,parsed,no,2016-10-25,https://www.federalregister.gov/documents/2016/10/25/2016-25696/final-adjusted-aggregate-production-quotas-for-schedule-i-and-ii-controlled-substances-and
"5-methoxy-n,n-dimethyltryptamine",2016,proposed,25,parsed,no,2015-07-17,https://www.federalregister.gov/documents/2015/07/17/2015-17561/proposed-aggregate-production-quotas-for-schedule-i-and-ii-controlled-substances-and-assessment-of
"5-methoxy-n,n-dimethyltryptamine",2017,final,25,parsed,yes,2016-10-05,https://www.federalregister.gov/documents/2016/10/05/2016-23988/established-aggregate-production-quotas-for-schedule-i-and-ii-controlled-substances-and-assessment
"5-methoxy-n,n-dimethyltryptamine",2017,final,25,parsed,no,2017-11-03,https://www.federalregister.gov/documents/2017/11/03/2017-24009/final-adjusted-aggregate-production-quotas-for-schedule-i-and-ii-controlled-substances-and
"5-methoxy-n,n-dimethyltryptamine",2017,proposed,25,parsed,no,2016-07-22,https://www.federalregister.gov/documents/2016/07/22/2016-17370/proposed-aggregate-production-quotas-for-schedule-i-and-ii-controlled-substances-and-assessment-of
"5-methoxy-n,n-dimethyltryptamine",2018,final,25,parsed,no,2017-11-08,https://www.federalregister.gov/documents/2017/11/08/2017-24306/established-aggregate-production-quotas-for-schedule-i-and-ii-controlled-substances-and-assessment
"5-methoxy-n,n-dimethyltryptamine",2018,proposed,25,parsed,yes,2017-08-07,https://www.federalregister.gov/documents/2017/08/07/2017-16439/proposed-aggregate-production-quotas-for-schedule-i-and-ii-controlled-substances-and-assessment-of
"5-methoxy-n,n-dimethyltryptamine",2018,proposed,25,parsed,no,2018-08-23,https://www.federalregister.gov/documents/2018/08/23/2018-18265/proposed-adjustments-to-the-aggregate-production-quotas-for-schedule-i-and-ii-controlled-substances
"5-methoxy-n,n-dimethyltryptamine",2019,proposed,25,parsed,no,2018-08-20,https://www.federalregister.gov/documents/2018/08/20/2018-17893/proposed-aggregate-production-quotas-for-schedule-i-and-ii-controlled-substances-and-assessment-of
"5-methoxy-n,n-dimethyltryptamine",2020,final,25,parsed,yes,2019-12-02,https://www.federalregister.gov/documents/2019/12/02/2019-26119/established-aggregate-production-quotas-for-schedule-i-and-ii-controlled-substances-and-assessment
"5-methoxy-n,n-dimethyltryptamine",2020,final,25,parsed,no,2020-12-01,https://www.federalregister.gov/documents/2020/12/01/2020-26443/final-adjusted-aggregate-production-quotas-for-schedule-i-and-ii-controlled-substances-and
"5-methoxy-n,n-dimethyltryptamine",2020,proposed,25,parsed,yes,2019-09-12,https://www.federalregister.gov/documents/2019/09/12/2019-19785/proposed-aggregate-production-quotas-for-schedule-i-and-ii-controlled-substances-and-assessment-of
"5-methoxy-n,n-dimethyltryptamine",2020,proposed,25,parsed,no,2020-09-01,https://www.federalregister.gov/documents/2020/09/01/2020-19308/proposed-adjustments-to-the-aggregate-production-quotas-for-schedule-i-and-ii-controlled-substances
"5-methoxy-n,n-dimethyltryptamine",2021,final,35,parsed,yes,2020-11-30,https://www.federalregister.gov/documents/2020/11/30/2020-26289/established-aggregate-production-quotas-for-schedule-i-and-ii-controlled-substances-and-assessment
"5-methoxy-n,n-dimethyltryptamine",2021,final,35,parsed,no,2021-11-15,https://www.federalregister.gov/documents/2021/11/15/2021-24921/final-adjusted-aggregate-production-quotas-for-schedule-i-and-ii-controlled-substances-and
"5-methoxy-n,n-dimethyltryptamine",2021,proposed,25,parsed,yes,2020-09-01,https://www.federalregister.gov/documents/2020/09/01/2020-19285/proposed-aggregate-production-quotas-for-schedule-i-and-ii-controlled-substances-and-assessment-of
"5-methoxy-n,n-dimethyltryptamine",2021,proposed,35,parsed,no,2021-09-02,https://www.federalregister.gov/documents/2021/09/02/2021-18935/proposed-adjustments-to-the-aggregate-production-quotas-for-schedule-i-and-ii-controlled-substances
"5-methoxy-n,n-dimethyltryptamine",2022,final,2550,parsed,no,2021-12-02,https://www.federalregister.gov/documents/2021/12/02/2021-26227/established-aggregate-production-quotas-for-schedule-i-and-ii-controlled-substances-and-assessment
"5-methoxy-n,n-dimethyltryptamine",2022,proposed,550,parsed,no,2021-10-18,https://www.federalregister.gov/documents/2021/10/18/2021-22624/proposed-aggregate-production-quotas-for-schedule-i-and-ii-controlled-substances-and-assessment-of
"5-methoxy-n,n-dimethyltryptamine",2023,final,11000,parsed,no,2022-12-02,https://www.federalregister.gov/documents/2022/12/02/2022-26351/established-aggregate-production-quotas-for-schedule-i-and-ii-controlled-substances-and-assessment
"5-methoxy-n,n-dimethyltryptamine",2023,proposed,6000,parsed,yes,2022-10-18,https://www.federalregister.gov/documents/2022/10/18/2022-22638/proposed-aggregate-production-quotas-for-schedule-i-and-ii-controlled-substances-and-assessment-of
"5-methoxy-n,n-dimethyltryptamine",2023,proposed,11000,parsed,no,2023-10-31,https://www.federalregister.gov/documents/2023/10/31/2023-23931/proposed-adjustments-to-the-aggregate-production-quotas-for-schedule-i-and-ii-controlled-substances
"5-methoxy-n,n-dimethyltryptamine",2024,final,11000,parsed,no,2024-01-03,https://www.federalregister.gov/documents/2024/01/03/2023-28962/established-aggregate-production-quotas-for-schedule-i-and-ii-controlled-substances-and-assessment
"5-methoxy-n,n-dimethyltryptamine",2024,proposed,11000,parsed,yes,2023-11-02,https://www.federalregister.gov/documents/2023/11/02/2023-24282/proposed-aggregate-production-quotas-for-schedule-i-and-ii-controlled-substances-and-assessment-of
"5-methoxy-n,n-dimethyltryptamine",2024,proposed,11000,parsed,no,2024-09-25,https://www.federalregister.gov/documents/2024/09/25/2024-21960/proposed-adjustments-to-the-aggregate-production-quotas-for-schedule-i-and-ii-controlled-substances
"5-methoxy-n,n-dimethyltryptamine",2025,proposed,11000,parsed,no,2024-09-25,https://www.federalregister.gov/documents/2024/09/25/2024-21962/proposed-aggregate-production-quotas-for-schedule-i-and-ii-controlled-substances-and-assessment-of
"5-methoxy-n,n-dimethyltryptamine",2026,final,30000,parsed,no,2026-01-05,https://www.federalregister.gov/documents/2026/01/05/2025-24277/established-aggregate-production-quotas-for-schedule-i-and-ii-controlled-substances-and-assessment
dimethyltryptamine,1996,proposed,,manual_needed,no,1996-10-17,https://www.federalregister.gov/documents/1996/10/17/96-26581/controlled-substances-proposed-aggregate-production-quotas-for-1997
dimethyltryptamine,1997,final,,manual_needed,no,1997-11-21,https://www.federalregister.gov/documents/1997/11/21/97-30651/controlled-substances-established-initial-aggregate-production-quotas-for-1998
dimethyltryptamine,1997,proposed,,manual_needed,yes,1997-06-05,https://www.federalregister.gov/documents/1997/06/05/97-14698/controlled-substances-notice-of-proposed-revised-1997-aggregate-production-quotas
dimethyltryptamine,1997,proposed,,manual_needed,yes,1997-08-15,https://www.federalregister.gov/documents/1997/08/15/97-21587/controlled-substances-revised-aggregate-production-quotas-for-1997
dimethyltryptamine,1997,proposed,,manual_needed,no,1997-09-02,https://www.federalregister.gov/documents/1997/09/02/97-23224/controlled-substances-proposed-aggregate-production-quotas-for-1998
dimethyltryptamine,1998,final,,manual_needed,no,1998-12-23,https://www.federalregister.gov/documents/1998/12/23/98-33888/controlled-substances-established-initial-aggregate-production-quotas-for-1999
dimethyltryptamine,1998,proposed,,manual_needed,yes,1998-07-17,https://www.federalregister.gov/documents/1998/07/17/98-19084/controlled-substances-proposed-revised-aggregate-production-quotas-for-1998
dimethyltryptamine,1998,proposed,,manual_needed,yes,1998-09-15,https://www.federalregister.gov/documents/1998/09/15/98-24621/controlled-substances-revised-aggregate-production-quotas-for-1998
dimethyltryptamine,1998,proposed,,manual_needed,no,1998-10-16,https://www.federalregister.gov/documents/1998/10/16/98-27740/controlled-substances-proposed-aggregate-production-quotas-for-1999
dimethyltryptamine,1999,proposed,,manual_needed,yes,1999-08-20,https://www.federalregister.gov/documents/1999/08/20/99-21583/controlled-substances-proposed-revised-aggregate-production-quotas-for-1999
dimethyltryptamine,1999,proposed,,manual_needed,no,1999-10-19,https://www.federalregister.gov/documents/1999/10/19/99-27291/controlled-substances-1999-aggregate-production-quotas
dimethyltryptamine,2000,final,,manual_needed,yes,1999-12-28,https://www.federalregister.gov/documents/1999/12/28/99-33550/controlled-substances-established-initial-aggregate-production-quotas-for-2000
dimethyltryptamine,2000,final,,manual_needed,no,2000-02-10,https://www.federalregister.gov/documents/2000/02/10/00-3149/controlled-substances-established-initial-aggregate-production-quotas-for-2000
dimethyltryptamine,2000,proposed,,manual_needed,yes,1999-10-21,https://www.federalregister.gov/documents/1999/10/21/99-27428/controlled-substances-proposed-aggregate-production-quotas-for-2000
dimethyltryptamine,2000,proposed,,manual_needed,yes,2000-07-19,https://www.federalregister.gov/documents/2000/07/19/00-18148/controlled-substances-proposed-revised-aggregate-production-quotas-for-2000
dimethyltryptamine,2000,proposed,,manual_needed,no,2000-09-25,https://www.federalregister.gov/documents/2000/09/25/00-24554/controlled-substances-2000-aggregate-production-quotas
dimethyltryptamine,2001,final,,manual_needed,yes,2000-12-19,https://www.federalregister.gov/documents/2000/12/19/00-32299/controlled-substances-established-initial-aggregate-production-quotas-for-2001
dimethyltryptamine,2001,final,,manual_needed,no,2001-10-15,https://www.federalregister.gov/documents/2001/10/15/01-25761/controlled-substances-final-revised-aggregate-production-quotas-for-2001
dimethyltryptamine,2001,proposed,,manual_needed,yes,2000-10-04,https://www.federalregister.gov/documents/2000/10/04/00-25421/controlled-substances-proposed-aggregate-production-quotas-for-2001
dimethyltryptamine,2001,proposed,,manual_needed,no,2001-08-06,https://www.federalregister.gov/documents/2001/08/06/01-19513/controlled-substances-proposed-revised-aggregate-production-quotas-for-2001
dimethyltryptamine,2002,final,,manual_needed,yes,2001-12-13,https://www.federalregister.gov/documents/2001/12/13/01-30821/controlled-substances-established-initial-aggregate-production-quotas-for-2002
dimethyltryptamine,2002,final,,manual_needed,no,2002-09-20,https://www.federalregister.gov/documents/2002/09/20/02-23876/controlled-substances-final-revised-aggregate-production-quotas-for-2002
dimethyltryptamine,2002,proposed,,manual_needed,yes,2001-11-13,https://www.federalregister.gov/documents/2001/11/13/01-28264/controlled-substances-proposed-aggregate-production-quotas-for-2002
dimethyltryptamine,2002,proposed,,manual_needed,no,2002-07-23,https://www.federalregister.gov/documents/2002/07/23/02-18468/controlled-substances-proposed-revised-aggregate-production-quotas-for-2002
dimethyltryptamine,2003,final,,manual_needed,yes,2002-12-19,https://www.federalregister.gov/documents/2002/12/19/02-31898/controlled-substances-established-initial-aggregate-production-quotas-for-2003
dimethyltryptamine,2003,final,,manual_needed,no,2003-09-30,https://www.federalregister.gov/documents/2003/09/30/03-24653/controlled-substances-final-revised-aggregate-production-quotas-for-2003
dimethyltryptamine,2003,proposed,,manual_needed,yes,2002-11-01,https://www.federalregister.gov/documents/2002/11/01/02-27882/controlled-substances-proposed-aggregate-production-quotas-for-2003
dimethyltryptamine,2003,proposed,,manual_needed,no,2003-08-06,https://www.federalregister.gov/documents/2003/08/06/03-19954/controlled-substances-proposed-revised-aggregate-production-quotas-for-2003
dimethyltryptamine,2004,final,,manual_needed,yes,2003-12-15,https://www.federalregister.gov/documents/2003/12/15/03-30834/controlled-substances-established-initial-aggregate-production-quotas-for-2004
dimethyltryptamine,2004,final,,manual_needed,no,2004-11-16,https://www.federalregister.gov/documents/2004/11/16/04-25340/controlled-substances-final-revised-aggregate-production-quotas-for-2004
dimethyltryptamine,2004,proposed,,manual_needed,yes,2003-11-04,https://www.federalregister.gov/documents/2003/11/04/03-27636/controlled-substances-proposed-aggregate-production-quotas-for-2004
dimethyltryptamine,2004,proposed,,manual_needed,no,2004-09-09,https://www.federalregister.gov/documents/2004/09/09/04-20369/controlled-substances-proposed-revised-aggregate-production-quotas-for-2004
dimethyltryptamine,2005,final,,manual_needed,yes,2005-01-03,https://www.federalregister.gov/documents/2005/01/03/04-28746/controlled-substances-established-initial-aggregate-production-quotas-for-2005
dimethyltryptamine,2005,final,,manual_needed,no,2005-11-09,https://www.federalregister.gov/documents/2005/11/09/05-22287/controlled-substances-final-revised-aggregate-production-quotas-for-2005
dimethyltryptamine,2005,proposed,,manual_needed,yes,2004-12-03,https://www.federalregister.gov/documents/2004/12/03/04-26689/controlled-substances-proposed-aggregate-production-quotas-for-2005
dimethyltryptamine,2005,proposed,,manual_needed,no,2005-08-05,https://www.federalregister.gov/documents/2005/08/05/05-15493/controlled-substances-proposed-revised-aggregate-production-quotas-for-2005
dimethyltryptamine,2006,final,,manual_needed,yes,2005-12-09,https://www.federalregister.gov/documents/2005/12/09/E5-7110/controlled-substances-established-initial-aggregate-production-quotas-for-2006
dimethyltryptamine,2006,final,,manual_needed,no,2006-10-19,https://www.federalregister.gov/documents/2006/10/19/E6-17524/controlled-substances-final-revised-aggregate-production-quotas-for-2006
dimethyltryptamine,2006,proposed,,manual_needed,yes,2005-10-21,https://www.federalregister.gov/documents/2005/10/21/05-21038/controlled-substances-proposed-aggregate-production-quotas-for-2006
dimethyltryptamine,2006,proposed,,manual_needed,no,2006-07-05,https://www.federalregister.gov/documents/2006/07/05/E6-10467/controlled-substances-proposed-revised-aggregate-production-quotas-for-2006
dimethyltryptamine,2007,final,,manual_needed,yes,2006-12-11,https://www.federalregister.gov/documents/2006/12/11/E6-20920/controlled-substances-established-initial-aggregate-production-quotas-for-2007
dimethyltryptamine,2007,final,,manual_needed,no,2007-08-24,https://www.federalregister.gov/documents/2007/08/24/E7-16730/controlled-substances-final-revised-aggregate-production-quotas-for-2007
dimethyltryptamine,2007,proposed,,manual_needed,yes,2006-08-29,https://www.federalregister.gov/documents/2006/08/29/E6-14284/controlled-substances-proposed-aggregate-production-quotas-for-2007
dimethyltryptamine,2007,proposed,,manual_needed,no,2007-05-03,https://www.federalregister.gov/documents/2007/05/03/E7-8422/controlled-substances-proposed-revised-aggregate-production-quotas-for-2007
dimethyltryptamine,2008,final,,manual_needed,yes,2007-12-27,https://www.federalregister.gov/documents/2007/12/27/E7-25113/controlled-substances-established-initial-aggregate-production-quotas-for-2008
dimethyltryptamine,2008,final,,manual_needed,no,2008-11-12,https://www.federalregister.gov/documents/2008/11/12/E8-26798/controlled-substances-final-revised-aggregate-production-quotas-for-2008
dimethyltryptamine,2008,proposed,,manual_needed,yes,2007-08-24,https://www.federalregister.gov/documents/2007/08/24/E7-16729/controlled-substances-proposed-aggregate-production-quotas-for-2008
dimethyltryptamine,2008,proposed,,manual_needed,no,2008-07-01,https://www.federalregister.gov/documents/2008/07/01/E8-14903/controlled-substances-proposed-revised-aggregate-production-quotas-for-2008
dimethyltryptamine,2009,final,,manual_needed,yes,2008-12-29,https://www.federalregister.gov/documents/2008/12/29/E8-30807/controlled-substances-established-initial-aggregate-production-quotas-for-2009
dimethyltryptamine,2009,final,,manual_needed,no,2009-10-21,https://www.federalregister.gov/documents/2009/10/21/E9-25274/controlled-substances-final-revised-aggregate-production-quotas-for-2009
dimethyltryptamine,2009,proposed,,manual_needed,yes,2008-11-07,https://www.federalregister.gov/documents/2008/11/07/E8-26609/controlled-substances-proposed-aggregate-production-quotas-for-2009
dimethyltryptamine,2009,proposed,,manual_needed,no,2009-07-23,https://www.federalregister.gov/documents/2009/07/23/E9-17536/controlled-substances-proposed-revised-aggregate-production-quotas-for-2009
dimethyltryptamine,2010,final,,manual_needed,yes,2009-10-21,https://www.federalregister.gov/documents/2009/10/21/E9-25275/controlled-substances-established-initial-aggregate-production-quotas-for-2010
dimethyltryptamine,2010,final,,manual_needed,no,2010-09-14,https://www.federalregister.gov/documents/2010/09/14/2010-22785/controlled-substances-final-revised-aggregate-production-quotas-for-2010
dimethyltryptamine,2010,proposed,,manual_needed,yes,2009-05-21,https://www.federalregister.gov/documents/2009/05/21/E9-11929/controlled-substances-proposed-aggregate-production-quotas-for-2010
dimethyltryptamine,2010,proposed,,manual_needed,no,2010-06-23,https://www.federalregister.gov/documents/2010/06/23/2010-15159/controlled-substances-proposed-revised-aggregate-production-quotas-for-2010
dimethyltryptamine,2011,final,,manual_needed,yes,2010-12-20,https://www.federalregister.gov/documents/2010/12/20/2010-31849/controlled-substances-established-initial-aggregate-production-quotas-for-2011
dimethyltryptamine,2011,final,,manual_needed,no,2011-12-09,https://www.federalregister.gov/documents/2011/12/09/2011-31621/controlled-substances-final-adjusted-aggregate-production-quotas-for-2011
dimethyltryptamine,2011,proposed,,manual_needed,yes,2010-09-15,https://www.federalregister.gov/documents/2010/09/15/2010-22905/controlled-substances-proposed-aggregate-production-quotas-for-2011
dimethyltryptamine,2011,proposed,,manual_needed,no,2011-09-14,https://www.federalregister.gov/documents/2011/09/14/2011-23498/controlled-substances-2011-proposed-aggregate-production-quotas
dimethyltryptamine,2012,final,,manual_needed,yes,2011-12-15,https://www.federalregister.gov/documents/2011/12/15/2011-32163/controlled-substances-established-aggregate-production-quotas-for-2012
dimethyltryptamine,2012,final,18,parsed,no,2012-09-10,https://www.federalregister.gov/documents/2012/09/10/2012-22128/controlled-substances-final-adjusted-aggregate-production-quotas-for-2012
dimethyltryptamine,2012,proposed,,manual_needed,yes,2011-10-21,https://www.federalregister.gov/documents/2011/10/21/2011-27283/controlled-substances-proposed-aggregate-production-quotas-for-2012
dimethyltryptamine,2012,proposed,18,parsed,no,2012-07-05,https://www.federalregister.gov/documents/2012/07/05/2012-16396/controlled-substances-proposed-adjustment-to-the-aggregate-production-quotas-for-2012
dimethyltryptamine,2013,final,10,parsed,yes,2012-10-01,https://www.federalregister.gov/documents/2012/10/01/2012-24089/established-aggregate-production-quotas-for-schedule-i-and-ii-controlled-substances-and-established
dimethyltryptamine,2013,final,10,parsed,no,2013-08-07,https://www.federalregister.gov/documents/2013/08/07/2013-19046/final-adjusted-aggregate-production-quotas-for-schedule-i-and-ii-controlled-substances-and
dimethyltryptamine,2013,proposed,10,parsed,yes,2012-08-03,https://www.federalregister.gov/documents/2012/08/03/2012-19052/proposed-aggregate-production-quotas-for-schedule-i-and-ii-controlled-substances-and-proposed
dimethyltryptamine,2013,proposed,10,parsed,no,2013-06-20,https://www.federalregister.gov/documents/2013/06/20/2013-14723/proposed-adjustments-to-the-aggregate-production-quotas-for-schedule-i-and-ii-controlled-substances
dimethyltryptamine,2014,final,25,parsed,yes,2013-09-09,https://www.federalregister.gov/documents/2013/09/09/2013-21797/established-aggregate-production-quotas-for-schedule-i-and-ii-controlled-substances-and-established
dimethyltryptamine,2014,final,25,parsed,no,2014-08-25,https://www.federalregister.gov/documents/2014/08/25/2014-20137/final-adjusted-aggregate-production-quotas-for-schedule-i-and-ii-controlled-substances-and
dimethyltryptamine,2014,proposed,25,parsed,yes,2013-07-03,https://www.federalregister.gov/documents/2013/07/03/2013-16052/proposed-aggregate-production-quotas-for-schedule-i-and-ii-controlled-substances-and-proposed
dimethyltryptamine,2014,proposed,25,parsed,no,2014-06-12,https://www.federalregister.gov/documents/2014/06/12/2014-13804/proposed-adjustments-to-the-aggregate-production-quotas-for-schedule-i-and-ii-controlled-substances
dimethyltryptamine,2015,final,25,parsed,yes,2014-09-08,https://www.federalregister.gov/documents/2014/09/08/2014-21280/established-aggregate-production-quotas-for-schedule-i-and-ii-controlled-substances-and-assessment
dimethyltryptamine,2015,final,25,parsed,no,2015-09-16,https://www.federalregister.gov/documents/2015/09/16/2015-23199/final-adjusted-aggregate-production-quotas-for-schedule-i-and-ii-controlled-substances-and
dimethyltryptamine,2015,proposed,25,parsed,yes,2014-07-02,https://www.federalregister.gov/documents/2014/07/02/2014-15549/proposed-aggregate-production-quotas-for-schedule-i-and-ii-controlled-substances-and-assessment-of
dimethyltryptamine,2015,proposed,25,parsed,no,2015-07-08,https://www.federalregister.gov/documents/2015/07/08/2015-16699/proposed-adjustments-to-the-aggregate-production-quotas-for-schedule-i-and-ii-controlled-substances
dimethyltryptamine,2016,final,25,parsed,yes,2015-10-06,https://www.federalregister.gov/documents/2015/10/06/2015-25373/established-aggregate-production-quotas-for-schedule-i-and-ii-controlled-substances-and-assessment
dimethyltryptamine,2016,final,25,parsed,no,2016-10-25,https://www.federalregister.gov/documents/2016/10/25/2016-25696/final-adjusted-aggregate-production-quotas-for-schedule-i-and-ii-controlled-substances-and
dimethyltryptamine,2016,proposed,25,parsed,yes,2015-07-17,https://www.federalregister.gov/documents/2015/07/17/2015-17561/proposed-aggregate-production-quotas-for-schedule-i-and-ii-controlled-substances-and-assessment-of
dimethyltryptamine,2016,proposed,35,parsed,no,2016-07-22,https://www.federalregister.gov/documents/2016/07/22/2016-17371/proposed-adjustments-to-the-aggregate-production-quotas-for-schedule-i-and-ii-controlled-substances
dimethyltryptamine,2017,final,25,parsed,yes,2016-10-05,https://www.federalregister.gov/documents/2016/10/05/2016-23988/established-aggregate-production-quotas-for-schedule-i-and-ii-controlled-substances-and-assessment
dimethyltryptamine,2017,final,25,parsed,no,2017-11-03,https://www.federalregister.gov/documents/2017/11/03/2017-24009/final-adjusted-aggregate-production-quotas-for-schedule-i-and-ii-controlled-substances-and
dimethyltryptamine,2017,proposed,25,parsed,yes,2016-07-22,https://www.federalregister.gov/documents/2016/07/22/2016-17370/proposed-aggregate-production-quotas-for-schedule-i-and-ii-controlled-substances-and-assessment-of
dimethyltryptamine,2017,proposed,35,parsed,no,2017-08-04,https://www.federalregister.gov/documents/2017/08/04/2017-16440/proposed-adjustments-to-the-aggregate-production-quotas-for-schedule-i-and-ii-controlled-substances
dimethyltryptamine,2018,final,25,parsed,yes,2017-11-08,https://www.federalregister.gov/documents/2017/11/08/2017-24306/established-aggregate-production-quotas-for-schedule-i-and-ii-controlled-substances-and-assessment
dimethyltryptamine,2018,final,25,parsed,no,2018-12-10,https://www.federalregister.gov/documents/2018/12/10/2018-26587/final-adjusted-aggregate-production-quotas-for-schedule-i-and-ii-controlled-substances-and
dimethyltryptamine,2018,proposed,25,parsed,yes,2017-08-07,https://www.federalregister.gov/documents/2017/08/07/2017-16439/proposed-aggregate-production-quotas-for-schedule-i-and-ii-controlled-substances-and-assessment-of
dimethyltryptamine,2018,proposed,25,parsed,no,2018-08-23,https://www.federalregister.gov/documents/2018/08/23/2018-18265/proposed-adjustments-to-the-aggregate-production-quotas-for-schedule-i-and-ii-controlled-substances
dimethyltryptamine,2019,final,25,parsed,no,2018-12-28,https://www.federalregister.gov/documents/2018/12/28/2018-28108/established-aggregate-production-quotas-for-schedule-i-and-ii-controlled-substances-and-assessment
dimethyltryptamine,2019,proposed,25,parsed,no,2018-08-20,https://www.federalregister.gov/documents/2018/08/20/2018-17893/proposed-aggregate-production-quotas-for-schedule-i-and-ii-controlled-substances-and-assessment-of
dimethyltryptamine,2020,final,25,parsed,yes,2019-12-02,https://www.federalregister.gov/documents/2019/12/02/2019-26119/established-aggregate-production-quotas-for-schedule-i-and-ii-controlled-substances-and-assessment
dimethyltryptamine,2020,final,25,parsed,no,2020-12-01,https://www.federalregister.gov/documents/2020/12/01/2020-26443/final-adjusted-aggregate-production-quotas-for-schedule-i-and-ii-controlled-substances-and
dimethyltryptamine,2020,proposed,25,parsed,yes,2019-09-12,https://www.federalregister.gov/documents/2019/09/12/2019-19785/proposed-aggregate-production-quotas-for-schedule-i-and-ii-controlled-substances-and-assessment-of
dimethyltryptamine,2020,proposed,25,parsed,no,2020-09-01,https://www.federalregister.gov/documents/2020/09/01/2020-19308/proposed-adjustments-to-the-aggregate-production-quotas-for-schedule-i-and-ii-controlled-substances
dimethyltryptamine,2021,final,35,parsed,yes,2020-11-30,https://www.federalregister.gov/documents/2020/11/30/2020-26289/established-aggregate-production-quotas-for-schedule-i-and-ii-controlled-substances-and-assessment
dimethyltryptamine,2021,final,35,parsed,no,2021-11-15,https://www.federalregister.gov/documents/2021/11/15/2021-24921/final-adjusted-aggregate-production-quotas-for-schedule-i-and-ii-controlled-substances-and
dimethyltryptamine,2021,proposed,25,parsed,yes,2020-09-01,https://www.federalregister.gov/documents/2020/09/01/2020-19285/proposed-aggregate-production-quotas-for-schedule-i-and-ii-controlled-substances-and-assessment-of
dimethyltryptamine,2021,proposed,35,parsed,no,2021-09-02,https://www.federalregister.gov/documents/2021/09/02/2021-18935/proposed-adjustments-to-the-aggregate-production-quotas-for-schedule-i-and-ii-controlled-substances
dimethyltryptamine,2022,final,2550,parsed,no,2021-12-02,https://www.federalregister.gov/documents/2021/12/02/2021-26227/established-aggregate-production-quotas-for-schedule-i-and-ii-controlled-substances-and-assessment
dimethyltryptamine,2022,proposed,550,parsed,no,2021-10-18,https://www.federalregister.gov/documents/2021/10/18/2021-22624/proposed-aggregate-production-quotas-for-schedule-i-and-ii-controlled-substances-and-assessment-of
dimethyltryptamine,2023,final,,manual_needed,no,2022-12-02,https://www.federalregister.gov/documents/2022/12/02/2022-26351/established-aggregate-production-quotas-for-schedule-i-and-ii-controlled-substances-and-assessment
dimethyltryptamine,2023,proposed,6000,parsed,yes,2022-10-18,https://www.federalregister.gov/documents/2022/10/18/2022-22638/proposed-aggregate-production-quotas-for-schedule-i-and-ii-controlled-substances-and-assessment-of
dimethyltryptamine,2023,proposed,11000,parsed,no,2023-10-31,https://www.federalregister.gov/documents/2023/10/31/2023-23931/proposed-adjustments-to-the-aggregate-production-quotas-for-schedule-i-and-ii-controlled-substances
dimethyltryptamine,2024,final,11000,parsed,no,2024-01-03,https://www.federalregister.gov/documents/2024/01/03/2023-28962/established-aggregate-production-quotas-for-schedule-i-and-ii-controlled-substances-and-assessment
dimethyltryptamine,2024,proposed,11000,parsed,yes,2023-11-02,https://www.federalregister.gov/documents/2023/11/02/2023-24282/proposed-aggregate-production-quotas-for-schedule-i-and-ii-controlled-substances-and-assessment-of
dimethyltryptamine,2024,proposed,11000,parsed,no,2024-09-25,https://www.federalregister.gov/documents/2024/09/25/2024-21960/proposed-adjustments-to-the-aggregate-production-quotas-for-schedule-i-and-ii-controlled-substances
dimethyltryptamine,2025,final,,manual_needed,no,2024-12-17,https://www.federalregister.gov/documents/2024/12/17/2024-30023/established-aggregate-production-quotas-for-schedule-i-and-ii-controlled-substances-and-assessment
dimethyltryptamine,2025,proposed,11000,parsed,no,2024-09-25,https://www.federalregister.gov/documents/2024/09/25/2024-21962/proposed-aggregate-production-quotas-for-schedule-i-and-ii-controlled-substances-and-assessment-of
dimethyltryptamine,2026,final,30000,parsed,no,2026-01-05,https://www.federalregister.gov/documents/2026/01/05/2025-24277/established-aggregate-production-quotas-for-schedule-i-and-ii-controlled-substances-and-assessment
dimethyltryptamine,2026,proposed,,manual_needed,no,2025-11-28,https://www.federalregister.gov/documents/2025/11/28/2025-21509/proposed-aggregate-production-quotas-for-schedule-i-and-ii-controlled-substances-and-assessment-of
ibogaine,2007,final,,manual_needed,yes,2006-12-11,https://www.federalregister.gov/documents/2006/12/11/E6-20920/controlled-substances-established-initial-aggregate-production-quotas-for-2007
ibogaine,2007,final,,manual_needed,no,2007-08-24,https://www.federalregister.gov/documents/2007/08/24/E7-16730/controlled-substances-final-revised-aggregate-production-quotas-for-2007
ibogaine,2007,proposed,,manual_needed,no,2007-05-03,https://www.federalregister.gov/documents/2007/05/03/E7-8422/controlled-substances-proposed-revised-aggregate-production-quotas-for-2007
ibogaine,2008,final,,manual_needed,yes,2007-12-27,https://www.federalregister.gov/documents/2007/12/27/E7-25113/controlled-substances-established-initial-aggregate-production-quotas-for-2008
ibogaine,2008,final,,manual_needed,no,2008-11-12,https://www.federalregister.gov/documents/2008/11/12/E8-26798/controlled-substances-final-revised-aggregate-production-quotas-for-2008
ibogaine,2008,proposed,,manual_needed,yes,2007-08-24,https://www.federalregister.gov/documents/2007/08/24/E7-16729/controlled-substances-proposed-aggregate-production-quotas-for-2008
ibogaine,2008,proposed,,manual_needed,no,2008-07-01,https://www.federalregister.gov/documents/2008/07/01/E8-14903/controlled-substances-proposed-revised-aggregate-production-quotas-for-2008
ibogaine,2009,final,,manual_needed,yes,2008-12-29,https://www.federalregister.gov/documents/2008/12/29/E8-30807/controlled-substances-established-initial-aggregate-production-quotas-for-2009
ibogaine,2009,final,,manual_needed,no,2009-10-21,https://www.federalregister.gov/documents/2009/10/21/E9-25274/controlled-substances-final-revised-aggregate-production-quotas-for-2009
ibogaine,2009,proposed,,manual_needed,yes,2008-11-07,https://www.federalregister.gov/documents/2008/11/07/E8-26609/controlled-substances-proposed-aggregate-production-quotas-for-2009
ibogaine,2009,proposed,,manual_needed,no,2009-07-23,https://www.federalregister.gov/documents/2009/07/23/E9-17536/controlled-substances-proposed-revised-aggregate-production-quotas-for-2009
ibogaine,2010,final,,manual_needed,yes,2009-10-21,https://www.federalregister.gov/documents/2009/10/21/E9-25275/controlled-substances-established-initial-aggregate-production-quotas-for-2010
ibogaine,2010,final,,manual_needed,no,2010-09-14,https://www.federalregister.gov/documents/2010/09/14/2010-22785/controlled-substances-final-revised-aggregate-production-quotas-for-2010
ibogaine,2010,proposed,,manual_needed,yes,2009-05-21,https://www.federalregister.gov/documents/2009/05/21/E9-11929/controlled-substances-proposed-aggregate-production-quotas-for-2010
ibogaine,2010,proposed,,manual_needed,no,2010-06-23,https://www.federalregister.gov/documents/2010/06/23/2010-15159/controlled-substances-proposed-revised-aggregate-production-quotas-for-2010
ibogaine,2011,final,,manual_needed,yes,2010-12-20,https://www.federalregister.gov/documents/2010/12/20/2010-31849/controlled-substances-established-initial-aggregate-production-quotas-for-2011
ibogaine,2011,final,,manual_needed,no,2011-12-09,https://www.federalregister.gov/documents/2011/12/09/2011-31621/controlled-substances-final-adjusted-aggregate-production-quotas-for-2011
ibogaine,2011,proposed,,manual_needed,yes,2010-09-15,https://www.federalregister.gov/documents/2010/09/15/2010-22905/controlled-substances-proposed-aggregate-production-quotas-for-2011
ibogaine,2011,proposed,,manual_needed,no,2011-09-14,https://www.federalregister.gov/documents/2011/09/14/2011-23498/controlled-substances-2011-proposed-aggregate-production-quotas
ibogaine,2012,final,,manual_needed,yes,2011-12-15,https://www.federalregister.gov/documents/2011/12/15/2011-32163/controlled-substances-established-aggregate-production-quotas-for-2012
ibogaine,2012,final,,manual_needed,no,2012-09-10,https://www.federalregister.gov/documents/2012/09/10/2012-22128/controlled-substances-final-adjusted-aggregate-production-quotas-for-2012
ibogaine,2012,proposed,,manual_needed,yes,2011-10-21,https://www.federalregister.gov/documents/2011/10/21/2011-27283/controlled-substances-proposed-aggregate-production-quotas-for-2012
ibogaine,2012,proposed,,manual_needed,no,2012-07-05,https://www.federalregister.gov/documents/2012/07/05/2012-16396/controlled-substances-proposed-adjustment-to-the-aggregate-production-quotas-for-2012
ibogaine,2013,final,,manual_needed,yes,2012-10-01,https://www.federalregister.gov/documents/2012/10/01/2012-24089/established-aggregate-production-quotas-for-schedule-i-and-ii-controlled-substances-and-established
ibogaine,2013,final,,manual_needed,no,2013-08-07,https://www.federalregister.gov/documents/2013/08/07/2013-19046/final-adjusted-aggregate-production-quotas-for-schedule-i-and-ii-controlled-substances-and
ibogaine,2013,proposed,,manual_needed,yes,2012-08-03,https://www.federalregister.gov/documents/2012/08/03/2012-19052/proposed-aggregate-production-quotas-for-schedule-i-and-ii-controlled-substances-and-proposed
ibogaine,2013,proposed,,manual_needed,no,2013-06-20,https://www.federalregister.gov/documents/2013/06/20/2013-14723/proposed-adjustments-to-the-aggregate-production-quotas-for-schedule-i-and-ii-controlled-substances
ibogaine,2014,final,,manual_needed,yes,2013-09-09,https://www.federalregister.gov/documents/2013/09/09/2013-21797/established-aggregate-production-quotas-for-schedule-i-and-ii-controlled-substances-and-established
ibogaine,2014,final,,manual_needed,no,2014-08-25,https://www.federalregister.gov/documents/2014/08/25/2014-20137/final-adjusted-aggregate-production-quotas-for-schedule-i-and-ii-controlled-substances-and
ibogaine,2014,proposed,,manual_needed,yes,2013-07-03,https://www.federalregister.gov/documents/2013/07/03/2013-16052/proposed-aggregate-production-quotas-for-schedule-i-and-ii-controlled-substances-and-proposed
ibogaine,2014,proposed,,manual_needed,no,2014-06-12,https://www.federalregister.gov/documents/2014/06/12/2014-13804/proposed-adjustments-to-the-aggregate-production-quotas-for-schedule-i-and-ii-controlled-substances
ibogaine,2015,final,,manual_needed,yes,2014-09-08,https://www.federalregister.gov/documents/2014/09/08/2014-21280/established-aggregate-production-quotas-for-schedule-i-and-ii-controlled-substances-and-assessment
ibogaine,2015,final,,manual_needed,no,2015-09-16,https://www.federalregister.gov/documents/2015/09/16/2015-23199/final-adjusted-aggregate-production-quotas-for-schedule-i-and-ii-controlled-substances-and
ibogaine,2015,proposed,,manual_needed,yes,2014-07-02,https://www.federalregister.gov/documents/2014/07/02/2014-15549/proposed-aggregate-production-quotas-for-schedule-i-and-ii-controlled-substances-and-assessment-of
ibogaine,2015,proposed,,manual_needed,no,2015-07-08,https://www.federalregister.gov/documents/2015/07/08/2015-16699/proposed-adjustments-to-the-aggregate-production-quotas-for-schedule-i-and-ii-controlled-substances
ibogaine,2016,final,,manual_needed,yes,2015-10-06,https://www.federalregister.gov/documents/2015/10/06/2015-25373/established-aggregate-production-quotas-for-schedule-i-and-ii-controlled-substances-and-assessment
ibogaine,2016,final,,manual_needed,no,2016-10-25,https://www.federalregister.gov/documents/2016/10/25/2016-25696/final-adjusted-aggregate-production-quotas-for-schedule-i-and-ii-controlled-substances-and
ibogaine,2016,proposed,,manual_needed,yes,2015-07-17,https://www.federalregister.gov/documents/2015/07/17/2015-17561/proposed-aggregate-production-quotas-for-schedule-i-and-ii-controlled-substances-and-assessment-of
ibogaine,2016,proposed,,manual_needed,no,2016-07-22,https://www.federalregister.gov/documents/2016/07/22/2016-17371/proposed-adjustments-to-the-aggregate-production-quotas-for-schedule-i-and-ii-controlled-substances
ibogaine,2017,final,,manual_needed,yes,2016-10-05,https://www.federalregister.gov/documents/2016/10/05/2016-23988/established-aggregate-production-quotas-for-schedule-i-and-ii-controlled-substances-and-assessment
ibogaine,2017,final,30,parsed,no,2017-11-03,https://www.federalregister.gov/documents/2017/11/03/2017-24009/final-adjusted-aggregate-production-quotas-for-schedule-i-and-ii-controlled-substances-and
ibogaine,2017,proposed,,manual_needed,yes,2016-07-22,https://www.federalregister.gov/documents/2016/07/22/2016-17370/proposed-aggregate-production-quotas-for-schedule-i-and-ii-controlled-substances-and-assessment-of
ibogaine,2017,proposed,30,parsed,no,2017-08-04,https://www.federalregister.gov/documents/2017/08/04/2017-16440/proposed-adjustments-to-the-aggregate-production-quotas-for-schedule-i-and-ii-controlled-substances
ibogaine,2018,final,30,parsed,yes,2017-11-08,https://www.federalregister.gov/documents/2017/11/08/2017-24306/established-aggregate-production-quotas-for-schedule-i-and-ii-controlled-substances-and-assessment
ibogaine,2018,final,30,parsed,no,2018-12-10,https://www.federalregister.gov/documents/2018/12/10/2018-26587/final-adjusted-aggregate-production-quotas-for-schedule-i-and-ii-controlled-substances-and
ibogaine,2018,proposed,30,parsed,yes,2017-08-07,https://www.federalregister.gov/documents/2017/08/07/2017-16439/proposed-aggregate-production-quotas-for-schedule-i-and-ii-controlled-substances-and-assessment-of
ibogaine,2018,proposed,30,parsed,no,2018-08-23,https://www.federalregister.gov/documents/2018/08/23/2018-18265/proposed-adjustments-to-the-aggregate-production-quotas-for-schedule-i-and-ii-controlled-substances
ibogaine,2019,final,30,parsed,no,2018-12-28,https://www.federalregister.gov/documents/2018/12/28/2018-28108/established-aggregate-production-quotas-for-schedule-i-and-ii-controlled-substances-and-assessment
ibogaine,2019,proposed,30,parsed,no,2018-08-20,https://www.federalregister.gov/documents/2018/08/20/2018-17893/proposed-aggregate-production-quotas-for-schedule-i-and-ii-controlled-substances-and-assessment-of
ibogaine,2020,final,30,parsed,yes,2019-12-02,https://www.federalregister.gov/documents/2019/12/02/2019-26119/established-aggregate-production-quotas-for-schedule-i-and-ii-controlled-substances-and-assessment
ibogaine,2020,final,30,parsed,no,2020-12-01,https://www.federalregister.gov/documents/2020/12/01/2020-26443/final-adjusted-aggregate-production-quotas-for-schedule-i-and-ii-controlled-substances-and
ibogaine,2020,proposed,30,parsed,yes,2019-09-12,https://www.federalregister.gov/documents/2019/09/12/2019-19785/proposed-aggregate-production-quotas-for-schedule-i-and-ii-controlled-substances-and-assessment-of
ibogaine,2020,proposed,30,parsed,no,2020-09-01,https://www.federalregister.gov/documents/2020/09/01/2020-19308/proposed-adjustments-to-the-aggregate-production-quotas-for-schedule-i-and-ii-controlled-substances
ibogaine,2021,final,30,parsed,yes,2020-11-30,https://www.federalregister.gov/documents/2020/11/30/2020-26289/established-aggregate-production-quotas-for-schedule-i-and-ii-controlled-substances-and-assessment
ibogaine,2021,final,30,parsed,no,2021-11-15,https://www.federalregister.gov/documents/2021/11/15/2021-24921/final-adjusted-aggregate-production-quotas-for-schedule-i-and-ii-controlled-substances-and
ibogaine,2021,proposed,30,parsed,yes,2020-09-01,https://www.federalregister.gov/documents/2020/09/01/2020-19285/proposed-aggregate-production-quotas-for-schedule-i-and-ii-controlled-substances-and-assessment-of
ibogaine,2021,proposed,30,parsed,no,2021-09-02,https://www.federalregister.gov/documents/2021/09/02/2021-18935/proposed-adjustments-to-the-aggregate-production-quotas-for-schedule-i-and-ii-controlled-substances
ibogaine,2022,final,34,parsed,no,2021-12-02,https://www.federalregister.gov/documents/2021/12/02/2021-26227/established-aggregate-production-quotas-for-schedule-i-and-ii-controlled-substances-and-assessment
ibogaine,2022,proposed,30,parsed,no,2021-10-18,https://www.federalregister.gov/documents/2021/10/18/2021-22624/proposed-aggregate-production-quotas-for-schedule-i-and-ii-controlled-substances-and-assessment-of
ibogaine,2023,final,30,parsed,no,2022-12-02,https://www.federalregister.gov/documents/2022/12/02/2022-26351/established-aggregate-production-quotas-for-schedule-i-and-ii-controlled-substances-and-assessment
ibogaine,2023,proposed,30,parsed,yes,2022-10-18,https://www.federalregister.gov/documents/2022/10/18/2022-22638/proposed-aggregate-production-quotas-for-schedule-i-and-ii-controlled-substances-and-assessment-of
ibogaine,2023,proposed,30,parsed,no,2023-10-31,https://www.federalregister.gov/documents/2023/10/31/2023-23931/proposed-adjustments-to-the-aggregate-production-quotas-for-schedule-i-and-ii-controlled-substances
ibogaine,2024,final,150,parsed,no,2024-01-03,https://www.federalregister.gov/documents/2024/01/03/2023-28962/established-aggregate-production-quotas-for-schedule-i-and-ii-controlled-substances-and-assessment
ibogaine,2024,proposed,150,parsed,yes,2023-11-02,https://www.federalregister.gov/documents/2023/11/02/2023-24282/proposed-aggregate-production-quotas-for-schedule-i-and-ii-controlled-substances-and-assessment-of
ibogaine,2024,proposed,150,parsed,no,2024-09-25,https://www.federalregister.gov/documents/2024/09/25/2024-21960/proposed-adjustments-to-the-aggregate-production-quotas-for-schedule-i-and-ii-controlled-substances
ibogaine,2025,proposed,210,parsed,no,2024-09-25,https://www.federalregister.gov/documents/2024/09/25/2024-21962/proposed-aggregate-production-quotas-for-schedule-i-and-ii-controlled-substances-and-assessment-of
ibogaine,2026,final,210,parsed,no,2026-01-05,https://www.federalregister.gov/documents/2026/01/05/2025-24277/established-aggregate-production-quotas-for-schedule-i-and-ii-controlled-substances-and-assessment
lysergic acid diethylamide,1994,final,41,parsed,no,1994-10-20,https://www.federalregister.gov/documents/1994/10/20/94-25947/controlled-substances-established-initial-1995-aggregate-production-quotas
lysergic acid diethylamide,1994,proposed,41,parsed,no,1994-08-04,https://www.federalregister.gov/documents/1994/08/04/94-19054/controlled-substances-proposed-aggregate-production-quotas-for-1995
lysergic acid diethylamide,1995,final,58,parsed,no,1995-11-21,https://www.federalregister.gov/documents/1995/11/21/95-28550/controlled-substances-established-initial-1996-aggregate-production-quotas
lysergic acid diethylamide,1995,proposed,41,parsed,yes,1995-05-09,https://www.federalregister.gov/documents/1995/05/09/95-11370/controlled-substances-proposed-1995-aggregate-production-quotas
lysergic acid diethylamide,1995,proposed,56,parsed,yes,1995-07-05,https://www.federalregister.gov/documents/1995/07/05/95-16321/1995-revised-aggregate-production-quotas-for-controlled-substances-in-schedules-i-and-ii
lysergic acid diethylamide,1995,proposed,58,parsed,no,1995-07-27,https://www.federalregister.gov/documents/1995/07/27/95-18407/controlled-substances-proposed-aggregate-production-quotas-for-1996
lysergic acid diethylamide,1996,proposed,58,parsed,yes,1996-07-26,https://www.federalregister.gov/documents/1996/07/26/96-19019/1996-revised-aggregate-production-quotas-for-controlled-substances-in-schedules-i-and-ii
lysergic acid diethylamide,1996,proposed,27,parsed,no,1996-10-17,https://www.federalregister.gov/documents/1996/10/17/96-26581/controlled-substances-proposed-aggregate-production-quotas-for-1997
lysergic acid diethylamide,1997,final,57,parsed,no,1997-11-21,https://www.federalregister.gov/documents/1997/11/21/97-30651/controlled-substances-established-initial-aggregate-production-quotas-for-1998
lysergic acid diethylamide,1997,proposed,32,parsed,yes,1997-06-05,https://www.federalregister.gov/documents/1997/06/05/97-14698/controlled-substances-notice-of-proposed-revised-1997-aggregate-production-quotas
lysergic acid diethylamide,1997,proposed,57,parsed,yes,1997-08-15,https://www.federalregister.gov/documents/1997/08/15/97-21587/controlled-substances-revised-aggregate-production-quotas-for-1997
lysergic acid diethylamide,1997,proposed,57,parsed,no,1997-09-02,https://www.federalregister.gov/documents/1997/09/02/97-23224/controlled-substances-proposed-aggregate-production-quotas-for-1998
lysergic acid diethylamide,1998,final,57,parsed,no,1998-12-23,https://www.federalregister.gov/documents/1998/12/23/98-33888/controlled-substances-established-initial-aggregate-production-quotas-for-1999
lysergic acid diethylamide,1998,proposed,57,parsed,yes,1998-07-17,https://www.federalregister.gov/documents/1998/07/17/98-19084/controlled-substances-proposed-revised-aggregate-production-quotas-for-1998
lysergic acid diethylamide,1998,proposed,57,parsed,yes,1998-09-15,https://www.federalregister.gov/documents/1998/09/15/98-24621/controlled-substances-revised-aggregate-production-quotas-for-1998
lysergic acid diethylamide,1998,proposed,57,parsed,no,1998-10-16,https://www.federalregister.gov/documents/1998/10/16/98-27740/controlled-substances-proposed-aggregate-production-quotas-for-1999
lysergic acid diethylamide,1999,proposed,57,parsed,yes,1999-08-20,https://www.federalregister.gov/documents/1999/08/20/99-21583/controlled-substances-proposed-revised-aggregate-production-quotas-for-1999
lysergic acid diethylamide,1999,proposed,57,parsed,no,1999-10-19,https://www.federalregister.gov/documents/1999/10/19/99-27291/controlled-substances-1999-aggregate-production-quotas
lysergic acid diethylamide,2000,final,38,parsed,yes,1999-12-28,https://www.federalregister.gov/documents/1999/12/28/99-33550/controlled-substances-established-initial-aggregate-production-quotas-for-2000
lysergic acid diethylamide,2000,final,38,parsed,no,2000-02-10,https://www.federalregister.gov/documents/2000/02/10/00-3149/controlled-substances-established-initial-aggregate-production-quotas-for-2000
lysergic acid diethylamide,2000,proposed,38,parsed,yes,2000-07-19,https://www.federalregister.gov/documents/2000/07/19/00-18148/controlled-substances-proposed-revised-aggregate-production-quotas-for-2000
lysergic acid diethylamide,2000,proposed,63,parsed,no,2000-09-25,https://www.federalregister.gov/documents/2000/09/25/00-24554/controlled-substances-2000-aggregate-production-quotas
lysergic acid diethylamide,2001,final,37,parsed,yes,2000-12-19,https://www.federalregister.gov/documents/2000/12/19/00-32299/controlled-substances-established-initial-aggregate-production-quotas-for-2001
lysergic acid diethylamide,2001,final,63,parsed,no,2001-10-15,https://www.federalregister.gov/documents/2001/10/15/01-25761/controlled-substances-final-revised-aggregate-production-quotas-for-2001
lysergic acid diethylamide,2001,proposed,37,parsed,yes,2000-10-04,https://www.federalregister.gov/documents/2000/10/04/00-25421/controlled-substances-proposed-aggregate-production-quotas-for-2001
lysergic acid diethylamide,2001,proposed,37,parsed,no,2001-08-06,https://www.federalregister.gov/documents/2001/08/06/01-19513/controlled-substances-proposed-revised-aggregate-production-quotas-for-2001
lysergic acid diethylamide,2002,final,46,parsed,yes,2001-12-13,https://www.federalregister.gov/documents/2001/12/13/01-30821/controlled-substances-established-initial-aggregate-production-quotas-for-2002
lysergic acid diethylamide,2002,final,46,parsed,no,2002-09-20,https://www.federalregister.gov/documents/2002/09/20/02-23876/controlled-substances-final-revised-aggregate-production-quotas-for-2002
lysergic acid diethylamide,2002,proposed,46,parsed,yes,2001-11-13,https://www.federalregister.gov/documents/2001/11/13/01-28264/controlled-substances-proposed-aggregate-production-quotas-for-2002
lysergic acid diethylamide,2002,proposed,46,parsed,no,2002-07-23,https://www.federalregister.gov/documents/2002/07/23/02-18468/controlled-substances-proposed-revised-aggregate-production-quotas-for-2002
lysergic acid diethylamide,2003,final,61,parsed,yes,2002-12-19,https://www.federalregister.gov/documents/2002/12/19/02-31898/controlled-substances-established-initial-aggregate-production-quotas-for-2003
lysergic acid diethylamide,2003,final,61,parsed,no,2003-09-30,https://www.federalregister.gov/documents/2003/09/30/03-24653/controlled-substances-final-revised-aggregate-production-quotas-for-2003
lysergic acid diethylamide,2003,proposed,61,parsed,yes,2002-11-01,https://www.federalregister.gov/documents/2002/11/01/02-27882/controlled-substances-proposed-aggregate-production-quotas-for-2003
lysergic acid diethylamide,2003,proposed,61,parsed,no,2003-08-06,https://www.federalregister.gov/documents/2003/08/06/03-19954/controlled-substances-proposed-revised-aggregate-production-quotas-for-2003
lysergic acid diethylamide,2004,final,61,parsed,yes,2003-12-15,https://www.federalregister.gov/documents/2003/12/15/03-30834/controlled-substances-established-initial-aggregate-production-quotas-for-2004
lysergic acid diethylamide,2004,final,61,parsed,no,2004-11-16,https://www.federalregister.gov/documents/2004/11/16/04-25340/controlled-substances-final-revised-aggregate-production-quotas-for-2004
lysergic acid diethylamide,2004,proposed,61,parsed,yes,2003-11-04,https://www.federalregister.gov/documents/2003/11/04/03-27636/controlled-substances-proposed-aggregate-production-quotas-for-2004
lysergic acid diethylamide,2004,proposed,61,parsed,no,2004-09-09,https://www.federalregister.gov/documents/2004/09/09/04-20369/controlled-substances-proposed-revised-aggregate-production-quotas-for-2004
lysergic acid diethylamide,2005,final,61,parsed,yes,2005-01-03,https://www.federalregister.gov/documents/2005/01/03/04-28746/controlled-substances-established-initial-aggregate-production-quotas-for-2005
lysergic acid diethylamide,2005,final,61,parsed,no,2005-11-09,https://www.federalregister.gov/documents/2005/11/09/05-22287/controlled-substances-final-revised-aggregate-production-quotas-for-2005
lysergic acid diethylamide,2005,proposed,60,parsed,yes,2004-12-03,https://www.federalregister.gov/documents/2004/12/03/04-26689/controlled-substances-proposed-aggregate-production-quotas-for-2005
lysergic acid diethylamide,2005,proposed,61,parsed,no,2005-08-05,https://www.federalregister.gov/documents/2005/08/05/05-15493/controlled-substances-proposed-revised-aggregate-production-quotas-for-2005
lysergic acid diethylamide,2006,final,61,parsed,yes,2005-12-09,https://www.federalregister.gov/documents/2005/12/09/E5-7110/controlled-substances-established-initial-aggregate-production-quotas-for-2006
lysergic acid diethylamide,2006,final,61,parsed,no,2006-10-19,https://www.federalregister.gov/documents/2006/10/19/E6-17524/controlled-substances-final-revised-aggregate-production-quotas-for-2006
lysergic acid diethylamide,2006,proposed,61,parsed,yes,2005-10-21,https://www.federalregister.gov/documents/2005/10/21/05-21038/controlled-substances-proposed-aggregate-production-quotas-for-2006
lysergic acid diethylamide,2006,proposed,61,parsed,no,2006-07-05,https://www.federalregister.gov/documents/2006/07/05/E6-10467/controlled-substances-proposed-revised-aggregate-production-quotas-for-2006
lysergic acid diethylamide,2007,final,61,parsed,yes,2006-12-11,https://www.federalregister.gov/documents/2006/12/11/E6-20920/controlled-substances-established-initial-aggregate-production-quotas-for-2007
lysergic acid diethylamide,2007,final,61,parsed,no,2007-08-24,https://www.federalregister.gov/documents/2007/08/24/E7-16730/controlled-substances-final-revised-aggregate-production-quotas-for-2007
lysergic acid diethylamide,2007,proposed,61,parsed,yes,2006-08-29,https://www.federalregister.gov/documents/2006/08/29/E6-14284/controlled-substances-proposed-aggregate-production-quotas-for-2007
lysergic acid diethylamide,2007,proposed,61,parsed,no,2007-05-03,https://www.federalregister.gov/documents/2007/05/03/E7-8422/controlled-substances-proposed-revised-aggregate-production-quotas-for-2007
lysergic acid diethylamide,2008,final,61,parsed,yes,2007-12-27,https://www.federalregister.gov/documents/2007/12/27/E7-25113/controlled-substances-established-initial-aggregate-production-quotas-for-2008
lysergic acid diethylamide,2008,final,61,parsed,no,2008-11-12,https://www.federalregister.gov/documents/2008/11/12/E8-26798/controlled-substances-final-revised-aggregate-production-quotas-for-2008
lysergic acid diethylamide,2008,proposed,61,parsed,yes,2007-08-24,https://www.federalregister.gov/documents/2007/08/24/E7-16729/controlled-substances-proposed-aggregate-production-quotas-for-2008
lysergic acid diethylamide,2008,proposed,61,parsed,no,2008-07-01,https://www.federalregister.gov/documents/2008/07/01/E8-14903/controlled-substances-proposed-revised-aggregate-production-quotas-for-2008
lysergic acid diethylamide,2009,final,10,parsed,yes,2008-12-29,https://www.federalregister.gov/documents/2008/12/29/E8-30807/controlled-substances-established-initial-aggregate-production-quotas-for-2009
lysergic acid diethylamide,2009,final,10,parsed,no,2009-10-21,https://www.federalregister.gov/documents/2009/10/21/E9-25274/controlled-substances-final-revised-aggregate-production-quotas-for-2009
lysergic acid diethylamide,2009,proposed,10,parsed,yes,2008-11-07,https://www.federalregister.gov/documents/2008/11/07/E8-26609/controlled-substances-proposed-aggregate-production-quotas-for-2009
lysergic acid diethylamide,2009,proposed,10,parsed,no,2009-07-23,https://www.federalregister.gov/documents/2009/07/23/E9-17536/controlled-substances-proposed-revised-aggregate-production-quotas-for-2009
lysergic acid diethylamide,2010,final,15,parsed,yes,2009-10-21,https://www.federalregister.gov/documents/2009/10/21/E9-25275/controlled-substances-established-initial-aggregate-production-quotas-for-2010
lysergic acid diethylamide,2010,final,15,parsed,no,2010-09-14,https://www.federalregister.gov/documents/2010/09/14/2010-22785/controlled-substances-final-revised-aggregate-production-quotas-for-2010
lysergic acid diethylamide,2010,proposed,10,parsed,yes,2009-05-21,https://www.federalregister.gov/documents/2009/05/21/E9-11929/controlled-substances-proposed-aggregate-production-quotas-for-2010
lysergic acid diethylamide,2010,proposed,15,parsed,no,2010-06-23,https://www.federalregister.gov/documents/2010/06/23/2010-15159/controlled-substances-proposed-revised-aggregate-production-quotas-for-2010
lysergic acid diethylamide,2011,final,16,parsed,yes,2010-12-20,https://www.federalregister.gov/documents/2010/12/20/2010-31849/controlled-substances-established-initial-aggregate-production-quotas-for-2011
lysergic acid diethylamide,2011,final,16,parsed,no,2011-12-09,https://www.federalregister.gov/documents/2011/12/09/2011-31621/controlled-substances-final-adjusted-aggregate-production-quotas-for-2011
lysergic acid diethylamide,2011,proposed,15,parsed,yes,2010-09-15,https://www.federalregister.gov/documents/2010/09/15/2010-22905/controlled-substances-proposed-aggregate-production-quotas-for-2011
lysergic acid diethylamide,2011,proposed,16,parsed,no,2011-09-14,https://www.federalregister.gov/documents/2011/09/14/2011-23498/controlled-substances-2011-proposed-aggregate-production-quotas
lysergic acid diethylamide,2012,final,16,parsed,yes,2011-12-15,https://www.federalregister.gov/documents/2011/12/15/2011-32163/controlled-substances-established-aggregate-production-quotas-for-2012
lysergic acid diethylamide,2012,final,16,parsed,no,2012-09-10,https://www.federalregister.gov/documents/2012/09/10/2012-22128/controlled-substances-final-adjusted-aggregate-production-quotas-for-2012
lysergic acid diethylamide,2012,proposed,16,parsed,yes,2011-10-21,https://www.federalregister.gov/documents/2011/10/21/2011-27283/controlled-substances-proposed-aggregate-production-quotas-for-2012
lysergic acid diethylamide,2012,proposed,16,parsed,no,2012-07-05,https://www.federalregister.gov/documents/2012/07/05/2012-16396/controlled-substances-proposed-adjustment-to-the-aggregate-production-quotas-for-2012
lysergic acid diethylamide,2013,final,30,parsed,yes,2012-10-01,https://www.federalregister.gov/documents/2012/10/01/2012-24089/established-aggregate-production-quotas-for-schedule-i-and-ii-controlled-substances-and-established
lysergic acid diethylamide,2013,final,30,parsed,no,2013-08-07,https://www.federalregister.gov/documents/2013/08/07/2013-19046/final-adjusted-aggregate-production-quotas-for-schedule-i-and-ii-controlled-substances-and
lysergic acid diethylamide,2013,proposed,30,parsed,yes,2012-08-03,https://www.federalregister.gov/documents/2012/08/03/2012-19052/proposed-aggregate-production-quotas-for-schedule-i-and-ii-controlled-substances-and-proposed
lysergic acid diethylamide,2013,proposed,30,parsed,no,2013-06-20,https://www.federalregister.gov/documents/2013/06/20/2013-14723/proposed-adjustments-to-the-aggregate-production-quotas-for-schedule-i-and-ii-controlled-substances
lysergic acid diethylamide,2014,final,35,parsed,yes,2013-09-09,https://www.federalregister.gov/documents/2013/09/09/2013-21797/established-aggregate-production-quotas-for-schedule-i-and-ii-controlled-substances-and-established
lysergic acid diethylamide,2014,final,35,parsed,no,2014-08-25,https://www.federalregister.gov/documents/2014/08/25/2014-20137/final-adjusted-aggregate-production-quotas-for-schedule-i-and-ii-controlled-substances-and
lysergic acid diethylamide,2014,proposed,30,parsed,yes,2013-07-03,https://www.federalregister.gov/documents/2013/07/03/2013-16052/proposed-aggregate-production-quotas-for-schedule-i-and-ii-controlled-substances-and-proposed
lysergic acid diethylamide,2014,proposed,35,parsed,no,2014-06-12,https://www.federalregister.gov/documents/2014/06/12/2014-13804/proposed-adjustments-to-the-aggregate-production-quotas-for-schedule-i-and-ii-controlled-substances
lysergic acid diethylamide,2015,final,35,parsed,yes,2014-09-08,https://www.federalregister.gov/documents/2014/09/08/2014-21280/established-aggregate-production-quotas-for-schedule-i-and-ii-controlled-substances-and-assessment
lysergic acid diethylamide,2015,final,35,parsed,no,2015-09-16,https://www.federalregister.gov/documents/2015/09/16/2015-23199/final-adjusted-aggregate-production-quotas-for-schedule-i-and-ii-controlled-substances-and
lysergic acid diethylamide,2015,proposed,35,parsed,yes,2014-07-02,https://www.federalregister.gov/documents/2014/07/02/2014-15549/proposed-aggregate-production-quotas-for-schedule-i-and-ii-controlled-substances-and-assessment-of
lysergic acid diethylamide,2015,proposed,35,parsed,no,2015-07-08,https://www.federalregister.gov/documents/2015/07/08/2015-16699/proposed-adjustments-to-the-aggregate-production-quotas-for-schedule-i-and-ii-controlled-substances
lysergic acid diethylamide,2016,final,40,parsed,yes,2015-10-06,https://www.federalregister.gov/documents/2015/10/06/2015-25373/established-aggregate-production-quotas-for-schedule-i-and-ii-controlled-substances-and-assessment
lysergic acid diethylamide,2016,final,40,parsed,no,2016-10-25,https://www.federalregister.gov/documents/2016/10/25/2016-25696/final-adjusted-aggregate-production-quotas-for-schedule-i-and-ii-controlled-substances-and
lysergic acid diethylamide,2016,proposed,40,parsed,yes,2015-07-17,https://www.federalregister.gov/documents/2015/07/17/2015-17561/proposed-aggregate-production-quotas-for-schedule-i-and-ii-controlled-substances-and-assessment-of
lysergic acid diethylamide,2016,proposed,40,parsed,no,2016-07-22,https://www.federalregister.gov/documents/2016/07/22/2016-17371/proposed-adjustments-to-the-aggregate-production-quotas-for-schedule-i-and-ii-controlled-substances
lysergic acid diethylamide,2017,final,15,parsed,yes,2016-10-05,https://www.federalregister.gov/documents/2016/10/05/2016-23988/established-aggregate-production-quotas-for-schedule-i-and-ii-controlled-substances-and-assessment
lysergic acid diethylamide,2017,final,40,parsed,no,2017-11-03,https://www.federalregister.gov/documents/2017/11/03/2017-24009/final-adjusted-aggregate-production-quotas-for-schedule-i-and-ii-controlled-substances-and
lysergic acid diethylamide,2017,proposed,10,parsed,yes,2016-07-22,https://www.federalregister.gov/documents/2016/07/22/2016-17370/proposed-aggregate-production-quotas-for-schedule-i-and-ii-controlled-substances-and-assessment-of
lysergic acid diethylamide,2017,proposed,10,parsed,no,2017-08-04,https://www.federalregister.gov/documents/2017/08/04/2017-16440/proposed-adjustments-to-the-aggregate-production-quotas-for-schedule-i-and-ii-controlled-substances
lysergic acid diethylamide,2018,final,40,parsed,yes,2017-11-08,https://www.federalregister.gov/documents/2017/11/08/2017-24306/established-aggregate-production-quotas-for-schedule-i-and-ii-controlled-substances-and-assessment
lysergic acid diethylamide,2018,final,40,parsed,no,2018-12-10,https://www.federalregister.gov/documents/2018/12/10/2018-26587/final-adjusted-aggregate-production-quotas-for-schedule-i-and-ii-controlled-substances-and
lysergic acid diethylamide,2018,proposed,40,parsed,yes,2017-08-07,https://www.federalregister.gov/documents/2017/08/07/2017-16439/proposed-aggregate-production-quotas-for-schedule-i-and-ii-controlled-substances-and-assessment-of
lysergic acid diethylamide,2018,proposed,40,parsed,no,2018-08-23,https://www.federalregister.gov/documents/2018/08/23/2018-18265/proposed-adjustments-to-the-aggregate-production-quotas-for-schedule-i-and-ii-controlled-substances
lysergic acid diethylamide,2019,final,40,parsed,no,2018-12-28,https://www.federalregister.gov/documents/2018/12/28/2018-28108/established-aggregate-production-quotas-for-schedule-i-and-ii-controlled-substances-and-assessment
lysergic acid diethylamide,2019,proposed,40,parsed,no,2018-08-20,https://www.federalregister.gov/documents/2018/08/20/2018-17893/proposed-aggregate-production-quotas-for-schedule-i-and-ii-controlled-substances-and-assessment-of
lysergic acid diethylamide,2020,final,40,parsed,yes,2019-12-02,https://www.federalregister.gov/documents/2019/12/02/2019-26119/established-aggregate-production-quotas-for-schedule-i-and-ii-controlled-substances-and-assessment
lysergic acid diethylamide,2020,final,40,parsed,no,2020-12-01,https://www.federalregister.gov/documents/2020/12/01/2020-26443/final-adjusted-aggregate-production-quotas-for-schedule-i-and-ii-controlled-substances-and
lysergic acid diethylamide,2020,proposed,40,parsed,yes,2019-09-12,https://www.federalregister.gov/documents/2019/09/12/2019-19785/proposed-aggregate-production-quotas-for-schedule-i-and-ii-controlled-substances-and-assessment-of
lysergic acid diethylamide,2020,proposed,40,parsed,no,2020-09-01,https://www.federalregister.gov/documents/2020/09/01/2020-19308/proposed-adjustments-to-the-aggregate-production-quotas-for-schedule-i-and-ii-controlled-substances
lysergic acid diethylamide,2021,final,40,parsed,yes,2020-11-30,https://www.federalregister.gov/documents/2020/11/30/2020-26289/established-aggregate-production-quotas-for-schedule-i-and-ii-controlled-substances-and-assessment
lysergic acid diethylamide,2021,final,40,parsed,no,2021-11-15,https://www.federalregister.gov/documents/2021/11/15/2021-24921/final-adjusted-aggregate-production-quotas-for-schedule-i-and-ii-controlled-substances-and
lysergic acid diethylamide,2021,proposed,40,parsed,yes,2020-09-01,https://www.federalregister.gov/documents/2020/09/01/2020-19285/proposed-aggregate-production-quotas-for-schedule-i-and-ii-controlled-substances-and-assessment-of
lysergic acid diethylamide,2021,proposed,40,parsed,no,2021-09-02,https://www.federalregister.gov/documents/2021/09/02/2021-18935/proposed-adjustments-to-the-aggregate-production-quotas-for-schedule-i-and-ii-controlled-substances
lysergic acid diethylamide,2022,final,500,parsed,no,2021-12-02,https://www.federalregister.gov/documents/2021/12/02/2021-26227/established-aggregate-production-quotas-for-schedule-i-and-ii-controlled-substances-and-assessment
lysergic acid diethylamide,2022,proposed,500,parsed,no,2021-10-18,https://www.federalregister.gov/documents/2021/10/18/2021-22624/proposed-aggregate-production-quotas-for-schedule-i-and-ii-controlled-substances-and-assessment-of
lysergic acid diethylamide,2023,final,1200,parsed,no,2022-12-02,https://www.federalregister.gov/documents/2022/12/02/2022-26351/established-aggregate-production-quotas-for-schedule-i-and-ii-controlled-substances-and-assessment
lysergic acid diethylamide,2023,proposed,1200,parsed,yes,2022-10-18,https://www.federalregister.gov/documents/2022/10/18/2022-22638/proposed-aggregate-production-quotas-for-schedule-i-and-ii-controlled-substances-and-assessment-of
lysergic acid diethylamide,2023,proposed,1200,parsed,no,2023-10-31,https://www.federalregister.gov/documents/2023/10/31/2023-23931/proposed-adjustments-to-the-aggregate-production-quotas-for-schedule-i-and-ii-controlled-substances
lysergic acid diethylamide,2024,final,,manual_needed,no,2024-01-03,https://www.federalregister.gov/documents/2024/01/03/2023-28962/established-aggregate-production-quotas-for-schedule-i-and-ii-controlled-substances-and-assessment
lysergic acid diethylamide,2024,proposed,1200,parsed,yes,2023-11-02,https://www.federalregister.gov/documents/2023/11/02/2023-24282/proposed-aggregate-production-quotas-for-schedule-i-and-ii-controlled-substances-and-assessment-of
lysergic acid diethylamide,2024,proposed,1200,parsed,no,2024-09-25,https://www.federalregister.gov/documents/2024/09/25/2024-21960/proposed-adjustments-to-the-aggregate-production-quotas-for-schedule-i-and-ii-controlled-substances
lysergic acid diethylamide,2025,proposed,1200,parsed,no,2024-09-25,https://www.federalregister.gov/documents/2024/09/25/2024-21962/proposed-aggregate-production-quotas-for-schedule-i-and-ii-controlled-substances-and-assessment-of
lysergic acid diethylamide,2026,final,1200,parsed,no,2026-01-05,https://www.federalregister.gov/documents/2026/01/05/2025-24277/established-aggregate-production-quotas-for-schedule-i-and-ii-controlled-substances-and-assessment
mescaline,1994,final,,manual_needed,no,1994-10-20,https://www.federalregister.gov/documents/1994/10/20/94-25947/controlled-substances-established-initial-1995-aggregate-production-quotas
mescaline,1994,proposed,,manual_needed,no,1994-08-04,https://www.federalregister.gov/documents/1994/08/04/94-19054/controlled-substances-proposed-aggregate-production-quotas-for-1995
mescaline,1995,final,,manual_needed,no,1995-11-21,https://www.federalregister.gov/documents/1995/11/21/95-28550/controlled-substances-established-initial-1996-aggregate-production-quotas
mescaline,1995,proposed,,manual_needed,yes,1995-05-09,https://www.federalregister.gov/documents/1995/05/09/95-11370/controlled-substances-proposed-1995-aggregate-production-quotas
mescaline,1995,proposed,,manual_needed,yes,1995-07-05,https://www.federalregister.gov/documents/1995/07/05/95-16321/1995-revised-aggregate-production-quotas-for-controlled-substances-in-schedules-i-and-ii
mescaline,1995,proposed,,manual_needed,no,1995-07-27,https://www.federalregister.gov/documents/1995/07/27/95-18407/controlled-substances-proposed-aggregate-production-quotas-for-1996
mescaline,1996,proposed,,manual_needed,yes,1996-07-26,https://www.federalregister.gov/documents/1996/07/26/96-19019/1996-revised-aggregate-production-quotas-for-controlled-substances-in-schedules-i-and-ii
mescaline,1996,proposed,,manual_needed,no,1996-10-17,https://www.federalregister.gov/documents/1996/10/17/96-26581/controlled-substances-proposed-aggregate-production-quotas-for-1997
mescaline,1997,final,,manual_needed,no,1997-11-21,https://www.federalregister.gov/documents/1997/11/21/97-30651/controlled-substances-established-initial-aggregate-production-quotas-for-1998
mescaline,1997,proposed,,manual_needed,yes,1997-06-05,https://www.federalregister.gov/documents/1997/06/05/97-14698/controlled-substances-notice-of-proposed-revised-1997-aggregate-production-quotas
mescaline,1997,proposed,,manual_needed,yes,1997-08-15,https://www.federalregister.gov/documents/1997/08/15/97-21587/controlled-substances-revised-aggregate-production-quotas-for-1997
mescaline,1997,proposed,,manual_needed,no,1997-09-02,https://www.federalregister.gov/documents/1997/09/02/97-23224/controlled-substances-proposed-aggregate-production-quotas-for-1998
mescaline,1998,final,,manual_needed,no,1998-12-23,https://www.federalregister.gov/documents/1998/12/23/98-33888/controlled-substances-established-initial-aggregate-production-quotas-for-1999
mescaline,1998,proposed,,manual_needed,yes,1998-07-17,https://www.federalregister.gov/documents/1998/07/17/98-19084/controlled-substances-proposed-revised-aggregate-production-quotas-for-1998
mescaline,1998,proposed,,manual_needed,yes,1998-09-15,https://www.federalregister.gov/documents/1998/09/15/98-24621/controlled-substances-revised-aggregate-production-quotas-for-1998
mescaline,1998,proposed,,manual_needed,no,1998-10-16,https://www.federalregister.gov/documents/1998/10/16/98-27740/controlled-substances-proposed-aggregate-production-quotas-for-1999
mescaline,1999,proposed,,manual_needed,yes,1999-08-20,https://www.federalregister.gov/documents/1999/08/20/99-21583/controlled-substances-proposed-revised-aggregate-production-quotas-for-1999
mescaline,1999,proposed,,manual_needed,no,1999-10-19,https://www.federalregister.gov/documents/1999/10/19/99-27291/controlled-substances-1999-aggregate-production-quotas
mescaline,2000,final,,manual_needed,yes,1999-12-28,https://www.federalregister.gov/documents/1999/12/28/99-33550/controlled-substances-established-initial-aggregate-production-quotas-for-2000
mescaline,2000,final,,manual_needed,no,2000-02-10,https://www.federalregister.gov/documents/2000/02/10/00-3149/controlled-substances-established-initial-aggregate-production-quotas-for-2000
mescaline,2000,proposed,,manual_needed,yes,1999-10-21,https://www.federalregister.gov/documents/1999/10/21/99-27428/controlled-substances-proposed-aggregate-production-quotas-for-2000
mescaline,2000,proposed,,manual_needed,yes,2000-07-19,https://www.federalregister.gov/documents/2000/07/19/00-18148/controlled-substances-proposed-revised-aggregate-production-quotas-for-2000
mescaline,2000,proposed,,manual_needed,no,2000-09-25,https://www.federalregister.gov/documents/2000/09/25/00-24554/controlled-substances-2000-aggregate-production-quotas
mescaline,2001,final,,manual_needed,yes,2000-12-19,https://www.federalregister.gov/documents/2000/12/19/00-32299/controlled-substances-established-initial-aggregate-production-quotas-for-2001
mescaline,2001,final,,manual_needed,no,2001-10-15,https://www.federalregister.gov/documents/2001/10/15/01-25761/controlled-substances-final-revised-aggregate-production-quotas-for-2001
mescaline,2001,proposed,,manual_needed,yes,2000-10-04,https://www.federalregister.gov/documents/2000/10/04/00-25421/controlled-substances-proposed-aggregate-production-quotas-for-2001
mescaline,2001,proposed,,manual_needed,no,2001-08-06,https://www.federalregister.gov/documents/2001/08/06/01-19513/controlled-substances-proposed-revised-aggregate-production-quotas-for-2001
mescaline,2002,final,,manual_needed,yes,2001-12-13,https://www.federalregister.gov/documents/2001/12/13/01-30821/controlled-substances-established-initial-aggregate-production-quotas-for-2002
mescaline,2002,final,,manual_needed,no,2002-09-20,https://www.federalregister.gov/documents/2002/09/20/02-23876/controlled-substances-final-revised-aggregate-production-quotas-for-2002
mescaline,2002,proposed,,manual_needed,yes,2001-11-13,https://www.federalregister.gov/documents/2001/11/13/01-28264/controlled-substances-proposed-aggregate-production-quotas-for-2002
mescaline,2002,proposed,,manual_needed,no,2002-07-23,https://www.federalregister.gov/documents/2002/07/23/02-18468/controlled-substances-proposed-revised-aggregate-production-quotas-for-2002
mescaline,2003,final,,manual_needed,yes,2002-12-19,https://www.federalregister.gov/documents/2002/12/19/02-31898/controlled-substances-established-initial-aggregate-production-quotas-for-2003
mescaline,2003,final,,manual_needed,no,2003-09-30,https://www.federalregister.gov/documents/2003/09/30/03-24653/controlled-substances-final-revised-aggregate-production-quotas-for-2003
mescaline,2003,proposed,,manual_needed,yes,2002-11-01,https://www.federalregister.gov/documents/2002/11/01/02-27882/controlled-substances-proposed-aggregate-production-quotas-for-2003
mescaline,2003,proposed,,manual_needed,no,2003-08-06,https://www.federalregister.gov/documents/2003/08/06/03-19954/controlled-substances-proposed-revised-aggregate-production-quotas-for-2003
mescaline,2004,final,,manual_needed,yes,2003-12-15,https://www.federalregister.gov/documents/2003/12/15/03-30834/controlled-substances-established-initial-aggregate-production-quotas-for-2004
mescaline,2004,final,,manual_needed,no,2004-11-16,https://www.federalregister.gov/documents/2004/11/16/04-25340/controlled-substances-final-revised-aggregate-production-quotas-for-2004
mescaline,2004,proposed,,manual_needed,yes,2003-11-04,https://www.federalregister.gov/documents/2003/11/04/03-27636/controlled-substances-proposed-aggregate-production-quotas-for-2004
mescaline,2004,proposed,,manual_needed,no,2004-09-09,https://www.federalregister.gov/documents/2004/09/09/04-20369/controlled-substances-proposed-revised-aggregate-production-quotas-for-2004
mescaline,2005,final,,manual_needed,yes,2005-01-03,https://www.federalregister.gov/documents/2005/01/03/04-28746/controlled-substances-established-initial-aggregate-production-quotas-for-2005
mescaline,2005,final,,manual_needed,no,2005-11-09,https://www.federalregister.gov/documents/2005/11/09/05-22287/controlled-substances-final-revised-aggregate-production-quotas-for-2005
mescaline,2005,proposed,,manual_needed,yes,2004-12-03,https://www.federalregister.gov/documents/2004/12/03/04-26689/controlled-substances-proposed-aggregate-production-quotas-for-2005
mescaline,2005,proposed,,manual_needed,no,2005-08-05,https://www.federalregister.gov/documents/2005/08/05/05-15493/controlled-substances-proposed-revised-aggregate-production-quotas-for-2005
mescaline,2006,final,,manual_needed,yes,2005-12-09,https://www.federalregister.gov/documents/2005/12/09/E5-7110/controlled-substances-established-initial-aggregate-production-quotas-for-2006
mescaline,2006,final,,manual_needed,no,2006-10-19,https://www.federalregister.gov/documents/2006/10/19/E6-17524/controlled-substances-final-revised-aggregate-production-quotas-for-2006
mescaline,2006,proposed,,manual_needed,yes,2005-10-21,https://www.federalregister.gov/documents/2005/10/21/05-21038/controlled-substances-proposed-aggregate-production-quotas-for-2006
mescaline,2006,proposed,,manual_needed,no,2006-07-05,https://www.federalregister.gov/documents/2006/07/05/E6-10467/controlled-substances-proposed-revised-aggregate-production-quotas-for-2006
mescaline,2007,final,,manual_needed,yes,2006-12-11,https://www.federalregister.gov/documents/2006/12/11/E6-20920/controlled-substances-established-initial-aggregate-production-quotas-for-2007
mescaline,2007,final,,manual_needed,no,2007-08-24,https://www.federalregister.gov/documents/2007/08/24/E7-16730/controlled-substances-final-revised-aggregate-production-quotas-for-2007
mescaline,2007,proposed,,manual_needed,yes,2006-08-29,https://www.federalregister.gov/documents/2006/08/29/E6-14284/controlled-substances-proposed-aggregate-production-quotas-for-2007
mescaline,2007,proposed,,manual_needed,no,2007-05-03,https://www.federalregister.gov/documents/2007/05/03/E7-8422/controlled-substances-proposed-revised-aggregate-production-quotas-for-2007
mescaline,2008,final,,manual_needed,yes,2007-12-27,https://www.federalregister.gov/documents/2007/12/27/E7-25113/controlled-substances-established-initial-aggregate-production-quotas-for-2008
mescaline,2008,final,,manual_needed,no,2008-11-12,https://www.federalregister.gov/documents/2008/11/12/E8-26798/controlled-substances-final-revised-aggregate-production-quotas-for-2008
mescaline,2008,proposed,,manual_needed,yes,2007-08-24,https://www.federalregister.gov/documents/2007/08/24/E7-16729/controlled-substances-proposed-aggregate-production-quotas-for-2008
mescaline,2008,proposed,,manual_needed,no,2008-07-01,https://www.federalregister.gov/documents/2008/07/01/E8-14903/controlled-substances-proposed-revised-aggregate-production-quotas-for-2008
mescaline,2009,final,,manual_needed,yes,2008-12-29,https://www.federalregister.gov/documents/2008/12/29/E8-30807/controlled-substances-established-initial-aggregate-production-quotas-for-2009
mescaline,2009,final,,manual_needed,no,2009-10-21,https://www.federalregister.gov/documents/2009/10/21/E9-25274/controlled-substances-final-revised-aggregate-production-quotas-for-2009
mescaline,2009,proposed,,manual_needed,yes,2008-11-07,https://www.federalregister.gov/documents/2008/11/07/E8-26609/controlled-substances-proposed-aggregate-production-quotas-for-2009
mescaline,2009,proposed,,manual_needed,no,2009-07-23,https://www.federalregister.gov/documents/2009/07/23/E9-17536/controlled-substances-proposed-revised-aggregate-production-quotas-for-2009
mescaline,2010,final,,manual_needed,yes,2009-10-21,https://www.federalregister.gov/documents/2009/10/21/E9-25275/controlled-substances-established-initial-aggregate-production-quotas-for-2010
mescaline,2010,final,,manual_needed,no,2010-09-14,https://www.federalregister.gov/documents/2010/09/14/2010-22785/controlled-substances-final-revised-aggregate-production-quotas-for-2010
mescaline,2010,proposed,,manual_needed,yes,2009-05-21,https://www.federalregister.gov/documents/2009/05/21/E9-11929/controlled-substances-proposed-aggregate-production-quotas-for-2010
mescaline,2010,proposed,,manual_needed,no,2010-06-23,https://www.federalregister.gov/documents/2010/06/23/2010-15159/controlled-substances-proposed-revised-aggregate-production-quotas-for-2010
mescaline,2011,final,,manual_needed,yes,2010-12-20,https://www.federalregister.gov/documents/2010/12/20/2010-31849/controlled-substances-established-initial-aggregate-production-quotas-for-2011
mescaline,2011,final,,manual_needed,no,2011-12-09,https://www.federalregister.gov/documents/2011/12/09/2011-31621/controlled-substances-final-adjusted-aggregate-production-quotas-for-2011
mescaline,2011,proposed,,manual_needed,yes,2010-09-15,https://www.federalregister.gov/documents/2010/09/15/2010-22905/controlled-substances-proposed-aggregate-production-quotas-for-2011
mescaline,2011,proposed,,manual_needed,no,2011-09-14,https://www.federalregister.gov/documents/2011/09/14/2011-23498/controlled-substances-2011-proposed-aggregate-production-quotas
mescaline,2012,final,,manual_needed,yes,2011-12-15,https://www.federalregister.gov/documents/2011/12/15/2011-32163/controlled-substances-established-aggregate-production-quotas-for-2012
mescaline,2012,final,13,parsed,no,2012-09-10,https://www.federalregister.gov/documents/2012/09/10/2012-22128/controlled-substances-final-adjusted-aggregate-production-quotas-for-2012
mescaline,2012,proposed,,manual_needed,yes,2011-10-21,https://www.federalregister.gov/documents/2011/10/21/2011-27283/controlled-substances-proposed-aggregate-production-quotas-for-2012
mescaline,2012,proposed,13,parsed,no,2012-07-05,https://www.federalregister.gov/documents/2012/07/05/2012-16396/controlled-substances-proposed-adjustment-to-the-aggregate-production-quotas-for-2012
mescaline,2013,final,13,parsed,yes,2012-10-01,https://www.federalregister.gov/documents/2012/10/01/2012-24089/established-aggregate-production-quotas-for-schedule-i-and-ii-controlled-substances-and-established
mescaline,2013,final,13,parsed,no,2013-08-07,https://www.federalregister.gov/documents/2013/08/07/2013-19046/final-adjusted-aggregate-production-quotas-for-schedule-i-and-ii-controlled-substances-and
mescaline,2013,proposed,13,parsed,yes,2012-08-03,https://www.federalregister.gov/documents/2012/08/03/2012-19052/proposed-aggregate-production-quotas-for-schedule-i-and-ii-controlled-substances-and-proposed
mescaline,2013,proposed,13,parsed,no,2013-06-20,https://www.federalregister.gov/documents/2013/06/20/2013-14723/proposed-adjustments-to-the-aggregate-production-quotas-for-schedule-i-and-ii-controlled-substances
mescaline,2014,final,25,parsed,yes,2013-09-09,https://www.federalregister.gov/documents/2013/09/09/2013-21797/established-aggregate-production-quotas-for-schedule-i-and-ii-controlled-substances-and-established
mescaline,2014,final,25,parsed,no,2014-08-25,https://www.federalregister.gov/documents/2014/08/25/2014-20137/final-adjusted-aggregate-production-quotas-for-schedule-i-and-ii-controlled-substances-and
mescaline,2014,proposed,25,parsed,yes,2013-07-03,https://www.federalregister.gov/documents/2013/07/03/2013-16052/proposed-aggregate-production-quotas-for-schedule-i-and-ii-controlled-substances-and-proposed
mescaline,2014,proposed,25,parsed,no,2014-06-12,https://www.federalregister.gov/documents/2014/06/12/2014-13804/proposed-adjustments-to-the-aggregate-production-quotas-for-schedule-i-and-ii-controlled-substances
mescaline,2015,final,25,parsed,yes,2014-09-08,https://www.federalregister.gov/documents/2014/09/08/2014-21280/established-aggregate-production-quotas-for-schedule-i-and-ii-controlled-substances-and-assessment
mescaline,2015,final,25,parsed,no,2015-09-16,https://www.federalregister.gov/documents/2015/09/16/2015-23199/final-adjusted-aggregate-production-quotas-for-schedule-i-and-ii-controlled-substances-and
mescaline,2015,proposed,25,parsed,yes,2014-07-02,https://www.federalregister.gov/documents/2014/07/02/2014-15549/proposed-aggregate-production-quotas-for-schedule-i-and-ii-controlled-substances-and-assessment-of
mescaline,2015,proposed,25,parsed,no,2015-07-08,https://www.federalregister.gov/documents/2015/07/08/2015-16699/proposed-adjustments-to-the-aggregate-production-quotas-for-schedule-i-and-ii-controlled-substances
mescaline,2016,final,25,parsed,yes,2015-10-06,https://www.federalregister.gov/documents/2015/10/06/2015-25373/established-aggregate-production-quotas-for-schedule-i-and-ii-controlled-substances-and-assessment
mescaline,2016,final,25,parsed,no,2016-10-25,https://www.federalregister.gov/documents/2016/10/25/2016-25696/final-adjusted-aggregate-production-quotas-for-schedule-i-and-ii-controlled-substances-and
mescaline,2016,proposed,25,parsed,yes,2015-07-17,https://www.federalregister.gov/documents/2015/07/17/2015-17561/proposed-aggregate-production-quotas-for-schedule-i-and-ii-controlled-substances-and-assessment-of
mescaline,2016,proposed,25,parsed,no,2016-07-22,https://www.federalregister.gov/documents/2016/07/22/2016-17371/proposed-adjustments-to-the-aggregate-production-quotas-for-schedule-i-and-ii-controlled-substances
mescaline,2017,final,25,parsed,yes,2016-10-05,https://www.federalregister.gov/documents/2016/10/05/2016-23988/established-aggregate-production-quotas-for-schedule-i-and-ii-controlled-substances-and-assessment
mescaline,2017,final,25,parsed,no,2017-11-03,https://www.federalregister.gov/documents/2017/11/03/2017-24009/final-adjusted-aggregate-production-quotas-for-schedule-i-and-ii-controlled-substances-and
mescaline,2017,proposed,25,parsed,yes,2016-07-22,https://www.federalregister.gov/documents/2016/07/22/2016-17370/proposed-aggregate-production-quotas-for-schedule-i-and-ii-controlled-substances-and-assessment-of
mescaline,2017,proposed,25,parsed,no,2017-08-04,https://www.federalregister.gov/documents/2017/08/04/2017-16440/proposed-adjustments-to-the-aggregate-production-quotas-for-schedule-i-and-ii-controlled-substances
mescaline,2018,final,25,parsed,yes,2017-11-08,https://www.federalregister.gov/documents/2017/11/08/2017-24306/established-aggregate-production-quotas-for-schedule-i-and-ii-controlled-substances-and-assessment
mescaline,2018,final,25,parsed,no,2018-12-10,https://www.federalregister.gov/documents/2018/12/10/2018-26587/final-adjusted-aggregate-production-quotas-for-schedule-i-and-ii-controlled-substances-and
mescaline,2018,proposed,25,parsed,yes,2017-08-07,https://www.federalregister.gov/documents/2017/08/07/2017-16439/proposed-aggregate-production-quotas-for-schedule-i-and-ii-controlled-substances-and-assessment-of
mescaline,2018,proposed,25,parsed,no,2018-08-23,https://www.federalregister.gov/documents/2018/08/23/2018-18265/proposed-adjustments-to-the-aggregate-production-quotas-for-schedule-i-and-ii-controlled-substances
mescaline,2019,final,25,parsed,no,2018-12-28,https://www.federalregister.gov/documents/2018/12/28/2018-28108/established-aggregate-production-quotas-for-schedule-i-and-ii-controlled-substances-and-assessment
mescaline,2019,proposed,25,parsed,no,2018-08-20,https://www.federalregister.gov/documents/2018/08/20/2018-17893/proposed-aggregate-production-quotas-for-schedule-i-and-ii-controlled-substances-and-assessment-of
mescaline,2020,final,25,parsed,yes,2019-12-02,https://www.federalregister.gov/documents/2019/12/02/2019-26119/established-aggregate-production-quotas-for-schedule-i-and-ii-controlled-substances-and-assessment
mescaline,2020,final,25,parsed,no,2020-12-01,https://www.federalregister.gov/documents/2020/12/01/2020-26443/final-adjusted-aggregate-production-quotas-for-schedule-i-and-ii-controlled-substances-and
mescaline,2020,proposed,25,parsed,yes,2019-09-12,https://www.federalregister.gov/documents/2019/09/12/2019-19785/proposed-aggregate-production-quotas-for-schedule-i-and-ii-controlled-substances-and-assessment-of
mescaline,2020,proposed,25,parsed,no,2020-09-01,https://www.federalregister.gov/documents/2020/09/01/2020-19308/proposed-adjustments-to-the-aggregate-production-quotas-for-schedule-i-and-ii-controlled-substances
mescaline,2021,final,25,parsed,yes,2020-11-30,https://www.federalregister.gov/documents/2020/11/30/2020-26289/established-aggregate-production-quotas-for-schedule-i-and-ii-controlled-substances-and-assessment
mescaline,2021,final,25,parsed,no,2021-11-15,https://www.federalregister.gov/documents/2021/11/15/2021-24921/final-adjusted-aggregate-production-quotas-for-schedule-i-and-ii-controlled-substances-and
mescaline,2021,proposed,25,parsed,yes,2020-09-01,https://www.federalregister.gov/documents/2020/09/01/2020-19285/proposed-aggregate-production-quotas-for-schedule-i-and-ii-controlled-substances-and-assessment-of
mescaline,2021,proposed,25,parsed,no,2021-09-02,https://www.federalregister.gov/documents/2021/09/02/2021-18935/proposed-adjustments-to-the-aggregate-production-quotas-for-schedule-i-and-ii-controlled-substances
mescaline,2022,final,34,parsed,no,2021-12-02,https://www.federalregister.gov/documents/2021/12/02/2021-26227/established-aggregate-production-quotas-for-schedule-i-and-ii-controlled-substances-and-assessment
mescaline,2022,proposed,100,parsed,no,2021-10-18,https://www.federalregister.gov/documents/2021/10/18/2021-22624/proposed-aggregate-production-quotas-for-schedule-i-and-ii-controlled-substances-and-assessment-of
mescaline,2023,final,1200,parsed,no,2022-12-02,https://www.federalregister.gov/documents/2022/12/02/2022-26351/established-aggregate-production-quotas-for-schedule-i-and-ii-controlled-substances-and-assessment
mescaline,2023,proposed,1200,parsed,yes,2022-10-18,https://www.federalregister.gov/documents/2022/10/18/2022-22638/proposed-aggregate-production-quotas-for-schedule-i-and-ii-controlled-substances-and-assessment-of
mescaline,2023,proposed,1200,parsed,no,2023-10-31,https://www.federalregister.gov/documents/2023/10/31/2023-23931/proposed-adjustments-to-the-aggregate-production-quotas-for-schedule-i-and-ii-controlled-substances
mescaline,2024,final,1200,parsed,no,2024-01-03,https://www.federalregister.gov/documents/2024/01/03/2023-28962/established-aggregate-production-quotas-for-schedule-i-and-ii-controlled-substances-and-assessment
mescaline,2024,proposed,1200,parsed,yes,2023-11-02,https://www.federalregister.gov/documents/2023/11/02/2023-24282/proposed-aggregate-production-quotas-for-schedule-i-and-ii-controlled-substances-and-assessment-of
mescaline,2024,proposed,1200,parsed,no,2024-09-25,https://www.federalregister.gov/documents/2024/09/25/2024-21960/proposed-adjustments-to-the-aggregate-production-quotas-for-schedule-i-and-ii-controlled-substances
mescaline,2025,proposed,1200,parsed,no,2024-09-25,https://www.federalregister.gov/documents/2024/09/25/2024-21962/proposed-aggregate-production-quotas-for-schedule-i-and-ii-controlled-substances-and-assessment-of
mescaline,2026,final,1200,parsed,no,2026-01-05,https://www.federalregister.gov/documents/2026/01/05/2025-24277/established-aggregate-production-quotas-for-schedule-i-and-ii-controlled-substances-and-assessment
psilocybin,1995,final,,manual_needed,no,1995-11-21,https://www.federalregister.gov/documents/1995/11/21/95-28550/controlled-substances-established-initial-1996-aggregate-production-quotas
psilocybin,1995,proposed,,manual_needed,no,1995-07-27,https://www.federalregister.gov/documents/1995/07/27/95-18407/controlled-substances-proposed-aggregate-production-quotas-for-1996
psilocybin,1996,proposed,,manual_needed,yes,1996-07-26,https://www.federalregister.gov/documents/1996/07/26/96-19019/1996-revised-aggregate-production-quotas-for-controlled-substances-in-schedules-i-and-ii
psilocybin,1996,proposed,,manual_needed,no,1996-10-17,https://www.federalregister.gov/documents/1996/10/17/96-26581/controlled-substances-proposed-aggregate-production-quotas-for-1997
psilocybin,1997,final,,manual_needed,no,1997-11-21,https://www.federalregister.gov/documents/1997/11/21/97-30651/controlled-substances-established-initial-aggregate-production-quotas-for-1998
psilocybin,1997,proposed,,manual_needed,yes,1997-06-05,https://www.federalregister.gov/documents/1997/06/05/97-14698/controlled-substances-notice-of-proposed-revised-1997-aggregate-production-quotas
psilocybin,1997,proposed,,manual_needed,yes,1997-08-15,https://www.federalregister.gov/documents/1997/08/15/97-21587/controlled-substances-revised-aggregate-production-quotas-for-1997
psilocybin,1997,proposed,,manual_needed,no,1997-09-02,https://www.federalregister.gov/documents/1997/09/02/97-23224/controlled-substances-proposed-aggregate-production-quotas-for-1998
psilocybin,1998,final,,manual_needed,no,1998-12-23,https://www.federalregister.gov/documents/1998/12/23/98-33888/controlled-substances-established-initial-aggregate-production-quotas-for-1999
psilocybin,1998,proposed,,manual_needed,yes,1998-07-17,https://www.federalregister.gov/documents/1998/07/17/98-19084/controlled-substances-proposed-revised-aggregate-production-quotas-for-1998
psilocybin,1998,proposed,,manual_needed,yes,1998-09-15,https://www.federalregister.gov/documents/1998/09/15/98-24621/controlled-substances-revised-aggregate-production-quotas-for-1998
psilocybin,1998,proposed,,manual_needed,no,1998-10-16,https://www.federalregister.gov/documents/1998/10/16/98-27740/controlled-substances-proposed-aggregate-production-quotas-for-1999
psilocybin,1999,proposed,,manual_needed,yes,1999-08-20,https://www.federalregister.gov/documents/1999/08/20/99-21583/controlled-substances-proposed-revised-aggregate-production-quotas-for-1999
psilocybin,1999,proposed,,manual_needed,no,1999-10-19,https://www.federalregister.gov/documents/1999/10/19/99-27291/controlled-substances-1999-aggregate-production-quotas
psilocybin,2000,final,,manual_needed,yes,1999-12-28,https://www.federalregister.gov/documents/1999/12/28/99-33550/controlled-substances-established-initial-aggregate-production-quotas-for-2000
psilocybin,2000,final,,manual_needed,no,2000-02-10,https://www.federalregister.gov/documents/2000/02/10/00-3149/controlled-substances-established-initial-aggregate-production-quotas-for-2000
psilocybin,2000,proposed,,manual_needed,yes,1999-10-21,https://www.federalregister.gov/documents/1999/10/21/99-27428/controlled-substances-proposed-aggregate-production-quotas-for-2000
psilocybin,2000,proposed,,manual_needed,yes,2000-07-19,https://www.federalregister.gov/documents/2000/07/19/00-18148/controlled-substances-proposed-revised-aggregate-production-quotas-for-2000
psilocybin,2000,proposed,,manual_needed,no,2000-09-25,https://www.federalregister.gov/documents/2000/09/25/00-24554/controlled-substances-2000-aggregate-production-quotas
psilocybin,2001,final,,manual_needed,yes,2000-12-19,https://www.federalregister.gov/documents/2000/12/19/00-32299/controlled-substances-established-initial-aggregate-production-quotas-for-2001
psilocybin,2001,final,,manual_needed,no,2001-10-15,https://www.federalregister.gov/documents/2001/10/15/01-25761/controlled-substances-final-revised-aggregate-production-quotas-for-2001
psilocybin,2001,proposed,,manual_needed,yes,2000-10-04,https://www.federalregister.gov/documents/2000/10/04/00-25421/controlled-substances-proposed-aggregate-production-quotas-for-2001
psilocybin,2001,proposed,,manual_needed,no,2001-08-06,https://www.federalregister.gov/documents/2001/08/06/01-19513/controlled-substances-proposed-revised-aggregate-production-quotas-for-2001
psilocybin,2002,final,,manual_needed,yes,2001-12-13,https://www.federalregister.gov/documents/2001/12/13/01-30821/controlled-substances-established-initial-aggregate-production-quotas-for-2002
psilocybin,2002,final,,manual_needed,no,2002-09-20,https://www.federalregister.gov/documents/2002/09/20/02-23876/controlled-substances-final-revised-aggregate-production-quotas-for-2002
psilocybin,2002,proposed,,manual_needed,yes,2001-11-13,https://www.federalregister.gov/documents/2001/11/13/01-28264/controlled-substances-proposed-aggregate-production-quotas-for-2002
psilocybin,2002,proposed,,manual_needed,no,2002-07-23,https://www.federalregister.gov/documents/2002/07/23/02-18468/controlled-substances-proposed-revised-aggregate-production-quotas-for-2002
psilocybin,2003,final,,manual_needed,yes,2002-12-19,https://www.federalregister.gov/documents/2002/12/19/02-31898/controlled-substances-established-initial-aggregate-production-quotas-for-2003
psilocybin,2003,final,,manual_needed,no,2003-09-30,https://www.federalregister.gov/documents/2003/09/30/03-24653/controlled-substances-final-revised-aggregate-production-quotas-for-2003
psilocybin,2003,proposed,,manual_needed,yes,2002-11-01,https://www.federalregister.gov/documents/2002/11/01/02-27882/controlled-substances-proposed-aggregate-production-quotas-for-2003
psilocybin,2003,proposed,,manual_needed,no,2003-08-06,https://www.federalregister.gov/documents/2003/08/06/03-19954/controlled-substances-proposed-revised-aggregate-production-quotas-for-2003
psilocybin,2004,final,,manual_needed,yes,2003-12-15,https://www.federalregister.gov/documents/2003/12/15/03-30834/controlled-substances-established-initial-aggregate-production-quotas-for-2004
psilocybin,2004,final,,manual_needed,no,2004-11-16,https://www.federalregister.gov/documents/2004/11/16/04-25340/controlled-substances-final-revised-aggregate-production-quotas-for-2004
psilocybin,2004,proposed,,manual_needed,yes,2003-11-04,https://www.federalregister.gov/documents/2003/11/04/03-27636/controlled-substances-proposed-aggregate-production-quotas-for-2004
psilocybin,2004,proposed,,manual_needed,no,2004-09-09,https://www.federalregister.gov/documents/2004/09/09/04-20369/controlled-substances-proposed-revised-aggregate-production-quotas-for-2004
psilocybin,2005,final,,manual_needed,yes,2005-01-03,https://www.federalregister.gov/documents/2005/01/03/04-28746/controlled-substances-established-initial-aggregate-production-quotas-for-2005
psilocybin,2005,final,,manual_needed,no,2005-11-09,https://www.federalregister.gov/documents/2005/11/09/05-22287/controlled-substances-final-revised-aggregate-production-quotas-for-2005
psilocybin,2005,proposed,,manual_needed,yes,2004-12-03,https://www.federalregister.gov/documents/2004/12/03/04-26689/controlled-substances-proposed-aggregate-production-quotas-for-2005
psilocybin,2005,proposed,,manual_needed,no,2005-08-05,https://www.federalregister.gov/documents/2005/08/05/05-15493/controlled-substances-proposed-revised-aggregate-production-quotas-for-2005
psilocybin,2006,final,,manual_needed,yes,2005-12-09,https://www.federalregister.gov/documents/2005/12/09/E5-7110/controlled-substances-established-initial-aggregate-production-quotas-for-2006
psilocybin,2006,final,,manual_needed,no,2006-10-19,https://www.federalregister.gov/documents/2006/10/19/E6-17524/controlled-substances-final-revised-aggregate-production-quotas-for-2006
psilocybin,2006,proposed,,manual_needed,yes,2005-10-21,https://www.federalregister.gov/documents/2005/10/21/05-21038/controlled-substances-proposed-aggregate-production-quotas-for-2006
psilocybin,2006,proposed,,manual_needed,no,2006-07-05,https://www.federalregister.gov/documents/2006/07/05/E6-10467/controlled-substances-proposed-revised-aggregate-production-quotas-for-2006
psilocybin,2007,final,,manual_needed,yes,2006-12-11,https://www.federalregister.gov/documents/2006/12/11/E6-20920/controlled-substances-established-initial-aggregate-production-quotas-for-2007
psilocybin,2007,final,,manual_needed,no,2007-08-24,https://www.federalregister.gov/documents/2007/08/24/E7-16730/controlled-substances-final-revised-aggregate-production-quotas-for-2007
psilocybin,2007,proposed,,manual_needed,yes,2006-08-29,https://www.federalregister.gov/documents/2006/08/29/E6-14284/controlled-substances-proposed-aggregate-production-quotas-for-2007
psilocybin,2007,proposed,,manual_needed,no,2007-05-03,https://www.federalregister.gov/documents/2007/05/03/E7-8422/controlled-substances-proposed-revised-aggregate-production-quotas-for-2007
psilocybin,2008,final,,manual_needed,yes,2007-12-27,https://www.federalregister.gov/documents/2007/12/27/E7-25113/controlled-substances-established-initial-aggregate-production-quotas-for-2008
psilocybin,2008,final,,manual_needed,no,2008-11-12,https://www.federalregister.gov/documents/2008/11/12/E8-26798/controlled-substances-final-revised-aggregate-production-quotas-for-2008
psilocybin,2008,proposed,,manual_needed,yes,2007-08-24,https://www.federalregister.gov/documents/2007/08/24/E7-16729/controlled-substances-proposed-aggregate-production-quotas-for-2008
psilocybin,2008,proposed,,manual_needed,no,2008-07-01,https://www.federalregister.gov/documents/2008/07/01/E8-14903/controlled-substances-proposed-revised-aggregate-production-quotas-for-2008
psilocybin,2009,final,,manual_needed,yes,2008-12-29,https://www.federalregister.gov/documents/2008/12/29/E8-30807/controlled-substances-established-initial-aggregate-production-quotas-for-2009
psilocybin,2009,final,,manual_needed,no,2009-10-21,https://www.federalregister.gov/documents/2009/10/21/E9-25274/controlled-substances-final-revised-aggregate-production-quotas-for-2009
psilocybin,2009,proposed,,manual_needed,yes,2008-11-07,https://www.federalregister.gov/documents/2008/11/07/E8-26609/controlled-substances-proposed-aggregate-production-quotas-for-2009
psilocybin,2009,proposed,,manual_needed,no,2009-07-23,https://www.federalregister.gov/documents/2009/07/23/E9-17536/controlled-substances-proposed-revised-aggregate-production-quotas-for-2009
psilocybin,2010,final,,manual_needed,yes,2009-10-21,https://www.federalregister.gov/documents/2009/10/21/E9-25275/controlled-substances-established-initial-aggregate-production-quotas-for-2010
psilocybin,2010,final,,manual_needed,no,2010-09-14,https://www.federalregister.gov/documents/2010/09/14/2010-22785/controlled-substances-final-revised-aggregate-production-quotas-for-2010
psilocybin,2010,proposed,,manual_needed,yes,2009-05-21,https://www.federalregister.gov/documents/2009/05/21/E9-11929/controlled-substances-proposed-aggregate-production-quotas-for-2010
psilocybin,2010,proposed,,manual_needed,no,2010-06-23,https://www.federalregister.gov/documents/2010/06/23/2010-15159/controlled-substances-proposed-revised-aggregate-production-quotas-for-2010
psilocybin,2011,final,,manual_needed,yes,2010-12-20,https://www.federalregister.gov/documents/2010/12/20/2010-31849/controlled-substances-established-initial-aggregate-production-quotas-for-2011
psilocybin,2011,final,,manual_needed,no,2011-12-09,https://www.federalregister.gov/documents/2011/12/09/2011-31621/controlled-substances-final-adjusted-aggregate-production-quotas-for-2011
psilocybin,2011,proposed,,manual_needed,yes,2010-09-15,https://www.federalregister.gov/documents/2010/09/15/2010-22905/controlled-substances-proposed-aggregate-production-quotas-for-2011
psilocybin,2011,proposed,,manual_needed,no,2011-09-14,https://www.federalregister.gov/documents/2011/09/14/2011-23498/controlled-substances-2011-proposed-aggregate-production-quotas
psilocybin,2012,final,,manual_needed,yes,2011-12-15,https://www.federalregister.gov/documents/2011/12/15/2011-32163/controlled-substances-established-aggregate-production-quotas-for-2012
psilocybin,2012,final,,manual_needed,no,2012-09-10,https://www.federalregister.gov/documents/2012/09/10/2012-22128/controlled-substances-final-adjusted-aggregate-production-quotas-for-2012
psilocybin,2012,proposed,,manual_needed,yes,2011-10-21,https://www.federalregister.gov/documents/2011/10/21/2011-27283/controlled-substances-proposed-aggregate-production-quotas-for-2012
psilocybin,2012,proposed,,manual_needed,no,2012-07-05,https://www.federalregister.gov/documents/2012/07/05/2012-16396/controlled-substances-proposed-adjustment-to-the-aggregate-production-quotas-for-2012
psilocybin,2013,final,,manual_needed,yes,2012-10-01,https://www.federalregister.gov/documents/2012/10/01/2012-24089/established-aggregate-production-quotas-for-schedule-i-and-ii-controlled-substances-and-established
psilocybin,2013,final,10,parsed,no,2013-08-07,https://www.federalregister.gov/documents/2013/08/07/2013-19046/final-adjusted-aggregate-production-quotas-for-schedule-i-and-ii-controlled-substances-and
psilocybin,2013,proposed,,manual_needed,yes,2012-08-03,https://www.federalregister.gov/documents/2012/08/03/2012-19052/proposed-aggregate-production-quotas-for-schedule-i-and-ii-controlled-substances-and-proposed
psilocybin,2013,proposed,10,parsed,no,2013-06-20,https://www.federalregister.gov/documents/2013/06/20/2013-14723/proposed-adjustments-to-the-aggregate-production-quotas-for-schedule-i-and-ii-controlled-substances
psilocybin,2014,final,30,parsed,yes,2013-09-09,https://www.federalregister.gov/documents/2013/09/09/2013-21797/established-aggregate-production-quotas-for-schedule-i-and-ii-controlled-substances-and-established
psilocybin,2014,final,40,parsed,no,2014-08-25,https://www.federalregister.gov/documents/2014/08/25/2014-20137/final-adjusted-aggregate-production-quotas-for-schedule-i-and-ii-controlled-substances-and
psilocybin,2014,proposed,30,parsed,yes,2013-07-03,https://www.federalregister.gov/documents/2013/07/03/2013-16052/proposed-aggregate-production-quotas-for-schedule-i-and-ii-controlled-substances-and-proposed
psilocybin,2014,proposed,30,parsed,no,2014-06-12,https://www.federalregister.gov/documents/2014/06/12/2014-13804/proposed-adjustments-to-the-aggregate-production-quotas-for-schedule-i-and-ii-controlled-substances
psilocybin,2015,final,30,parsed,yes,2014-09-08,https://www.federalregister.gov/documents/2014/09/08/2014-21280/established-aggregate-production-quotas-for-schedule-i-and-ii-controlled-substances-and-assessment
psilocybin,2015,final,30,parsed,no,2015-09-16,https://www.federalregister.gov/documents/2015/09/16/2015-23199/final-adjusted-aggregate-production-quotas-for-schedule-i-and-ii-controlled-substances-and
psilocybin,2015,proposed,30,parsed,yes,2014-07-02,https://www.federalregister.gov/documents/2014/07/02/2014-15549/proposed-aggregate-production-quotas-for-schedule-i-and-ii-controlled-substances-and-assessment-of
psilocybin,2015,proposed,30,parsed,no,2015-07-08,https://www.federalregister.gov/documents/2015/07/08/2015-16699/proposed-adjustments-to-the-aggregate-production-quotas-for-schedule-i-and-ii-controlled-substances
psilocybin,2016,final,30,parsed,yes,2015-10-06,https://www.federalregister.gov/documents/2015/10/06/2015-25373/established-aggregate-production-quotas-for-schedule-i-and-ii-controlled-substances-and-assessment
psilocybin,2016,final,30,parsed,no,2016-10-25,https://www.federalregister.gov/documents/2016/10/25/2016-25696/final-adjusted-aggregate-production-quotas-for-schedule-i-and-ii-controlled-substances-and
psilocybin,2016,proposed,30,parsed,yes,2015-07-17,https://www.federalregister.gov/documents/2015/07/17/2015-17561/proposed-aggregate-production-quotas-for-schedule-i-and-ii-controlled-substances-and-assessment-of
psilocybin,2016,proposed,30,parsed,no,2016-07-22,https://www.federalregister.gov/documents/2016/07/22/2016-17371/proposed-adjustments-to-the-aggregate-production-quotas-for-schedule-i-and-ii-controlled-substances
psilocybin,2017,final,30,parsed,yes,2016-10-05,https://www.federalregister.gov/documents/2016/10/05/2016-23988/established-aggregate-production-quotas-for-schedule-i-and-ii-controlled-substances-and-assessment
psilocybin,2017,final,30,parsed,no,2017-11-03,https://www.federalregister.gov/documents/2017/11/03/2017-24009/final-adjusted-aggregate-production-quotas-for-schedule-i-and-ii-controlled-substances-and
psilocybin,2017,proposed,30,parsed,yes,2016-07-22,https://www.federalregister.gov/documents/2016/07/22/2016-17370/proposed-aggregate-production-quotas-for-schedule-i-and-ii-controlled-substances-and-assessment-of
psilocybin,2017,proposed,30,parsed,no,2017-08-04,https://www.federalregister.gov/documents/2017/08/04/2017-16440/proposed-adjustments-to-the-aggregate-production-quotas-for-schedule-i-and-ii-controlled-substances
psilocybin,2018,final,30,parsed,yes,2017-11-08,https://www.federalregister.gov/documents/2017/11/08/2017-24306/established-aggregate-production-quotas-for-schedule-i-and-ii-controlled-substances-and-assessment
psilocybin,2018,final,30,parsed,no,2018-12-10,https://www.federalregister.gov/documents/2018/12/10/2018-26587/final-adjusted-aggregate-production-quotas-for-schedule-i-and-ii-controlled-substances-and
psilocybin,2018,proposed,30,parsed,yes,2017-08-07,https://www.federalregister.gov/documents/2017/08/07/2017-16439/proposed-aggregate-production-quotas-for-schedule-i-and-ii-controlled-substances-and-assessment-of
psilocybin,2018,proposed,30,parsed,no,2018-08-23,https://www.federalregister.gov/documents/2018/08/23/2018-18265/proposed-adjustments-to-the-aggregate-production-quotas-for-schedule-i-and-ii-controlled-substances
psilocybin,2019,final,30,parsed,no,2018-12-28,https://www.federalregister.gov/documents/2018/12/28/2018-28108/established-aggregate-production-quotas-for-schedule-i-and-ii-controlled-substances-and-assessment
psilocybin,2019,proposed,30,parsed,no,2018-08-20,https://www.federalregister.gov/documents/2018/08/20/2018-17893/proposed-aggregate-production-quotas-for-schedule-i-and-ii-controlled-substances-and-assessment-of
psilocybin,2020,final,30,parsed,yes,2019-12-02,https://www.federalregister.gov/documents/2019/12/02/2019-26119/established-aggregate-production-quotas-for-schedule-i-and-ii-controlled-substances-and-assessment
psilocybin,2020,final,30,parsed,no,2020-12-01,https://www.federalregister.gov/documents/2020/12/01/2020-26443/final-adjusted-aggregate-production-quotas-for-schedule-i-and-ii-controlled-substances-and
psilocybin,2020,proposed,30,parsed,yes,2019-09-12,https://www.federalregister.gov/documents/2019/09/12/2019-19785/proposed-aggregate-production-quotas-for-schedule-i-and-ii-controlled-substances-and-assessment-of
psilocybin,2020,proposed,30,parsed,no,2020-09-01,https://www.federalregister.gov/documents/2020/09/01/2020-19308/proposed-adjustments-to-the-aggregate-production-quotas-for-schedule-i-and-ii-controlled-substances
psilocybin,2021,final,30,parsed,yes,2020-11-30,https://www.federalregister.gov/documents/2020/11/30/2020-26289/established-aggregate-production-quotas-for-schedule-i-and-ii-controlled-substances-and-assessment
psilocybin,2021,final,6000,parsed,no,2021-11-15,https://www.federalregister.gov/documents/2021/11/15/2021-24921/final-adjusted-aggregate-production-quotas-for-schedule-i-and-ii-controlled-substances-and
psilocybin,2021,proposed,30,parsed,yes,2020-09-01,https://www.federalregister.gov/documents/2020/09/01/2020-19285/proposed-aggregate-production-quotas-for-schedule-i-and-ii-controlled-substances-and-assessment-of
psilocybin,2021,proposed,30,parsed,no,2021-09-02,https://www.federalregister.gov/documents/2021/09/02/2021-18935/proposed-adjustments-to-the-aggregate-production-quotas-for-schedule-i-and-ii-controlled-substances
psilocybin,2022,final,,manual_needed,no,2021-12-02,https://www.federalregister.gov/documents/2021/12/02/2021-26227/established-aggregate-production-quotas-for-schedule-i-and-ii-controlled-substances-and-assessment
psilocybin,2022,proposed,3000,parsed,no,2021-10-18,https://www.federalregister.gov/documents/2021/10/18/2021-22624/proposed-aggregate-production-quotas-for-schedule-i-and-ii-controlled-substances-and-assessment-of
psilocybin,2023,final,8000,parsed,no,2022-12-02,https://www.federalregister.gov/documents/2022/12/02/2022-26351/established-aggregate-production-quotas-for-schedule-i-and-ii-controlled-substances-and-assessment
psilocybin,2023,proposed,8000,parsed,yes,2022-10-18,https://www.federalregister.gov/documents/2022/10/18/2022-22638/proposed-aggregate-production-quotas-for-schedule-i-and-ii-controlled-substances-and-assessment-of
psilocybin,2023,proposed,8000,parsed,no,2023-10-31,https://www.federalregister.gov/documents/2023/10/31/2023-23931/proposed-adjustments-to-the-aggregate-production-quotas-for-schedule-i-and-ii-controlled-substances
psilocybin,2024,final,20000,parsed,no,2024-01-03,https://www.federalregister.gov/documents/2024/01/03/2023-28962/established-aggregate-production-quotas-for-schedule-i-and-ii-controlled-substances-and-assessment
psilocybin,2024,proposed,15000,parsed,yes,2023-11-02,https://www.federalregister.gov/documents/2023/11/02/2023-24282/proposed-aggregate-production-quotas-for-schedule-i-and-ii-controlled-substances-and-assessment-of
psilocybin,2024,proposed,20000,parsed,no,2024-09-25,https://www.federalregister.gov/documents/2024/09/25/2024-21960/proposed-adjustments-to-the-aggregate-production-quotas-for-schedule-i-and-ii-controlled-substances
psilocybin,2025,proposed,30000,parsed,no,2024-09-25,https://www.federalregister.gov/documents/2024/09/25/2024-21962/proposed-aggregate-production-quotas-for-schedule-i-and-ii-controlled-substances-and-assessment-of
psilocybin,2026,final,50000,parsed,no,2026-01-05,https://www.federalregister.gov/documents/2026/01/05/2025-24277/established-aggregate-production-quotas-for-schedule-i-and-ii-controlled-substances-and-assessment
psilocybin,2026,proposed,,manual_needed,no,2025-11-28,https://www.federalregister.gov/documents/2025/11/28/2025-21509/proposed-aggregate-production-quotas-for-schedule-i-and-ii-controlled-substances-and-assessment-of
psilocyn,1995,final,,manual_needed,no,1995-11-21,https://www.federalregister.gov/documents/1995/11/21/95-28550/controlled-substances-established-initial-1996-aggregate-production-quotas
psilocyn,1995,proposed,,manual_needed,no,1995-07-27,https://www.federalregister.gov/documents/1995/07/27/95-18407/controlled-substances-proposed-aggregate-production-quotas-for-1996
psilocyn,1996,proposed,,manual_needed,no,1996-07-26,https://www.federalregister.gov/documents/1996/07/26/96-19019/1996-revised-aggregate-production-quotas-for-controlled-substances-in-schedules-i-and-ii
psilocyn,2000,final,,manual_needed,yes,1999-12-28,https://www.federalregister.gov/documents/1999/12/28/99-33550/controlled-substances-established-initial-aggregate-production-quotas-for-2000
psilocyn,2000,final,,manual_needed,no,2000-02-10,https://www.federalregister.gov/documents/2000/02/10/00-3149/controlled-substances-established-initial-aggregate-production-quotas-for-2000
psilocyn,2000,proposed,,manual_needed,yes,1999-10-21,https://www.federalregister.gov/documents/1999/10/21/99-27428/controlled-substances-proposed-aggregate-production-quotas-for-2000
psilocyn,2000,proposed,,manual_needed,yes,2000-07-19,https://www.federalregister.gov/documents/2000/07/19/00-18148/controlled-substances-proposed-revised-aggregate-production-quotas-for-2000
psilocyn,2000,proposed,,manual_needed,no,2000-09-25,https://www.federalregister.gov/documents/2000/09/25/00-24554/controlled-substances-2000-aggregate-production-quotas
psilocyn,2001,final,,manual_needed,yes,2000-12-19,https://www.federalregister.gov/documents/2000/12/19/00-32299/controlled-substances-established-initial-aggregate-production-quotas-for-2001
psilocyn,2001,final,,manual_needed,no,2001-10-15,https://www.federalregister.gov/documents/2001/10/15/01-25761/controlled-substances-final-revised-aggregate-production-quotas-for-2001
psilocyn,2001,proposed,,manual_needed,yes,2000-10-04,https://www.federalregister.gov/documents/2000/10/04/00-25421/controlled-substances-proposed-aggregate-production-quotas-for-2001
psilocyn,2001,proposed,,manual_needed,no,2001-08-06,https://www.federalregister.gov/documents/2001/08/06/01-19513/controlled-substances-proposed-revised-aggregate-production-quotas-for-2001
psilocyn,2002,final,,manual_needed,yes,2001-12-13,https://www.federalregister.gov/documents/2001/12/13/01-30821/controlled-substances-established-initial-aggregate-production-quotas-for-2002
psilocyn,2002,final,,manual_needed,no,2002-09-20,https://www.federalregister.gov/documents/2002/09/20/02-23876/controlled-substances-final-revised-aggregate-production-quotas-for-2002
psilocyn,2002,proposed,,manual_needed,yes,2001-11-13,https://www.federalregister.gov/documents/2001/11/13/01-28264/controlled-substances-proposed-aggregate-production-quotas-for-2002
psilocyn,2002,proposed,,manual_needed,no,2002-07-23,https://www.federalregister.gov/documents/2002/07/23/02-18468/controlled-substances-proposed-revised-aggregate-production-quotas-for-2002
psilocyn,2003,final,,manual_needed,yes,2002-12-19,https://www.federalregister.gov/documents/2002/12/19/02-31898/controlled-substances-established-initial-aggregate-production-quotas-for-2003
psilocyn,2003,final,,manual_needed,no,2003-09-30,https://www.federalregister.gov/documents/2003/09/30/03-24653/controlled-substances-final-revised-aggregate-production-quotas-for-2003
psilocyn,2003,proposed,,manual_needed,yes,2002-11-01,https://www.federalregister.gov/documents/2002/11/01/02-27882/controlled-substances-proposed-aggregate-production-quotas-for-2003
psilocyn,2003,proposed,,manual_needed,no,2003-08-06,https://www.federalregister.gov/documents/2003/08/06/03-19954/controlled-substances-proposed-revised-aggregate-production-quotas-for-2003
psilocyn,2004,final,,manual_needed,yes,2003-12-15,https://www.federalregister.gov/documents/2003/12/15/03-30834/controlled-substances-established-initial-aggregate-production-quotas-for-2004
psilocyn,2004,final,,manual_needed,no,2004-11-16,https://www.federalregister.gov/documents/2004/11/16/04-25340/controlled-substances-final-revised-aggregate-production-quotas-for-2004
psilocyn,2004,proposed,,manual_needed,yes,2003-11-04,https://www.federalregister.gov/documents/2003/11/04/03-27636/controlled-substances-proposed-aggregate-production-quotas-for-2004
psilocyn,2004,proposed,,manual_needed,no,2004-09-09,https://www.federalregister.gov/documents/2004/09/09/04-20369/controlled-substances-proposed-revised-aggregate-production-quotas-for-2004
psilocyn,2005,final,,manual_needed,yes,2005-01-03,https://www.federalregister.gov/documents/2005/01/03/04-28746/controlled-substances-established-initial-aggregate-production-quotas-for-2005
psilocyn,2005,final,,manual_needed,no,2005-11-09,https://www.federalregister.gov/documents/2005/11/09/05-22287/controlled-substances-final-revised-aggregate-production-quotas-for-2005
psilocyn,2005,proposed,,manual_needed,yes,2004-12-03,https://www.federalregister.gov/documents/2004/12/03/04-26689/controlled-substances-proposed-aggregate-production-quotas-for-2005
psilocyn,2005,proposed,,manual_needed,no,2005-08-05,https://www.federalregister.gov/documents/2005/08/05/05-15493/controlled-substances-proposed-revised-aggregate-production-quotas-for-2005
psilocyn,2006,final,,manual_needed,yes,2005-12-09,https://www.federalregister.gov/documents/2005/12/09/E5-7110/controlled-substances-established-initial-aggregate-production-quotas-for-2006
psilocyn,2006,final,,manual_needed,no,2006-10-19,https://www.federalregister.gov/documents/2006/10/19/E6-17524/controlled-substances-final-revised-aggregate-production-quotas-for-2006
psilocyn,2006,proposed,,manual_needed,yes,2005-10-21,https://www.federalregister.gov/documents/2005/10/21/05-21038/controlled-substances-proposed-aggregate-production-quotas-for-2006
psilocyn,2006,proposed,,manual_needed,no,2006-07-05,https://www.federalregister.gov/documents/2006/07/05/E6-10467/controlled-substances-proposed-revised-aggregate-production-quotas-for-2006
psilocyn,2007,final,,manual_needed,yes,2006-12-11,https://www.federalregister.gov/documents/2006/12/11/E6-20920/controlled-substances-established-initial-aggregate-production-quotas-for-2007
psilocyn,2007,final,,manual_needed,no,2007-08-24,https://www.federalregister.gov/documents/2007/08/24/E7-16730/controlled-substances-final-revised-aggregate-production-quotas-for-2007
psilocyn,2007,proposed,,manual_needed,yes,2006-08-29,https://www.federalregister.gov/documents/2006/08/29/E6-14284/controlled-substances-proposed-aggregate-production-quotas-for-2007
psilocyn,2007,proposed,,manual_needed,no,2007-05-03,https://www.federalregister.gov/documents/2007/05/03/E7-8422/controlled-substances-proposed-revised-aggregate-production-quotas-for-2007
psilocyn,2008,final,,manual_needed,yes,2007-12-27,https://www.federalregister.gov/documents/2007/12/27/E7-25113/controlled-substances-established-initial-aggregate-production-quotas-for-2008
psilocyn,2008,final,,manual_needed,no,2008-11-12,https://www.federalregister.gov/documents/2008/11/12/E8-26798/controlled-substances-final-revised-aggregate-production-quotas-for-2008
psilocyn,2008,proposed,,manual_needed,yes,2007-08-24,https://www.federalregister.gov/documents/2007/08/24/E7-16729/controlled-substances-proposed-aggregate-production-quotas-for-2008
psilocyn,2008,proposed,,manual_needed,no,2008-07-01,https://www.federalregister.gov/documents/2008/07/01/E8-14903/controlled-substances-proposed-revised-aggregate-production-quotas-for-2008
psilocyn,2009,final,,manual_needed,yes,2008-12-29,https://www.federalregister.gov/documents/2008/12/29/E8-30807/controlled-substances-established-initial-aggregate-production-quotas-for-2009
psilocyn,2009,final,,manual_needed,no,2009-10-21,https://www.federalregister.gov/documents/2009/10/21/E9-25274/controlled-substances-final-revised-aggregate-production-quotas-for-2009
psilocyn,2009,proposed,,manual_needed,yes,2008-11-07,https://www.federalregister.gov/documents/2008/11/07/E8-26609/controlled-substances-proposed-aggregate-production-quotas-for-2009
psilocyn,2009,proposed,,manual_needed,no,2009-07-23,https://www.federalregister.gov/documents/2009/07/23/E9-17536/controlled-substances-proposed-revised-aggregate-production-quotas-for-2009
psilocyn,2010,final,,manual_needed,yes,2009-10-21,https://www.federalregister.gov/documents/2009/10/21/E9-25275/controlled-substances-established-initial-aggregate-production-quotas-for-2010
psilocyn,2010,final,,manual_needed,no,2010-09-14,https://www.federalregister.gov/documents/2010/09/14/2010-22785/controlled-substances-final-revised-aggregate-production-quotas-for-2010
psilocyn,2010,proposed,,manual_needed,yes,2009-05-21,https://www.federalregister.gov/documents/2009/05/21/E9-11929/controlled-substances-proposed-aggregate-production-quotas-for-2010
psilocyn,2010,proposed,,manual_needed,no,2010-06-23,https://www.federalregister.gov/documents/2010/06/23/2010-15159/controlled-substances-proposed-revised-aggregate-production-quotas-for-2010
psilocyn,2011,final,,manual_needed,yes,2010-12-20,https://www.federalregister.gov/documents/2010/12/20/2010-31849/controlled-substances-established-initial-aggregate-production-quotas-for-2011
psilocyn,2011,final,,manual_needed,no,2011-12-09,https://www.federalregister.gov/documents/2011/12/09/2011-31621/controlled-substances-final-adjusted-aggregate-production-quotas-for-2011
psilocyn,2011,proposed,,manual_needed,yes,2010-09-15,https://www.federalregister.gov/documents/2010/09/15/2010-22905/controlled-substances-proposed-aggregate-production-quotas-for-2011
psilocyn,2011,proposed,,manual_needed,no,2011-09-14,https://www.federalregister.gov/documents/2011/09/14/2011-23498/controlled-substances-2011-proposed-aggregate-production-quotas
psilocyn,2012,final,,manual_needed,yes,2011-12-15,https://www.federalregister.gov/documents/2011/12/15/2011-32163/controlled-substances-established-aggregate-production-quotas-for-2012
psilocyn,2012,final,,manual_needed,no,2012-09-10,https://www.federalregister.gov/documents/2012/09/10/2012-22128/controlled-substances-final-adjusted-aggregate-production-quotas-for-2012
psilocyn,2012,proposed,,manual_needed,yes,2011-10-21,https://www.federalregister.gov/documents/2011/10/21/2011-27283/controlled-substances-proposed-aggregate-production-quotas-for-2012
psilocyn,2012,proposed,,manual_needed,no,2012-07-05,https://www.federalregister.gov/documents/2012/07/05/2012-16396/controlled-substances-proposed-adjustment-to-the-aggregate-production-quotas-for-2012
psilocyn,2013,final,,manual_needed,yes,2012-10-01,https://www.federalregister.gov/documents/2012/10/01/2012-24089/established-aggregate-production-quotas-for-schedule-i-and-ii-controlled-substances-and-established
psilocyn,2013,final,12,parsed,no,2013-08-07,https://www.federalregister.gov/documents/2013/08/07/2013-19046/final-adjusted-aggregate-production-quotas-for-schedule-i-and-ii-controlled-substances-and
psilocyn,2013,proposed,,manual_needed,yes,2012-08-03,https://www.federalregister.gov/documents/2012/08/03/2012-19052/proposed-aggregate-production-quotas-for-schedule-i-and-ii-controlled-substances-and-proposed
psilocyn,2013,proposed,,manual_needed,no,2013-06-20,https://www.federalregister.gov/documents/2013/06/20/2013-14723/proposed-adjustments-to-the-aggregate-production-quotas-for-schedule-i-and-ii-controlled-substances
psilocyn,2014,final,30,parsed,yes,2013-09-09,https://www.federalregister.gov/documents/2013/09/09/2013-21797/established-aggregate-production-quotas-for-schedule-i-and-ii-controlled-substances-and-established
psilocyn,2014,final,50,parsed,no,2014-08-25,https://www.federalregister.gov/documents/2014/08/25/2014-20137/final-adjusted-aggregate-production-quotas-for-schedule-i-and-ii-controlled-substances-and
psilocyn,2014,proposed,30,parsed,yes,2013-07-03,https://www.federalregister.gov/documents/2013/07/03/2013-16052/proposed-aggregate-production-quotas-for-schedule-i-and-ii-controlled-substances-and-proposed
psilocyn,2014,proposed,30,parsed,no,2014-06-12,https://www.federalregister.gov/documents/2014/06/12/2014-13804/proposed-adjustments-to-the-aggregate-production-quotas-for-schedule-i-and-ii-controlled-substances
psilocyn,2015,final,30,parsed,yes,2014-09-08,https://www.federalregister.gov/documents/2014/09/08/2014-21280/established-aggregate-production-quotas-for-schedule-i-and-ii-controlled-substances-and-assessment
psilocyn,2015,final,30,parsed,no,2015-09-16,https://www.federalregister.gov/documents/2015/09/16/2015-23199/final-adjusted-aggregate-production-quotas-for-schedule-i-and-ii-controlled-substances-and
psilocyn,2015,proposed,30,parsed,yes,2014-07-02,https://www.federalregister.gov/documents/2014/07/02/2014-15549/proposed-aggregate-production-quotas-for-schedule-i-and-ii-controlled-substances-and-assessment-of
psilocyn,2015,proposed,30,parsed,no,2015-07-08,https://www.federalregister.gov/documents/2015/07/08/2015-16699/proposed-adjustments-to-the-aggregate-production-quotas-for-schedule-i-and-ii-controlled-substances
psilocyn,2016,final,50,parsed,yes,2015-10-06,https://www.federalregister.gov/documents/2015/10/06/2015-25373/established-aggregate-production-quotas-for-schedule-i-and-ii-controlled-substances-and-assessment
psilocyn,2016,final,50,parsed,no,2016-10-25,https://www.federalregister.gov/documents/2016/10/25/2016-25696/final-adjusted-aggregate-production-quotas-for-schedule-i-and-ii-controlled-substances-and
psilocyn,2016,proposed,50,parsed,yes,2015-07-17,https://www.federalregister.gov/documents/2015/07/17/2015-17561/proposed-aggregate-production-quotas-for-schedule-i-and-ii-controlled-substances-and-assessment-of
psilocyn,2016,proposed,50,parsed,no,2016-07-22,https://www.federalregister.gov/documents/2016/07/22/2016-17371/proposed-adjustments-to-the-aggregate-production-quotas-for-schedule-i-and-ii-controlled-substances
psilocyn,2017,final,50,parsed,yes,2016-10-05,https://www.federalregister.gov/documents/2016/10/05/2016-23988/established-aggregate-production-quotas-for-schedule-i-and-ii-controlled-substances-and-assessment
psilocyn,2017,final,50,parsed,no,2017-11-03,https://www.federalregister.gov/documents/2017/11/03/2017-24009/final-adjusted-aggregate-production-quotas-for-schedule-i-and-ii-controlled-substances-and
psilocyn,2017,proposed,50,parsed,yes,2016-07-22,https://www.federalregister.gov/documents/2016/07/22/2016-17370/proposed-aggregate-production-quotas-for-schedule-i-and-ii-controlled-substances-and-assessment-of
psilocyn,2017,proposed,50,parsed,no,2017-08-04,https://www.federalregister.gov/documents/2017/08/04/2017-16440/proposed-adjustments-to-the-aggregate-production-quotas-for-schedule-i-and-ii-controlled-substances
psilocyn,2018,final,50,parsed,yes,2017-11-08,https://www.federalregister.gov/documents/2017/11/08/2017-24306/established-aggregate-production-quotas-for-schedule-i-and-ii-controlled-substances-and-assessment
psilocyn,2018,final,50,parsed,no,2018-12-10,https://www.federalregister.gov/documents/2018/12/10/2018-26587/final-adjusted-aggregate-production-quotas-for-schedule-i-and-ii-controlled-substances-and
psilocyn,2018,proposed,50,parsed,yes,2017-08-07,https://www.federalregister.gov/documents/2017/08/07/2017-16439/proposed-aggregate-production-quotas-for-schedule-i-and-ii-controlled-substances-and-assessment-of
psilocyn,2018,proposed,50,parsed,no,2018-08-23,https://www.federalregister.gov/documents/2018/08/23/2018-18265/proposed-adjustments-to-the-aggregate-production-quotas-for-schedule-i-and-ii-controlled-substances
psilocyn,2019,final,50,parsed,no,2018-12-28,https://www.federalregister.gov/documents/2018/12/28/2018-28108/established-aggregate-production-quotas-for-schedule-i-and-ii-controlled-substances-and-assessment
psilocyn,2019,proposed,50,parsed,no,2018-08-20,https://www.federalregister.gov/documents/2018/08/20/2018-17893/proposed-aggregate-production-quotas-for-schedule-i-and-ii-controlled-substances-and-assessment-of
psilocyn,2020,final,50,parsed,yes,2019-12-02,https://www.federalregister.gov/documents/2019/12/02/2019-26119/established-aggregate-production-quotas-for-schedule-i-and-ii-controlled-substances-and-assessment
psilocyn,2020,final,50,parsed,no,2020-12-01,https://www.federalregister.gov/documents/2020/12/01/2020-26443/final-adjusted-aggregate-production-quotas-for-schedule-i-and-ii-controlled-substances-and
psilocyn,2020,proposed,50,parsed,yes,2019-09-12,https://www.federalregister.gov/documents/2019/09/12/2019-19785/proposed-aggregate-production-quotas-for-schedule-i-and-ii-controlled-substances-and-assessment-of
psilocyn,2020,proposed,50,parsed,no,2020-09-01,https://www.federalregister.gov/documents/2020/09/01/2020-19308/proposed-adjustments-to-the-aggregate-production-quotas-for-schedule-i-and-ii-controlled-substances
psilocyn,2021,final,50,parsed,yes,2020-11-30,https://www.federalregister.gov/documents/2020/11/30/2020-26289/established-aggregate-production-quotas-for-schedule-i-and-ii-controlled-substances-and-assessment
psilocyn,2021,final,3500,parsed,no,2021-11-15,https://www.federalregister.gov/documents/2021/11/15/2021-24921/final-adjusted-aggregate-production-quotas-for-schedule-i-and-ii-controlled-substances-and
psilocyn,2021,proposed,50,parsed,yes,2020-09-01,https://www.federalregister.gov/documents/2020/09/01/2020-19285/proposed-aggregate-production-quotas-for-schedule-i-and-ii-controlled-substances-and-assessment-of
psilocyn,2021,proposed,50,parsed,no,2021-09-02,https://www.federalregister.gov/documents/2021/09/02/2021-18935/proposed-adjustments-to-the-aggregate-production-quotas-for-schedule-i-and-ii-controlled-substances
psilocyn,2022,final,4000,parsed,no,2021-12-02,https://www.federalregister.gov/documents/2021/12/02/2021-26227/established-aggregate-production-quotas-for-schedule-i-and-ii-controlled-substances-and-assessment
psilocyn,2022,proposed,2000,parsed,no,2021-10-18,https://www.federalregister.gov/documents/2021/10/18/2021-22624/proposed-aggregate-production-quotas-for-schedule-i-and-ii-controlled-substances-and-assessment-of
psilocyn,2023,final,12000,parsed,no,2022-12-02,https://www.federalregister.gov/documents/2022/12/02/2022-26351/established-aggregate-production-quotas-for-schedule-i-and-ii-controlled-substances-and-assessment
psilocyn,2023,proposed,8000,parsed,yes,2022-10-18,https://www.federalregister.gov/documents/2022/10/18/2022-22638/proposed-aggregate-production-quotas-for-schedule-i-and-ii-controlled-substances-and-assessment-of
psilocyn,2023,proposed,12000,parsed,no,2023-10-31,https://www.federalregister.gov/documents/2023/10/31/2023-23931/proposed-adjustments-to-the-aggregate-production-quotas-for-schedule-i-and-ii-controlled-substances
psilocyn,2024,proposed,24000,parsed,yes,2023-11-02,https://www.federalregister.gov/documents/2023/11/02/2023-24282/proposed-aggregate-production-quotas-for-schedule-i-and-ii-controlled-substances-and-assessment-of
psilocyn,2024,proposed,237,parsed,no,2024-09-25,https://www.federalregister.gov/documents/2024/09/25/2024-21960/proposed-adjustments-to-the-aggregate-production-quotas-for-schedule-i-and-ii-controlled-substances
psilocyn,2026,final,80000,parsed,no,2026-01-05,https://www.federalregister.gov/documents/2026/01/05/2025-24277/established-aggregate-production-quotas-for-schedule-i-and-ii-controlled-substances-and-assessment
psilocyn,2026,proposed,,manual_needed,no,2025-11-28,https://www.federalregister.gov/documents/2025/11/28/2025-21509/proposed-aggregate-production-quotas-for-schedule-i-and-ii-controlled-substances-and-assessment-of
