name,layer,org_type,focus_drugs,city,state_region,country,phone,website,key_people,relevance,notes,source_url,sweep,verify_confidence
Usona Institute,supplier,501(c)(3) nonprofit medical research organization / GMP psilocybin developer-supplier,psilocybin; mebufotenin (5-MeO-DMT),Madison (Fitchburg campus),Wisconsin,USA,,https://www.usonainstitute.org,"Bill Linton (co-founder, 2014; founder of Promega); Malynn Utzinger, MD (co-founder)",Nonprofit that manufactures/supplies GMP psilocybin for research (investigational drug supply program) and runs the largest Phase 3 psilocybin-for-MDD trial,Founded 2014; medicinal chemistry + investigational drug supply programs; purpose-built research campus,https://en.wikipedia.org/wiki/Usona_Institute,suppliers,high
Filament Health,supplier,"botanical GMP psychedelic drug manufacturer/developer (subsidiary of Red Light Holland); also botanical drug developer (subsidiary of Rhelion Life Sciences, formerly Red Light Holland)",natural (botanical) psilocybin - PEX010 and extracts,Burnaby,British Columbia,Canada,,https://filament.health,Benjamin Lightburn (co-founder & CEO),Leading exclusively-natural GMP psilocybin supplier to FDA/international trials; first GMP natural psilocybin export to the US,"210-4475 Wayburne Dr, Burnaby BC V5G 4X4; acquired by Red Light Holland April 29, 2026 (all-share); site also references Rhelion Life Sciences holding structure | merged duplicate developer-layer row 2026-09-09",https://filament.health/,suppliers,high
Psilo Scientific Ltd.,supplier,licensed dealer / botanical psychedelic extraction subsidiary (of Filament Health),natural psilocybin extraction from mushrooms,Metro Vancouver (Burnaby),British Columbia,Canada,,https://filament.health,Benjamin Lightburn (CEO of parent Filament Health),Health Canada-licensed extraction arm that completed the industry-first export of natural GMP psilocybin to UCSF for a Phase 1 FDA trial,"Receives psilocybin mushrooms (incl. imports, e.g., from Psyence's Lesotho/Jamaica-linked operations) for analysis and extraction",https://www.filament.health/news/filament-health-successfully-completes-industry-first-export-of-natural-gmp-psychedelics-to-the-united-states-through-its-wholly-owned-subsidiary-psilo-scientific-ltd,suppliers,high
Psygen Industries Ltd.,supplier,GMP psychedelic API contract manufacturer (CMO); Health Canada dealer's licence,"LSD, MDMA, psilocybin, psilocin, DMT, 2C-B, mescaline",Calgary,Alberta,Canada,,https://psygen.ca,Danny Motyka (co-founder & CEO); Peter van der Heyden (co-founder & Chief Science Officer),"Purpose-built 17,000 sq ft GMP psychedelic API facility; has exported LSD to New Zealand and completed an MDMA development program","Dealer's licence (2022) covers possession, manufacture, sale, import/export of the listed psychedelics; positioned as CMO for trial sponsors",https://psygen.ca/,suppliers,high
Optimi Health Corp.,supplier,commercial-stage GMP psilocybin & MDMA manufacturer (Drug Establishment Licence + dealer's licence),natural psilocybin (extract & capsules); MDMA capsules,Princeton,British Columbia,Canada,,https://www.optimi.net,Dane Stevens (co-founder & CEO); JJ Wilson (co-founder); Jacob Safarik (CFO); Dr. Preston Chase (Chief Science Officer); Robert Martin (Chief Strategy Officer),"Canada's largest GMP-grade licensed psilocybin cultivation facility; exports finished-dose psilocybin and MDMA to Australia's authorized prescribers (PTSD/TRD) and supplies trials (e.g., Psyence Biomed Phase IIb)","Princeton, BC V0X 1W0; Health Canada GMP-compliant facility with commercial manufacture and international export authorization",https://www.optimi.net/,suppliers,high
PharmAla Biotech Holdings Ltd.,supplier,MDMA (clinical-grade) developer/supplier via licensed partner labs; TSXV-listed,LaNeo MDMA; novel MDXX analogs,Toronto,Ontario,Canada,1-855-444-6362,https://pharmala.ca,Nicholas Kadysh (founding CEO & President); Jodi Butts (Board Chair); Will Avery (CFO); Harpreet Kaur (VP Research),Principal commercial supplier of clinical-grade LaNeo MDMA to researchers and to Australia's Authorised Prescriber pathway,"1 Adelaide St E, Suite 801, Toronto; asset-light model - does not physically possess controlled substances, manufactures through licensed Canadian labs",https://pharmala.ca/,suppliers,high
CB Therapeutics Inc.,supplier,biosynthesis / precision-fermentation manufacturer of tryptamines and cannabinoids,"biosynthesized psilocybin, psilocin and related tryptamines; cannabinoids",Carlsbad (San Diego area),California,USA,+1 (833) 322-8437,https://www.cbthera.com,Sher Ali Butt (co-founder & CEO); Jacob Vogan (co-founder & CSO),Patented yeast-fermentation route to psilocybin/tryptamines - an alternative supply technology to synthesis or cultivation for research supply,"2463 Impala Drive, Carlsbad, CA 92010; founded 2015; email published only behind obfuscation so omitted",https://www.cbthera.com/,suppliers,high
Compass Pathways plc,supplier,pharmaceutical developer with proprietary in-house COMP360 psilocybin API/drug product supply,COMP360 synthetic psilocybin,London,England,United Kingdom,,https://compasspathways.com,Kabir Nath (CEO); George Goldsmith (co-founder); Ekaterina Malievskaia (co-founder),Controls the largest proprietary psilocybin supply chain in the industry - COMP360 GMP polymorph manufactured for its Phase 3 TRD/PTSD program (1000+ participants),"Nasdaq: CMPS; COMP360 API produced under contract manufacturing arrangements Compass controls; co-founder names per public record, not on cited page",https://compasspathways.com/about-us/,suppliers,high
AtaiBeckley Inc. (atai Life Sciences + Beckley Psytech),supplier,clinical-stage pharma developer with in-house psychedelic API supply for trials,BPL-003 mebufotenin (5-MeO-DMT) nasal spray; VLS-01 (DMT buccal film); EMP-01 (oral R-MDMA),New York,"New York (US redomiciled; Beckley Psytech operations Oxford, UK)",USA,,https://ir.ataibeckley.com,"Dr. Srinivas Rao (CEO & co-founder, atai); Cosmo Feilding Mellen (co-founder & former CEO, Beckley Psytech; board member)","Combined entity (completed Nov 4-5, 2025) controls the mebufotenin/DMT/R-MDMA API supply used across its Phase 2/3 trials","Nasdaq: ATAI; all-share combination approved by ~98% of votes; corporate redomiciliation to the US | VERIFY: corporate name AtaiBeckley Inc. (renamed Dec 2025 from Atai Beckley N.V.), Nasdaq ATAI",https://www.globenewswire.com/news-release/2025/11/05/3181304/0/en/atai-Life-Sciences-and-Beckley-Psytech-Announce-the-Successful-Completion-of-Their-Strategic-Combination-to-Create-AtaiBeckley-a-Global-Leader-in-Transformative-Mental-Health-Thera.html,suppliers,high
"Satori Farms PDX, LLC",supplier,"Oregon OHA-licensed psilocybin manufacturer (first in the nation, 2023)",psilocybin mushrooms (whole fungi products),Portland,Oregon,USA,503-728-8205,https://www.satorifarmspdx.com,Tori Armbrust (owner & grower),Holder of the first legal psilocybin manufacturing license in the US; says it supplies nearly half of Oregon's licensed service centers,Woman-owned; contact info as published in the voluntary OHA OPS Licensee Directory (psilocybin.oregon.gov),https://psilocybin.oregon.gov/license-directory,suppliers,high
Satya Inc. dba Oregon Psilocybin Growers Collective,supplier,Oregon OHA-licensed psilocybin manufacturer (affiliated with Satya Therapeutics service center),psilocybin mushrooms,Ashland,Oregon,USA,541-200-9388,https://satyatherapeutics.com,Jennifer Met (CEO); Andreas Met (COO); Dennis Holden (CFO & Secretary),Second manufacturer licensed in Oregon; vertically linked to one of the state's busiest service centers,Manufacturer license listed under Satya Inc. dba Oregon Psilocybin Growers Collective in the OHA OPS Licensee Directory,https://psilocybin.oregon.gov/license-directory,suppliers,high
Sacred Spore Company,supplier,Oregon OHA-licensed psilocybin manufacturer,psilocybin mushrooms for therapeutic use,Portland,Oregon,USA,971-517-8771,https://www.sacredsporeco.com,Matt Freitas (co-founder & CEO); Robert Brady (co-founder & COO),Licensed cultivator supplying Oregon service centers; publishes manufacturing license # MF-d7892ea8,Contact info as published in OHA OPS Licensee Directory and on company site,https://psilocybin.oregon.gov/license-directory,suppliers,high
"Spiritus Oregon, Inc.",supplier,Oregon OHA-licensed psilocybin manufacturer,psilocybin mushrooms,Oregon (city not published),Oregon,USA,,http://www.spiritusoregon.com,,One of the six manufacturers publicly listed in Oregon's voluntary licensee directory,Site is age-gated; no key people published,https://psilocybin.oregon.gov/license-directory,suppliers,high
Luminaire Mushroom Company,supplier,Oregon OHA-licensed psilocybin manufacturer (sole proprietor),psilocybin mushrooms (also sells non-psilocybin mushroom teas retail),Portland,Oregon,USA,503-358-6138,http://www.luminairemushroomcompany.com,"Alexander J. Romer (licensee/owner, per OHA directory listing)",Small family-owned licensed manufacturer in the Oregon program,Public site emphasizes herbal/mushroom teas; psilocybin license listed as 'Alexander J Romer - Luminaire Mushroom Company' in OHA directory,https://psilocybin.oregon.gov/license-directory,suppliers,high
"Mush To Do, LLC",supplier,Oregon OHA-licensed psilocybin manufacturer,,,Oregon,USA,,,,Licensed Oregon psilocybin manufacturer listed in the state's voluntary directory,"No website, email, or phone published in the directory",https://psilocybin.oregon.gov/license-directory,suppliers,high
"Rose City Laboratories, LLC",supplier,Oregon OHA-licensed psilocybin testing laboratory (ORELAP-accredited),psilocybin/psilocin potency and speciation testing,Portland,Oregon,USA,503-307-0096,https://www.rosecitylabs.com/psilocybin-testing,,First (April 2023) and only psilocybin testing lab listed in Oregon's licensee directory - a chokepoint for the entire Oregon supply chain,Also a cannabis testing lab; ChemHistory (Milwaukie) obtained ORELAP potency accreditation but full OPS licensure not confirmed,https://psilocybin.oregon.gov/license-directory,suppliers,high
Druids Choice,supplier,Colorado NMD-licensed natural medicine cultivation facility,Psilocybe cubensis mushrooms,Aurora,Colorado,USA,,,Adrian Martinez (owner),Second cultivation licensed under Colorado's Natural Medicine program (April 2025); began inoculation May 2025,Colorado does not publish a business licensee list; identified via Colorado Sun reporting,https://coloradosun.com/2025/05/29/psilocybin-healing-industry-colorado-regulations/,suppliers,high
Nordic Analytical Laboratories,supplier,"Colorado NMD-licensed natural medicine testing facility (first licensed, May 2025)",psilocybin potency and contaminant testing,Denver and Pueblo,Colorado,USA,,https://nordiclabs.com,,Its licensure completed Colorado's regulated psilocybin supply chain - every product must pass through it (sole licensed lab at launch),Established 2015 as cannabis testing lab; two locations,https://psychedelicalpha.com/news/colorados-psilocybin-supply-chain-complete-first-testing-lab-licensed-sessions-could-begin-this-month/,suppliers,high
Valor Minds,supplier,Colorado natural medicine cultivation venture (early NMD-approved applicant),psilocybin mushrooms,Englewood,Colorado,USA,,,Troy Leonard (CEO; Marine Corps veteran),Among the first Colorado cultivation applicants approved by the Natural Medicine Division; planned supplier to licensed healing centers,Reported as approved applicant Jan 2025; verify current license status via NMD lookup - Colorado publishes no business licensee list,https://coloradonewsline.com/2025/01/06/colorado-licenses-psychedelic-mushroom-facilitators/,suppliers,high
Rose Hill Life Sciences,supplier,licensed psilocybin cultivator and exporter (Jamaica; no GMP claim verified),natural psilocybin mushrooms; PATOO psilocybin gummy; ONE retreats,"Jamaica (island-wide operations, geothermal-enhanced cultivation)",,Jamaica,,https://www.rosehill.life,"Jama Pitman (CEO, appointed July 2026); Charles Lazarus (co-founder, former CEO); Kevin Bourke (co-founder, Managing Partner & Chief Marketing/Branding Officer)",Jamaica's largest legal natural psilocybin producer and self-described world's first legal psilocybin exporter; co-founders advise Jamaica's Psilocybin Mushroom Industry Technical Committee,Cultivating since 2015 under Jamaica's psilocybin-legal framework,https://www.globenewswire.com/news-release/2026/07/27/3333624/0/en/Rose-Hill-Life-Sciences-Appoints-Jama-Pitman-as-Chief-Executive-Officer.html,suppliers,high
Red Light Holland Corp.,supplier,public company (CSE: TRIP) producing/distributing legal psilocybin truffles; parent of Filament Health,psilocybin truffles (iMicrodose brand) for the Dutch legal adult-use market,Toronto,"Ontario (HQ); Horst, Limburg (NL production)",Canada (HQ) / Netherlands (production),,https://redlight.co,Todd Shapiro (CEO & Director),Largest publicly listed player in the Dutch legal truffle market; April 2026 acquisition of Filament Health links recreational truffle supply to GMP pharma development,"HQ 1 Adelaide St E, Suite 801, Toronto; CSE: TRIP / OTC: TRUFF / FSE: 4YX",https://redlight.co/,suppliers,high
Mondo Grow Kits (MGK Logistics B.V.),supplier,Dutch magic truffle & mushroom grow kit producer/wholesaler,magic truffles (sclerotia); Psilocybe cubensis grow kits; spores/liquid culture,Purmerend,North Holland,Netherlands,+31 6 28323329,https://www.mondogrowkits.com,,Established legal NL producer-distributor shipping truffles and kits B2C/B2B across the EU and UK,"Newtonstraat 25, 1446 VP Purmerend; KvK 78686571; VAT NL861494647B01",https://www.mondogrowkits.com/,suppliers,high
Magic Truffles (magictruffles.com),supplier,"Dutch magic truffle producer/retailer (address associated with Procare Handelsmaatschappij B.V., the major truffle grower)","magic truffles (sclerotia), genetics, microdosing products, grow kits",Hazerswoude-Dorp,South Holland,Netherlands,+31 172-419449,https://www.magictruffles.com,,"Operating storefront at Noorddijk 3, Hazerswoude-Dorp - the address long associated with Procare, one of the two dominant Dutch truffle producers",KvK 65990838; VAT NL856346858B01; explicit Procare corporate branding not shown on site - link is via registered address/trade-directory listings,https://www.magictruffles.com/,suppliers,high
Vicente LLP,legal,Law firm (cannabis & psychedelics boutique),"psilocybin, MDMA, ketamine, natural medicines (DMT, ibogaine, mescaline under CO NMHA)",Denver,"CO (offices incl. Boston, LA, NY, NJ, Austin, Portland OR)",USA,,https://vicentellp.com/,"Joshua Kappel (Founding Partner; co-author of Colorado Prop 122 Natural Medicine Health Act; Chambers Band 1 Psychedelics Law); Brian Vicente (Founding Partner); Christian Sederberg (Founding Partner); Shawn Hauser (Partner, Top 200 Global Psychedelic Lawyers 2026); Dave Kopilak (Counsel, chief drafter of Oregon Measure 109, ex-Emerge); Sean Clancy (Counsel, Oregon Psilocybin Services Act drafting team, ex-Emerge); Alex J. Berger (Counsel, ex-Emerge); Adam Gamboa (Counsel, ex-Emerge)","The dominant dedicated cannabis/psychedelics firm in the US: licensure, regulatory compliance, entity formation for psychedelics businesses; drafted CO Prop 122; absorbed Emerge Law Group's Measure 109 psilocybin team into a new Oregon office; 7 attorneys on the Top 200 Global Psychedelic Lawyers 2026 list.","vicentellp.com blocks automated fetches (Cloudflare); practice description, offices, and attorney list verified via search-indexed page content, vicentellp.com insights pages, and Wikipedia (HQ Denver, founded 2010, ~40 attorneys). No firm-wide email/phone captured from cited pages.",https://vicentellp.com/services/psychedelics/,legal-policy,high
Harris Sliwoski LLP,legal,"Law firm (international boutique; psychedelics + psilocybin practice, Psychedelics Law Blog)","psilocybin (Oregon Measure 109, Colorado NMHA), ketamine, ayahuasca; psychedelic churches/religious exemptions, retreats",Portland,"OR (also Seattle, Denver, LA, Phoenix; intl: Barcelona, Lisbon, Madrid, Sydney, Mexico City)",USA,1-888-330-0010,https://harris-sliwoski.com/,"Vince Sliwoski (Partner, Portland; leads psychedelics practice and edits the Psychedelics Law Blog; Top 200 Global Psychedelic Lawyer); Jason Adelstone (Partner); Frederic Rocafort (Partner); Mathew Alderson (Partner); Griffen Thorne (Attorney, Top 200); Jonathan Bench (Attorney, Top 200); Ethan Minkin (Attorney, Top 200); Elijah Hartman (Attorney); Nadja Vietz (Attorney)","Writing about and practicing psychedelics law since 2018; serves Oregon M109 licensees, investors, retreats, and drug developers; its Psychedelics Law Blog is a leading industry legal information source.","Four attorneys named Global Top 200 Psychedelic Lawyers (Bench, Minkin, Sliwoski, Thorne) per firm blog post.",https://harris-sliwoski.com/practice-areas/psychedelics/,legal-policy,high
Calyx Law LLP,legal,IP/patent law boutique (cannabis & psychedelics),"psilocybin and psychedelic compounds (patents/IP), cannabis",San Francisco,"CA (second office: Boston, MA)",USA,,https://calyx.law/,"Graham Pechenik (Founding Partner; registered patent attorney; Psychedelic Bar Association board member); Frank Gerratana (Partner, Boston); Ariel Donthnier Waagosh (Of Counsel, regulatory); Chris Byrnes (Of Counsel, IP disputes/licensing); Matthew Spark (Of Counsel, patent prosecution)","Founded 2016; the premier patent/IP boutique for psychedelics ventures — patent strategy, prosecution and freedom-to-operate for psychedelic drug developers; Pechenik also tracks psychedelic patent activity publicly.",No phone published on site; attorney emails available via individual bio pages on calyx.law.,https://calyx.law/,legal-policy,high
Zuber Lawler LLP,legal,"Law firm (IP, M&A, litigation; dedicated psychedelics practice)","psilocybin and Schedule I psychedelics (FDA pathway, capital raising, IP, M&A)",Los Angeles,CA,USA,(213) 596-5620,https://zuberlawler.com/,"Tom Zuber (Managing Partner & co-founder; board member, Psychedelic Medicine Coalition)","Established full-service firm with a named psychedelics practice covering FDA compliance, IP, M&A, finance, healthcare, and product liability for psychedelics companies; longtime cannabis-industry counsel.",Practice page does not list individual team attorneys; Tom Zuber's psychedelics role verified via his bio and Chambers profile.,https://zuberlawler.com/practice_area/psychedelics-attorneys/,legal-policy,high
Feldman Legal Advisors PLLC,legal,Corporate/securities law boutique (cannabis & psychedelics),"psilocybin, psilocin, mescaline, ibogaine, DMT; Colorado Natural Medicine licensing (healing centers, cultivation, manufacturing, testing, facilitators)",,US (office city not published on cited pages; David Feldman is New York-based per public profiles),USA,,https://www.feldmanlegaladvisors.com/,"David Feldman (Founder & Managing Partner; corporate/securities and M&A; Global Top 200 Psychedelics Lawyer 2024-2025; ); Courtney Barnes (Partner, psychedelics practice lead; lead drafter of Denver's 2019 Psilocybin Decriminalization Initiative)","This is the 'Feldmann' target, verified as Feldman Legal Advisors — Chambers-ranked in Psychedelics Law; combines corporate/securities work with Colorado natural-medicine licensing and FDA/DEA pathway counsel for novel compounds.",Chambers USA lists the firm's Psychedelics Law department; policy/advocacy + CO licensing + novel compound development are the three published psychedelics service lines.,https://www.feldmanlegaladvisors.com/psychedelics-law,legal-policy,high
Foley & Lardner LLP,legal,BigLaw firm (FDA/health care practice publishing psychedelics alerts),"psilocybin, methylone, MDMA, DMT, LSD (FDA/DEA regulatory pathway)",Washington,"DC (firm HQ Milwaukee, WI; psychedelics authors in DC and Denver)",USA,202.672.5430,https://www.foley.com/,"David L. Rosen (Partner, Washington DC; co-author 'Psychedelics and the Executive Order: From Schedule I to Treatment Priority', Apr 28 2026, and 'Psychedelic Drugs – Easing the Regulatory Hurdles for Development', Dec 2022); William E. Holtz (Partner, Washington DC, co-author); Nathan A. Beaver (Partner, Washington DC, co-author); Lauren P. Carboni (Attorney, Denver; healthcare/cannabis/psychedelics regulatory)","Major FDA-regulatory group actively publishing on the Apr 18 2026 psychedelics executive order (priority vouchers, Right to Try, ARPA-H state funding) — signals BigLaw client demand from drug developers and providers.",Alert phone numbers published on the alert page for each author (Rosen 202.672.5430; Holtz 202.295.4116; Beaver 202.295.4039).,https://www.foley.com/insights/publications/2026/04/psychedelics-and-the-executive-order-from-schedule-i-to-treatment-priority/,legal-policy,high
Morgan Lewis & Bockius LLP,legal,BigLaw firm (FDA/life sciences practice publishing psychedelics alerts),"psychedelics broadly (psilocybin, MDMA), ketamine; DEA Schedule I registration and supply-chain compliance",Washington,"DC (firm HQ Philadelphia, PA)",USA,,https://www.morganlewis.com/,"Jacqueline R. Berman (Partner, Washington DC; co-author 'You Are Not Hallucinating: Executive Order Aims to Accelerate Approval of Therapeutic Psychedelics', Apr 28 2026); Michele L. Buenafe (Partner, Washington DC; co-author)","2,200-lawyer firm whose FDA/life-sciences partners publish sustained psychedelics analysis (2024 symposium blog, 2025 DEA actions, 2026 EO alert) covering trial design, DEA registration, and state controlled-substance law for sponsors.",No contact info captured from the cited pages; firm also represented psychedelics biotech Psyence in its SPAC business combination (2023).,https://www.morganlewis.com/pubs/2026/04/you-are-not-hallucinating-executive-order-aims-to-accelerate-approval-of-therapeutic-psychedelics,legal-policy,high
McGuireWoods LLP,legal,BigLaw firm (healthcare/pharma practice publishing psychedelics alerts),"psilocybin, ibogaine compounds, medical marijuana; Breakthrough Therapy-designated psychedelics",Richmond,VA (authors across national offices),USA,,https://www.mcguirewoods.com/,"Craig B. Bleifer (co-author, 'Executive and DOJ Orders Accelerate Support for Psychedelic Therapies and Medical Marijuana', May 4 2026); Gregory E. Fosheim (co-author); Allyson M. Maur (co-author); Vindy Murthy (co-author)","Serial psychedelics alert publisher (2023 psilocybin decriminalization, 2024 psilocybin mental-health, 2026 EO/DOJ) advising pharma, pharma-services, investors and health systems on decriminalization, treatment use and psychedelics investment.",Author titles/offices not listed on the alert page itself.,https://www.mcguirewoods.com/client-resources/alerts/2026/5/executive-and-doj-orders-accelerate-support-for-psychedelic-therapies-and-medical-marijuana/,legal-policy,high
Latham & Watkins LLP,legal,BigLaw firm (FDA regulatory practice publishing psychedelics alerts),"psilocybin, methylone, noribogaine hydrochloride; EO 14401 priority vouchers, Right to Try, rescheduling reviews",Washington,DC,USA,,https://www.lw.com/,"Jennifer L. Bragg (co-author, Washington DC; 'Trump Administration Shifts Policy to Accelerate Access to Psychedelic Drugs for Mental Illness', Apr 28 2026); Nathan A. Beaton (co-author, Washington DC)","Top-tier FDA regulatory practice tracking federal psychedelics policy for medical device, pharma, and biotech clients; its EO 14401 alert details FDA voucher issuance to psilocybin/methylone sponsors and ARPA-H state funding.",No contact info published on the alert page.,https://www.lw.com/en/insights/trump-administration-shifts-policy-to-accelerate-access-to-psychedelic-drugs-for-mental-illness,legal-policy,high
Perkins Coie LLP (now Ashurst Perkins Coie),legal,BigLaw firm (cannabis/psychedelics counsel; DEA psilocybin rescheduling litigation),"psilocybin (Oregon PSA, Colorado NMHA, CA SB 58; DEA Schedule I rescheduling litigation)",Seattle,WA (national; Oregon/DC involvement in psilocybin matters),USA,,https://www.ashurstperkinscoie.com/,"Andrew Kline (co-author, 'Psilocybin: Updates in Oregon and Around the Country', Jul 14 2023); Holly Martinez (co-author); Thomas Tobin (co-author)","Represents Dr. Sunil Aggarwal/AIMS in the landmark Ninth Circuit litigation challenging DEA's refusal to reschedule psilocybin (petition granted and remanded to DEA, Feb 2025), alongside its state-program client updates.",Original perkinscoie.com insight URLs now 404/redirect after the 2026 Ashurst-Perkins Coie combination; JD Supra mirror of the firm's update used as source. Ninth Circuit representation corroborated by ca9.uscourts.gov opinion and firm news pages.,https://www.jdsupra.com/legalnews/psilocybin-updates-in-oregon-and-around-8487359/,legal-policy,high
"Baker Donelson (Baker, Donelson, Bearman, Caldwell & Berkowitz, PC)",legal,"BigLaw firm (cannabis, psychedelics & emerging therapies team)","ketamine (clinics), psilocybin, cannabis/hemp; clinical research and IRB issues",Memphis,"TN (20+ offices across the Southeast, TX, NJ, DC)",USA,973.218.5849,https://www.bakerdonelson.com/,"Lisa Gora (Shareholder, practice contact; NJ State Bar psychedelic committee member; , 973.218.5849); Sean B. O'Connell (practice contact; , 202.508.3435)","Named 'Cannabis and Psychedelics Law and Regulation' practice advising ketamine clinics, clinical researchers, health systems and investors — a bridge between mainstream health-system counsel and the psychedelics sector.",Both practice-contact emails/phones published on the practice page.,https://www.bakerdonelson.com/cannabis-and-psychedelics-law-and-regulation,legal-policy,high
"Epstein Becker & Green, P.C.",legal,Health care law firm (psychedelics industry practice),"psilocybin, DMT, ketamine, LSD, MDMA, ibogaine",Washington,"DC (psychedelics contacts in DC and Portland, OR)",USA,202-861-1891,https://www.ebglaw.com/,"James A. Boiani (Member of the Firm, Washington DC; regulatory strategy/product approvals; 202-861-1891); Kaci Hohmann (Senior Counsel, Portland OR; corporate & transactional; ex-Emerge Law Group; 503-343-6498)","Health care 'super boutique' covering the full psychedelic medicine lifecycle — INDs/NDAs, REMS, Oregon PSA and Colorado NMHA programs, ketamine clinic operations, corporate practice of medicine; picked up Emerge's Kaci Hohmann when that firm closed.",Added beyond the target list because it hosts a real dedicated psychedelics industry page and absorbed part of Emerge Law Group's team.,https://www.ebglaw.com/industries/life-sciences-industry/psychedelics,legal-policy,high
Psychedelic Bar Association,legal,Professional society / bar association for psychedelics lawyers,"psychedelics generally (legal/policy issues across psilocybin, MDMA, ketamine, plant medicines)",,,USA,,https://thepsychedelicbar.org/,"Madalyn McElwain (Interim Executive Director; co-chair, Legalization & Regulation Committee); Sherrie McCumber (Director of Operations); Christian Holden (Board Chair; co-founder, Holden & Kelly Law Group); Jon Dennis (Board Member; Oregon State Bar Cannabis/Psychedelics Committee); Jodi Green (Board Member; founder, Antithesis Law); Graham Pechenik (Board Member; founder, Calyx Law); Taylor Loyden (Board Member; Terrapin Legal); Matthew Brockmeier (Board Member); Ismail Ali (Founding Co-Chair, now MAPS Co-Executive Director); Nicole Howell, Ariel Clark, Kathryn Tucker, Terry Gross (founding/legacy board)","The organizing hub of the psychedelics bar — connects attorneys across regulatory, IP, religious-freedom, and litigation issues; its board doubles as a directory of the sector's leading boutique firms.",Founded 2020; no office address or emails published on board page; fiscally sponsored via CascadiaNow! per public listings.,https://thepsychedelicbar.org/board/,legal-policy,high
Healing Advocacy Fund,advocacy,501(c)(3) nonprofit (state-regulated psychedelic therapy advocacy),"psilocybin (Oregon M109 services), natural medicines (Colorado NMHA), state-regulated psychedelic therapy",Portland,"OR (programs in Oregon, Colorado, New Mexico)",USA,,https://healingadvocacyfund.org/,"Taylor West (Executive Director); Heidi Pendergast (Oregon Director); Tasia Poinsatte (Colorado Director); Denali Wilson (New Mexico Director of Strategic Support); Leslie Carlson (National Communications Director); Josh Kappel (Senior Policy Advisor; also founding partner, Vicente LLP); Hannah Hetzer (Impact Pilot Project Manager)","The lead nonprofit defending and expanding Oregon's and Colorado's regulated psilocybin/natural-medicine programs and supporting new states (New Mexico) — the key policy counterpart for service centers, facilitators, and regulators.",EIN 85-4388263. No email/phone published on About page (contact form only). Portland base per Idealist listing; earlier ED Sam Chapman succeeded by Taylor West per current site.,https://healingadvocacyfund.org/about-haf,legal-policy,high
MAPS (Multidisciplinary Association for Psychedelic Studies) — Policy & Advocacy,advocacy,501(c)(3) nonprofit (psychedelic research & policy reform),"MDMA, psilocybin, psychedelics broadly (decriminalization + regulated access frameworks)",San Jose,CA,USA,,https://maps.org/,"Ismail Lourido Ali, J.D. (Co-Executive Director; former Director of Policy & Advocacy; founding co-chair, Psychedelic Bar Association; California-licensed attorney)","The longest-running psychedelics nonprofit's policy arm — drafts and drives nonpartisan psychedelic policy reform, published its Policy Guidebook (Feb 2026), and convenes the policy track at Psychedelic Science conferences.","HQ mailing address published on site: 3141 Stevens Creek Blvd #40563, San Jose, CA 95117. maps.org/advocacy page had a redirect loop at fetch time; team profile page used as source; quarterly Policy & Advocacy wrap-ups published through Q2 2026.",https://maps.org/people/ismail-l-ali-jd/,legal-policy,high
Drug Policy Alliance,advocacy,501(c)(3) nonprofit (drug policy reform),"all criminalized drugs incl. psychedelics (LSD, psilocybin, MDMA fact sheets; decriminalization, harm reduction, research-barrier removal)",New York,NY,USA,,https://drugpolicy.org/,Kassandra Frederique (Executive Director since Sept 2020),"Historic heavyweight of drug policy reform whose psychedelics work spans decriminalization advocacy, harm-reduction at venues, drug fact-sheets, and removing research barriers; a coalition anchor rather than a psychedelics-specialist shop.",Current site's eight issue areas no longer include a dedicated psychedelics program page; psychedelics content lives in drug-facts pages (e.g. drugpolicy.org/drug-facts/lsd-medicine-therapy) and archived blog/press pages. ED name per Wikipedia/LinkedIn; no email/phone published on homepage.,https://drugpolicy.org/,legal-policy,high
Reason Foundation — Psychedelics Policy Project,advocacy,Think tank (free-market policy research),"psilocybin (policy modernization briefs), psychedelics for neurodegenerative disorders, personal psychedelics licensing frameworks",Los Angeles,"CA (also Washington, DC office)",USA,(310) 391-2245,https://reason.org/psychedelics-policy/,"Gregory Ferenstein (author, Psychedelics Policy Newsletter); Madison S. Carlino (Policy Analyst, drug policy/psychedelic medicine); Vittorio Nastasi (Director of Criminal Justice Policy)","Not thin after all: runs a recurring Psychedelics Policy Newsletter, multiple policy briefs (personal psychedelics license framework, psilocybin modernization), and a Psychedelics Policy Reform Impact Tracker (psychedelicdata.reason.org) used in state debates.","DC office: 1630 Connecticut Ave NW, Suite 600, (202) 986-0916. Included per brief's 'skip if thin' test — its psychedelics output is substantial and ongoing.",https://reason.org/psychedelics-policy/,legal-policy,high
Palo Santo,funder,VC fund (psychedelic therapeutics),"Psychedelic and CNS therapeutics broadly (psilocybin, MDMA, novel serotonergics)",Chicago,IL,USA,,https://palosanto.vc,"Daniel Goldberg (Founder & Partner); Edny Inui, Ph.D. (Partner); Tony Eisenberg (Co-founder & Venture Partner); Tim Schlidt (Co-founder, per 2021 launch press); Adrienne Jo, Ph.D. (Principal); Ailsa Dalgliesh, Ph.D. (Principal)",One of the largest dedicated psychedelic-therapeutics VC funds; $50M fund backing 20+ companies across the drug-development ecosystem.,"Focus: research/drug development. Launched 2021 with $35M; closed oversubscribed $50M fund Oct 2022 (GlobeNewswire). Portfolio: atai Life Sciences, Gilgamesh, Bright Minds, Tactogen, Bexson Biomedical, Diamond Therapeutics. Scientific advisors incl. Charles Nichols, Julie Holland. Active 2026 (team page live; Goldberg spoke SXSW 2024). No published email/phone (contact form only).",https://palosanto.vc/team,funders-private,high — all six source URLs fetched directly and corrections 
JLS Fund,funder,VC fund (neuromedicine/psychedelics),Plant-based and psychedelic medicines plus enabling neuro-tech/tools,New York,NY,USA,,https://www.jls.fund,"Lindsay Hoover (Managing Partner); Simeon Schnapper (Managing Partner); Jeffrey Siegel (Partner & Investor Relations); Brendan Hussey (Principal); advisors incl. Leonard Pickard, Gul Dolen, Walter Greenleaf, Ethan Nadelmann",NY psychedelics/precision-neuromedicine VC whose portfolio company Gilgamesh Pharmaceuticals was acquired by AbbVie in a deal worth up to $1.2B — the sector's marquee exit.,"Focus: research + delivery infrastructure. Founded 2019. Address published: 40 Sutton Place, New York. Portfolio: Gilgamesh (AbbVie exit), Enthea, Psilera, TRIPP, Sinaptica, ProNovo, Immunis. Verified active 2026 — site references Aug 31, 2026 NY Medical Psilocybin Act event. Fund size undisclosed.",https://www.jls.fund/team,funders-private,high — all six source URLs fetched directly and corrections 
Vine Ventures,funder,VC fund (early-stage psychedelics/wellness),"Psychedelic medicine (MDMA, psilocybin) + conscious health/wellness",New York,,USA,,https://www.vine.vc,"Ryan Zurrer (Founder & Managing Director); Ozan Polat (Investor); Fede Menapace (MAPS counterpart on RFV deal, for reference)",Pioneered the $70M Regenerative Financing Vine SPV that funded MAPS/Lykos MDMA-assisted-therapy Phase 3 and launch — the field's most novel nonprofit/for-profit capital structure.,"Focus: research + access/delivery. ~$25M core fund; ~32 early-stage investments (Alto Neuroscience — 2024 IPO, Lykos, Psygen, Bright Minds; led Othership $8M Series A). Reciprocity Pledge: 50% of GP carry to nonprofits. RFV SPV: 6.1% of North America MDMA revenue for 8 yrs; 20-50% returned to MAPS after 2x/5x investor returns. HQ reported variously NYC/Zug (founder Switzerland-based). vine.vc unreachable via TLS during this check; activity verified via press through 2024-25.",https://maps.org/2021/12/02/maps-and-vine-ventures-pioneer-novel-regenerative-financing/,funders-private,high — all six source URLs fetched directly and corrections 
PsyMed Ventures,funder,VC fund (frontier brain & mental health),"Psychedelic-derived therapeutics (ketamine, novel compounds) + neurotech/digital psychiatry",San Francisco,CA,USA,,https://psymed.ventures,"Matias Serebrinsky (General Partner & Co-founder); Greg Kubin (General Partner & Co-founder); Dina Burkitbayeva (Co-founder; CEO of portfolio co Freedom Biosciences); Danny Carbonero, PhD (Investment Associate); venture partners incl. John Krystal, MD (Yale) and Jacob Robinson, PhD (Motif Neurotech CEO)",$25M early-stage fund at the psychedelics/neurotech/precision-psychiatry intersection; 30+ investments and an influential industry podcast (Business Trip).,"Focus: research/drug development + enabling tech. $25M Fund launched 2022 (Crunchbase News). Portfolio: Delix Therapeutics, Freedom Biosciences, Motif Neurotech, ImYoo. Active 2026 (site current).",https://psymed.ventures/,funders-private,high — all six source URLs fetched directly and corrections 
Negev Capital,funder,VC fund (CNS/psychedelic drug development),Preclinical/Phase 1 psychedelic and CNS therapeutics,Tel Aviv,,Israel,,https://negevcap.com,"Ken Belotsky (Co-Founding Partner, Vienna); Vadim Uzberg (Co-Founder & Managing Director, Limassol); Dr. Stuart Seidman (Partner, Medical Science Lead, New York); Prof. Bernard Lerer (Chief of Scientific Advisory Board, Jerusalem)","$30M+ seed/Series A fund fully invested across 27 psychedelic drug-development companies, with validated exits to AbbVie (Gilgamesh) and Otsuka.","Focus: research/drug development. Fund One final close $30M+ (2022), Cayman-domiciled, now fully invested; portfolio incl. Beckley Psytech, Small Pharma, Awakn, Mindset Pharma, atai. Active 2026 — site cites Q3 2026 Ariadne Bio Phase 1b milestone. Team distributed Cyprus/Austria/US/Israel. | VERIFY: fund FULLY INVESTED (16 portfolio cos, 3 exits incl. Gilgamesh acquisition) — not deploying new capital",https://negevcap.com/,funders-private,high — all six source URLs fetched directly and corrections 
Iter Investments,funder,VC fund (psychedelic ecosystem),Psychedelic-assisted mental health therapeutics and adjacent healthcare,Fort Lauderdale,FL,USA,,https://www.iterinvestments.com,"Dustin Robinson, Esq., CPA (Founder); Robert Velarde (Founder); Dr. Michelle Weiner, DO MPH (Clinical Lead); Dr. Scott Fisher, MD (Psychiatric Lead); Edgar Asebey, Esq. (FDA Lead); David Wood, Esq., PhD (IP Lead); John M.H. Gregg (Commercialization Lead)",Florida psychedelic VC (Fund I >$20M) with an unusually deep bench of clinical/regulatory/IP specialist leads; founder Dustin Robinson is a prominent industry lawyer-advocate.,Focus: delivery + drug development ('in and around' the psychedelic industry). Fund I closed 2022 with >$20M committed (PR Newswire). Robinson also founded nonprofit Mr. Psychedelic Law. Active 2026 (site live). Contact via site form; no published email.,https://www.iterinvestments.com/team,funders-private,high — all six source URLs fetched directly and corrections 
XEIA Venture Partners (formerly Empath Ventures),funder,VC fund (pre-seed/seed),"Novel psychedelic molecules and picks-and-shovels (Mindstate Design Labs, prior: Beond, Wavepaths, Mycrodose)",Los Angeles,CA,USA,,https://www.xeiavp.com,"Brom Rector, CFA (Founding Partner); Sam Rector (Partner, medicinal chemist); Li-Huei Tsai, PhD (Scientific Advisor, MIT Aging Brain Initiative)","Brom Rector's psychedelic-focused Empath Ventures, rebranded to XEIA with a broadened 'Human 3' health/AI/deep-tech thesis while retaining its psychedelic portfolio.","Focus: research + infrastructure. 2026 status: active under new brand — empath.vc now 301-redirects to xeiavp.com. Portfolio incl. Mindstate Design Labs, Motif Neurotech (as 'Motif'), NeuroBionics, Coherence Neuro. Rector previously PM at hedge fund Crabel Capital; hosts The Integration Conversation podcast. Fund size undisclosed.",https://www.xeiavp.com/,funders-private,high — all six source URLs fetched directly and corrections 
Satori Neuro (Satori Capital),funder,VC/mental-health investment strategy of multi-strategy firm,"Psychedelic medicine plus TMS, VR/AR, neuro-devices",Fort Worth,TX,USA,,https://www.satoricapital.com/neuro/,"Dr. Amy Kruse (Chief Investment Officer, Satori Neuro); Satori Capital co-founders Randy Eisenman and Sunny Vanderbeck (per Business Wire launch release)","Mental-health strategy of conscious-capitalism firm Satori Capital; 18+ brain/mental-health investments spanning psychedelics, neurotech, and psychedelic care delivery.","Focus: delivery + therapeutics. Launched Feb 2023 (Business Wire); reported $10.3M initial fund raise (Dallas Innovates). Portfolio: Gilgamesh, Motif Neurotech, Sunstone Therapies, Beckley Waves (venture studio), TARA Mind, Apollo Neuro, NextSense. Active 2026 (site current). Contact via website form.",https://www.satoricapital.com/neuro/,funders-private,high — all six source URLs fetched directly and corrections 
re.Mind Capital,funder,VC fund (mental health / family-office venture arm),"Mental health, brain health, BCI, digital health, new pharma incl. psychedelics",London,,United Kingdom,,https://remind.vc,Christian Angermayer (Founder); Jan Hardorp (Founding Partner); Max de Vere (Partner) — per press/LinkedIn,"Mental-health venture arm of Christian Angermayer's Apeiron Investment Group — Angermayer co-founded atai Life Sciences and seed-funded COMPASS Pathways, making this a central node of psychedelic capital.","Focus: research/drug development, any stage. Founded 2020; HQ 100 Broadgate, London EC2M 2AU; registered office Sliema, Malta. Investments incl. neurocare group, CB Therapeutics. Self-described 'leading early-stage investor dedicated to mental health.' Active 2026 (site live). Fund size undisclosed.",https://remind.vc/,funders-private,high — all six source URLs fetched directly and corrections 
Noetic Fund,funder,VC fund (psychedelic/CNS early stage),"Novel drug therapeutics, psychedelic-assisted therapies, digital health, devices",Toronto,ON,Canada,,https://noeticfund.com,"Sa'ad Shah (Managing Partner & Co-founder); Warren Wright (Managing Partner); Michael Franks (Co-founder, per launch press); Sri Teja Mullapudi, PhD (Principal, Fund Investments & Scientific Lead); Richard Cheung (General Counsel); Jeffrey Becker, MD (Venture Partner)","Toronto psychedelic VC with 25+ portfolio companies and exits in COMPASS Pathways, Cybin, and Numinus; led the $7.2M seed for the Alexander Shulgin Research Institute.","Focus: research + wellness delivery. Address: 501-302 Bay Street, Toronto. Fund I (2020) + Fund II (launched 2021). Portfolio: Beckley Psytech, CaaMTech ($22M Series A majority), Delix, Diamond, MindMed, DAMONA. Caveat: latest publicly disclosed deals date to 2022; website/team current in 2026 but recent deal flow not published. Emails on site are obfuscated (not reproduced here).",https://noeticfund.com/,funders-private,high — all six source URLs fetched directly and corrections 
Tabula Rasa Ventures,funder,VC fund + incubator (psychedelics),"Psychedelic and psychedelic-adjacent startups, infrastructure emphasis",New York,NY,USA,,https://www.tabularasa.ventures,"Marik Hazan (Founder & Managing Partner; CEO, Energia Holdings)",First dedicated psychedelic business incubator (Psychedelic Builders) plus early-stage investing; founder Marik Hazan also runs Energia Foundation/Holdings for global psychedelic education.,"Focus: infrastructure/incubation. CAUTION — 2026 active status unverified: tabularasa.ventures unreachable (TLS error) at check and most public activity dates 2020-2023 (Psychedelic Builders cohort of 4 startups/7 participants); Hazan's recent public work is via Energia (Davos, UAE education programs). Include for landscape completeness; verify before outreach.",https://www.crunchbase.com/organization/tabula-rasa-ventures,funders-private,high — all six source URLs fetched directly and corrections 
Mystic Ventures,funder,VC rolling fund (pre-seed/seed biotech),"Novel pharma compounds, clinical delivery platforms, tech-enabled therapeutic experiences",Los Angeles,CA,USA,,https://www.mystic.ventures,"Jeremy Gardner (Founder & Managing Partner); Brock Pierce (General Partner, joined 2022 per Benzinga)","AngelList rolling fund for psychedelic medicine and 'consciousness expansion' startups, notable for crypto-native GPs Jeremy Gardner and Brock Pierce.",Focus: research + delivery platforms. Founded 2021; rolling-fund structure deploying ~ $1M/quarter as of Q2 2023 (Benzinga/AngelList). Site live 2026 with biotech/AI/longevity thesis; current deployment pace not published — verify before outreach. Contact via site form.,https://www.mystic.ventures/,funders-private,high — all six source URLs fetched directly and corrections 
Steven & Alexandra Cohen Foundation,funder,Private family foundation (philanthropy),"Psilocybin, MDMA — PTSD, depression, addiction (veterans/first-responders emphasis)",,CT/NY,USA,,https://www.stevenandalexandracohenfoundation.org,Alexandra (Alex) Cohen (President); Steven A. Cohen (Co-founder; Point72 founder),Largest private philanthropic funder of psychedelic research — $60M+ committed via its Psychedelic Research & Health Initiative.,"Focus: research + therapist training + care access. Notable grants: MAPS $5M (2023; >$10M cumulative since 2020); Mount Sinai $2.1M (2021, MDMA/PTSD in combat veterans); CIIS $1M (psychedelic therapy training); anchor funder of $17M Johns Hopkins Center for Psychedelic & Consciousness Research (2019). Inside Philanthropy tallies ~$68M total psychedelic giving. Foundation website blocks crawlers; grants verified via grantee announcements.",https://maps.org/2023/06/22/maps-receives-5-million-grant-from-the-steven-alexandra-cohen-foundation/,funders-private,high — all six source URLs fetched directly and corrections 
Psychedelic Science Funders Collaborative (PSFC),funder,"Philanthropic funders collaborative, 501(c)(3)","MDMA, psilocybin — PTSD, depression, addiction",,,USA,,https://psfc.co,"Graham Boyd (Co-founder & Executive Director); Joe Green (Co-founder & President); Ben Collins (Director of Programs and Partnerships); Board: Joe Green, Graham Boyd, Protik Basu, David Bronner, Genevieve Jurvetson, Mike Cotton (per psfc.co/board-of-directors)","The coordinating hub for psychedelic philanthropy — pools/aligns member donors' giving on research, policy, and healthcare integration (organized MAPS's $30M Capstone Challenge for MDMA Phase 3).","Focus: research + policy + healthcare integration + public education. Founded 2017. Functions: donor connection/education, due-diligence and strategic guidance rather than direct grantmaking. Member list not fully public. Team/board details published at psfc.co/psfcteam and psfc.co/board-of-directors (pages indexed in search; direct fetch returned 404 during check — site may have restructured).",https://psfc.co/,funders-private,high — all six source URLs fetched directly and corrections 
Heffter Research Institute,funder,"Nonprofit scientific research funder, 501(c)(3)","Psilocybin (cancer distress, addiction/alcohol/smoking, neuroscience)",Santa Fe,NM,USA,,https://www.heffter.org,"Carey Turnbull (President); George Greer, MD (Board Chair; co-founder, former Medical Director); David E. Nichols, PhD (Vice-President; co-founder)","Primary funder of academic psilocybin research for 30+ years — 156 funded projects, incl. the foundational Hopkins/NYU/UCLA/Zurich clinical studies.","Focus: research (designs, reviews, funds academic studies). Incorporated New Mexico 1993; board = 7 scientists + 5 philanthropists; >$3.1M grants 2011-2014 per Wikipedia; 156 projects funded through 30th anniversary (2023). heffter.org blocks automated fetching (403) — leadership per heffter.org/news content surfaced in search; cross-check Wikipedia: en.wikipedia.org/wiki/Heffter_Research_Institute.",https://www.heffter.org/news/,funders-private,high — all six source URLs fetched directly and corrections 
Riverstyx Foundation,funder,Private family foundation (philanthropy),"Psilocybin, MDMA, Indigenous plant medicines (peyote, ayahuasca conservation)",Kirkland,WA,USA,,https://www.riverstyxfoundation.org,"T. Cody Swift, MFT (Co-Director); Miriam Volat, MS (Co-Director); Kevin Bayuk (Impact Investment Director); Dr. Tanya Kammonen (Program Manager, Indigenous Medicine)","Catalytic seed funder of psychedelic science since 2008 — ~$9M to research (incl. early Johns Hopkins psilocybin trials), $4.2M to drug policy reform, $3.1M to Indigenous medicine.","Focus: research + policy + Indigenous biocultural conservation (Indigenous Medicine Conservation Fund). Approach: early-stage 'fringe' catalytic grants, multi-year relational funding. Amounts per Lucid News profile of Cody Swift; first grant $50K to Johns Hopkins (2008). Location per KNKX (Kirkland, WA).",https://www.riverstyxfoundation.org/staff,funders-private,high — all six source URLs fetched directly and corrections 
Tim Ferriss (Saisei Foundation),funder,Individual philanthropist,"Psilocybin (depression, addiction), psychedelic science broadly",Austin,TX,USA,,https://tim.blog,Tim Ferriss (donor; author/investor),Catalytic individual donor who spearheaded the $17M founding of the Johns Hopkins Center for Psychedelic & Consciousness Research and helped mainstream psychedelic science funding.,"Focus: research. Donated >$2M personally and organized the $17M Hopkins center gift (2019, then-largest one-time donation to the field) alongside Steven & Alexandra Cohen Foundation, Matt Mullenweg, Blake Mycoskie, Craig Nerenberg; earlier funded Hopkins psilocybin work from 2015; 2021 gift to UC Berkeley Center for the Science of Psychedelics (Benzinga; amount undisclosed). Gives via Saisei Foundation. No published grant-inquiry contact.",https://www.insidephilanthropy.com/home/2019-10-1-braver-and-bolder-steps-behind-a-big-gift-to-support-the-burgeoning-field-of-psychedelic-research,funders-private,high — all six source URLs fetched directly and corrections 
Joe & Sandy Samberg Foundation,funder,Private family foundation (philanthropy),"Psychedelic-assisted therapy workforce training (nurses, social workers)",Rye,NY,USA,,https://jssf.carrd.co,"Joe Samberg (Co-founder); Sandy Beeber Samberg, CPNP (Co-founder; pediatric nurse practitioner)",Family foundation prioritizing mental health incl. psychedelic-assisted modalities; co-funded (with Cohen Foundation) the $1M Penn Nursing-Columbia School of Social Work psychedelic-therapy training initiative.,"Focus: training/workforce + mental health services. Established 2008. Endowed 'Joe and Sandy Samberg Psychedelics Education Initiative Fund' at Penn Nursing (giving.upenn.edu). $1M joint grant announced by Columbia CSSW (socialwork.columbia.edu). Grants by invitation only; email on site is obfuscated (not reproduced). Location per Cause IQ (Rye, NY).",https://jssf.carrd.co/,funders-private,high — all six source URLs fetched directly and corrections 
Turnbull Family Foundation,funder,Private family foundation (philanthropy),"Psilocybin (addiction, OCD), LSD-adjacent research; anti-patent-abuse work via Freedom to Operate",Greenwich,CT,USA,,,"Carey Turnbull (Director/Chair/Treasurer/Secretary per Form 990 profile; also President of Heffter Research Institute, Chair of NYU Center for Psychedelic Medicine advisory board)","Philanthropic vehicle of Carey Turnbull, who has donated ~$20M to psychedelic research (NYU, Yale) and also leads Heffter, Ceruvia Lifesciences, B.More, and Freedom to Operate.","Focus: research + field integrity (patent challenges). NOTE: the brief listed this as Australian — the psychedelic-funding Turnbull Family Foundation Inc is Greenwich, CT (EIN 83-1563331); no Australian Turnbull psychedelic foundation found. FY2023 total giving $616,882 across 25 grants (Zeffy/990 profile: zeffy.com/foundations/83-1563331). Turnbull helped fund Yale's psilocybin program and NYU psychedelic medicine center.",https://www.lucid.news/carey-turnbull-donor-investor/,funders-private,high — all six source URLs fetched directly and corrections 
Mind Medicine Australia,funder,"Registered charity — funder, training provider & advocate",Psilocybin and MDMA-assisted therapies,Melbourne,VIC,Australia,+61 3 8679 6015,https://mindmedicineaustralia.org.au,"Peter Hunt AM (Chair & Co-founder); Tania de Jong AM (Deputy Chair & Executive Director, Co-founder); Hon Andrew Robb AO (Director); Nicholas Smedley (Director); Monojit Ray (Director); Trudi Bannister (Director); Dr Stephen Proud (Director)","Australia's central psychedelic-therapy charity — funds observational trials and patient access, trains therapists, and drove the world-first TGA rescheduling of psilocybin and MDMA (2023).","Focus as funder: delivery + training + policy. Runs Psychedelic Medicines Observational Trials Fund (seeded with AUD$1M from the founders' Hunt Family Foundation, Aug 2022 — largest philanthropic grant in Australian psychedelics; MMA media alert PDF) and a Patient Support Fund subsidizing treatment access; supplies medical-grade psilocybin/MDMA to trials at no cost. Address: Level 4, 479 St Kilda Road, Melbourne VIC 3004.",https://mindmedicineaustralia.org.au/board/,funders-private,high — all six source URLs fetched directly and corrections 
Hunt Family Foundation,funder,Private family foundation (philanthropy),Psilocybin and MDMA-assisted therapy trials,,VIC,Australia,,,Peter Hunt AM (Co-founder; ex-Greenhill Australia chairman); Tania de Jong AM (Co-founder),Family foundation of Peter Hunt AM and Tania de Jong AM; its AUD$1M gift seeded Australia's largest philanthropic fund for psychedelic observational trials (via Mind Medicine Australia).,"Focus: delivery/research in Australia. Added because the brief's 'Turnbull Family Foundation (Australia)' appears to be a conflation — the Australian philanthropic seed funding for psychedelics traces to the Hunt Family Foundation (AUD$1M to MMA's observational trials fund, 2022). No standalone website found; operates through MMA channels.",https://mugglehead.com/mind-medicine-australia-receives-aud1m-grant-for-psychedelic-research/,funders-private,high — all six source URLs fetched directly and corrections 
Integrative Psychiatry Institute (IPI),training,Private post-graduate psychedelic-therapy training institute,"psilocybin, ketamine (experiential retreat), MDMA (PAT broadly)",Boulder (Niwot address on OHA list),Colorado,USA,,https://psychiatryinstitute.com,"Will Van Derveer, MD (co-founder, Medical Director); Keith Kurlander, MA, LPC (co-founder); Jaime Davila, MA, LPC (Director of Psychedelic Trainings); Rohini Kanniganti, MD (Physician Team Lead); Sara Gael, MA, LPC (Lead Facilitator)",Largest-scale US psychedelic-assisted therapy training provider; key credentialing pipeline for OR/CO facilitators and future FDA-era therapists.,"Tuition $8,000 (early-registration $5,500 through Sep 30, 2026); 140+ hours incl. 55 live virtual hours, advertised Feb-May 2027 cohort; optional ketamine experiential retreat; claims 2,200+ providers trained and 50+ expert faculty - largest US PAT training by trainee count. On Oregon OHA approved-curriculum list as 'IPI Psychedelic Assisted Therapy Training with an Advanced Certificate in Psilocybin-Assisted Therapy' (Niwot, CO).",https://psychiatryinstitute.com/ipi-year-long-psychedelic-assisted-therapy-training/,training,high
"Fluence (Fluence International, Inc.)",training,Private psychedelic-therapy education company,"psilocybin, ketamine, psychedelic integration",New York (Bronx address on CO DORA list),New York,USA,917-719-1079 (as published on CO DORA training-program list),https://www.fluencetraining.com,"Elizabeth Nielson, PhD (CEO & co-founder)",One of the two or three largest independent psychedelic training companies; DORA-approved and positioned for post-approval pharma training partnerships.,"Certificate in Psychedelic Therapy and Integration: $2,500 USD, 6 weeks online. Psilocybin Facilitation professional certificate: 27 weeks, ~130 instructional hours, 42 CE credits, Colorado-protocol specific; Colorado DORA-approved (didactic + practicum; consultation 'available late 2026' per DORA list); Oregon licensure via CO reciprocity after 1-yr wait. Also KAP and PHRI certificates, plus B2B trial-training/consulting.",https://www.fluencetraining.com/about/news/announcing-the-certificate-in-psychedelic-therapy-and-integration,training,high
CIIS Center for Psychedelic Therapies and Research (California Institute of Integral Studies),training,University continuing-education certificate program,"psilocybin, MDMA, ketamine (psychedelic-assisted therapies and research)",San Francisco,California,USA,628-279-0871,https://www.ciis.edu/continuing-education/center-for-psychedelic-therapies-and-research,"Janis Phelps, PhD (Founding Director, per CIIS center pages); Kelson Pamarang (Assistant Director of Admissions for Certificate Programs)",The original academic psychedelic-therapy certificate; trained much of the field's first generation of US therapists.,"Oldest university-based certificate (since 2016). 12 months, 140-150 instructional hours over 8 weekends; hybrid SF cohort $9,400, online cohort $8,900, $150 application fee; Oregon OHA-approved training program (ID TP-ce7dd84c; OHA practicum $2,000-2,600 extra via service centers); $1.4M+ need-based scholarships dispersed since 2016. On Oregon approved-curriculum list.",https://www.ciis.edu/continuing-education/center-for-psychedelic-therapies-and-research/about-the-certificate,training,high
Naropa University - Center for Psychedelic Studies,training,University certificate programs (contemplative university),psilocybin (facilitator cert); MDMA/psychedelics broadly (PAT certificate),Boulder,Colorado,USA,1-800-772-6951,https://www.naropa.edu/academics/schools-centers/center-for-psychedelic-studies/,"Joseph Harrison, MS (Executive Director, Naropa Center for Psychedelic Studies); Diana Quinn, ND (Director, Psilocybin Facilitator Training)",Flagship contemplative-university entrant lending academic legitimacy; equity-focused facilitator training in Colorado's home market.,"Psilocybin Facilitator Training certificate: 6-month virtual, Healing Justice framework, stated approved by Oregon OHA and Colorado DORA (program page) - though not on either state's currently published approved list as of 2026-09-01. Separate 8-month, 200-hour Psychedelic-Assisted Therapies certificate for licensed professionals. Tuition not published on program page.",https://www.naropa.edu/academics/schools-centers/center-for-psychedelic-studies/psilocybin-facilitator-training-certificate-program/,training,high
InnerTrek LLC,training,Licensed facilitator training school + service center,psilocybin (natural medicine facilitation),"Portland (HQ); Damascus, OR retreat campus",Oregon,USA,,https://www.innertrek.org,Tom Eckert (co-founder & program director; co-architect of Oregon Measure 109),"Oregon's marquee training school, founded by the Measure 109 architects; produced the first licensed US psilocybin facilitators.","~200-hour, 7-month program qualifying for Oregon and Colorado licensure; virtual program tuition $6,500; Level 1 intro course $2,800-$3,200; $1,000 deposit. First graduates became the first licensed psilocybin facilitators in the US. On Oregon OHA approved-curriculum list (Damascus, OR) and Colorado DORA approved list (11 NE MLK Blvd, Portland). Practicum intensives near Portland and Boulder; NM references emerging.",https://www.innertrek.org/psychedelic-facilitator-training,training,high
MAPS (Multidisciplinary Association for Psychedelic Studies),training,Nonprofit research and education organization,MDMA,San Jose,California,USA,,https://maps.org,"Rick Doblin, PhD (founder)","Progenitor of the MDMA-therapy training lineage; still the convening nonprofit for MDMA-AT practitioner education (DoD pilot, Columbia practice research).","MDMA therapy training status: maps.org routes 'MDMA Therapist Training' to mapspublicbenefit.com/training (MAPS PBC, now Lykos). Dec 2025: MAPS announced completion of a therapy-training initiative supporting clinicians in the first DoD-affiliated MDMA-assisted-therapy pilot. Feb 2026: research partnership with Columbia University studying how practitioners facilitate MDMA-AT (incl. couples therapy). Continues global therapist-training/humanitarian training commitments post-CRL.",https://maps.org/mdma/,training,high
Lykos Therapeutics (formerly MAPS PBC),training,Pharmaceutical company operating the MDMA-AT therapist training program,MDMA (midomafetamine),San Jose,California,USA,,https://lykospbc.com,,Holder of the definitive MDMA-AT training curriculum; its regulatory timeline gates the entire MDMA therapist-training market.,"Lykos MDMA-AT Training Program: 100+ hours via in-person retreats + online coursework; historically required 2 trained providers per medicine session. After FDA's Aug 2024 Complete Response Letter (third Phase 3 requested), Lykos restructured with ~75% workforce reduction, refocusing on clinical development, medical affairs and FDA engagement - commercial-scale training buildout on hold pending approval pathway.",https://www.ajmc.com/view/lykos-therapeutics-restructures-after-fda-setback-commits-to-progressing-mdma-therapy-for-ptsd,training,high
Compass Pathways - U.S. COMP360 Provider Training Grant Program,training,Pharma-funded provider-training grant program,"psilocybin (COMP360, synthetic)",,US program (Compass HQ London/New York),USA,,https://ir.compasspathways.com,,The vehicle that will anoint up to 3 training orgs for FDA-era psilocybin therapy delivery - the biggest near-term prize in the training layer.,"Announced Apr 14, 2026: grants to up to 3 US organizations to develop structured post-approval foundational psychedelic + COMP360-specific training for healthcare providers ahead of expected commercial launch for treatment-resistant depression. Applications Apr 14-May 14, 2026; two-stage review; final decisions expected by early July 2026. GRANTEES NOT PUBLICLY NAMED as of 2026-09-01 - no awardee press release found on IR site or news wires.",https://ir.compasspathways.com/News--Events-/news/news-details/2026/Compass-Pathways-Announces-U-S-Grant-Program-for-the-Creation-of-Post-Approval-COMP360-Provider-Training/default.aspx,training,high
Alma Institute,training,Nonprofit facilitator training school (equity-focused),psilocybin,Portland,Oregon,USA,,https://almainstitute.org,Rebecca Martinez (founder),The field's leading equity/scholarship-driven training nonprofit; bellwether for accessibility economics in facilitator training.,"Social-justice-rooted nonprofit (has been MAPS fiscally sponsored); prioritizes enrollment from marginalized communities. Listed cost $11,750, 150-hour core, hybrid; next cohort listed Dec 1, 2026. Described as one of only two nonprofits approved for OHA facilitator training, but NOT on OHA's current approved-curriculum list pulled 2026-09-01; almainstitute.org unreachable during verification (redirect loop) - status should be confirmed directly. | VERIFY: likely CLOSED — site dead, absent from OHA approved-curriculum list",https://psychedelicscourses.com/alma-institute-facilitator-training-program,training,high
Synaptic Institute,training,501(c)(3) nonprofit psychedelic training institute,"psilocybin, ketamine, entheogenic medicine",Portland,Oregon,USA,971-403-0884,https://www.synaptic.institute,,Early Oregon training nonprofit spanning psilocybin facilitation and KAP certification.,"6-month Psilocybin Practitioner Training (EMTP) historically OHA-accredited for Oregon licensure; Ketamine-Assisted Psychotherapy certification for healthcare professionals (grad-student discount); online entheogenic-medicine courses. Declined to open its own service center citing 'cumbersome process' (WWeek, 2023). Not on OHA's current approved-curriculum list as of 2026-09-01. Address: 1836 NE 7th Ave, Suite 205, Portland.",https://www.synaptic.institute/,training,high
SoundMind Institute,training,"Psychedelic training, treatment and research organization","psilocybin, ketamine, MDMA",Philadelphia,"Pennsylvania (Philadelphia base); Portland, OR listing on CO DORA roster",USA,(971) 290-2357 (as published on CO DORA list),https://www.soundmind.institute,"Hannah McLane, MD, MA, MPH (founder & lead instructor)",East-coast anchor of facilitator training with West-coast state approvals; multi-molecule curriculum.,"12-month Psychedelic Facilitator Training: tuition $5,800-$10,300 + practicum $2,500-$4,500; ~11 hrs/week; guest faculty incl. Rick Doblin, Michael Mithoefer. Colorado DORA-approved (didactic, practicum, consultation - listed at 555 MLK Jr Blvd, Portland, OR). Previously OHA/HECC-approved 8-month Oregon cert (MAPS Bulletin feature). Founder is Penn-residency-trained; institute is independent, not a Penn unit, per its own pages. Not on OHA's current approved-curriculum list as of 2026-09-01.",https://www.soundmind.training/program,training,high
Polaris Insight Center,training,KAP clinic and training center,ketamine (ketamine-assisted psychotherapy),San Francisco,California,USA,415-800-7083,https://www.polarisinsight.com,"Veronika Gold, LMFT (co-founder, trainer & consultant); Eric Sienknecht, PsyD (lead trainer); approved consultants incl. Harvey Schwartz, PhD; Evan Sola, PsyD",Leading independent KAP training lineage - the currently-legal molecule where practitioner demand is real today.,"Modular KAP training (Modules 1-5 + practice module) and Polaris/Rainfall KAP Practitioner Certificate: self-paced 1-2 years; requires 2 advanced electives, 24 hrs group consultation, 12 individual consultations, experiential retreat, and 18+ supervised KAP sessions with 3+ clients. Certificate cost not published. 4255 18th Street, SF.",https://www.polarisinsight.com/certificate-program/,training,high
Numinus (Numinus Network - training division),training,For-profit mental-health company's PAT training arm,"psilocybin, MDMA, ketamine, psychedelic-assisted therapy broadly",Vancouver,"British Columbia (HQ); Murray, UT on OHA list",Canada,1-833-686-4687,https://numinusnetwork.com/training,"Hannah Cross, LCSW (course facilitator); Stephen Thayer, PhD (psychologist/instructor); Deanna Rogers, MA (instructor & subject-matter expert)",Only cross-border (US/Canada) training operator approved in both Oregon and Colorado; ties training to a clinic network.,"Certified Psychedelic-Assisted Therapist pathway priced per course: Fundamentals of PAT $2,699 (10 wks/63 hrs); Applied PAT $1,499 (8 wks/36 hrs); Practical Applications: Psilocybin $2,500 (incl. 40-50-hr practicum at Cora Center, Portland); Embodied Inquiry $500. On Oregon OHA approved-curriculum list ('Numinus Certification Pathway in Psilocybin-Assisted Therapy', Murray UT) and Colorado DORA approved list (Vancouver BC address). CE recognition: CPA, OPQ, CCPA, ACE, NBCC.",https://numinusnetwork.com/training/oregon-approved-psilocybin-assisted-therapy-pathway/,training,high
ATMA CENA Psychedelic Healthcare Solutions,training,Psychedelic healthcare company - practitioner certification + clinic network,"psilocybin, ketamine (KAT), MDMA - Health Canada SAP context",Calgary,Alberta,Canada,+1 (888) 720-6040,https://atmacena.com,"David Harder (founder & CEO, ATMA Journey Centers - as published in Collisions YYC episode listing)",Canada's largest private psychedelic-therapy training + clinic-enablement platform under the Special Access Program regime.,"Pathway model (2026 pricing, CAD): Foundations $800 (14 hrs); Clinical Pathway $5,400 (55 hrs); Prescribing & Oversight $4,000; Advanced Safety & Support $3,500; Supervised Learning Lab $1,000 (8 hrs); KAT Immersive $2,400 (3 days in-person). Claims 1,100+ certified practitioners, 13 network clinics across 11+ Canadian cities, 2 accredited clinics. Formed from ATMA Journey Centers + CENA merger.",https://atmacena.com/psychedelic-therapy-training-cost-canada/,training,high
Mind Medicine Australia (CPAT program),training,Registered charity running Certificate in Psychedelic-Assisted Therapies,"psilocybin, MDMA (Australia's authorised-prescriber scheme since July 2023)",Melbourne,Victoria,Australia,+61 3 8679 6015,https://mindmedicineaustralia.org.au,"Dr Eli Kotler (Australian Director, CPAT)",The dominant practitioner-training program for the world's first national legal psilocybin/MDMA prescribing regime.,"CPAT: 127+ CPD-accredited hours (113 educational + 14 reviewing-performance for psychiatrists), hybrid online + residential intensives; 750+ therapists and 68+ psychiatrists trained; next cohort begins Feb 21, 2027; faculty incl. Bessel van der Kolk, Gabor Mate, David Nutt. Full CPAT fee not published on page; Fundamentals of PAT course $99 AUD with $500 AUD CPAT discount; financial assistance limited. Address: Level 4, 479 St Kilda Rd, Melbourne.",https://mindmedicineaustralia.org.au/certificate-in-psychedelic-assisted-therapies-cpat/,training,high
Berkeley Center for the Science of Psychedelics (BCSP) - Psychedelic Facilitation Certificate,training,University certificate program (UC Berkeley),psilocybin,Berkeley,California,USA,,https://psychedelics.berkeley.edu/training/,"Moana Meadow (Program Staff Director); Tina Trujillo (Faculty Director); Sylver Quevedo, MD (Senior Scholar, core instructor)",Elite-university facilitation certificate whose spin-out marks the professionalization of chaplaincy/facilitator training.,"9-month, 200-hour program (160 instructional hours, ~90% in person, seven 3-5-day modules; +40-hr practicum for OR/CO licensure). Program operated 2021-2025; page frozen effective Jul 1, 2025 as program transitioned to administrative independence under UC Berkeley School of Education. Still appears on Oregon OHA approved-curriculum list as of 2026-09-01.",https://psychedelics.berkeley.edu/training/,training,high
Changa Institute,training,Private multi-state facilitator training school,psilocybin,Lake Oswego / Portland,Oregon,USA,970-904-0071 (as published on CO DORA list),https://www.changainstitute.com,"Lisa Ginzburg (founder & director, per PsychedelicNewsWire)",Aggressive multi-state (OR/CO/NM) training operator tracking each new legalization market.,"Oregon program: $6,799, 6 months (+40-hr practicum); Colorado program: $6,599, 150 hours (+40-hr practicum, 50-hr consultation); New Mexico program launched. Klarna financing offered. Graduates included the first licensed psilocybin facilitators in the US. On BOTH the Oregon OHA approved-curriculum list (Portland) and Colorado DORA approved list (didactic/practicum/consultation all yes).",https://www.changainstitute.com/programs/oregon-certification,training,high
The Leela School of Awakening,training,OHA-licensed and HECC-approved facilitator training school,psilocybin,Ashland,Oregon,USA,+1 877-584-1165,https://leelaschool.org/psilocybin-facilitator-program/,"Eli Jaxon-Bear (founder, lead educator); Crea Land, MHSc (Program Director); Leigh Estok (Administrative Director)",Established Oregon training school pairing spiritual-teacher lineage with state-licensed curriculum.,"9 months, 205 hours, hybrid (online + 2 in-person retreats at Jackson Wellsprings, Ashland); tuition $8,500 + $50 app fee + $500 deposit; 34-person cohorts; scholarships available. Licensed by OHA and approved by Oregon HECC. 2026 cohort postponed to 2027. On Oregon approved-curriculum list.",https://www.leelaschool.org/psilocybin-facilitator-program/,training,high
AAA Learning Institute,training,Facilitator training school,psilocybin,Eugene,Oregon,USA,,https://www.aaalearninginstitute.com,Jen Snyder (founder),Price-disruptor at the bottom of the Oregon training market.,"Fall 2026 tuition listed at $999 - lowest published price among OHA-approved programs; free masterclass and readiness assessment funnel. On Oregon OHA approved-curriculum list (Eugene, OR).",https://www.aaalearninginstitute.com/,training,high
Acadia Professional Learning LLC,training,Facilitator training school,psilocybin,Portland,Oregon,USA,(503) 963-7913 (as published on CO DORA list),https://acadiaprofessional.com,,One of the few dual OR+CO fully-approved (didactic+practicum+consultation) training providers.,Facilitator Training Program + practicum training; separate Oregon and Colorado tracks/FAQs. On BOTH Oregon OHA approved-curriculum list and Colorado DORA approved list (didactic/practicum/consultation all yes). Pricing not published on site.,https://dpo.colorado.gov/NaturalMedicine,training,high
A Emerald Valley Institute LLC,training,Facilitator training program,psilocybin,Eugene,Oregon,USA,,https://emeraldvalleyinstitute.com,,State-approved Oregon curriculum holder; minimal public footprint.,"On Oregon OHA approved-curriculum list (via state licensing portal data, 2026-09-01). Website is a 'coming soon' placeholder as of verification - limited public detail.",https://psilocybin.oregon.gov/training-approved,training,high
Alfred M. Hubbard Institute,training,Facilitator training program,psilocybin,San Francisco,California,USA,,https://www.AlfredHubbard.com,,Out-of-state (CA) holder of an approved Oregon curriculum.,"On Oregon OHA approved-curriculum list (San Francisco, CA), per state licensing portal data 2026-09-01. Named for LSD pioneer Al Hubbard.",https://psilocybin.oregon.gov/training-approved,training,high
Entheogen Institute,training,Facilitator training school,psilocybin,Ashland,Oregon,USA,541-690-4786 (as published on CO DORA list),https://www.entheotraining.com,,Dual-state approved southern-Oregon training provider.,On BOTH Oregon OHA approved-curriculum list and Colorado DORA approved list (didactic/practicum/consultation all yes).,https://dpo.colorado.gov/NaturalMedicine,training,high
Heroic Hearts Process Psychedelic Coach & Facilitator Training (Heroic Hearts Project),training,Veteran-focused nonprofit training program (online),psilocybin,,Oregon (online delivery),USA,,https://heroicheartsproject.learnworlds.com/,,Veteran-community pipeline into licensed facilitation - a key access constituency.,"Online program on the Oregon OHA approved-curriculum list (listed city 'online'), per state licensing portal data 2026-09-01. Training arm of Heroic Hearts Project, the veteran psychedelic-access nonprofit.",https://psilocybin.oregon.gov/training-approved,training,high
Oregon Psychedelic Institute,training,Facilitator training program,psilocybin,Joseph,Oregon,USA,,http://www.oregonpsych.com,,Rural eastern-Oregon curriculum holder.,"On Oregon OHA approved-curriculum list (Joseph, OR), per state licensing portal data 2026-09-01.",https://psilocybin.oregon.gov/training-approved,training,high
Weaving Bridges Natural Fellowship Psilocybin Facilitator Training Program,training,Facilitator training program,psilocybin,Portland,Oregon,USA,,,,Approved-curriculum holder rounding out the complete official Oregon roster.,"On Oregon OHA approved-curriculum list (Portland, OR), per state licensing portal data 2026-09-01; state listing's website field points to the OPS training page - no independent site found.",https://psilocybin.oregon.gov/training-approved,training,high
Academy of Intrinsic Studies (AIS),training,Multi-state natural-medicine training company,psilocybin / natural medicine,Bend,Oregon,USA,(458) 206-0853 (DORA list) / +1 541-316-8846 (site),https://intrinsicstudies.com,,Multi-state expansion play in facilitator education (CO live; OR/NM/NY planned).,"Colorado DORA-approved (didactic yes, practicum NO, consultation yes); currently enrolling for Colorado with Oregon, New Mexico and New York 'coming soon'. Explicitly an educational company - supplies no psilocybin, provides no therapy. Tuition varies by state; not published.",https://intrinsicstudies.com/,training,high
Bodhi Academy,training,Facilitator training school,psilocybin / natural medicine,Boulder,Colorado,USA,(720) 372-1158 (as published on CO DORA list),https://www.bodhi-academy.com,"Team incl. Sienna Terranova, LNMF, CICC, CBHT; Anthony Smith, PhD; Rose Moulin-Franco, LNMF, CPC, CICMC (founders not specified on site)",Boulder-based fully-approved (all three components) Colorado training provider with retreat-based practicum.,6-month certification: 200+ classroom hours plus 100-hour supervised practicum incl. 10-day retreat at a licensed Colorado healing center; cohorts capped at 24; $500 early-enrollment discount for 2026; full tuition not published. Colorado DORA-approved (didactic/practicum/consultation all yes).,https://www.bodhi-academy.com/,training,high
Center for Medicinal Mindfulness (Medicinal Mindfulness Academy),training,Psychedelic therapy center + DORA-approved training academy,"psilocybin, cannabis-assisted (legacy), natural medicine",Boulder,Colorado,USA,720-440-1067 (as published on CO DORA list),https://medicinalmindfulness.academy,"Daniel McQueen, MA (founder/lead); Alison McQueen, LPC, ATR-BC, ACS (co-lead)",Longest-running Boulder psychedelic-guide lineage converted into a fully-approved Colorado training program.,NMHA Facilitator Training Program ('Mindfulness-Based & Arts-Integrated Psychedelic Facilitator Training'); DORA-approved (didactic/practicum/consultation all yes); claims its healing center was the first legal psychedelic plant-medicine center in the US; new students get 75 hrs of webinar material free; tuition not published on page.,https://medicinalmindfulness.academy/,training,high
Ceremonia (Ceremonia Edu),training,508(c)(1)(a) church nonprofit with DORA-approved facilitator training,psilocybin / natural medicine,Arvada (training listing) / Denver,Colorado,USA,720-460-1630 (as published on CO DORA list),https://www.ceremoniacircle.org,Austin Mao (co-founder),Church-model operator that crossed into state-approved facilitator education - a distinctive legal posture.,"Colorado DORA-approved training program (didactic/practicum/consultation all yes; listed at 8280 Queen St, Arvada). Operates state-legal retreats under Colorado law and federally as a church; training cost/length not published on fetched pages.",https://dpo.colorado.gov/NaturalMedicine,training,high
CU Denver Center for Psychedelic Research - CPR Facilitator Training Program,training,Public university facilitator training program,psilocybin / natural medicine,Denver,Colorado,USA,,https://clas.ucdenver.edu/education-and-training-psychedelic-science-and-facilitation,,The public-university option in Colorado's approved-training roster.,"$7,500 for 2-course series (+$250-400 materials); 18 weeks, 160 hours; twice-weekly virtual classes (Mon/Thu 6-8:30pm MT) + self-paced modules; Spring & Summer 2027 cohorts, applications open Oct 2026. Colorado DORA-approved (didactic yes; practicum no; consultation available 2026). Directors not named on program page.",https://clas.ucdenver.edu/education-and-training-psychedelic-science-and-facilitation,training,high
Elemental Psychedelics,training,DORA-approved facilitator training school,psilocybin (mushroom facilitation),Fort Collins,Colorado,USA,(970) 818-8346 (as published on CO DORA list),https://www.elementalpsychedelics.com,"Shannon Hughes, PhD (Program Director); Dori Lewis, LPC (Therapist & Clinical Director)",Northern-Colorado fully-approved training provider with embodied/experiential emphasis.,"150-hour program over ~5 months (80 hrs online async + 70 hrs in-person); DORA-approved (didactic/practicum/consultation all yes); Fall 2026 cohort open, max 30 participants; tuition in downloadable program PDF, not on page. CO law adds 40-hr practicum + 40-hr consultation for licensure.",https://www.elementalpsychedelics.com/mushroomtraining,training,high
Memoru Center for Visionary Healing Arts,training,Psychedelic therapy center + practitioner training/mentorship,"psilocybin, MDMA (leaders' MAPS-trial lineage)",Boulder,Colorado,USA,,https://memorucenter.org,"Sara Lewis, PhD, LCSW; Marcela Ot'alora G., MA, LPC; Bruce Poulter, RN, MPH (leadership team)",Brings MAPS Phase-3 MDMA trainer lineage directly into Colorado's licensed psilocybin training market.,"On Colorado DORA approved list (didactic/practicum/consultation all yes; 100 Arapahoe Ave, Boulder). Leadership claims 60+ combined years and 750+ hours of MDMA-assisted therapy experience; 'thousands of therapists trained globally' under their prior roles (Ot'alora and Poulter were MAPS MDMA Phase 3 trainers). Program cost/length not published.",https://memorucenter.org/,training,high
"The Resurgence Training Institute, Inc. (Synthesis Institute)",training,Private psychedelic practitioner training company,psilocybin,Chicago,Illinois (corporate address); online/global delivery,USA,(800) 927-9800 (as published on CO DORA list),https://www.synthesisinstitute.com,,Revived Synthesis brand operating at scale in Colorado's approved-training roster.,"Operates the Synthesis Institute brand; Colorado DORA-approved (didactic yes; practicum listed 'available 2025'; consultation yes). 13-month Psychedelic Practitioner Core Training; also Colorado Facilitator Training, MA/PhD pathway, retreats. Claims 500+ trainees/alumni since 2021 and 1,100+ legal-retreat participants since 2018. Pricing not published.",https://www.synthesisinstitute.com/home,training,high
American Psychedelic Practitioners Association (APPA),association,professional association / accreditation body (nonprofit),"psilocybin, MDMA, psychedelic-assisted therapy broadly",Washington,DC (national),USA,,https://www.appa-us.org/,"Stephen N. Xenakis, MD (Executive Director, appointed June 2023); Darron Smith, PhD, PA-C (Board Member)","Founded 2021 as both the national practitioner association and accreditation body for psychedelic-assisted therapy; co-published (with BrainFutures) the first professional practice guidelines for PAT in Aug 2023; 1,000+ clinician members.",Official site appa-us.org unreachable via fetcher (SSL error); details from June 2023 press release. Published email is via KCSA (media relations); general email  appears in secondary sources. | VERIFY: DISSOLVED — sunsetted per official LinkedIn announcement; guidelines remain citable,https://www.biospace.com/american-psychedelic-practitioners-association-announces-appointment-of-brigadier-general-ret-stephen-n-xenakis-md-as-new-executive-director,assoc-regulators,high
"American Society of Ketamine Physicians, Psychotherapists & Practitioners (ASKP3)",association,professional society,"ketamine, esketamine, emerging psychedelics",Altamonte Springs,Florida,USA,407-774-7880,https://www.askp.org/,"Sandhya Prashad, MD (President); Erin Amato, MD (Vice President); Patrick Sullivan, DO (Secretary); Jeffrey Becker, MD (Treasurer); Nykol Bailey Rice, CRNA (Director); Nico Grundmann, MD, MBA (Director)",The main US intradisciplinary society setting evidence-based standards for ketamine therapy — the currently legal on-ramp for most psychedelic-adjacent clinics; runs education and an annual conference.,"Address: 222 S. Westmonte Drive Suite 111, Altamonte Springs, FL 32714. Board roster as published 2026.",https://www.askp.org/board-members/,assoc-regulators,high
Board of Psychedelic Medicine and Therapies (BPMT),association,certification/credentialing board (CA nonprofit public benefit corp),psychedelic medicine and therapy (substance-agnostic certification),,California,USA,,https://psychedelicsboard.org/,"NiCole T. Buchanan, PhD (Interim Board Chair and CEO); Kirk Marckwald (former Interim Executive Director)",Building national certification standards for psychedelic therapists — the would-be 'board certification' layer of the profession; fiscally sponsored by Players Philanthropy Fund (501(c)(3)).,Role of Buchanan verified at https://psychedelicsboard.org/nicole-t-buchanan/; no direct email published; donations-funded.,https://psychedelicsboard.org/about/,assoc-regulators,high
Psychedelic Medicine Association (PMA),association,professional association (public benefit corporation),"psychedelic medicines broadly (psilocybin, ketamine, MDMA education)",,,USA,,https://www.psychedelicmedicineassociation.org/,"Lynn Marie Morski, MD, JD (Founder and President); Barney Neal (Chief Technology Officer)",Member-dues-funded association educating frontline physicians/therapists on psychedelic therapies and pushing for payer coverage; founding members included Field Trip and Numinus; runs the Psychedelic Medicine Podcast.,Official site returned 403 to fetcher; leadership verified via Psychedelic Alpha interview and plantmedicine.org. Launched September 2020.,https://psychedelicalpha.com/news/lynn-marie-morski-psychedelic-medicine-association/,assoc-regulators,high
Psychedelic Bar Association (PBA),association,legal professional association (fiscally sponsored nonprofit),"psychedelics law (psilocybin, MDMA, ketamine, plant medicines)",,"Washington (fiscal sponsor CascadiaNow!, Seattle)",USA,,https://thepsychedelicbar.org/,Christian Holden (Board Chair); Madalyn McElwain (Interim Executive Director); Sherrie McCumber (Director of Operations); Jon Dennis (Board Member); Laurel Kilgour (Board Member); Jodi Green (Board Member); Abby Volin (Board Member); Taylor Loyden (Board Member); Melissa Dean (Board Member); Matt Grimes (Board Member); Casey Marek (Board Member),"The bar association for attorneys practicing psychedelic law — the connective tissue between operators, regulators, and legal counsel; member directory is a channel to the field's specialist lawyers.",Fiscally sponsored by CascadiaNow!; no direct email/address published on board page; member directory at pba.memberclicks.net.,https://thepsychedelicbar.org/board/,assoc-regulators,high
International Society for Research on Psychedelics (ISRP),association,scientific society / conference organizer,"psychedelic science broadly (basic, clinical, translational)",,,USA,,https://isrpsych.org/,"Peter Hendricks, PhD (Co-Editor, Psychedelic Medicine journal); Charles D. Nichols, PhD (Co-Editor, Psychedelic Medicine journal)","The academic society for psychedelic researchers; publishes the peer-reviewed journal Psychedelic Medicine and hosts the ISRP conference (next: Feb 27–Mar 1, 2026, Royal Sonesta, New Orleans).",Society officers/board not published on site; the two names listed are the affiliated journal's editors as published in search-indexed material.,https://isrpsych.org/,assoc-regulators,high
"Horizons: Perspectives on Psychedelics (Horizons Media, Inc.)",association,conference organizer (501(c)(3) educational charity),"psychedelics broadly — science, medicine, policy, business, culture",New York City,New York,USA,,https://horizonsconference.org/,"Kevin Balktick (Founder + Director); Julie Holland, MD (leadership); James Vasile, Esq. (leadership)","Longest-running annual psychedelic conference (since 2007, 18 conferences); the New York gathering where research, policy, and industry audiences converge, incl. a dedicated industry/entrepreneurship day.",Held at the New York Academy of Medicine; contact email obfuscated on site (contact form available). horizonspbc.com and horizons.nyc redirect here.,https://horizonsconference.org/about,assoc-regulators,high
Psychedelic Science (MAPS),association,conference organizer (nonprofit-produced industry/science conference),"psychedelics broadly (MDMA, psilocybin, research and policy)",Denver,Colorado (next event),USA,,https://psychedelicscience.org/,,"The field's largest conference (8,000+ expected), produced by the Multidisciplinary Association for Psychedelic Studies (MAPS) since 2010; next edition May 3–7, 2027 at the Colorado Convention Center, theme 'Bridging Promise & Practice'.",Site publishes no individual organizer names; contact via https://psychedelicscience.org/contact-us/. Parent org MAPS (maps.org) founded by Rick Doblin.,https://psychedelicscience.org/,assoc-regulators,high
Breaking Convention,association,conference organizer (UK registered charity #1159687),"psychedelic research across sciences, law, policy, humanities",,England (2025 edition: University of Exeter),United Kingdom,,https://breakingconvention.co.uk/,"Aimee Tollan (Executive Director); Alexander Beiner (Executive Director); Hattie Wells (Executive Director); Nikki Wyrd (Executive Director); Peter Sjöstedt-Hughes (Executive Director); Cameron Adams (Trustee); Dave King (Trustee); David Luke (Trustee, Co-founder)","Europe's leading biennial psychedelic research conference (since 2011, 200+ presenters, attendees from 40 countries); also publishes academic volumes from each conference; BC2025 held April 17–19 at University of Exeter.","Also on team page: Darren Le Baron (Academic Programme Co-organiser), Rosalind Stone (Press Officer), Julian Vayne (Workshops).",https://breakingconvention.co.uk/about,assoc-regulators,high
MIND Foundation / INSIGHT Conference & Forum,association,nonprofit (gGmbH) science organization / conference organizer,psychedelics in medicine and consciousness research,Berlin,Berlin,Germany,+49 30 2904 7658,https://www.mind-foundation.org/insight-forum,"Dr. Henrik Jungaberle (CEO, MIND Foundation); Simon Reichersdörfer (Chair of Board of Trustees & INSIGHT Forum Director); Dr. Marvin Däumichen (Deputy Managing Director); Inna Krylovetska (Events Manager)","Organizes INSIGHT, the leading transdisciplinary European psychedelic research conference in Berlin, plus the recurring INSIGHT Forum public talk series; a hub for the German/EU professional ecosystem.","Address: Boxhagener Str. 78, 10245 Berlin. insight-conference.eu redirects to this page. Volunteer contact: .",https://www.mind-foundation.org/insight-forum,assoc-regulators,high
Oregon Psilocybin Services (Oregon Health Authority),regulator,"state program office (OHA Public Health Division, Center for Health Protection)",psilocybin,Portland,Oregon,USA,971-673-0322,https://www.oregon.gov/oha/PH/PREVENTIONWELLNESS/Pages/Oregon-Psilocybin-Services.aspx,"Angela (Angie) Allbee (Section Manager, Oregon Psilocybin Services)","First-in-nation regulator (Measure 109, 2020): licenses psilocybin manufacturers, service centers, facilitators, labs, and transport; licensing opened Jan 2, 2023 — the template every supplier/training program in the state operates under.",Function-specific contacts as published:  / 971-673-0304;  / 971-673-0316. Allbee's role verified via OPB and PSYCH interviews (state page lists no names).,https://www.oregon.gov/oha/PH/PREVENTIONWELLNESS/Pages/Psilocybin-Contact-Us.aspx,assoc-regulators,high
Colorado Natural Medicine Division (Department of Revenue),regulator,state regulatory division (business/product licensing),psilocybin / natural medicine (Prop 122 program),Denver,Colorado,USA,,https://nmd.colorado.gov/,"Dominique Mendiola (Senior Director, Marijuana Enforcement and Natural Medicine Divisions)","Licenses and regulates Colorado natural-medicine businesses — healing centers, cultivation, manufacturing, testing — under Proposition 122; began accepting license applications Dec 31, 2024.","colorado.gov properties returned 403 to the fetcher; division identity, Mendiola's title, and application timeline verified via official press releases (dnm.colorado.gov PDFs) surfaced in search.",https://nmd.colorado.gov/about-us,assoc-regulators,high
Colorado Natural Medicine Program — DORA Division of Professions and Occupations,regulator,state facilitator-licensing office,psilocybin / natural medicine facilitation,Denver,Colorado,USA,303-894-7800,https://dpo.colorado.gov/NaturalMedicine,Lorey Bratten (Program Director),"The professional-licensing half of Colorado's system: licenses natural medicine facilitators (and their training/CE requirements) at DORA, complementing DOR's business licensing — gatekeeper for the facilitator workforce.","Address: 1560 Broadway, Suite 1350, Denver, CO 80202; fax 303-894-2310; general licensing questions . Direct fetch blocked (403); details verified via search snippets of the official DPO pages.",https://dpo.colorado.gov/NaturalMedicine,assoc-regulators,high
New Mexico Medical Psilocybin Program (NM Department of Health),regulator,state program office (Center for Medical Cannabis and Psilocybin),"psilocybin (medical model: treatment-resistant depression, PTSD, substance use disorders, end-of-life care)",Santa Fe,New Mexico,USA,505-827-2321,https://www.nmhealth.org/about/mcpp/mpp/,,"First state medical-model psilocybin program (SB 219, signed April 2025, effective June 20, 2025); DOH is in rulemaking with full implementation targeted Dec 31, 2026 — the next major state market to open.","Address: Harold Runnels Building, 1190 S. St. Francis Dr., Suite N-1320, Santa Fe, NM 87505; PO Box 26110, Santa Fe, NM 87502-6110. A Medical Psilocybin Advisory Board guides implementation; no program manager named on page.",https://www.nmhealth.org/about/mcpp/mpp/,assoc-regulators,high
Therapeutic Goods Administration (TGA) — Authorised Prescriber Scheme (MDMA & psilocybine),regulator,national medicines regulator (unapproved-goods access scheme),"psilocybine (treatment-resistant depression), MDMA (PTSD)",Canberra (Woden),ACT,Australia,1800 020 653,https://www.tga.gov.au/products/unapproved-therapeutic-goods/mdma-and-psilocybine,,"Since July 1, 2023, authorises psychiatrists (with HREC approval) to prescribe MDMA and psilocybine outside trials — the world's first national down-scheduling; the contact point for every AU supplier and prescriber.","AP submissions email as published in TGA guidance: ; PO Box 100, Woden ACT 2606. tga.gov.au timed out on direct fetch; details from TGA pages/PDFs surfaced in search.",https://www.tga.gov.au/products/unapproved-therapeutic-goods/mdma-and-psilocybine/access-pathways/prescribe-mdma-or-psilocybine-psychiatrists,assoc-regulators,high
Health Canada — Special Access Program (Drugs),regulator,federal drug-access program office,"psilocybin, MDMA (case-by-case access for serious/life-threatening conditions)",Ottawa,Ontario,Canada,613-941-2108,https://www.canada.ca/en/health-canada/services/drugs-health-products/special-access/drugs.html,,"Since the Jan 2022 regulatory amendment, practitioners can request restricted drugs incl. psilocybin through SAP when trials are unsuitable — Canada's main legal supply pathway and the office GMP suppliers ship against.",Fax 613-941-3194. canada.ca returned 403 to the fetcher; contacts verified via psychedeliclaw.ca and TheraPsil summaries of the official page. First psilocybin SAP approvals issued 2022.,https://www.canada.ca/en/health-canada/services/drugs-health-products/special-access/drugs.html,assoc-regulators,high
Swiss Federal Office of Public Health (FOPH/BAG) — Exceptional Licences for Banned Narcotics,regulator,federal exceptional-authorization office (limited medical use),"psilocybin, MDMA, LSD (compassionate/limited medical use, Art. 8(5) Narcotics Act)",Bern,Bern,Switzerland,+41 58 463 88 24,https://www.bag.admin.ch/en/exceptional-licences-for-banned-narcotics,,Runs the world's longest-standing legal psychedelic-therapy channel: per-patient exceptional authorisations since 2014 (psilocybin added 2021); 723 treatment authorisations issued in 2024 (348 psilocybin) across ~100 physicians.,"Handled within the Prevention of Non-Communicable Diseases Division, Schwarzenburgstrasse 157, 3003 Bern; licences valid one year, Swiss residents only. Usage stats from the 2025 Swiss program paper (PMC12341733).",https://www.bag.admin.ch/en/exceptional-licences-for-banned-narcotics,assoc-regulators,high
Ministry of Health of the Czech Republic (Ministerstvo zdravotnictví ČR) — Medical Psilocybin Framework,regulator,national health ministry (medical psilocybin authorization),psilocybin (treatment-resistant depression and selected conditions),Prague,Prague,Czech Republic,+420 224 971 111,https://mzd.gov.cz/,,"First EU member state to regulate medical psilocybin: law signed July 17, 2025, effective Jan 1, 2026; the Ministry authorizes the treating facilities and approves training programs (with the Czech Neuropharmacological Society); NUDZ expects treatment launch H2 2026.","Ministry address: Palackého nám. 4, 128 01 Praha 2 (contact as listed by Czech government directories). No dedicated psilocybin program office/manager published yet; framework sets 75 mg/month cap and 6-month (100+ hr) approved training requirement.",https://dostupnyadvokat.cz/en/blog/therapeutic-use-of-psilocybin-new-legal-framework-from-2026,assoc-regulators,high
Compass Pathways,developer,"pharma (clinical-stage, Nasdaq: CMPS)","COMP360 (synthetic psilocybin, 25 mg single dose)",London,England,United Kingdom,,https://compasspathways.com,Kabir Nath (CEO); Guy Goodwin (Chief Medical Officer),"Front-runner: two positive Phase 3 trials (COMP005, COMP006) in treatment-resistant depression; likely first psilocybin NDA.",NDA rolling review granted by FDA April 2026 plus Commissioner's National Priority Voucher (review could be 1-2 months post-filing); all NDA modules on track to complete Q4 2026. Six-month durability data from COMP006 announced July 2026. Lead indication: treatment-resistant depression (TRD). US office in New York.,https://ir.compasspathways.com/News--Events-/news/news-details/2026/Compass-Pathways-Announces-FDA-Granted-NDA-Rolling-Review-Request-and-Awarded-Commissioners-National-Priority-Voucher/default.aspx,developers,high
Usona Institute,developer,nonprofit medical research organization (drug sponsor),"Psilocybin (synthetic, single 25 mg dose)",Fitchburg (Madison area),Wisconsin,United States,,https://www.usonainstitute.org,"Bill Linton (Co-founder & Executive Director; also founder/CEO of Promega); Charles 'Chuck' Raison, MD (Director of Clinical and Translational Research)",The nonprofit sponsor of psilocybin for major depressive disorder — Phase 3 uAspire trial underway with FDA Breakthrough Therapy designation.,"Phase 3 uAspire trial (NCT06308653-family; ~240 adults with MDD; 25 mg vs 5 mg vs placebo, 6-week primary endpoint, 52-week follow-up). Breakthrough Therapy designation granted 2019. Funded philanthropically; no commercial BD contact published.",https://www.usonainstitute.org/psilocybin,developers,high
Resilient Pharmaceuticals (fka Lykos Therapeutics / MAPS PBC),developer,public benefit corporation (drug sponsor),Midomafetamine (MDMA) capsules with assisted therapy,San Jose,California,United States,,,"Michael Mullette (CEO; former COO, became interim CEO after Amy Emerson stepped down 2024)",Sponsor of the first MDMA-assisted therapy NDA for PTSD; resubmitted to FDA in August 2026 after the 2024 Complete Response Letter.,"Renamed from Lykos Therapeutics to Resilient Pharmaceuticals Aug 2025 (second rename; originally MAPS PBC). NDA for MDMA-AT in PTSD resubmitted Aug 2026 WITHOUT a new Phase 3, leaning on FDA's July 2026 final guidance 'Psychedelic Drugs: Considerations for Clinical Investigations.' Status: alive but resubmission outcome pending; MAPS (nonprofit) remains a separate advocacy entity.",https://psychedelicalpha.com/news/two-years-after-rejection-resilient-quietly-refiles-mdma-for-ptsd-application/,developers,high
Helus Pharma (fka Cybin),developer,"pharma (clinical-stage, Nasdaq/Cboe Canada: HELP)","HLP003 (fka CYB003, deuterated psilocybin analog); HLP004 (fka CYB004, deuterated DMT)",Toronto,Ontario,Canada,,https://ir.helus.com,"Michael Halstead (CEO, appointed Aug 2026); Eric So (Co-founder & President, interim CEO Sep 2025–Aug 2026); Amir Inamdar (Chief Medical Officer)",Late-stage psychedelic developer: HLP003 in pivotal Phase 3 (PARADIGM program) for adjunctive MDD with Breakthrough Therapy designation.,"Rebranded Cybin→Helus Pharma and moved to Nasdaq (CYBN→HELP) Jan 5, 2026. Phase 3 PARADIGM program: APPROACH (220 pts, topline expected Q4 2026), EMBRACE (330 pts, US/EU/UK/AUS), EXTEND long-term extension. HLP004 Phase 2 in generalized anxiety disorder. Doug Drysdale stepped down as CEO Sep 2025.",https://www.sec.gov/Archives/edgar/data/1833141/000183314126000002/helusrebrandprfinal.htm,developers,high
AtaiBeckley (atai Life Sciences + Beckley Psytech),developer,"pharma (clinical-stage platform company, Nasdaq: ATAI)",BPL-003 (intranasal mebufotenin/5-MeO-DMT benzoate); VLS-01 (buccal DMT); EMP-01 (oral R-MDMA),New York,New York,United States,,https://ir.ataibeckley.com,"Srinivas Rao, MD, PhD (CEO & Co-founder); Christian Angermayer (Chairman); Scott Braunstein, MD (Vice Chairman)",Largest psychedelic-platform company post-merger; BPL-003 has FDA Breakthrough Therapy designation and Phase 3 in TRD starting 2026.,"atai/Beckley Psytech combination completed Nov 2025 (98% shareholder approval). BPL-003 Phase 2b in TRD hit primary and all key secondary endpoints (single 12 mg dose); End-of-Phase-2 meeting done, Phase 3 targeted Q2 2026 start; cash runway into 2029. Cosmo Feilding-Mellen (ex-Beckley CEO) resigned from board Jan 6, 2026. Legacy sites in Berlin and Oxford. | VERIFY: corporate name AtaiBeckley Inc. (renamed Dec 2025 from Atai Beckley N.V.), Nasdaq ATAI",https://ir.ataibeckley.com/news-releases/news-release-details/atai-life-sciences-and-beckley-psytech-announce-successful,developers,high
GH Research,developer,"pharma (clinical-stage, Nasdaq: GHRS)",GH001 (inhaled mebufotenin / 5-MeO-DMT); GH002 (IV) earlier-stage,Dublin,Leinster,Ireland,,https://www.ghres.com,Dr. Velichka 'Villy' Valcheva (CEO since Sep 2024; previously CMO),Inhaled 5-MeO-DMT leader: Phase 2b in TRD published in JAMA Psychiatry (-15.5 MADRS at Day 8); global Phase 3 initiating 2026.,"FDA lifted US clinical hold on GH001 IND Jan 5, 2026, enabling US enrollment and a global Phase 3 program in TRD in 2026. Lead indication: treatment-resistant depression; also explored in bipolar II depression and postpartum depression.",https://investor.ghres.com/news-releases/news-release-details/gh-research-announces-fda-lifts-clinical-hold-gh001-clearing/,developers,high
Definium Therapeutics (fka MindMed / Mind Medicine),developer,"pharma (late-clinical-stage, Nasdaq: DFTX)",DT120 (fka MM120; lysergide D-tartrate / LSD orally disintegrating tablet),New York,New York,United States,,https://definiumtx.com,"Robert (Rob) Barrow (CEO, since 2021); Daniel R. Karlin, MD (Chief Medical Officer)",Only company with LSD in pivotal trials: three Phase 3 readouts expected in 2026 across GAD and MDD; Breakthrough Therapy designation in GAD.,"Rebranded MindMed→Definium Therapeutics Jan 12, 2026 (MNMD→DFTX). Phase 3 program: Voyage and Panorama in generalized anxiety disorder, Emerge in major depressive disorder (Voyage topline 1H 2026; Panorama/Emerge 2H 2026); a 2026 FirstWord report describes a positive MDD study readout for the LSD-based drug. Phase 2b GAD data published in JAMA.",https://www.businesswire.com/news/home/20260109339960/en/MindMed-Rebrands-to-Definium-Therapeutics-Advancing-a-Leading-Late-Stage-Psychiatry-Pipeline-with-Three-Phase-3-Readouts-Expected-in-2026,developers,high
Gilgamesh Pharmaceuticals,developer,"pharma (private, clinical-stage)","Bretisilocin (GM-2505, short-acting 5-HT2A agonist/5-HT releaser); GM-3009 (cardiac-safe ibogaine analog); GM-1020 (oral NMDA antagonist)",New York,New York,United States,,https://www.gilgameshpharmaceutical.com,"Jonathan Sporn, MD (CEO & Chairman, Co-founder); Andrew Kruegel, PhD (Co-founder, chemistry lead/CSO); Dalibor Sames, PhD (Co-founder)",Validation case for the sector: sold Phase 2 asset bretisilocin (MDD) to AbbVie in Aug 2025 while advancing an NIDA-funded ibogaine analog for opioid use disorder.,"AbbVie agreed Aug 25, 2025 to acquire bretisilocin (Phase 2, moderate-to-severe MDD; positive Phase 2a May 2025). Separately holds a $14M multi-year NIDA grant (Mar 2024) for GM-3009 in opioid use disorder. Raised $60M led by Satori Capital with Prime Movers Lab (Mar 2026). Prior AbbVie discovery collaboration (2024) for next-gen psychiatry compounds. No BD email published on site.","https://news.abbvie.com/2025-08-25-AbbVie-to-Acquire-Gilgamesh-Pharmaceuticals-Bretisilocin,-a-Novel,-Investigational-Therapy-for-Major-Depressive-Disorder,-Expanding-Psychiatry-Pipeline",developers,high
Transcend Therapeutics (now wholly owned by Otsuka),developer,pharma (clinical-stage; Otsuka America subsidiary since Jun 2026),"TSND-201 (methylone, rapid-acting neuroplastogen; entactogen without direct 5-HT2A activity)",New York,New York,United States,,https://transcendtherapeutics.com,Blake Mandell (Co-founder & CEO),First psychedelic-adjacent M&A exit to Japanese pharma: Otsuka paid $700M upfront (up to $1.225B total) for the Phase 3-stage methylone PTSD program.,"Phase 2 IMPACT-1 in severe PTSD published in JAMA Psychiatry Feb 2026 (statistically significant, clinically meaningful symptom reduction); FDA Breakthrough Therapy designation Jul 2025; Phase 3 recruitment underway in US. Otsuka acquisition announced Mar 27, 2026, completed Jun 12, 2026 — Transcend is now a wholly owned Otsuka America subsidiary.",https://www.otsuka.co.jp/en/company/newsreleases/2026/20260327_2.html,developers,high
Reunion Neuroscience,developer,"pharma (private, clinical-stage; MPM BioImpact-backed)","RE104 (subcutaneous 4-OH-DiPT prodrug, short-duration psychedelic)",Morristown,New Jersey,United States,,https://reunionneuro.com,Greg Mayes (President & CEO); Nate Bryson (Chief Science Officer),"Leading the postpartum-depression niche: positive Phase 2 RECONNECT (statistically significant Day-7 MADRS benefit), FDA-aligned Phase 3 planned for 2026.","RECONNECT Phase 2 in PPD: 30 mg arm -23.0 MADRS vs -17.2 active control at Day 7 (p=0.001), benefit through Day 28; full data at ACNP Jan 2026. End-of-Phase-2 meeting completed Dec 2025; Phase 3 PPD initiation planned 2026 plus Phase 2 RECLAIM in GAD (1Q 2026). $103M Series A (went private from TSX). IR contact (as published): ; PR:  (Precision AQ agency).",https://reunionneuro.com/2026/01/12/reunion-neuroscience-announces-program-updates-and-highlights-anticipated-2026-milestones/,developers,high
Bright Minds Biosciences,developer,"pharma (clinical-stage, Nasdaq: DRUG)","BMB-101 (selective 5-HT2C agonist, non-hallucinogenic serotonergic)",Vancouver,British Columbia,Canada,,https://brightmindsbio.com,"Ian McDonald (CEO & Co-founder); Stephen Collins, MD, PhD (Chief Medical Officer, appointed Aug 2025)",Psychedelic-derived serotonin pharmacology pivoted to epilepsy: positive Phase 2 BREAKTHROUGH data (Jan 2026) now heading to registrational trials.,Phase 2 BREAKTHROUGH (24 patients): 73.1% median reduction in absence seizures; 63.3% median reduction in major motor seizures in DEE; met primary endpoints in both cohorts. Preparing global registrational trials; Prader-Willi Syndrome study planned Q1 2026. Lead indications: absence epilepsy and developmental & epileptic encephalopathies.,https://www.globenewswire.com/news-release/2026/01/06/3213483/0/en/Bright-Minds-Biosciences-Announces-Positive-Topline-Results-from-Phase-2-Clinical-Trial-of-BMB-101-in-Patients-with-Absence-Seizures-and-Developmental-and-Encephalopathic-Epilepsie.html,developers,high
Enveric Biosciences,developer,"pharma (preclinical/IND-stage, Nasdaq: ENVB)",EB-003 (non-hallucinogenic neuroplastogen; dual 5-HT2A/5-HT1B engagement),Cambridge,Massachusetts,United States,,https://www.enveric.com,"Joseph Tucker, PhD (CEO & Director)",Small-cap neuroplastogen developer with a Psybrary(TM) discovery platform; EB-003 in IND-enabling studies aiming for first-in-human entry.,"IND-enabling genotoxicity studies initiated Jun 2026; 2H 2026 priorities are completing IND-enabling work, submitting IND, and starting first-in-human trial. Actively seeking partners for EB-003 (presented at BIO 2026, San Diego). Cash $8.3M as of Jun 30, 2026 — financing risk. Relocated HQ to Cambridge, MA (from Naples, FL).",https://www.businesswire.com/news/home/20260602535123/en/Enveric-Biosciences-Initiates-Investigational-New-Drug-IND-enabling-Genotoxicity-Studies-of-Lead-Neuroplastogen-Candidate-EB-003,developers,high
Seelos Therapeutics,developer,pharma (clinical-stage; in Chapter 11 — effectively defunct),SLS-002 (intranasal racemic ketamine),New York,New York,United States,,https://seelostherapeutics.com,"Raj Mehra, PhD (Chairman & CEO at time of Chapter 11 filing)",Cautionary entry: former intranasal-ketamine developer for acute suicidality/MDD and DoD-funded PTSD work; filed Chapter 11 and is no longer an active industry counterparty.,"DEAD/INACTIVE — filed voluntary Chapter 11 in SDNY Nov 16, 2024 after ALS trial failure; previously delisted from Nasdaq, now trades as SEELQ. SLS-002 had positive FDA End-of-Phase-2 guidance toward Phase 3 in MDD at imminent risk of suicide, and a 2024 USAMMDA material transfer agreement for a DoD-funded PTSD Phase 2. Retained in dataset for completeness; do not treat as an operating entity.",https://www.fiercebiotech.com/biotech/after-als-trial-misses-mark-seelos-has-filed-bankruptcy,developers,high
Silo Pharma,developer,"pharma (preclinical developmental-stage, Nasdaq: SILO)",SPC-15 (intranasal 5-HT4 receptor agonist prophylactic for PTSD/stress-induced disorders); SPC-14 (Alzheimer's); SP-26 (ketamine implant),Sarasota,Florida,United States,,https://ir.silopharma.com,Eric Weisblum (Founder & CEO),Micro-cap in the psychedelic-adjacent space advancing an intranasal PTSD prophylactic toward IND via the 505(b)(2) pathway.,"Not a classic-psychedelic developer (5-HT4 agonist); nine-month stability data (Jun 2026) cleared a CMC milestone toward IND and first-in-human Phase 1; drug-device robustness study with partner Resyca announced Jun 29, 2026 ahead of planned FDA Type C meeting. Address as published: 677 N. Washington Blvd, Sarasota, FL 34236.",https://www.globenewswire.com/news-release/2026/06/23/3315946/0/en/Silo-Pharma-Reports-Positive-Stability-Data-for-SPC-15-PTSD-Treatment-Advancing-Program-Toward-First-in-Human-Clinical-Trial.html,developers,high
Psilera,developer,"pharma (private, preclinical)",PSIL-006 (non-hallucinogenic 5-HT2A/5-HT6 agonist neuroplastogen),Tampa,Florida,United States,,https://www.psilera.com,"Chris Witowski, PhD (Co-founder & CEO); Jackie von Salm, PhD (Co-founder & CSO); Magali Haas, MD, PhD (Chief Medical Officer); Scott Rairigh (EVP Corporate Development); Allyson Gage, PhD (VP Clinical Development)",Preclinical neuroplastogen shop targeting behavioral-variant frontotemporal dementia (bvFTD) — a rare non-psychiatric psychedelic indication.,Closed oversubscribed $8.8M seed extension May 2026 to take PSIL-006 toward first-in-human trials in 2027 (earlier communications said 2026). Licensed its DMT patent portfolio to atai Life Sciences (Feb 2025). Scott Rairigh (EVP Corporate Development) is the closest published BD role; general contact .,https://www.prnewswire.com/news-releases/psilera-closes-oversubscribed-8-8m-seed-funding-round-to-accelerate-neuroplastogen-psil-006-into-the-clinic-302784223.html,developers,high
Noveris Health Sciences (fka Mydecine Innovations Group),developer,"pharma (micro-cap, preclinical; CSE: NVRS)","MYCO-004 (transdermal patch tryptamine, ~2-hour duration); legacy MYCO-001/003 (psilocybin, smoking cessation)",Denver (historic Mydecine HQ; post-restructuring base unconfirmed),Colorado,United States,,,"Jason Birmingham (President, CEO & Director since Mar 2026; previously Chief Strategy Officer); Joshua Bartch (former CEO, resigned Mar 10, 2026)","Survivor-in-name-only of the 2020-21 psychedelic wave: restructured, renamed, preclinical assets in smoking cessation and PTSD.","EFFECTIVELY DORMANT/RESTRUCTURED — renamed Mydecine→Noveris Health Sciences (MYCO→NVRS on CSE) effective Feb 3, 2026 following restructuring transactions; CEO Josh Bartch resigned Mar 2026 and CSO Jason Birmingham assumed all roles. MYCO-004 remains preclinical. Treat as low-priority/at-risk counterparty.",https://www.newsfilecorp.com/release/282389/CSE-Bulletin-Name-and-Symbol-Change-Mydecine-Innovations-Group-Inc.-MYCO,developers,high
Delix Therapeutics,developer,"pharma (private, clinical-stage)","DLX-001 / zalsupindole (oral non-hallucinogenic neuroplastogen, 5-MeO-DMT analog)",Boston,Massachusetts,United States,,https://www.delixtherapeutics.com,"Mark Rus (President & CEO); David E. Olson, PhD (Co-founder; neuroplastogen concept originator)",Flagship of the non-hallucinogenic neuroplastogen class: Phase 1b efficacy signal in MDD and FDA-cleared Phase 2 design allowing at-home self-administration.,Positive Phase 1b in MDD (full results at ACNP; ASCP May 2026 presentation with NeuLogiq data confirming no psychotomimetic/hallucinatory/dissociative effects); FDA cleared Phase 2 trial design featuring at-home administration — a key scalability differentiator vs. clinic-administered psychedelics.,https://www.biospace.com/press-releases/delix-therapeutics-announces-positive-efficacy-data-for-dlx-001-zalsupindole-and-fda-clearance-of-phase-ii-trial-design-featuring-at-home-administration,developers,high
Terran Biosciences,developer,"pharma (private, clinical-stage platform + CNS IP aggregator)","TerXT (xanomeline+trospium prodrugs, schizophrenia); Idazoxan XR; eplivanserin & volinanserin (5-HT2A antagonists, Phase 3-stage assets); psychedelic salt/prodrug portfolio (psilocybin HCl, MDMA hemifumarate, oral 5-MeO-DMT prodrugs)",New York,New York,United States,,https://www.terranbiosciences.com,"Sam Clark, MD, PhD (Founder & CEO); Dustin Tetzl, MD (Chief Business Officer); Marine Yamada (Senior Manager, Strategy & Operations)",IP-and-505(b)(2) strategist: holds the largest portfolio of novel psychedelic salt forms and prodrugs plus late-stage repurposed CNS assets and GMP compound manufacturing.,"Pipeline per company site: TerXT and Idazoxan XR late-stage (505(b)(2) path); eplivanserin/volinanserin Phase 3-stage in-licensed (Sanofi heritage, 15,000+ patients of prior data); NM-101 neuromelanin-MRI software FDA-cleared; exclusive idazoxan license from Pierre Fabre. Psychedelics program is largely preclinical/IP-stage. CBO Dustin Tetzl is the published BD-facing role (no email posted).",https://www.terranbiosciences.com/,developers,high
Osmind,tech,EHR / practice-management software (public benefit corp),"ketamine, esketamine (Spravato), TMS, emerging psychedelics",San Francisco,California,USA,,https://www.osmind.org/,"Lucia Huang (co-founder & CEO); Jimmy Qian (co-founder & COO); Will Sauvé, MD (Chief Medical Officer, per site)","Owns the system-of-record layer: dominant EHR + billing/RCM for interventional psychiatry (1,000+ practices, 1M+ treatments); only private-practice EHR with automated Spravato REMS form submission; AI scribe; Caretaker Medical vitals integration","Founded 2020 (YC). $57M total raised incl. $40M Series B led by DFJ Growth (May 2022; General Catalyst, Future Ventures, Tiger Global, Pear VC, Susa Ventures) — https://www.businesswire.com/news/home/20220510005048/en/. Products: Osmind One EHR, Osmind 360 billing, Osmind Care Network credentialing.",https://www.osmind.org/,tech-vendors,high — all four source sites fetched live and cross-checked 
Psyche Insights,tech,clinic management software (all-in-one platform),"ketamine, psychedelic-assisted therapy",,,USA / Israel (dual-market),,https://app.psycheinsights.com/,Founders not published on site (see coverage notes),"Owns the all-in-one clinic OS niche for KAP/psychedelic clinics: intake-to-integration workflow with built-in AI clinical scribe, 12+ validated scales (PHQ-9, GAD-7, CADSS, 5D-ASC), telehealth, scheduling, billing; US + Israel compliance modes, Hebrew/Arabic patient portal","SaaS pricing $99–$349/mo, 14-day trial. No funding announcements or leadership press found; testimonial from a Tel Aviv KAP clinic medical director suggests Israel roots.",https://app.psycheinsights.com/,tech-vendors,high — all four source sites fetched live and cross-checked 
Homecoming (homecoming.health),tech,patient-care / psychological-screening software,"psychedelic-assisted therapy broadly (ketamine, psilocybin programs)",Toronto,Ontario,Canada,,https://www.homecoming.health/,"Yuriy Blokhin (founder & CEO); Dr. Brian Richards, PsyD (Clinical Director, ex-Johns Hopkins); Dr. Ben Kelmendi, MD (Lead Scientific Advisor, Yale)","Owns the patient preparation/integration companion layer, now repositioned around automating validated psychological screening for psychedelic patients and making it billable to insurers (CPT 96130/96131, $500–$1,000/patient historical claims)","Founded 2021. $4M oversubscribed seed (Apr 2022) led by Evolve Ventures and Integrated; SV Angel, Bridge Builders Collaborative, Amanda Feilding, Lionheart Ventures also participated — https://www.prweb.com/releases/2022/4/prweb18593297.htm. Pledged 10% of equity to psychedelic nonprofits.",https://www.homecoming.health/,tech-vendors,high — all four source sites fetched live and cross-checked 
Naitur (successor venture to Maya Health),tech,practice AI/automation services,"psychedelic-assisted care, ketamine, clinical research workflows",Denver,Colorado,USA,,https://naitur.ai/,"David Champion (founder & CEO; previously founder & CEO of Maya Health, co-founder Baker Technologies and Unlimited Sciences)","Answers the 'Maya Health status' question: mayahealth.com now 301-redirects to naitur.ai — the standalone Maya psychedelic data/outcomes platform is no longer operating; Champion's current company builds custom AI automation (intake-to-EMR sync, scale scoring, trial pre-screening, EDC reconciliation) for independent practices incl. psychedelic-assisted care","Maya Health (founded 2019, Denver, co-founders David Champion & Akoni Anthony) raised $4.3M first round (Dec 2021) for its measurement-based-care and real-world-data platform — https://www.prweb.com/releases/maya-health-raises-4-3-million-to-decentralize-psychedelic-medicine-research-879651200.html. Redirect observed 2026-09-01.",https://naitur.ai/,tech-vendors,high — all four source sites fetched live and cross-checked 
Wavepaths,tech,adaptive session-music software,"ketamine, psilocybin, MDMA, breathwork sessions",London,,United Kingdom,,https://wavepaths.com/,"Dr. Mendel Kaelen (founder & CEO; ex-Imperial College London psychedelic-music neuroscientist); Anna Wakefield/Rickman (co-founder, per company story and 2021 funding PR)","Owns the in-session music layer: person-centred, real-time-adaptive therapeutic music for psychedelic and ketamine sessions, with exclusive compositions (Brian Eno, Jon Hopkins collaborations) plus 'Foundations of Therapeutic Music' practitioner training","Founded 2019. $4.5M seed (Nov 2021) led by Dr. Adam Blackman / Heron Rock; Reflex Capital, Bridge Builders Collaborative, Palo Santo, Lionheart Ventures, Empath Ventures, Neo Kuma among investors — https://wavepaths.com/blog/wavepaths-raises-4-5-million. Contact email published on site but masked in fetch; not reproduced here.",https://wavepaths.com/,tech-vendors,high — all four source sites fetched live and cross-checked 
Journey Clinical,tech,KAP infrastructure platform / prescriber network,ketamine (KAP); positioning for future psychedelic-assisted therapies,New York,New York,USA,,https://www.journeyclinical.com/,Jonathan Sabbagh (co-founder & Executive Chairman); Myriam Barthes (co-founder & CEO),"Owns the medical/prescribing layer for independent psychotherapists: decentralized-clinic model giving 2,500+ providers across 21 states access to KAP-trained prescribers, eligibility screening, dosing oversight and outcome monitoring","Founded 2020/21. $3M pre-seed (2021; Neo Kuma, PsyMed Ventures, Beckley Waves per company/AlleyWatch) and $8.5M Series A led by Union Square Ventures (Jan 2023) — https://www.journeyclinical.com/resources/journey-clinical-raises-8-5m-series-a. HQ NYC per AlleyWatch coverage. Note leadership change: Sabbagh moved from CEO to Exec Chairman; Barthes now CEO per about page.",https://www.journeyclinical.com/about-us,tech-vendors,high — all four source sites fetched live and cross-checked 
Mindbloom,tech,at-home ketamine telehealth platform,"ketamine (sublingual tablets and, newly, subcutaneous injectable)",New York,New York,USA,,https://www.mindbloom.com/,Dylan Beynon (founder & CEO),"Owns the largest consumer at-home ketamine vertical: clinician-prescribed guided programs (200,000+ sessions to date) with integration coaching and peer monitoring; category survivor while competitors closed","Founded 2019. ~$44.9M total raised per PitchBook, cited in Behavioral Health Business (Aug 2025) — https://bhbusiness.com/2025/08/18/pe-plays-it-safe-in-psychedelic-investments-while-venture-goes-bold/. Cash-pay with superbills; HSA/FSA eligible.",https://www.mindbloom.com/,tech-vendors,high — all four source sites fetched live and cross-checked 
Innerwell,tech,psychedelic telehealth / digital psychiatry platform,"ketamine (at-home KAP), plus general psychiatry, EMDR, psychedelic integration",New York,New York,USA,,https://www.helloinnerwell.com/,"Lisa Kennedy (co-founder & CEO); Anthony Mangia (co-founder, Head of Growth); Dr. Michael Cooper (co-founder, Medical Director); Lawrence Tucker, MD (Executive Medical Director, per site)","Owns the insurance-accepting end of at-home ketamine/psychedelic telehealth: in-network with United, Anthem, Cigna, Aetna, BCBS across 40+ states — a differentiator vs. cash-pay peers","Founded 2021; emerged from stealth with $3M pre-seed led by Greycroft (2022; Looking Glass, Max Ventures) — https://www.alleywatch.com/2022/06/innerwell-psychedelic-assisted-therapy-ketamine-telehealth-lisa-kennedy/. Enthea partnership made it available as a workplace benefit (2023).",https://www.helloinnerwell.com/,tech-vendors,high — all four source sites fetched live and cross-checked 
Joyous,tech,low-dose ketamine telehealth subscription,very-low-dose (microdose) ketamine troches,Foster City,California,USA,(844) 774-0909,https://www.joyous.team/,"Yossi Fishler (co-founder); Eyal Fishler (co-founder); Sharon Niv (co-founder, Chief of Customer Experience); Bobbi K. Leben (co-founder)","Owns the budget/microdose end of the at-home ketamine stack: $129/month subscription with daily text-based monitoring and AI-adjusted dosing, live in 28 states","Founded 2021; HQ address published as 950 Tower Lane, Foster City, CA. Funding not publicly disclosed (no round announcements found). Support email published on site but masked in fetch; not reproduced here.",https://www.joyous.team/,tech-vendors,high — all four source sites fetched live and cross-checked 
Nue Life Health (NueCo Holdings PBC) — DEFUNCT,tech,at-home ketamine telehealth (wound down),ketamine,Miami,Florida,USA,,https://psychedelicalpha.com/news/p%CE%B1-a-nue-lease-of-life-beckley-waves-acquires-struggling-at-home-ketamine-provider-nue-life-health,Juan Pablo Cappello (co-founder & CEO); Demian Bellumio (co-founder),"Status answer for a once-major at-home ketamine platform: after $3.3M seed (2021) + $23M Series A led by Obvious Ventures (2022), it struggled, was acquired by venture studio Beckley Waves via NueCo Holdings PBC (Oct 2023), and the consumer program has since wound down (site offline as of 2026)","Included for status completeness per brief, clearly marked defunct — no longer accepting/treating patients. Operated legally while active; acquired My Ketamine Home in 2021. Series A source: https://www.prnewswire.com/news-releases/nue-life-health-a-next-gen-mental-wellness-platform-announces-a-23m-financing-led-by-obvious-ventures-and-western-technology-investment-301528239.html",https://psychedelicalpha.com/news/p%CE%B1-a-nue-lease-of-life-beckley-waves-acquires-struggling-at-home-ketamine-provider-nue-life-health,tech-vendors,high — all four source sites fetched live and cross-checked 
Empatica,tech,medical wearable / digital-biomarker platform,trial biometrics for PTSD/depression interventions (incl. psychedelic-adjacent research),Cambridge (Boston),Massachusetts,"USA (offices in Milan, Italy and Seoul, South Korea)",,https://www.empatica.com/,"Matteo Lai (co-founder & CEO); Rosalind Picard, ScD (founder & Chief Scientist, MIT Media Lab); Simone Tognetti, PhD (co-founder & CTO); Maurizio Garbarino, PhD (co-founder, Chief Software Architect)","Owns research-grade wearable biometrics for trials: FDA-cleared EmbracePlus smartwatch (100+ digital measures, EDA/sleep/actigraphy) + Health Monitoring Platform; selected as technology partner for the US DoD/USAMMDA Phase 2 PTSD pharmacotherapy study (Feb 2024)","MIT Media Lab spin-off, founded 2011. ~$30.9M raised over 5 rounds (RA Capital, Sanofi Ventures) per Tracxn. DoD study press: https://hlth.com/insights/articles/empatica-s-embraceplus-chosen-for-us-defense-department-ptsd-study-2024-02-08 (release does not name MDMA specifically — see coverage notes). Also ,  published.",https://www.empatica.com/about/,tech-vendors,high — all four source sites fetched live and cross-checked 
Caretaker Medical,tech,wireless vital-signs monitoring device manufacturer,ketamine infusion / psychedelic dosing-session monitoring,Charlottesville,Virginia,USA,+1 434-978-7000,https://caretakermedical.net/,"Jeff Pompeo (President & CEO, per company LinkedIn)","Owns in-session patient-safety hardware: VitalStream, an FDA-cleared wireless wearable continuous beat-by-beat blood pressure/cardiac-output monitor marketed directly to ketamine and psychedelic therapy clinics (90-second setup, multi-room VitalStation, EMR integration); strategic partner of Osmind since 2020","HQ address published: 941 Glenwood Station Ln, Suite 301, Charlottesville, VA 22901. Osmind partnership: https://www.businesswire.com/news/home/20201009005088/en/Osmind-and-Caretaker-Medical-Establish-Market-Leading-Partnership",https://caretakermedical.net/ketamine-blood-pressure-monitoring/,tech-vendors,high — all four source sites fetched live and cross-checked 
Murata Vios (Vios Medical),tech,wireless patient-monitoring platform (Murata subsidiary),ketamine clinic monitoring,,,"USA (operations also in India; parent Murata Manufacturing, Japan)",,https://www.viosmedical.com/,"Amit Patel (co-founder & CEO; ex-HeartFlow, ex-Medtronic corporate development)","Owns multi-patient wireless telemetry for dosing environments: FDA-cleared Vios Monitoring System (7-lead ECG, HR, SpO2, respiration, posture) with 24/7 remote monitoring services; company's own site names ketamine clinics as a target market alongside rehab hospitals and SNFs","Founded as Vios Medical; acquired by Murata Manufacturing Co., Ltd. (closed Oct 13, 2017). FDA clearance for the wireless platform announced 2019: https://corporate.murata.com/en-us/newsroom/news/company/general/2019/0703",https://www.viosmedical.com/about-us/,tech-vendors,high — all four source sites fetched live and cross-checked 
Quantified Citizen,tech,mobile decentralized-research platform,psilocybin (microdosing and clinical studies),Vancouver,British Columbia,Canada,,https://quantifiedcitizen.com/,Eesmyal Santos-Brault (co-founder & CEO); Kalin Harvey (co-founder & CTO),"Owns mobile research/data-collection infrastructure for psychedelic science: built Microdose.me with Paul Stamets (19,000+ participants; Nature Scientific Reports publications) and was contracted by University of Washington to implement protocol/data collection for Anthony Back's frontline-clinician psilocybin RCT (NCT05163496)","App has 78K+ downloads. UW contract disclosure in JAMA Network Open paper: https://www.ncbi.nlm.nih.gov/pmc/articles/PMC11621983/ (Kalin Harvey affiliation, Quantified Citizen, Vancouver BC).",https://quantifiedcitizen.com/,tech-vendors,high — all four source sites fetched live and cross-checked 
Upheal,tech,AI scribe / session-recording platform for mental-health clinicians,adjacent — general psychotherapy/psychiatry documentation (incl. therapists doing KAP),New York / Prague,,USA / Czech Republic,,https://www.upheal.io/,Juraj Chrappa (co-founder & CEO); Martin Horvath (co-founder),"Leading session-recording + AI-notes vendor in the therapist stack (36,000+ mental-health professionals; transcription, SOAP/DAP/BIRP/GIRP notes, session analytics) — the generic scribe layer psychedelic therapists draw on; no psychedelic-specific product verified (see coverage notes)","Founded 2021. $14.3M total: $1.05M pre-seed (KAYA VC), $3.25M seed (Feb 2024, KAYA VC/Credo/Inovia), $10M Series A led by Headline. Included as the closest verified 'AI-scribe touching psychedelics' candidate; psychedelic-native scribing is instead embedded in Osmind (AI Scribe + Spravato REMS auto-submission) and Psyche Insights (built-in AI session scribe).",https://www.vestbee.com/insights/articles/upheal-secures-10-m,tech-vendors,high — all four source sites fetched live and cross-checked 
Heroic Hearts Project,funder,501(c)(3) nonprofit (veteran treatment grantmaker + advocacy),"ayahuasca, psilocybin, ketamine, ibogaine",New York,NY,USA,,https://heroicheartsproject.org,"Jesse Gould (Founder & President); Juliana Mercer (Executive Director, Healing Breakthrough program)","Largest veteran psychedelic-retreat funder (1,500+ veterans/spouses served, $20M+ raised); demand-side funder and political cover for the field","Founded 2017 by former Army Ranger Jesse Gould; funds healing retreats abroad and in state-legal OR/CO programs, plus research, advocacy, training. Mailing HQ 105 W 125th St, New York, NY 10027. Absorbed Healing Breakthrough as a program in May 2025 (per Psychedelic Alpha). Role details at heroicheartsproject.org/people/jesse-gould/",https://heroicheartsproject.org/about/,advocacy-veterans,high — every entity's own site was fetched successfully toda
"VETS, Inc. (Veterans Exploring Treatment Solutions)",funder,501(c)(3) nonprofit (treatment grant program + policy advocacy),"ibogaine, 5-MeO-DMT",Southlake,TX,USA,,https://vetsolutions.org,"Marcus Capone (Co-Founder, Chair of the Board); Amber Capone (Co-Founder & CEO); Robert Corley (COO); Logan Davidson (Director of Policy & Advocacy); John Clifton, MD (Director of Research & Education)",Flagship demand-side funder: Foundational Healing Grants send special-operations veterans to legal ibogaine/5-MeO-DMT treatment abroad; central to the $100M+ Texas Ibogaine Initiative and $124M+ in public psychedelic-research funding,"Founded 2019 by Marcus (former Navy SEAL) and Amber Capone. Mailing address P.O. Box 92040, Southlake, TX 76092; contact via web form only. Applauded 2025 White House executive order advancing ibogaine research (vetsolutions.org/news/)",https://vetsolutions.org/team/,advocacy-veterans,high — every entity's own site was fetched successfully toda
No Fallen Heroes Foundation,funder,501(c)(3) nonprofit (retreat grants for veterans/first responders),psilocybin and other entheogens/plant medicines,Boca Raton,FL,USA,,https://nofallenheroesfoundation.org,Matthew 'Whiz' Buckley (Founder & President); Suzi Buckley (Executive Director); Linda Provan (Board Secretary & Grants Director),"Fully funds entheogenic healing retreats and healing grants for veterans, first responders, and family members; suicide-prevention framing gives the field mainstream political cover","Founded by former Navy TOPGUN F/A-18 pilot; EIN 88-1105250; 100+ veterans/first responders sponsored. City per organization's public Facebook profile (Boca Raton, FL); no email/phone published on site - contact via forms and go.nofallenheroes.com/donate",https://nofallenheroesfoundation.org/about-us/,advocacy-veterans,high — every entity's own site was fetched successfully toda
Healing Breakthrough,advocacy,"nonprofit program (federal advocacy, now a program of Heroic Hearts Project)","MDMA (primary), psilocybin",,DC (federal focus),USA,,https://www.healingbreakthrough.org,Juliana Mercer (Executive Director; Marine Corps veteran),Leading federal advocacy vehicle for veteran access to MDMA-assisted therapy through the VA; secured first-ever Congressional appropriation for large-scale VA MDMA-AT trials,Seeded/incubated by Evolve Ventures and Foundation; merged into Heroic Hearts Project May 2025 but retains its own brand/site (psychedelicalpha.com/news/exclusive-heroic-hearts-and-healing-breakthrough-merge-to-expand-stateside-psychedelic-access-for-veterans/). Goal: VA adoption of MDMA-AT for ~1M veterans with PTSD. Contact via site form; newsletter at healingbreakthrough.substack.com,https://www.healingbreakthrough.org/,advocacy-veterans,high — every entity's own site was fetched successfully toda
Apollo Pact,advocacy,501(c)(3) patient advocacy organization,"psilocybin (alcohol use disorder focus), psychedelic-assisted therapies broadly",,,USA,,https://www.apollopact.org,"Jon Kostas (CEO & Founder; first participant in NYU psilocybin-for-alcohol-use-disorder RCT); Hon. Mimi Walters (Chairwoman, former U.S. Representative); Cara Zimmerman, MD (Director)",The patient voice in federal psychedelic advocacy - clinical-trial alumni lobbying Congress to prioritize psychedelic research funding; supports the Congressional PATH Caucus,"Founded 2020 by psilocybin clinical-trial participants (Kostas plus government-affairs professional Ali Amirhooshmand, a Johns Hopkins trial participant). EIN 85-1837133. Scientific advisors include Dr. Peter Hendricks and Heffter co-founder Dr. George Greer. PATH Caucus page: apollopact.org/path-caucus",https://www.apollopact.org/team,advocacy-veterans,high — every entity's own site was fetched successfully toda
Veteran Mental Health Leadership Coalition (VMHLC),advocacy,501(c)(19) veteran-member coalition,"MDMA, psilocybin (psychedelic-assisted therapy access)",,,USA,,https://www.vmhlc.org,"Lt. Gen. Martin Steele, USMC (Ret.) (coalition leader; CEO of Reason for Hope); Brett Waters, Esq. (Co-Founder); Adam Marr (Director of Operations, founding member)","Umbrella coalition (10+ orgs incl. Heroic Hearts, Navy SEAL Foundation, Fireside Project, BrainFutures) pushing expanded access to psychedelic-assisted therapy for veterans - concentrated political cover for the field","Leadership names not listed on vmhlc.org itself; verified via Senate VA Committee testimony of Adam Marr (veterans.senate.gov, Aug 2025) and BrainFutures joint FDA-comment announcement. Registered federal lobbying presence (LegiStorm). Contact via vmhlc.org/contact-us/ form only",https://www.vmhlc.org/,advocacy-veterans,high — every entity's own site was fetched successfully toda
TheraPsil,advocacy,nonprofit patient-access advocacy coalition,psilocybin,Victoria,British Columbia,Canada,,https://therapsil.ca,Spencer Hawkswell (CEO); Dr. Bruce Tobin (Founder & Board Chair); Yasmeen deRosenroll (COO); John Gilchrist (Director of Communications),"Canada's flagship medical psilocybin access group - won the first s.56(1) CDSA exemptions (2020), now shepherds patients/clinicians through Health Canada's Special Access Program and pursues a Charter challenge for a right to medical psilocybin","Based in Victoria, BC. 39+ patients and 19 healthcare professionals granted exemptions; maintains therapist and co-sitter directories; drafted proposed medical psilocybin regulations. Legalization campaign page: therapsil.ca/legalize-psychedelics/",https://therapsil.ca/our-team/,advocacy-veterans,high — every entity's own site was fetched successfully toda
MAPS (Multidisciplinary Association for Psychedelic Studies),advocacy,"501(c)(3) nonprofit (policy, advocacy, education; research philanthropy)","MDMA (historic focus), psychedelics broadly",San Jose,CA,USA,,https://maps.org,"Rick Doblin, PhD (Founder & President); Betty Aldworth (Co-Executive Director); Ismail Lourido Ali, JD (Co-Executive Director); Sia Henry, JD (Associate Director, Policy); Philippe Lucas, PhD (Director, Research)","The field's original advocacy institution (founded 1986); after spinning drug development into Lykos Therapeutics, MAPS doubled down as the movement-building/policy/education arm creating 'safe, legal, and equitable psychedelic access'","Aldworth & Ali named permanent Co-EDs Sept 2025 after Kris Lotlikar moved to Board Secretary (maps.org/2025/09/09/). Street address 3141 Stevens Creek Blvd #40563, San Jose, CA 95117; mail: P.O. Box 103004, Pasadena, CA 91189. Runs Psychedelic Science conference",https://maps.org/organization/staff/,advocacy-veterans,high — every entity's own site was fetched successfully toda
Reason for Hope,advocacy,nonprofit (policy/legal advocacy + research co-funder),"MDMA, psilocybin, psychedelic/emerging therapies",,DC/multi-state (federal + state policy),USA,,https://www.reasonforhope.org,"Lt. Gen. Martin Steele, USMC (Ret.) (Co-Founder & CEO); Brett Waters, Esq. (Co-Founder & Executive Director); Lynnette Averill, PhD (Co-Founder & Chief Science Officer); Jesse MacLachlan (State Policy & Advocacy Director)","The field's most prolific legislative drafter - Freedom to Heal Act (Right to Try), VHA Novel Therapeutics Preparedness Act, state expanded-access pilots (CT passed; PA, NY drafted); also a funder ($1.5M+ to research incl. first MDMA group-therapy trial for veteran PTSD)","Named in memory of co-founder Brett Waters' mother, Sherrie Hope Waters, lost to suicide in 2018 - resolves the 'Reason for Hope / Grief?' name question. Sister org to VMHLC (shared leadership). Also Brig. Gen. (Ret.) Stephen Xenakis, MD on leadership per public profiles. Contact via web form only. Dual advocacy+funder role - marked advocacy",https://www.reasonforhope.org/,advocacy-veterans,high — every entity's own site was fetched successfully toda
Healing Advocacy Fund,advocacy,501(c)(3) nonprofit (state-regulated program advocacy),psilocybin (state-regulated services),,OR / CO / NM,USA,,https://healingadvocacyfund.org,Taylor West (Executive Director); Heidi Pendergast (Oregon Director); Tasia Poinsatte (Colorado Director); Denali Wilson (New Mexico Director of Strategic Support); Leslie Carlson (National Communications Director); Josh Kappel (Senior Policy Advisor),"The dedicated defender/expander of state-regulated psilocybin therapy - formed after Oregon Measure 109 to protect implementation, now the key advocacy layer for the OR/CO/NM supported-adult-use markets","EIN 85-4388263. Earlier ED Sam Chapman (Oregon-era); current roster per site. No email/phone published - contact via healingadvocacyfund.org/contact form. Publishes program data (e.g., 'Understanding Oregon's Psilocybin Therapy Program')",https://healingadvocacyfund.org/about-haf,advocacy-veterans,high — every entity's own site was fetched successfully toda
Students for Sensible Drug Policy (Psychedelic Pipeline),advocacy,501(c)(3) nonprofit (student network; career pipeline + policy reform),"psychedelics broadly (careers, harm reduction, policy)",Washington,DC,USA,(202) 240-8860,https://ssdp.org,"Gina Giorgio (Psychedelic Pipeline Program Director, )","Workforce on-ramp for the field - mentorship, training scholarships (equity-focused), and a planned training consortium with clinics; also runs a psychedelic policy reform program","Address: 1800 M St NW #33051, Washington, DC 20036. Partners include MAPS PBC, Zendo Project, Fireside Project, Psychedelic.Support, Source Research Foundation. Included despite 'thin' flag - program is active (Feb 2026 activity) with named staff and published contacts; still the lightest-weight row in this batch",https://ssdp.org/our-work/psychedelic-pipeline/,advocacy-veterans,high — every entity's own site was fetched successfully toda
UC Berkeley Center for the Science of Psychedelics (BCSP),advocacy,university research center (public education/journalism arm),psychedelics broadly (psilocybin research focus),Berkeley,CA,USA,415-385-3687 (development office),https://psychedelics.berkeley.edu,"Michael Silver (Faculty Director); Andrea Venezia (Executive Director); Michael Pollan (Co-Founder; Advisory Council); Malia Wollan (Editor in Chief, Journalism Projects); Jane C. Hu (Head Writer, The Microdose); Brian Anderson, MD (Medical Director)",The field's most credible public-education engine - Michael Pollan co-founded it in 2020; The Microdose newsletter and Psychedelics 101 shape mainstream and policymaker understanding; also incubated a facilitation certificate program,"Launched Sept 2020 with $1.25M anonymous seed gift (news.berkeley.edu 2020-09-14). Four pillars: basic science, policy-relevant applied research, journalism, community education. Not a lobbying org - included as the public-education arm of the landscape",https://psychedelics.berkeley.edu/leadership-staff/,advocacy-veterans,high — every entity's own site was fetched successfully toda
