state,bill_number,title,status,status_text,status_date,last_action,last_action_date,session,relevance,match_quality,url,attribution
AK,HB153,Controlled Substances,1,Introduced,2011-02-11,COSPONSOR(S): LYNN,2011-03-09,27th Legislature,87,strong,https://legiscan.com/AK/bill/HB153/2011,via LegiScan (CC BY 4.0)
AK,HB228,Mental Health/psychedelic Med. Task Force,4,Passed,2024-09-19,EFFECTIVE DATE(S) OF LAW 9/20/24,2024-09-19,33rd Legislature,99,title,https://legiscan.com/AK/bill/HB228/2023,via LegiScan (CC BY 4.0)
AK,HB327,Controlled Substances/dextromethorphan,1,Introduced,2010-02-05,REFERRED TO FINANCE,2010-03-12,26th Legislature,93,strong,https://legiscan.com/AK/bill/HB327/2009,via LegiScan (CC BY 4.0)
AK,HB7,Synthetic Cannabinoids,4,Passed,2011-06-24,EFFECTIVE DATE(S) OF LAW 7/1/11,2011-06-24,27th Legislature,85,strong,https://legiscan.com/AK/bill/HB7/2011,via LegiScan (CC BY 4.0)
AK,SB166,Mental Health/psychedelic Med. Task Force,1,Introduced,2024-01-16,COSPONSOR(S): TOBIN,2024-03-13,33rd Legislature,99,title,https://legiscan.com/AK/bill/SB166/2023,via LegiScan (CC BY 4.0)
AK,SB17,Classifying Mdpv & Others As Sched. Ia,1,Introduced,2011-01-19,FIN REFERRAL ADDED AFTER JUD,2011-02-11,27th Legislature,87,strong,https://legiscan.com/AK/bill/SB17/2011,via LegiScan (CC BY 4.0)
AK,SB52,Salvia Divinorum As Controlled Substance,1,Introduced,2009-01-21,REFERRED TO FINANCE,2009-03-18,26th Legislature,87,strong,https://legiscan.com/AK/bill/SB52/2009,via LegiScan (CC BY 4.0)
AL,HB158,"Controlled substances, Schedule I, cathinone compounds, synthetic cannabinoid, controlled analog substances, included and subject to regulation and penalties, penalties for trafficking in controlled analog substances, Sec. 13A-12-214.1, 13A-12-231, 2",2,Engrossed,2012-02-23,Judiciary first Amendment Offered,2012-04-19,Regular Session 2012,87,strong,https://legiscan.com/AL/bill/HB158/2012,via LegiScan (CC BY 4.0)
AL,HB175,"Controlled substances, additional compounds included in Schedule I, Sec. 20-2-23 am'd.",1,Introduced,2016-02-09,Indefinitely Postponed,2016-04-28,Regular Session 2016,82,strong,https://legiscan.com/AL/bill/HB175/2016,via LegiScan (CC BY 4.0)
AL,HB2,"Controlled substances, Tianeptine and related compounds added to Schedule II, subject to criminal penalties , Sec. 20-2-25 am'd.",4,Passed,2021-04-29,"Delivered to Governor at 10:11 a.m. on April 29, 2021.",2021-04-29,Regular Session 2021,79,strong,https://legiscan.com/AL/bill/HB2/2021,via LegiScan (CC BY 4.0)
AL,HB203,"Schedule I controlled substances, Fentanyl and Fentanyl analogues included, criminal penalties for trafficking, Secs. 13A-12-211, 13A-12-231, 20-2-23 am'd.",2,Engrossed,2017-04-11,Conference Committee on HB203 2017RS first Substitute Offered,2017-05-19,Regular Session 2017,80,strong,https://legiscan.com/AL/bill/HB203/2017,via LegiScan (CC BY 4.0)
AL,HB290,"Controlled substances, to exempt non-psychoactive cannabinols derived from hemp from the controlled substance list, Sec. 20-2-23 am'd.",1,Introduced,2022-02-08,Read for the first time and referred to the House of Representatives committee on Judiciary,2022-02-08,Regular Session 2022,81,strong,https://legiscan.com/AL/bill/HB290/2022,via LegiScan (CC BY 4.0)
AL,HB456,"Controlled substances, drugs, banned substances, 25-I or 25I-NBOMe added to Schedule I list of banned controlled substances, Sec. 20-2-23 am'd.",1,Introduced,2013-03-20,Indefinitely Postponed,2013-05-07,Regular Session 2013,87,strong,https://legiscan.com/AL/bill/HB456/2013,via LegiScan (CC BY 4.0)
AL,HB480,"Controlled substances, Schedule I, additional synthetic controlled substances and analogue substances included in, trafficking in controlled substance analogues, requisite weight increased, Secs. 13A-12-231, 20-2-23 am'd.",1,Introduced,2014-02-13,Indefinitely Postponed,2014-04-01,Regular Session 2014,78,strong,https://legiscan.com/AL/bill/HB480/2014,via LegiScan (CC BY 4.0)
AL,HB487,"Controlled substances, Schedule I, marijuana, term excludes industrial hemp, Sec. 20-2-23 am'd.",1,Introduced,2014-02-13,Read for the first time and referred to the House of Representatives committee on Judiciary,2014-02-13,Regular Session 2014,87,strong,https://legiscan.com/AL/bill/HB487/2014,via LegiScan (CC BY 4.0)
AL,HB84,"Schedule I controlled substances, Fentanyl and Fentanyl analogues included, criminal penalties for trafficking, Secs. 13A-12-211, 13A-12-231, 20-2-23 am'd.",1,Introduced,2018-01-09,Pending third reading on day 3 Favorable from Health,2018-01-11,Regular Session 2018,77,strong,https://legiscan.com/AL/bill/HB84/2018,via LegiScan (CC BY 4.0)
AL,SB1,Controlled substances; regulate sale of nonpsychoactive consumable hemp products by Agriculture Department; require sale of products only in pharmacies; add psychoactive derivatives of hemp  as Schedule I drug,1,Introduced,2026-01-13,Pending Senate Healthcare,2026-01-13,2026 Regular Session,79,strong,https://legiscan.com/AL/bill/SB1/2026,via LegiScan (CC BY 4.0)
AL,SB132,Controlled substances; psychoactive derivatives of hemp added as Schedule I drug,1,Introduced,2025-02-06,Pending Senate Healthcare,2025-02-06,2025 Regular Session,81,strong,https://legiscan.com/AL/bill/SB132/2025,via LegiScan (CC BY 4.0)
AL,SB144,"Controlled substances, to exempt non-psychoactive cannabinols derived from hemp from the controlled substance list, Sec. 20-2-23 am'd.",1,Introduced,2022-02-01,Read for the first time and referred to the Senate committee on Healthcare,2022-02-01,Regular Session 2022,81,strong,https://legiscan.com/AL/bill/SB144/2022,via LegiScan (CC BY 4.0)
AL,SB154,"Schedule I controlled substances, Fentanyl and Fentanyl analogues included, criminal penalties for trafficking, Secs. 13A-12-211, 13A-12-212, 13A-12-231, 20-2-23 am'd.",1,Introduced,2017-02-09,Indefinitely Postponed,2017-05-17,Regular Session 2017,76,strong,https://legiscan.com/AL/bill/SB154/2017,via LegiScan (CC BY 4.0)
AL,SB208,"Controlled substances, Schedule I, cathinone compounds, synthetic cannabinoid, controlled analog substances, included and subject to regulation and penalties, penalties for trafficking in controlled analog substances, Sec. 13A-12-214.1, 13A-12-231, 2",4,Passed,2012-04-26,"Forwarded to Governor at 1:45 p.m. on April 26, 2012",2012-04-26,Regular Session 2012,88,strong,https://legiscan.com/AL/bill/SB208/2012,via LegiScan (CC BY 4.0)
AL,SB225,"Hemp, require state to seek federal approval of state program regulating hemp production, THC derived from hemp descheduled as a controlled substance, Secs. 2-8-381, 2-8-383, 20-2-2, 20-2-23 am'd.",4,Passed,2019-05-30,Assigned Act No. 2019-502.,2019-05-30,Regular Session 2019,82,strong,https://legiscan.com/AL/bill/SB225/2019,via LegiScan (CC BY 4.0)
AL,SB226,"Controlled substances, additional compounds included in Schedule I, Sec. 20-2-23 am'd.",4,Passed,2016-05-04,Assigned Act No. 2016-279.,2016-05-04,Regular Session 2016,82,strong,https://legiscan.com/AL/bill/SB226/2016,via LegiScan (CC BY 4.0)
AL,SB273,Controlled substances; regulate sale of nonpsychoactive consumable hemp products by Agriculture Department; require sale of products only in pharmacies; add psychoactive derivatives of hemp  as Schedule I drug,1,Introduced,2025-04-01,Currently Indefinitely Postponed,2025-05-06,2025 Regular Session,79,strong,https://legiscan.com/AL/bill/SB273/2025,via LegiScan (CC BY 4.0)
AL,SB321,Psychoactive cannabinoids; psychoactive derivatives of hemp added as Schedule I drug; possession and use of psychoactive cannabinoids prohibited and criminal penalties provided;  consumable hemp product laws repealed,1,Introduced,2026-02-24,Pending Senate Healthcare,2026-02-24,2026 Regular Session,80,strong,https://legiscan.com/AL/bill/SB321/2026,via LegiScan (CC BY 4.0)
AL,SB333,"Controlled substances, Schedule I, additional synthetic controlled substances and analogue substances included in, trafficking in controlled substance analogues, requisite weight increased, Secs. 13A-12-231, 20-2-23 am'd.",4,Passed,2014-03-13,Assigned Act No. 2014-184.,2014-03-13,Regular Session 2014,81,strong,https://legiscan.com/AL/bill/SB333/2014,via LegiScan (CC BY 4.0)
AL,SB39,"Controlled substances, Fentanyl and Fentanyl analogues included in schedule I, criminal penalties for trafficking, Secs. 13A-12-211, 13A-12-231, 20-2-23 am'd.",4,Passed,2018-03-28,Assigned Act No. 2018-552.,2018-03-28,Regular Session 2018,81,strong,https://legiscan.com/AL/bill/SB39/2018,via LegiScan (CC BY 4.0)
AR,HB1962,To Reduce The Sentence Classifications For Certain Offenses From A Felony To A Misdemeanor.,1,Introduced,2019-03-28,Recommended for study in the Interim by Joint Interim Committee on JUDICIARY COMMITTEE- HOUSE,2019-04-02,92nd General Assembly (2019 Regular),96,strong,https://legiscan.com/AR/bill/HB1962/2019,via LegiScan (CC BY 4.0)
AR,SB674,To Reduce The Sentence Classifications For Certain Offenses From A Felony To A Misdemeanor.,1,Introduced,2019-04-02,Sine Die adjournment,2019-04-24,92nd General Assembly (2019 Regular),96,strong,https://legiscan.com/AR/bill/SB674/2019,via LegiScan (CC BY 4.0)
AZ,HB2033,Controlled substances; definition,4,Passed,2017-03-24,Chapter 53,2017-03-24,Fifty-third Legislature - First Regular Session (2017),79,strong,https://legiscan.com/AZ/bill/HB2033/2017,via LegiScan (CC BY 4.0)
AZ,HB2045,Dangerous drugs; definition; xylazine,4,Passed,2024-04-08,Chapter 85,2024-04-08,Fifty-sixth Legislature - Second Regular Session (2024),84,strong,https://legiscan.com/AZ/bill/HB2045/2024,via LegiScan (CC BY 4.0)
AZ,HB2105,Psilocybin research,1,Introduced,2024-01-08,"House MAPS Committee action: Do Pass, voting: (11-3-1-0-0-0)",2024-01-22,Fifty-sixth Legislature - Second Regular Session (2024),99,title,https://legiscan.com/AZ/bill/HB2105/2024,via LegiScan (CC BY 4.0)
AZ,HB2139,Controlled substances; schedules,4,Passed,2015-03-17,Chapter 27,2015-03-17,Fifty-second Legislature - First Regular Session (2015),70,contextual,https://legiscan.com/AZ/bill/HB2139/2015,via LegiScan (CC BY 4.0)
AZ,HB2149,Marijuana; cannabis; definition,1,Introduced,2019-02-11,"House PS Committee action: Do Pass, voting: (5-2-0-0-0-0)",2019-02-20,Fifty-fourth Legislature - First Regular Session (2019),58,contextual,https://legiscan.com/AZ/bill/HB2149/2019,via LegiScan (CC BY 4.0)
AZ,HB2167,Definition of dangerous drugs; synthetic,4,Passed,2011-02-18,Governor Signed,2011-02-18,Fiftieth Legislature - First Regular Session (2011),86,strong,https://legiscan.com/AZ/bill/HB2167/2011,via LegiScan (CC BY 4.0)
AZ,HB2250,Carfentanil; fentanyl; threshold amount; minors,1,Introduced,2022-01-25,House read second time,2022-01-26,Fifty-fifth Legislature - Second Regular Session (2022),75,strong,https://legiscan.com/AZ/bill/HB2250/2022,via LegiScan (CC BY 4.0)
AZ,HB2253,Threshold amount; fentanyl,4,Passed,2022-07-06,Chapter 371,2022-07-06,Fifty-fifth Legislature - Second Regular Session (2022),81,strong,https://legiscan.com/AZ/bill/HB2253/2022,via LegiScan (CC BY 4.0)
AZ,HB2274,Theme park districts; formation,4,Passed,2024-06-21,Chapter 252,2024-06-21,Fifty-sixth Legislature - Second Regular Session (2024),88,strong,https://legiscan.com/AZ/bill/HB2274/2024,via LegiScan (CC BY 4.0)
AZ,HB2303,Sentencing; drug offenses; repetitive offenders,1,Introduced,2018-01-17,House read second time,2018-01-18,Fifty-third Legislature - Second Regular Session (2018),54,contextual,https://legiscan.com/AZ/bill/HB2303/2018,via LegiScan (CC BY 4.0)
AZ,HB2327,Dangerous drugs; definition.,4,Passed,2013-04-03,Governor Signed,2013-04-03,Fifty-first Legislature - First Regular Session (2013),85,strong,https://legiscan.com/AZ/bill/HB2327/2013,via LegiScan (CC BY 4.0)
AZ,HB2356,Drugs; definition,4,Passed,2012-02-17,Governor Signed,2012-02-17,Fiftieth Legislature - Second Regular Session (2012),80,strong,https://legiscan.com/AZ/bill/HB2356/2012,via LegiScan (CC BY 4.0)
AZ,HB2388,College savings plans; tax subtraction,2,Engrossed,2012-02-24,House minority caucus: Do pass,2012-04-04,Fiftieth Legislature - Second Regular Session (2012),79,strong,https://legiscan.com/AZ/bill/HB2388/2012,via LegiScan (CC BY 4.0)
AZ,HB2415,Kratom products; narcotic drugs,2,Engrossed,2026-02-26,Transmit to Senate,2026-05-05,Fifty-seventh Legislature - Second Regular Session (2026),74,contextual,https://legiscan.com/AZ/bill/HB2415/2026,via LegiScan (CC BY 4.0)
AZ,HB2453,Synthetic drugs; reporting,4,Passed,2014-04-15,Chapter 36 E,2014-04-15,Fifty-first Legislature - Second Regular Session (2014),71,contextual,https://legiscan.com/AZ/bill/HB2453/2014,via LegiScan (CC BY 4.0)
AZ,HB2486,Clinical research; psilocybin; grants; appropriation,1,Introduced,2023-01-19,"House MAPS Committee action: Do Pass, voting: (15-0-0-0-0-0)",2023-02-13,Fifty-sixth Legislature - First Regular Session (2023),99,title,https://legiscan.com/AZ/bill/HB2486/2023,via LegiScan (CC BY 4.0)
AZ,HB2489,Prescriptions; approval; controlled substance,4,Passed,2023-04-28,Chapter 97,2023-04-28,Fifty-sixth Legislature - First Regular Session (2023),95,strong,https://legiscan.com/AZ/bill/HB2489/2023,via LegiScan (CC BY 4.0)
AZ,HB2510,Palliative care; patient information.,1,Introduced,2011-01-26,House Committee of the Whole action: Do Pass Amended,2011-03-16,Fiftieth Legislature - First Regular Session (2011),84,strong,https://legiscan.com/AZ/bill/HB2510/2011,via LegiScan (CC BY 4.0)
AZ,HB2554,Cannabis; definition,1,Introduced,2019-02-07,House read second time,2019-02-11,Fifty-fourth Legislature - First Regular Session (2019),68,contextual,https://legiscan.com/AZ/bill/HB2554/2019,via LegiScan (CC BY 4.0)
AZ,HB2630,Definitions; cannabis; marijuana,1,Introduced,2018-02-06,House read second time,2018-02-07,Fifty-third Legislature - Second Regular Session (2018),69,contextual,https://legiscan.com/AZ/bill/HB2630/2018,via LegiScan (CC BY 4.0)
AZ,HB2720,Hydrolyzed cocaine; threshold amount,4,Passed,2025-03-31,Chapter 34,2025-03-31,Fifty-seventh Legislature - First Regular Session (2025),84,strong,https://legiscan.com/AZ/bill/HB2720/2025,via LegiScan (CC BY 4.0)
AZ,HB2755,Drug offenses; sales; definition,6,Failed,2012-02-16,House JUD Committee action: Held,2012-02-16,Fiftieth Legislature - Second Regular Session (2012),79,strong,https://legiscan.com/AZ/bill/HB2755/2012,via LegiScan (CC BY 4.0)
AZ,HB2816,Health care; 2023-2024,1,Introduced,2023-05-08,House Committee of the Whole action: Do Pass Amended,2023-05-10,Fifty-sixth Legislature - First Regular Session (2023),97,strong,https://legiscan.com/AZ/bill/HB2816/2023,via LegiScan (CC BY 4.0)
AZ,HB2871,Appropriation; ibogaine; clinical research study,2,Engrossed,2025-03-03,"Senate APPROP Committee action: Do Pass, voting: (10-0-0-0)",2025-03-11,Fifty-seventh Legislature - First Regular Session (2025),98,title,https://legiscan.com/AZ/bill/HB2871/2025,via LegiScan (CC BY 4.0)
AZ,HB2947,General appropriations act; 2025-2026,5,Vetoed,2025-06-25,Governor Vetoed,2025-06-25,Fifty-seventh Legislature - First Regular Session (2025),73,contextual,https://legiscan.com/AZ/bill/HB2947/2025,via LegiScan (CC BY 4.0)
AZ,SB1027,Carfentanil; fentanyl; minors; penalties,5,Vetoed,2023-04-11,Governor Vetoed,2023-04-11,Fifty-sixth Legislature - First Regular Session (2023),69,contextual,https://legiscan.com/AZ/bill/SB1027/2023,via LegiScan (CC BY 4.0)
AZ,SB1043,Dangerous drugs; definition,2,Engrossed,2012-01-19,Transmit to Senate,2012-04-30,Fiftieth Legislature - Second Regular Session (2012),76,strong,https://legiscan.com/AZ/bill/SB1043/2012,via LegiScan (CC BY 4.0)
AZ,SB1045,Marijuana; definition,6,Failed,2017-01-19,"Senate JUD Committee action: Held, voting: (0-0-0-0)",2017-01-19,Fifty-third Legislature - First Regular Session (2017),72,contextual,https://legiscan.com/AZ/bill/SB1045/2017,via LegiScan (CC BY 4.0)
AZ,SB1088,Controlled substances; schedule designations,4,Passed,2021-03-18,Chapter 61,2021-03-18,Fifty-fifth Legislature - First Regular Session (2021),53,contextual,https://legiscan.com/AZ/bill/SB1088/2021,via LegiScan (CC BY 4.0)
AZ,SB1095,Controlled substances; schedule designations,2,Engrossed,2020-02-06,"House HHS Committee action: Do Pass, voting: (9-0-0-0-0-0)",2020-03-12,Fifty-fourth Legislature - Second Regular Session (2020),53,contextual,https://legiscan.com/AZ/bill/SB1095/2020,via LegiScan (CC BY 4.0)
AZ,SB1122,Marijuana; definition,1,Introduced,2014-01-21,Referred to Senate RULES Committee,2014-02-17,Fifty-first Legislature - Second Regular Session (2014),77,strong,https://legiscan.com/AZ/bill/SB1122/2014,via LegiScan (CC BY 4.0)
AZ,SB1144,Drug offenses; definitions,4,Passed,2010-04-28,Governor Signed,2010-04-28,Forty-ninth Legislature - Second Regular Session (2010),79,strong,https://legiscan.com/AZ/bill/SB1144/2010,via LegiScan (CC BY 4.0)
AZ,SB1202,Definition of dangerous drugs; synthetic.,1,Introduced,2011-01-24,Senate Committee of the Whole action: Do Pass Amended,2011-02-09,Fiftieth Legislature - First Regular Session (2011),86,strong,https://legiscan.com/AZ/bill/SB1202/2011,via LegiScan (CC BY 4.0)
AZ,SB1346,Class action; reform,4,Passed,2013-06-20,Governor Signed,2013-06-20,Fifty-first Legislature - First Regular Session (2013),66,contextual,https://legiscan.com/AZ/bill/SB1346/2013,via LegiScan (CC BY 4.0)
AZ,SB1401,Hemp-derived manufactured impairing cannabinoids,1,Introduced,2024-01-31,Senate read second time,2024-02-01,Fifty-sixth Legislature - Second Regular Session (2024),64,contextual,https://legiscan.com/AZ/bill/SB1401/2024,via LegiScan (CC BY 4.0)
AZ,SB1402,Controlled substances; schedule designations,2,Engrossed,2019-03-14,House minority caucus: Do pass,2019-04-09,Fifty-fourth Legislature - First Regular Session (2019),53,contextual,https://legiscan.com/AZ/bill/SB1402/2019,via LegiScan (CC BY 4.0)
AZ,SB1447,Fentanyl; manufacturing drugs; machines,2,Engrossed,2024-02-22,House third reading FAILED voting: (24-36-0-0),2024-06-04,Fifty-sixth Legislature - Second Regular Session (2024),66,contextual,https://legiscan.com/AZ/bill/SB1447/2024,via LegiScan (CC BY 4.0)
AZ,SB1555,Approved medication; rescheduling; controlled substance,4,Passed,2025-06-27,Chapter 231,2025-06-27,Fifty-seventh Legislature - First Regular Session (2025),99,strong,https://legiscan.com/AZ/bill/SB1555/2025,via LegiScan (CC BY 4.0)
AZ,SB1570,Psilocybin services; regulation; licensure,5,Vetoed,2024-06-18,Governor Vetoed,2024-06-18,Fifty-sixth Legislature - Second Regular Session (2024),99,title,https://legiscan.com/AZ/bill/SB1570/2024,via LegiScan (CC BY 4.0)
AZ,SB1614,Fentanyl; threshold amount; one pill,1,Introduced,2024-02-05,Senate majority caucus: Do pass,2024-02-20,Fifty-sixth Legislature - Second Regular Session (2024),80,strong,https://legiscan.com/AZ/bill/SB1614/2024,via LegiScan (CC BY 4.0)
AZ,SB1622,Narcotic drugs; definition,4,Passed,2025-05-12,Chapter 163,2025-05-12,Fifty-seventh Legislature - First Regular Session (2025),83,strong,https://legiscan.com/AZ/bill/SB1622/2025,via LegiScan (CC BY 4.0)
AZ,SB1677,Firefighters; peace officers; PTSD; therapy,4,Passed,2024-06-18,Chapter 203,2024-06-18,Fifty-sixth Legislature - Second Regular Session (2024),99,strong,https://legiscan.com/AZ/bill/SB1677/2024,via LegiScan (CC BY 4.0)
AZ,SB1726,Health care; 2023-2024.,4,Passed,2023-05-11,Chapter 139,2023-05-11,Fifty-sixth Legislature - First Regular Session (2023),97,strong,https://legiscan.com/AZ/bill/SB1726/2023,via LegiScan (CC BY 4.0)
AZ,SB1735,2025-2026; general appropriations act,4,Passed,2025-06-27,Chapter 233,2025-06-27,Fifty-seventh Legislature - First Regular Session (2025),67,contextual,https://legiscan.com/AZ/bill/SB1735/2025,via LegiScan (CC BY 4.0)
CA,AB1103,Controlled substances: research.,4,Passed,2025-10-10,"Chaptered by Secretary of State - Chapter 571, Statutes of 2025.",2025-10-10,2025-2026 Regular Session,84,strong,https://legiscan.com/CA/bill/AB1103/2025,via LegiScan (CC BY 4.0)
CA,AB2246,Controlled substances: fentanyl.,6,Failed,2022-10-24,From committee: Without further action pursuant to Joint Rule 62(a).,2022-10-24,2021-2022 Session,87,strong,https://legiscan.com/CA/bill/AB2246/2021,via LegiScan (CC BY 4.0)
CA,AB2254,"Marijuana Control, Regulation, and Education Act.",1,Introduced,2010-02-18,"In committee: Set, first hearing. Hearing canceled at the request of author.",2010-04-13,2009-2010 Session,87,strong,https://legiscan.com/CA/bill/AB2254/2009,via LegiScan (CC BY 4.0)
CA,AB2489,Controlled substances: research.,1,Introduced,2026-02-20,In committee: Held under submission.,2026-05-14,2025-2026 Regular Session,98,strong,https://legiscan.com/CA/bill/AB2489/2025,via LegiScan (CC BY 4.0)
CA,AB390,"Marijuana Control, Regulation, and Education Act.",1,Introduced,2009-02-23,From committee: Filed with the Chief Clerk pursuant to Joint Rule 56.,2010-02-02,2009-2010 Session,89,strong,https://legiscan.com/CA/bill/AB390/2009,via LegiScan (CC BY 4.0)
CA,AB634,Tianeptine.,2,Engrossed,2026-01-29,In committee: Held under submission.,2026-08-13,2025-2026 Regular Session,88,strong,https://legiscan.com/CA/bill/AB634/2025,via LegiScan (CC BY 4.0)
CA,AB748,Department of Veterans Affairs: consolidation of,2,Engrossed,2009-05-14,Withdrawn from committee. Re-referred to Com. on RLS.,2010-08-02,2009-2010 Session,92,strong,https://legiscan.com/CA/bill/AB748/2009,via LegiScan (CC BY 4.0)
CA,AB941,Controlled substances: psychedelic-assisted therapy.,2,Engrossed,2024-01-30,"In committee: Set, first hearing. Hearing canceled at the request of author.",2024-07-01,2023-2024 Session,99,title,https://legiscan.com/CA/bill/AB941/2023,via LegiScan (CC BY 4.0)
CA,ACR105,Music industry.,4,Passed,2025-09-23,"Chaptered by Secretary of State - Res. Chapter 192, Statutes of 2025.",2025-09-23,2025-2026 Regular Session,95,strong,https://legiscan.com/CA/bill/ACR105/2025,via LegiScan (CC BY 4.0)
CA,SB1010,Cocaine base: penalties.,4,Passed,2014-09-28,"Chaptered by Secretary of State. Chapter 749, Statutes of 2014.",2014-09-28,2013-2014 Session,96,strong,https://legiscan.com/CA/bill/SB1010/2013,via LegiScan (CC BY 4.0)
CA,SB1012,The Regulated Psychedelic Facilitators Act and the Regulated Psychedelic-Assisted Therapy Act.,1,Introduced,2024-02-05,May 16 hearing: Held in committee and under submission.,2024-05-16,2023-2024 Session,99,title,https://legiscan.com/CA/bill/SB1012/2023,via LegiScan (CC BY 4.0)
CA,SB1144,Crimes: public safety omnibus.,4,Passed,2012-09-30,"Chaptered by Secretary of State. Chapter 867, Statutes of 2012.",2012-09-30,2011-2012 Session,81,strong,https://legiscan.com/CA/bill/SB1144/2011,via LegiScan (CC BY 4.0)
CA,SB1224,The California Emerging Therapies Research Partnership Act.,2,Engrossed,2026-05-28,August 13 hearing: Held in committee and under submission.,2026-08-13,2025-2026 Regular Session,94,strong,https://legiscan.com/CA/bill/SB1224/2025,via LegiScan (CC BY 4.0)
CA,SB1273,Vehicles: marijuana.,1,Introduced,2018-02-16,May 25 hearing: Held in committee and under submission.,2018-05-25,2017-2018 Session,90,strong,https://legiscan.com/CA/bill/SB1273/2017,via LegiScan (CC BY 4.0)
CA,SB22,Crimes.,2,Engrossed,2023-05-24,From committee with author's amendments. Read second time and amended. Re-referred to Com. on JUD.,2024-01-12,2023-2024 Session,74,contextual,https://legiscan.com/CA/bill/SB22/2023,via LegiScan (CC BY 4.0)
CA,SB360,Controlled Substance Utilization Review and Evaluation,4,Passed,2011-10-02,"Chaptered by Secretary of State. Chapter 418, Statutes of 2011.",2011-10-02,2011-2012 Session,74,contextual,https://legiscan.com/CA/bill/SB360/2011,via LegiScan (CC BY 4.0)
CA,SB519,Controlled substances: study of decriminalization of certain hallucinogenic substances.,2,Engrossed,2021-06-01,Ordered to inactive file on request of Assembly Member Reyes.,2022-08-25,2021-2022 Session,97,strong,https://legiscan.com/CA/bill/SB519/2021,via LegiScan (CC BY 4.0)
CA,SB58,Controlled substances: decriminalization of certain hallucinogenic substances.,5,Vetoed,2023-10-07,Veto sustained.,2024-01-25,2023-2024 Session,98,strong,https://legiscan.com/CA/bill/SB58/2023,via LegiScan (CC BY 4.0)
CA,SB751,Veterans and Former First Responders Research Pilot Program.,6,Failed,2026-02-02,Returned to Secretary of Senate pursuant to Joint Rule 56.,2026-02-02,2025-2026 Regular Session,99,strong,https://legiscan.com/CA/bill/SB751/2025,via LegiScan (CC BY 4.0)
CA,SB758,Public health: nitrous oxide.,3,Enrolled,2026-08-27,Enrolled and presented to the Governor at 3 p.m.,2026-09-02,2025-2026 Regular Session,83,strong,https://legiscan.com/CA/bill/SB758/2025,via LegiScan (CC BY 4.0)
CA,SB803,Heal Our Heroes Act.,2,Engrossed,2023-05-30,June 25 set for first hearing canceled at the request of author.,2024-06-25,2023-2024 Session,99,strong,https://legiscan.com/CA/bill/SB803/2023,via LegiScan (CC BY 4.0)
CA,SB94,Cannabis: medicinal and adult use.,4,Passed,2017-06-27,"Chaptered by Secretary of State. Chapter 27, Statutes of 2017.",2017-06-27,2017-2018 Session,62,contextual,https://legiscan.com/CA/bill/SB94/2017,via LegiScan (CC BY 4.0)
CO,HB1063,FDA-Approved Crystalline Polymorph Psilocybin Use,4,Passed,2025-03-31,Governor Signed,2025-03-31,2025 Regular Session,99,title,https://legiscan.com/CO/bill/HB1063/2025,via LegiScan (CC BY 4.0)
CO,HB1116,Plant-based Medicines,6,Failed,2022-04-05,House Committee on Public & Behavioral Health & Human Services Postpone Indefinitely,2022-04-05,2022 Regular Session,93,strong,https://legiscan.com/CO/bill/HB1116/2022,via LegiScan (CC BY 4.0)
CO,HB1247,Digital Education Materials,2,Engrossed,2024-06-14,Introduced In Senate - Assigned to,2024-06-14,2024 Regular Session,85,strong,https://legiscan.com/CO/bill/HB1247/2024,via LegiScan (CC BY 4.0)
CO,HB1310,Criminal Proceedings Omnibus Changes,4,Passed,2012-06-07,Governor Action - Signed,2012-06-07,2012 Regular Session,57,contextual,https://legiscan.com/CO/bill/HB1310/2012,via LegiScan (CC BY 4.0)
CO,HB1325,Natural Medicine,4,Passed,2026-06-04,Governor Signed,2026-06-04,2026 Regular Session,99,title,https://legiscan.com/CO/bill/HB1325/2026,via LegiScan (CC BY 4.0)
CO,HB1344,"FDA-approved Prescription 3,4-Methylenedioxymethamphetamine Drug Use",4,Passed,2022-06-08,Governor Signed,2022-06-08,2022 Regular Session,100,title,https://legiscan.com/CO/bill/HB1344/2022,via LegiScan (CC BY 4.0)
CO,SB076,Intoxicating Substances & Social Equity Business,6,Failed,2025-03-11,"Senate Committee on Business, Labor, & Technology Postpone Indefinitely",2025-03-11,2025 Regular Session,85,strong,https://legiscan.com/CO/bill/SB076/2025,via LegiScan (CC BY 4.0)
CO,SB116,Bath Salts As Controlled Substances,2,Engrossed,2012-03-21,House Second Reading Laid Over Daily,2012-05-08,2012 Regular Session,91,strong,https://legiscan.com/CO/bill/SB116/2012,via LegiScan (CC BY 4.0)
CO,SB126,Pharmaceutical Transparency Act,4,Passed,2010-06-10,Governor Action - Signed,2010-06-10,2010 Regular Session,85,strong,https://legiscan.com/CO/bill/SB126/2010,via LegiScan (CC BY 4.0)
CO,SB290,Natural Medicine Regulation And Legalization,4,Passed,2023-05-23,Governor Signed,2023-05-23,2023 Regular Session,94,title,https://legiscan.com/CO/bill/SB290/2023,via LegiScan (CC BY 4.0)
CT,HB05102,An Act Allowing The Use Of Psilocybin For Medicinal And Therapeutic Purposes.,1,Introduced,2023-01-09,Referred to Joint Committee on Public Health,2023-01-09,2023 General Assembly,96,title,https://legiscan.com/CT/bill/HB05102/2023,via LegiScan (CC BY 4.0)
CT,HB05297,An Act Concerning The Decriminalization Of Possession Of Small Amounts Of Psilocybin.,1,Introduced,2024-02-26,Referred by House to Committee on Transportation,2024-04-16,2024 General Assembly,98,title,https://legiscan.com/CT/bill/HB05297/2024,via LegiScan (CC BY 4.0)
CT,HB05396,An Act Increasing Access To Mental Health Medication.,1,Introduced,2022-03-08,Referred by House to Committee on Appropriations,2022-04-13,2022 General Assembly,99,strong,https://legiscan.com/CT/bill/HB05396/2022,via LegiScan (CC BY 4.0)
CT,HB05456,An Act Allowing The Use Of Psilocybin For Medicinal And Therapeutic Purposes.,1,Introduced,2025-01-17,Referred to Joint Committee on Public Health,2025-01-17,2025 General Assembly,96,title,https://legiscan.com/CT/bill/HB05456/2025,via LegiScan (CC BY 4.0)
CT,HB05506,"An Act Adjusting The State Budget For The Biennium Ending June 30, 2023, Concerning Provisions Related To Revenue, School Construction And Other Items To Implement The State Budget And Authorizing And Adjusting Bonds Of The State.",4,Passed,2022-05-24,Transmitted to the Secretary of State,2022-05-26,2022 General Assembly,74,contextual,https://legiscan.com/CT/bill/HB05506/2022,via LegiScan (CC BY 4.0)
CT,HB06146,An Act Concerning The Psychedelic-assisted Therapy Pilot Program.,1,Introduced,2023-01-18,"Change of Reference, Senate to Committee on Appropriations",2023-02-08,2023 General Assembly,96,title,https://legiscan.com/CT/bill/HB06146/2023,via LegiScan (CC BY 4.0)
CT,HB06296,An Act Establishing A Task Force To Study The Health Benefits Of Psilocybin.,1,Introduced,2021-01-29,Referred to Joint Committee on Public Health,2021-01-29,2021 General Assembly,96,title,https://legiscan.com/CT/bill/HB06296/2021,via LegiScan (CC BY 4.0)
CT,HB06380,An Act Decriminalizing The Possession Of Psilocybin.,1,Introduced,2025-01-23,Referred to Joint Committee on Judiciary,2025-01-23,2025 General Assembly,96,title,https://legiscan.com/CT/bill/HB06380/2025,via LegiScan (CC BY 4.0)
CT,HB06734,An Act Concerning The Decriminalization Of Possession Of Small Amounts Of Psilocybin.,2,Engrossed,2023-05-10,Senate Calendar Number 503,2023-05-12,2023 General Assembly,98,title,https://legiscan.com/CT/bill/HB06734/2023,via LegiScan (CC BY 4.0)
CT,HB07042,"An Act Concerning Implementation Of The Firearm Industry Responsibility Act, Firearms Permits And Eligibility Certificates And Self-defense.",4,Passed,2025-06-10,Signed by the Governor,2025-06-10,2025 General Assembly,92,strong,https://legiscan.com/CT/bill/HB07042/2025,via LegiScan (CC BY 4.0)
CT,HB07065,An Act Concerning The Decriminalization Of Possession Of Small Amounts Of Psilocybin.,2,Engrossed,2025-05-19,Senate Calendar Number 519,2025-05-20,2025 General Assembly,98,title,https://legiscan.com/CT/bill/HB07065/2025,via LegiScan (CC BY 4.0)
CT,HB07137,An Act Concerning A Conviction In Another Jurisdiction As A Disqualifier For A Carry Permit Or Firearms Eligibility Or Ammunition Certificate.,1,Introduced,2025-03-04,File Number 782,2025-04-28,2025 General Assembly,92,strong,https://legiscan.com/CT/bill/HB07137/2025,via LegiScan (CC BY 4.0)
CT,HB07258,An Act Concerning A Study Concerning Driving Under The Influence Of Cannabis Or Psilocybin.,1,Introduced,2025-03-26,File Number 756,2025-04-23,2025 General Assembly,97,title,https://legiscan.com/CT/bill/HB07258/2025,via LegiScan (CC BY 4.0)
CT,SB00009,"An Act Concerning Additional Adjustments To The State Budget For The Biennium Ending June 30, 2023, A Community Ombudsman Program, Certain Municipal-related Provisions, School Building Project Grants And High-deductible Health Plans.",4,Passed,2022-05-24,Transmitted to the Secretary of State,2022-05-26,2022 General Assembly,88,strong,https://legiscan.com/CT/bill/SB00009/2022,via LegiScan (CC BY 4.0)
CT,SB00191,An Act Concerning The Psychedelic-assisted Therapy Pilot Program.,4,Passed,2026-06-04,Signed by the Governor,2026-06-04,2026 General Assembly,98,title,https://legiscan.com/CT/bill/SB00191/2026,via LegiScan (CC BY 4.0)
CT,SB00855,An Act Concerning Funding For The Psychedelic-assisted Therapy Pilot Program.,1,Introduced,2025-01-22,Referred to Joint Committee on Appropriations,2025-01-22,2025 General Assembly,96,title,https://legiscan.com/CT/bill/SB00855/2025,via LegiScan (CC BY 4.0)
CT,SB01083,An Act Concerning Various Revisions To The Public Health Statutes.,4,Passed,2021-06-07,Signed by the Governor,2021-06-07,2021 General Assembly,69,contextual,https://legiscan.com/CT/bill/SB01083/2021,via LegiScan (CC BY 4.0)
CT,SB01086,An Act Concerning Mental And Behavioral Health Services.,2,Engrossed,2021-06-03,House Calendar Number 599,2021-06-05,2021 General Assembly,97,strong,https://legiscan.com/CT/bill/SB01086/2021,via LegiScan (CC BY 4.0)
DC,B24-0030,"Change Order Nos. 9, 12 and 14 to Contract No. DCAM-17-CS-0041C with Blue Skye Construction, LLC Approval and Payment Authorization Emergency Act of 2021",4,Passed,2021-02-26,"Act A24-0014 Published in DC Register Vol 68 and Page 002555, Expires on May 27, 2021",2021-03-12,24th Council,97,strong,https://legiscan.com/DC/bill/B24-0030/2021,via LegiScan (CC BY 4.0)
DC,PR24-0133,Chief Medical Examiner Francisco Diaz Confirmation Resolution of 2021,4,Passed,2021-06-15,"Resolution R24-0132, Effective from Jun 15, 2021 Published in DC Register Page 006478",2021-06-25,24th Council,93,strong,https://legiscan.com/DC/bill/PR24-0133/2021,via LegiScan (CC BY 4.0)
DC,PR26-0109,Unlicensed Establishment Enforcement Clarification Emergency Declaration Resolution of 2025,4,Passed,2025-03-04,"Resolution R26-0056, Effective from Mar 04, 2025 Published in DC Register Vol 72 and Page 002692",2025-03-14,26th Council,93,strong,https://legiscan.com/DC/bill/PR26-0109/2025,via LegiScan (CC BY 4.0)
DC,PR26-0404,Chief Medical Examiner Francisco Diaz Confirmation Resolution of 2025,1,Introduced,2025-11-13,Committee Mark-up of PR26-0404,2026-02-23,26th Council,84,strong,https://legiscan.com/DC/bill/PR26-0404/2025,via LegiScan (CC BY 4.0)
DE,HB19,An Act To Amend Title 8 Of The Delaware Code Relating To The General Corporation Law.,4,Passed,2009-04-10,Signed by Governor,2009-04-10,145th General Assembly,93,strong,https://legiscan.com/DE/bill/HB19/2009,via LegiScan (CC BY 4.0)
DE,HB19,"An Act To Amend Titles 10, 11, 16 And 21 Of The Delaware Code Relating To Drug-involved Offenses",4,Passed,2011-04-20,Signed by Governor,2011-04-20,146th General Assembly,85,strong,https://legiscan.com/DE/bill/HB19/2011,via LegiScan (CC BY 4.0)
DE,HB245,An Act To Amend Title 11 Of The Delaware Code Relating To The Adoption Of People First Language In And The Removal Of Insensitive And Offensive Language From The Criminal Code.,4,Passed,2012-04-19,Signed by Governor,2012-04-19,146th General Assembly,76,strong,https://legiscan.com/DE/bill/HB245/2011,via LegiScan (CC BY 4.0)
DE,HB277,An Act To Amend Titles 10 And 11 Of The Delaware Code Relating To Home Invasion And Burglary.,4,Passed,2012-06-01,Signed by Governor,2012-06-01,146th General Assembly,74,contextual,https://legiscan.com/DE/bill/HB277/2011,via LegiScan (CC BY 4.0)
DE,HB4,An Act To Amend Title 11 Of The Delaware Code Relating To Crimes And Criminal Procedure.,1,Introduced,2019-06-10,Assigned to Appropriations Committee in House,2020-01-29,150th General Assembly,74,contextual,https://legiscan.com/DE/bill/HB4/2019,via LegiScan (CC BY 4.0)
DE,HB443,"An Act To Amend Titles 10, 11, 16 And 21 Of The Delaware Code Relating To Drug Laws, Crimes And Criminal Procedure, Sentencing Accountability, Courts And Judicial Procedure, And Motor Vehicles.",3,Enrolled,2010-06-15,Assigned to Executive Committee in Senate,2010-06-17,145th General Assembly,92,strong,https://legiscan.com/DE/bill/HB443/2009,via LegiScan (CC BY 4.0)
DE,SB160,An Act To Amend Title 16 Of The Delaware Code Relating To The Uniform Controlled Substances Act.,4,Passed,2012-01-25,Signed by Governor,2012-01-25,146th General Assembly,83,strong,https://legiscan.com/DE/bill/SB160/2011,via LegiScan (CC BY 4.0)
DE,SB209,"An Act To Amend Title 11, Part 1, Of The Delaware Code Relating To The Delaware Criminal Code.",1,Introduced,2018-05-10,Introduced and Assigned to Finance Committee in Senate,2018-05-10,149th General Assembly,63,contextual,https://legiscan.com/DE/bill/SB209/2017,via LegiScan (CC BY 4.0)
DE,SB210,"An Act To Amend Titles 2, 3, 4, 6, 7, 9, 11, 12, 13, 14, 15, 16, 18, 20, 21, 23, 24, 26, 29, 30 And 31 Of The Delaware Code Relating To Crimes And Criminal Penalties.",1,Introduced,2018-05-10,Introduced and Assigned to Finance Committee in Senate,2018-05-10,149th General Assembly,73,contextual,https://legiscan.com/DE/bill/SB210/2017,via LegiScan (CC BY 4.0)
DE,SB34,An Act To Amend The Delaware Code Relating To Controlled Substance Offenses.,1,Introduced,2017-03-16,Introduced and Assigned to Judicial & Community Affairs Committee in Senate,2017-03-16,149th General Assembly,95,strong,https://legiscan.com/DE/bill/SB34/2017,via LegiScan (CC BY 4.0)
DE,SB40,"An Act To Amend Titles 2, 3, 4, 6, 7, 9, 11, 12, 13, 14, 15, 16, 18, 20, 21, 23, 24, 26, 29, 30 And 31 Of The Delaware Code Relating To Crimes And Criminal Penalties.",1,Introduced,2019-07-31,Introduced and Assigned to Judicial Committee in Senate,2019-07-31,150th General Assembly,73,contextual,https://legiscan.com/DE/bill/SB40/2019,via LegiScan (CC BY 4.0)
DE,SB47,An Act To Amend Titles 11 And 16 Of The Delaware Code Relating To Controlled Substances.,4,Passed,2019-09-16,Signed by Governor,2019-09-16,150th General Assembly,94,strong,https://legiscan.com/DE/bill/SB47/2019,via LegiScan (CC BY 4.0)
DE,SB52,An Act To Amend Title 11 Of The Delaware Code Relating To The Delaware Criminal Code.,1,Introduced,2019-07-31,Introduced and Assigned to Judicial Committee in Senate,2019-07-31,150th General Assembly,62,contextual,https://legiscan.com/DE/bill/SB52/2019,via LegiScan (CC BY 4.0)
FL,H0021,Controlled Substances,4,Passed,2018-03-20,Chapter No. 2018-13,2018-03-20,2018 Regular Session,51,contextual,https://legiscan.com/FL/bill/H0021/2018,via LegiScan (CC BY 4.0)
FL,H0039,Controlled Substances,2,Engrossed,2011-04-06,Ordered enrolled -HJ 1002,2011-05-02,2011 Regular Session,76,strong,https://legiscan.com/FL/bill/H0039/2011,via LegiScan (CC BY 4.0)
FL,H0057,Regulation of Xylazine,6,Failed,2025-06-16,Died in returning Messages,2025-06-16,2025 Regular Session,85,strong,https://legiscan.com/FL/bill/H0057/2025,via LegiScan (CC BY 4.0)
FL,H0073,Controlled Substances,6,Failed,2016-03-11,Died in Judiciary Committee,2016-03-11,2016 Regular Session,76,strong,https://legiscan.com/FL/bill/H0073/2016,via LegiScan (CC BY 4.0)
FL,H0183,Controlled Substances,6,Failed,2017-05-05,Died in Criminal Justice Subcommittee,2017-05-05,2017 Regular Session,81,strong,https://legiscan.com/FL/bill/H0183/2017,via LegiScan (CC BY 4.0)
FL,H0193,Using Alternative Therapies to Treat Mental Health and Other Medical Conditions,6,Failed,2022-03-14,Died in Professions & Public Health Subcommittee,2022-03-14,2022 Regular Session,87,strong,https://legiscan.com/FL/bill/H0193/2022,via LegiScan (CC BY 4.0)
FL,H0193,Sentences of Inmates,6,Failed,2013-05-03,Died in Criminal Justice Subcommittee,2013-05-03,2013 Regular Session,86,strong,https://legiscan.com/FL/bill/H0193/2013,via LegiScan (CC BY 4.0)
FL,H0247,Trafficking in Illegal Drugs,6,Failed,2014-05-02,Died in Criminal Justice Subcommittee,2014-05-02,2014 Regular Session,92,strong,https://legiscan.com/FL/bill/H0247/2014,via LegiScan (CC BY 4.0)
FL,H0287,Controlled Substances,6,Failed,2015-04-28,Died in Justice Appropriations Subcommittee,2015-04-28,2015 Regular Session,81,strong,https://legiscan.com/FL/bill/H0287/2015,via LegiScan (CC BY 4.0)
FL,H0291,Legalization of Recreational Marijuana,6,Failed,2021-04-30,Died in Regulatory Reform Subcommittee,2021-04-30,2021 Regular Session,75,strong,https://legiscan.com/FL/bill/H0291/2021,via LegiScan (CC BY 4.0)
FL,H0309,Controlled Substances,1,Introduced,2025-11-04,"Laid on Table, refer to CS/SB 432",2026-03-09,2026 Regular Session,89,strong,https://legiscan.com/FL/bill/H0309/2026,via LegiScan (CC BY 4.0)
FL,H0467,Legalization of Recreational Marijuana,6,Failed,2022-03-14,Died in Regulatory Reform Subcommittee,2022-03-14,2022 Regular Session,74,contextual,https://legiscan.com/FL/bill/H0467/2022,via LegiScan (CC BY 4.0)
FL,H0477,Controlled Substances,4,Passed,2017-06-15,"Chapter No. 2017-107, companion bill(s) passed, see CS/HB 505 (Ch. 2017-110)",2017-06-15,2017 Regular Session,85,strong,https://legiscan.com/FL/bill/H0477/2017,via LegiScan (CC BY 4.0)
FL,H0527,Sentencing for Capital Felonies,1,Introduced,2017-01-24,"Laid on Table, companion bill(s) passed, see SB 280 (Ch. 2017-1)",2017-03-10,2017 Regular Session,90,strong,https://legiscan.com/FL/bill/H0527/2017,via LegiScan (CC BY 4.0)
FL,H0549,Use of Psilocybin for Mental Health Treatment,6,Failed,2021-04-30,Died in Professions & Public Health Subcommittee,2021-04-30,2021 Regular Session,99,title,https://legiscan.com/FL/bill/H0549/2021,via LegiScan (CC BY 4.0)
FL,H0561,Sentences of Inmates,6,Failed,2012-03-09,Died in Criminal Justice Subcommittee,2012-03-09,2012 Regular Session,77,strong,https://legiscan.com/FL/bill/H0561/2012,via LegiScan (CC BY 4.0)
FL,H0619,Controlled Substances,1,Introduced,2013-02-06,"Laid on Table, companion bill(s) passed, see CS/SB 294 (Ch. 2013-29)",2013-04-17,2013 Regular Session,94,strong,https://legiscan.com/FL/bill/H0619/2013,via LegiScan (CC BY 4.0)
FL,H0651,Department of Agriculture and Consumer Services,1,Introduced,2025-02-14,"Laid on Table, companion bill(s) passed, see CS/CS/CS/SB 700 (Ch. 2025-22)",2025-04-29,2025 Regular Session,59,contextual,https://legiscan.com/FL/bill/H0651/2025,via LegiScan (CC BY 4.0)
FL,H0697,Controlled Substances,4,Passed,2014-06-17,Chapter No. 2014-159,2014-06-17,2014 Regular Session,90,strong,https://legiscan.com/FL/bill/H0697/2014,via LegiScan (CC BY 4.0)
FL,H0743,Xylazine,6,Failed,2024-03-08,Died in Criminal Justice Subcommittee,2024-03-08,2024 Regular Session,89,strong,https://legiscan.com/FL/bill/H0743/2024,via LegiScan (CC BY 4.0)
FL,H0859,Medical Use Of Cannabis,6,Failed,2014-05-02,"Died in Criminal Justice Subcommittee, companion bill(s) passed, see CS/CS/SB 1030 (Ch. 2014-157)",2014-05-02,2014 Regular Session,57,contextual,https://legiscan.com/FL/bill/H0859/2014,via LegiScan (CC BY 4.0)
FL,H0873,Controlled Substances,6,Failed,2010-04-30,Died in Committee on Health Care Regulation Policy (HFPC),2010-04-30,2010 Regular Session,85,strong,https://legiscan.com/FL/bill/H0873/2010,via LegiScan (CC BY 4.0)
FL,H0897,Controlled Substances,4,Passed,2015-05-15,Chapter No. 2015-34,2015-05-15,2015 Regular Session,91,strong,https://legiscan.com/FL/bill/H0897/2015,via LegiScan (CC BY 4.0)
FL,H0917,Sentencing of Inmates,1,Introduced,2011-02-22,Indefinitely postponed and withdrawn from consideration,2011-05-07,2011 Regular Session,81,strong,https://legiscan.com/FL/bill/H0917/2011,via LegiScan (CC BY 4.0)
FL,H1039,Controlled Substances,2,Engrossed,2011-04-29,Ordered enrolled -HJ 1103,2011-05-03,2011 Regular Session,76,strong,https://legiscan.com/FL/bill/H1039/2011,via LegiScan (CC BY 4.0)
FL,H1039,Recreational Marijuana,6,Failed,2014-05-02,Died in Criminal Justice Subcommittee,2014-05-02,2014 Regular Session,84,strong,https://legiscan.com/FL/bill/H1039/2014,via LegiScan (CC BY 4.0)
FL,H1139,Medical Cannabis,6,Failed,2013-05-03,Died in Health Quality Subcommittee,2013-05-03,2013 Regular Session,59,contextual,https://legiscan.com/FL/bill/H1139/2013,via LegiScan (CC BY 4.0)
FL,H1175,Controlled Substances,3,Enrolled,2012-03-09,"Ordered engrossed, then enrolled -HJ 1715",2012-03-09,2012 Regular Session,85,strong,https://legiscan.com/FL/bill/H1175/2012,via LegiScan (CC BY 4.0)
FL,H1297,Recreational Marijuana,6,Failed,2015-04-28,Died in Criminal Justice Subcommittee,2015-04-28,2015 Regular Session,84,strong,https://legiscan.com/FL/bill/H1297/2015,via LegiScan (CC BY 4.0)
FL,H1323,Pharmaceutical Products Containing Cannabis,6,Failed,2022-03-14,Died in Criminal Justice & Public Safety Subcommittee,2022-03-14,2022 Regular Session,89,strong,https://legiscan.com/FL/bill/H1323/2022,via LegiScan (CC BY 4.0)
FL,H1345,Pharmaceutical Products Containing Cannabis,1,Introduced,2021-02-25,"Died on Second Reading Calendar; companion bill(s) passed, see HB 6095 (Ch. 2021-154)",2021-04-30,2021 Regular Session,91,strong,https://legiscan.com/FL/bill/H1345/2021,via LegiScan (CC BY 4.0)
FL,H1347,Illicit Drugs,4,Passed,2016-03-24,Chapter No. 2016-105,2016-03-24,2016 Regular Session,89,strong,https://legiscan.com/FL/bill/H1347/2016,via LegiScan (CC BY 4.0)
FL,H1597,Legalization of Recreational Marijuana,6,Failed,2021-04-30,Died in Regulatory Reform Subcommittee,2021-04-30,2021 Regular Session,53,contextual,https://legiscan.com/FL/bill/H1597/2021,via LegiScan (CC BY 4.0)
FL,H4003,Death Penalty,6,Failed,2015-04-28,Died in Criminal Justice Subcommittee,2015-04-28,2015 Regular Session,88,strong,https://legiscan.com/FL/bill/H4003/2015,via LegiScan (CC BY 4.0)
FL,H4005,Death Penalty,1,Introduced,2013-01-04,"Unfavorable by Criminal Justice Subcommittee, laid on Table; YEAS 4 NAYS 9, companion bill(s) passed, see CS/CS/HB 7083 (Ch. 2013-216)",2013-02-07,2013 Regular Session,88,strong,https://legiscan.com/FL/bill/H4005/2013,via LegiScan (CC BY 4.0)
FL,H4011,Death Penalty,6,Failed,2014-05-02,Died in Criminal Justice Subcommittee,2014-05-02,2014 Regular Session,88,strong,https://legiscan.com/FL/bill/H4011/2014,via LegiScan (CC BY 4.0)
FL,H4015,Death Penalty,6,Failed,2016-03-11,Died in Criminal Justice Subcommittee,2016-03-11,2016 Regular Session,88,strong,https://legiscan.com/FL/bill/H4015/2016,via LegiScan (CC BY 4.0)
FL,H4021,Cannabis,6,Failed,2016-03-11,Died in Criminal Justice Subcommittee,2016-03-11,2016 Regular Session,70,contextual,https://legiscan.com/FL/bill/H4021/2016,via LegiScan (CC BY 4.0)
FL,H4041,Cannabis,6,Failed,2015-04-28,Died in Criminal Justice Subcommittee,2015-04-28,2015 Regular Session,71,contextual,https://legiscan.com/FL/bill/H4041/2015,via LegiScan (CC BY 4.0)
FL,H4051,Death Penalty,6,Failed,2012-03-09,Died in Criminal Justice Subcommittee,2012-03-09,2012 Regular Session,83,strong,https://legiscan.com/FL/bill/H4051/2012,via LegiScan (CC BY 4.0)
FL,H4189,Death Penalty,1,Introduced,2011-03-01,Indefinitely postponed and withdrawn from consideration,2011-05-07,2011 Regular Session,84,strong,https://legiscan.com/FL/bill/H4189/2011,via LegiScan (CC BY 4.0)
FL,H6045,Death Penalty,6,Failed,2017-05-05,"Died in Criminal Justice Subcommittee, companion bill(s) passed, see HB 1203 (Ch. 2017-114)",2017-05-05,2017 Regular Session,87,strong,https://legiscan.com/FL/bill/H6045/2017,via LegiScan (CC BY 4.0)
FL,H7101,Sentencing for Capital Felonies,4,Passed,2016-03-07,Chapter No. 2016-13,2016-03-07,2016 Regular Session,89,strong,https://legiscan.com/FL/bill/H7101/2016,via LegiScan (CC BY 4.0)
FL,S0024,Relief/Hoffman & Weiss/City of Tallahassee,6,Failed,2010-04-30,Died in Committee on The Special Master on Claim Bills,2010-04-30,2010 Regular Session,93,strong,https://legiscan.com/FL/bill/S0024/2010,via LegiScan (CC BY 4.0)
FL,S0044,Relief of Irving Hoffman and Marjorie Weiss by the City of Tallahassee,1,Introduced,2011-07-28,"Laid on Table, refer to HB 7131 -SJ 952",2012-03-07,2012 Regular Session,93,strong,https://legiscan.com/FL/bill/S0044/2012,via LegiScan (CC BY 4.0)
FL,S0150,Controlled Substances,1,Introduced,2016-12-12,"Laid on Table, companion bill(s) passed, see CS/HB 477 (Ch. 2017-107), CS/HB 505 (Ch. 2017-110)",2017-05-02,2017 Regular Session,86,strong,https://legiscan.com/FL/bill/S0150/2017,via LegiScan (CC BY 4.0)
FL,S0280,Sentencing for Capital Felonies,4,Passed,2017-03-14,Chapter No. 2017-1,2017-03-14,2017 Regular Session,93,strong,https://legiscan.com/FL/bill/S0280/2017,via LegiScan (CC BY 4.0)
FL,S0294,Controlled Substances,4,Passed,2013-04-25,Chapter No. 2013-29,2013-04-25,2013 Regular Session,95,strong,https://legiscan.com/FL/bill/S0294/2013,via LegiScan (CC BY 4.0)
FL,S0328,Controlled Substances,6,Failed,2014-05-02,Died in Judiciary,2014-05-02,2014 Regular Session,92,strong,https://legiscan.com/FL/bill/S0328/2014,via LegiScan (CC BY 4.0)
FL,S0348,Using Alternative Therapies to Treat Mental Health and Other Medical Conditions,6,Failed,2022-03-14,Died in Health Policy,2022-03-14,2022 Regular Session,87,strong,https://legiscan.com/FL/bill/S0348/2022,via LegiScan (CC BY 4.0)
FL,S0424,Controlled Substances,6,Failed,2017-05-05,Died in Criminal Justice,2017-05-05,2017 Regular Session,83,strong,https://legiscan.com/FL/bill/S0424/2017,via LegiScan (CC BY 4.0)
FL,S0432,Intoxicating Substances,4,Passed,2026-06-17,Chapter No. 2026-148,2026-06-17,2026 Regular Session,91,strong,https://legiscan.com/FL/bill/S0432/2026,via LegiScan (CC BY 4.0)
FL,S0616,Cannabis,6,Failed,2016-03-11,Died in Regulated Industries,2016-03-11,2016 Regular Session,72,contextual,https://legiscan.com/FL/bill/S0616/2016,via LegiScan (CC BY 4.0)
FL,S0700,Department of Agriculture and Consumer Services,4,Passed,2025-05-20,Chapter No. 2025-22,2025-05-20,2025 Regular Session,58,contextual,https://legiscan.com/FL/bill/S0700/2025,via LegiScan (CC BY 4.0)
FL,S0700,Controlled Substances,6,Failed,2024-03-08,Died in Judiciary,2024-03-08,2024 Regular Session,90,strong,https://legiscan.com/FL/bill/S0700/2024,via LegiScan (CC BY 4.0)
FL,S0728,Cannabis Research,6,Failed,2025-06-16,Died in Criminal Justice,2025-06-16,2025 Regular Session,90,strong,https://legiscan.com/FL/bill/S0728/2025,via LegiScan (CC BY 4.0)
FL,S0732,Sentences of Inmates,6,Failed,2012-03-09,Died in Budget,2012-03-09,2012 Regular Session,89,strong,https://legiscan.com/FL/bill/S0732/2012,via LegiScan (CC BY 4.0)
FL,S0764,Controlled Substances,6,Failed,2015-05-01,Died in Appropriations Subcommittee on Health and Human Services,2015-05-01,2015 Regular Session,92,strong,https://legiscan.com/FL/bill/S0764/2015,via LegiScan (CC BY 4.0)
FL,S0780,Controlled Substances,1,Introduced,2014-01-29,"Laid on Table, companion bill(s) passed, see CS/HB 697 (Ch. 2014-159)",2014-04-25,2014 Regular Session,92,strong,https://legiscan.com/FL/bill/S0780/2014,via LegiScan (CC BY 4.0)
FL,S0896,Death Penalty,6,Failed,2014-05-02,Died in Criminal Justice,2014-05-02,2014 Regular Session,89,strong,https://legiscan.com/FL/bill/S0896/2014,via LegiScan (CC BY 4.0)
FL,S0962,Medical Use of Cannabis,6,Failed,2014-05-02,"Died in Health Policy, companion bill(s) passed, see CS/CS/SB 1030 (Ch. 2014-157)",2014-05-02,2014 Regular Session,57,contextual,https://legiscan.com/FL/bill/S0962/2014,via LegiScan (CC BY 4.0)
FL,S1022,Death Penalty,6,Failed,2013-05-03,"Died in Judiciary, companion bill(s) passed, see CS/CS/HB 7083 (Ch. 2013-216)",2013-05-03,2013 Regular Session,88,strong,https://legiscan.com/FL/bill/S1022/2013,via LegiScan (CC BY 4.0)
FL,S1078,Sentences of Inmates,6,Failed,2013-05-03,Died in Criminal Justice,2013-05-03,2013 Regular Session,87,strong,https://legiscan.com/FL/bill/S1078/2013,via LegiScan (CC BY 4.0)
FL,S1098,Controlled Substances,1,Introduced,2015-02-20,"Laid on Table, companion bill(s) passed, see CS/HB 897 (Ch. 2015-34)",2015-04-23,2015 Regular Session,92,strong,https://legiscan.com/FL/bill/S1098/2015,via LegiScan (CC BY 4.0)
FL,S1176,Recreational Marijuana,6,Failed,2015-05-01,Died in Regulated Industries,2015-05-01,2015 Regular Session,84,strong,https://legiscan.com/FL/bill/S1176/2015,via LegiScan (CC BY 4.0)
FL,S1178,Death Penalty,6,Failed,2016-03-11,Died in Criminal Justice,2016-03-11,2016 Regular Session,88,strong,https://legiscan.com/FL/bill/S1178/2016,via LegiScan (CC BY 4.0)
FL,S1182,Controlled Substances,6,Failed,2016-03-11,Died in Appropriations Subcommittee on Criminal and Civil Justice,2016-03-11,2016 Regular Session,79,strong,https://legiscan.com/FL/bill/S1182/2016,via LegiScan (CC BY 4.0)
FL,S1250,Medical Cannabis,6,Failed,2013-05-03,Died in Health Policy,2013-05-03,2013 Regular Session,58,contextual,https://legiscan.com/FL/bill/S1250/2013,via LegiScan (CC BY 4.0)
FL,S1260,Controlled Substances [SPSC],6,Failed,2010-04-30,Died in Committee on Criminal and Civil Justice Appropriations,2010-04-30,2010 Regular Session,87,strong,https://legiscan.com/FL/bill/S1260/2010,via LegiScan (CC BY 4.0)
FL,S1294,Cannabis,6,Failed,2015-05-01,Died in Regulated Industries,2015-05-01,2015 Regular Session,72,contextual,https://legiscan.com/FL/bill/S1294/2015,via LegiScan (CC BY 4.0)
FL,S1322,Death Penalty,6,Failed,2015-05-01,Died in Criminal Justice,2015-05-01,2015 Regular Session,85,strong,https://legiscan.com/FL/bill/S1322/2015,via LegiScan (CC BY 4.0)
FL,S1360,Controlled Substances,6,Failed,2025-04-30,Laid on Table,2025-04-30,2025 Regular Session,90,strong,https://legiscan.com/FL/bill/S1360/2025,via LegiScan (CC BY 4.0)
FL,S1502,Controlled Substances,1,Introduced,2012-01-05,"Laid on Table, refer to CS/CS/HB 1175 -SJ 883",2012-03-06,2012 Regular Session,85,strong,https://legiscan.com/FL/bill/S1502/2012,via LegiScan (CC BY 4.0)
FL,S1528,Illicit Drugs,1,Introduced,2016-01-08,"Laid on Table, companion bill(s) passed, see CS/CS/HB 1347 (Ch. 2016-105)",2016-03-03,2016 Regular Session,90,strong,https://legiscan.com/FL/bill/S1528/2016,via LegiScan (CC BY 4.0)
FL,S1562,Recreational Marijuana,6,Failed,2014-05-02,Died in Regulated Industries,2014-05-02,2014 Regular Session,83,strong,https://legiscan.com/FL/bill/S1562/2014,via LegiScan (CC BY 4.0)
FL,S1576,Legalization of Recreational Marijuana,6,Failed,2023-05-05,Died in Agriculture,2023-05-05,2023 Regular Session,75,strong,https://legiscan.com/FL/bill/S1576/2023,via LegiScan (CC BY 4.0)
FL,S1618,Controlled Substances,1,Introduced,2017-03-03,Withdrawn from further consideration,2017-03-23,2017 Regular Session,90,strong,https://legiscan.com/FL/bill/S1618/2017,via LegiScan (CC BY 4.0)
FL,S1688,Pharmaceutical Products Containing Cannabis,6,Failed,2022-03-14,Died in Regulated Industries,2022-03-14,2022 Regular Session,90,strong,https://legiscan.com/FL/bill/S1688/2022,via LegiScan (CC BY 4.0)
FL,S1738,Controlled Substances,6,Failed,2021-04-30,Died in Health Policy,2021-04-30,2021 Regular Session,90,strong,https://legiscan.com/FL/bill/S1738/2021,via LegiScan (CC BY 4.0)
FL,S7068,Sentencing for Capital Felonies,1,Introduced,2016-02-09,"Laid on Table, companion bill(s) passed, see HB 7101 (Ch. 2016-13)",2016-03-02,2016 Regular Session,89,strong,https://legiscan.com/FL/bill/S7068/2016,via LegiScan (CC BY 4.0)
GA,HB1296,Mental health; pilot program to support clinical research of certain veterans and first responders suffering from certain conditions; provide,2,Engrossed,2026-03-04,Senate Read and Referred,2026-03-06,2025-2026 Regular Session,97,strong,https://legiscan.com/GA/bill/HB1296/2025,via LegiScan (CC BY 4.0)
GA,HB199,Controlled substances; additional Schedule I substances; provide,2,Engrossed,2011-03-08,Senate Passed/Adopted,2011-03-30,2011-2012 Regular Session,84,strong,https://legiscan.com/GA/bill/HB199/2011,via LegiScan (CC BY 4.0)
GA,HB382,Controlled substances; Schedule I; psilocybin; revise a provision,4,Passed,2026-05-11,Effective Date 2026-07-01,2026-05-11,2025-2026 Regular Session,98,title,https://legiscan.com/GA/bill/HB382/2025,via LegiScan (CC BY 4.0)
GA,HB717,Medical Practice Act; regulation of the administration of psychedelic-assisted treatment and therapy; provide,4,Passed,2026-05-12,Effective Date 2026-07-01,2026-05-12,2025-2026 Regular Session,99,title,https://legiscan.com/GA/bill/HB717/2025,via LegiScan (CC BY 4.0)
GA,HR1327,"Clinton, George Edward; commend",4,Passed,2018-02-23,House Read and Adopted,2018-02-23,2017-2018 Regular Session,87,strong,https://legiscan.com/GA/bill/HR1327/2017,via LegiScan (CC BY 4.0)
GA,HR1620,Morehouse Boxing Club; commend,4,Passed,2026-03-06,House Read and Adopted,2026-03-06,2025-2026 Regular Session,87,strong,https://legiscan.com/GA/bill/HR1620/2025,via LegiScan (CC BY 4.0)
GA,HR896,House Study Committee on Alternative Post-Traumatic Stress Disorder Treatment Resources for Veterans; create,1,Introduced,2022-03-03,House Committee Favorably Reported By Substitute,2022-03-30,2021-2022 Regular Session,97,strong,https://legiscan.com/GA/bill/HR896/2021,via LegiScan (CC BY 4.0)
GA,SB162,Georgia Composite Medical Board; implement an automated credentialing system for healthcare providers in this state; provide,4,Passed,2026-05-05,Effective Date 2026-07-01,2026-05-05,2025-2026 Regular Session,99,strong,https://legiscan.com/GA/bill/SB162/2025,via LegiScan (CC BY 4.0)
GA,SB631,"""Veterans Mental Health Innovations Act""; enact",1,Introduced,2026-03-23,Senate Read and Referred,2026-03-25,2025-2026 Regular Session,98,strong,https://legiscan.com/GA/bill/SB631/2025,via LegiScan (CC BY 4.0)
GA,SR920,"Clinton, George Edward; recognize",4,Passed,2018-02-26,Senate Read and Adopted,2018-02-26,2017-2018 Regular Session,87,strong,https://legiscan.com/GA/bill/SR920/2017,via LegiScan (CC BY 4.0)
HI,HB1085,Relating to Controlled Substances,4,Passed,2011-06-06,"(H) Act 073, on 6/1/2011 (Gov. Msg. No. 1176).",2011-06-06,2011 Regular Session,91,strong,https://legiscan.com/HI/bill/HB1085/2011,via LegiScan (CC BY 4.0)
HI,HB1097,Relating To The Uniform Controlled Substances Act.,4,Passed,2023-06-30,"Act 162, 06/29/2023 (Gov. Msg. No. 1265).",2023-06-30,2023 Regular Session,68,contextual,https://legiscan.com/HI/bill/HB1097/2023,via LegiScan (CC BY 4.0)
HI,HB1133,Relating To The Uniform Controlled Substance Act.,1,Introduced,2025-01-23,Carried over to 2026 Regular Session.,2025-12-08,2026 Regular Session,69,contextual,https://legiscan.com/HI/bill/HB1133/2026,via LegiScan (CC BY 4.0)
HI,HB1133,Relating To The Uniform Controlled Substance Act.,1,Introduced,2025-01-23,"Referred to HLT, JHA, referral sheet 3",2025-01-23,2025 Regular Session,69,contextual,https://legiscan.com/HI/bill/HB1133/2025,via LegiScan (CC BY 4.0)
HI,HB1216,Relating To Cannabis.,1,Introduced,2023-01-25,"Referred to JHA/HLT, CPC, FIN, referral sheet 3",2023-01-30,2023 Regular Session,65,contextual,https://legiscan.com/HI/bill/HB1216/2023,via LegiScan (CC BY 4.0)
HI,HB1216,Relating To Cannabis.,1,Introduced,2023-01-25,Carried over to 2024 Regular Session.,2023-12-11,2024 Regular Session,65,contextual,https://legiscan.com/HI/bill/HB1216/2024,via LegiScan (CC BY 4.0)
HI,HB1334,Controlled Substances; Salvia Divinorum; Salivinorin A,1,Introduced,2009-01-28,Carried over to 2010 Regular Session.,2009-05-11,2010 Regular Session,87,strong,https://legiscan.com/HI/bill/HB1334/2010,via LegiScan (CC BY 4.0)
HI,HB1337,Relating To Psilocybin.,1,Introduced,2023-01-25,The committee(s) on HLT recommend(s) that the measure be deferred.,2023-02-15,2023 Regular Session,99,title,https://legiscan.com/HI/bill/HB1337/2023,via LegiScan (CC BY 4.0)
HI,HB1337,Relating To Psilocybin.,1,Introduced,2023-01-25,Carried over to 2024 Regular Session.,2023-12-11,2024 Regular Session,99,title,https://legiscan.com/HI/bill/HB1337/2024,via LegiScan (CC BY 4.0)
HI,HB1340,Relating To Mental Health.,2,Engrossed,2023-03-07,Conference Committee Meeting will reconvene on Friday 04-28-23 2:30PM in conference room 329.,2023-04-27,2023 Regular Session,98,strong,https://legiscan.com/HI/bill/HB1340/2023,via LegiScan (CC BY 4.0)
HI,HB1340,Relating To Mental Health.,2,Engrossed,2023-03-07,Received notice of discharge of all conferees (Hse. Com. No. 457).,2024-03-25,2024 Regular Session,95,strong,https://legiscan.com/HI/bill/HB1340/2024,via LegiScan (CC BY 4.0)
HI,HB1539,Relating To Marijuana.,1,Introduced,2017-01-25,"Referred to HLT, JUD, referral sheet 6",2017-01-30,2017 Regular Session,79,strong,https://legiscan.com/HI/bill/HB1539/2017,via LegiScan (CC BY 4.0)
HI,HB1539,Relating To Marijuana.,1,Introduced,2017-01-25,"Re-referred to HHS, JUD, referral sheet 1",2018-01-17,2018 Regular Session,79,strong,https://legiscan.com/HI/bill/HB1539/2018,via LegiScan (CC BY 4.0)
HI,HB1721,Controlled Substances; Marijuana; Schedule II,1,Introduced,2014-01-17,"Referred to JUD, referral sheet 3",2014-01-21,2014 Regular Session,86,strong,https://legiscan.com/HI/bill/HB1721/2014,via LegiScan (CC BY 4.0)
HI,HB2332,Uniform Controlled Substances Act; Federal Conformity,1,Introduced,2014-01-23,The committee(s) on JUD recommend(s) that the measure be deferred.,2014-02-25,2014 Regular Session,87,strong,https://legiscan.com/HI/bill/HB2332/2014,via LegiScan (CC BY 4.0)
HI,HB2400,Relating To Psilocybin.,1,Introduced,2022-01-26,"Referred to HHH, CPC, referral sheet 3",2022-01-28,2022 Regular Session,99,title,https://legiscan.com/HI/bill/HB2400/2022,via LegiScan (CC BY 4.0)
HI,HB2456,Relating To The Uniform Controlled Substance Act.,1,Introduced,2024-01-24,"Referred to HLT, JHA, referral sheet 3",2024-01-26,2024 Regular Session,69,contextual,https://legiscan.com/HI/bill/HB2456/2024,via LegiScan (CC BY 4.0)
HI,HB2567,Relating To Psilocybin.,1,Introduced,2020-01-23,The committee(s) on HLT recommend(s) that the measure be deferred.,2020-01-30,2020 Regular Session,99,title,https://legiscan.com/HI/bill/HB2567/2020,via LegiScan (CC BY 4.0)
HI,HB2572,Relating To The Medical Use Of Cannabis.,1,Introduced,2018-01-24,"Passed Second Reading as amended in HD 1 and referred to the committee(s) on JUD with none voting aye with reservations; none voting no (0) and Representative(s) DeCoite, Ing, McDe",2018-02-15,2018 Regular Session,80,strong,https://legiscan.com/HI/bill/HB2572/2018,via LegiScan (CC BY 4.0)
HI,HB2584,Relating To Marijuana Decriminalization.,1,Introduced,2018-01-24,"Referred to JUD, FIN, referral sheet 9",2018-01-29,2018 Regular Session,75,strong,https://legiscan.com/HI/bill/HB2584/2018,via LegiScan (CC BY 4.0)
HI,HB2592,Controlled Substances,1,Introduced,2010-01-27,(H) The committee(s) recommends that the measure be deferred.,2010-02-23,2010 Regular Session,86,strong,https://legiscan.com/HI/bill/HB2592/2010,via LegiScan (CC BY 4.0)
HI,HB2600,Controlled Substances,4,Passed,2012-04-19,"(H) Act 029, on 4/19/2012 (Gov. Msg. No. 1129).",2012-04-19,2012 Regular Session,85,strong,https://legiscan.com/HI/bill/HB2600/2012,via LegiScan (CC BY 4.0)
HI,HB2630,Relating To Mental Health Treatment.,1,Introduced,2024-01-24,"Report adopted. referred to the committee(s) on FIN as amended in HD 2 with none voting aye with reservations; Representative(s) Alcos, Garcia, Kila, Kitagawa, Lamosao, Matayoshi, ",2024-02-16,2024 Regular Session,99,strong,https://legiscan.com/HI/bill/HB2630/2024,via LegiScan (CC BY 4.0)
HI,HB841,Marijuana; Legalization; Prohibition; Minors; Zoning,1,Introduced,2015-01-28,"Referred to HLT, JUD, referral sheet 3",2015-01-28,2015 Regular Session,77,strong,https://legiscan.com/HI/bill/HB841/2015,via LegiScan (CC BY 4.0)
HI,HB841,Marijuana; Legalization; Prohibition; Minors; Zoning,1,Introduced,2015-01-28,Carried over to 2016 Regular Session.,2015-12-17,2016 Regular Session,77,strong,https://legiscan.com/HI/bill/HB841/2016,via LegiScan (CC BY 4.0)
HI,HB889,Marijuana; Legalization; Prohibition; Minors; Zoning,1,Introduced,2015-01-28,"Referred to JUD, FIN, referral sheet 3",2015-01-28,2015 Regular Session,77,strong,https://legiscan.com/HI/bill/HB889/2015,via LegiScan (CC BY 4.0)
HI,HB889,Marijuana; Legalization; Prohibition; Minors; Zoning,1,Introduced,2015-01-28,Carried over to 2016 Regular Session.,2015-12-17,2016 Regular Session,77,strong,https://legiscan.com/HI/bill/HB889/2016,via LegiScan (CC BY 4.0)
HI,HB967,Medical Marijuana; Medical Cannabis; Department of Health; Dispensaries; Licensed Producer,1,Introduced,2009-01-28,Carried over to 2010 Regular Session.,2009-05-11,2010 Regular Session,80,strong,https://legiscan.com/HI/bill/HB967/2010,via LegiScan (CC BY 4.0)
HI,HCR174,Requesting The Department Of Health To Convene A Therapeutic Psilocybin Working Group To Examine The Medicinal And Therapeutic Effects Of Psilocybin And Develop A Longterm Strategic Plan To Ensure The Availability Of Medicinal Psilocybin Or Psilocybi,1,Introduced,2021-03-12,"Referred to HHH, FIN , referral sheet 25",2021-03-15,2021 Regular Session,99,title,https://legiscan.com/HI/bill/HCR174/2021,via LegiScan (CC BY 4.0)
HI,HCR195,Requesting The Department Of Health To Convene A Medicinal Psilocybin Working Group To Examine The Medicinal And Therapeutic Effects Of Psilocybin And Develop A Longterm Strategic Plan To Ensure The Availability Of Medicinal Psilocybin Or Psilocybin-,1,Introduced,2020-03-06,"Re-referred to CPC, referral sheet 44",2020-03-13,2020 Regular Session,99,title,https://legiscan.com/HI/bill/HCR195/2020,via LegiScan (CC BY 4.0)
HI,HCR202,Requesting The Department Of Health To Convene A Therapeutic Psilocybin Working Group.,1,Introduced,2023-03-10,"Referred to HLT, FIN, referral sheet 20",2023-03-15,2023 Regular Session,99,title,https://legiscan.com/HI/bill/HCR202/2023,via LegiScan (CC BY 4.0)
HI,HR176,Requesting The Department Of Health To Convene A Medicinal Psilocybin Working Group To Examine The Medicinal And Therapeutic Effects Of Psilocybin And Develop A Longterm Strategic Plan To Ensure The Availability Of Medicinal Psilocybin Or Psilocybin-,1,Introduced,2020-03-06,"Re-referred to CPC, referral sheet 44",2020-03-13,2020 Regular Session,99,title,https://legiscan.com/HI/bill/HR176/2020,via LegiScan (CC BY 4.0)
HI,HR206,Requesting The Department Of Health To Convene A Therapeutic Psilocybin Working Group.,1,Introduced,2023-03-10,"Referred to HLT, FIN, referral sheet 20",2023-03-15,2023 Regular Session,99,title,https://legiscan.com/HI/bill/HR206/2023,via LegiScan (CC BY 4.0)
HI,SB1042,Relating To Mental Health.,2,Engrossed,2025-02-28,Received notice of the discharge of all House Conferees (Hse. Com. No. 457).,2026-04-02,2026 Regular Session,91,strong,https://legiscan.com/HI/bill/SB1042/2026,via LegiScan (CC BY 4.0)
HI,SB1042,Relating To Mental Health.,2,Engrossed,2025-02-28,Conference committee meeting to reconvene on 04-25-25 5:20 PM; Conference Room 329.,2025-04-25,2025 Regular Session,91,strong,https://legiscan.com/HI/bill/SB1042/2025,via LegiScan (CC BY 4.0)
HI,SB1043,Relating To Cannabis.,1,Introduced,2023-01-20,"Re-Referred to JDC, WAM.",2023-02-03,2023 Regular Session,77,strong,https://legiscan.com/HI/bill/SB1043/2023,via LegiScan (CC BY 4.0)
HI,SB1043,Relating To Cannabis.,1,Introduced,2023-01-20,Carried over to 2024 Regular Session.,2023-12-11,2024 Regular Session,77,strong,https://legiscan.com/HI/bill/SB1043/2024,via LegiScan (CC BY 4.0)
HI,SB1219,Relating To Marijuana.,1,Introduced,2017-01-25,"Referred to JDL/PSM, WAM.",2017-01-27,2017 Regular Session,79,strong,https://legiscan.com/HI/bill/SB1219/2017,via LegiScan (CC BY 4.0)
HI,SB1219,Relating To Marijuana.,1,Introduced,2017-01-25,"Re-Referred to JDC/PSM, WAM.",2018-01-17,2018 Regular Session,79,strong,https://legiscan.com/HI/bill/SB1219/2018,via LegiScan (CC BY 4.0)
HI,SB1305,Relating to Controlled Substances.,1,Introduced,2011-01-26,"(S) Referred to JDL, WAM.",2011-01-26,2011 Regular Session,84,strong,https://legiscan.com/HI/bill/SB1305/2011,via LegiScan (CC BY 4.0)
HI,SB1305,Relating to Controlled Substances.,1,Introduced,2011-01-26,Carried over to 2012 Regular Session.,2011-12-01,2012 Regular Session,84,strong,https://legiscan.com/HI/bill/SB1305/2012,via LegiScan (CC BY 4.0)
HI,SB1367,Relating To Promoting Dangerous Drugs.,1,Introduced,2019-01-24,The committee on PSM deferred the measure.,2019-02-07,2019 Regular Session,86,strong,https://legiscan.com/HI/bill/SB1367/2019,via LegiScan (CC BY 4.0)
HI,SB1367,Relating To Promoting Dangerous Drugs.,1,Introduced,2019-01-24,Carried over to 2020 Regular Session.,2019-12-01,2020 Regular Session,86,strong,https://legiscan.com/HI/bill/SB1367/2020,via LegiScan (CC BY 4.0)
HI,SB1452,Relating To The Uniform Controlled Substance Act.,4,Passed,2025-05-29,"Act 107, on 05/29/2025 (Gov. Msg. No. 1207).",2025-05-29,2025 Regular Session,72,contextual,https://legiscan.com/HI/bill/SB1452/2025,via LegiScan (CC BY 4.0)
HI,SB1454,Relating To Psilocybin.,2,Engrossed,2023-03-07,"Referred to HLT, CPC, FIN, referral sheet 17",2023-03-09,2023 Regular Session,99,title,https://legiscan.com/HI/bill/SB1454/2023,via LegiScan (CC BY 4.0)
HI,SB1454,Relating To Psilocybin.,2,Engrossed,2023-03-07,Carried over to 2024 Regular Session.,2023-12-11,2024 Regular Session,99,title,https://legiscan.com/HI/bill/SB1454/2024,via LegiScan (CC BY 4.0)
HI,SB1531,Relating To Mental Health.,2,Engrossed,2023-03-07,"Referred to HLT, CPC, referral sheet 17",2023-03-09,2023 Regular Session,98,strong,https://legiscan.com/HI/bill/SB1531/2023,via LegiScan (CC BY 4.0)
HI,SB1531,Relating To Mental Health.,2,Engrossed,2023-03-07,Carried over to 2024 Regular Session.,2023-12-11,2024 Regular Session,97,strong,https://legiscan.com/HI/bill/SB1531/2024,via LegiScan (CC BY 4.0)
HI,SB174,Controlled Substances; Marijuana,1,Introduced,2011-01-21,"(S) Report adopted; Passed Second Reading, as amended (SD 1) and referred to JDL.",2011-02-14,2011 Regular Session,91,strong,https://legiscan.com/HI/bill/SB174/2011,via LegiScan (CC BY 4.0)
HI,SB174,Controlled Substances; Marijuana,1,Introduced,2011-01-21,Carried over to 2012 Regular Session.,2011-12-01,2012 Regular Session,90,strong,https://legiscan.com/HI/bill/SB174/2012,via LegiScan (CC BY 4.0)
HI,SB189,Marijuana; Rescheduling,1,Introduced,2015-01-23,The committee on JDL deferred the measure.,2015-02-26,2015 Regular Session,87,strong,https://legiscan.com/HI/bill/SB189/2015,via LegiScan (CC BY 4.0)
HI,SB189,Marijuana; Rescheduling,1,Introduced,2015-01-23,"Re-Referred to CPH/PSM, JDL.",2016-01-21,2016 Regular Session,87,strong,https://legiscan.com/HI/bill/SB189/2016,via LegiScan (CC BY 4.0)
HI,SB2217,Relating To The Medical Use Of Cannabis.,1,Introduced,2018-01-19,Re-Referred to CPH/JDC.,2018-01-30,2018 Regular Session,75,strong,https://legiscan.com/HI/bill/SB2217/2018,via LegiScan (CC BY 4.0)
HI,SB2361,Relating To Marijuana Decriminalization.,1,Introduced,2020-01-17,"Report adopted; Passed Second Reading, as amended (SD 1) and referred to WAM.",2020-02-12,2020 Regular Session,79,strong,https://legiscan.com/HI/bill/SB2361/2020,via LegiScan (CC BY 4.0)
HI,SB2575,Relating To Schedule I Substances.,1,Introduced,2022-01-21,"Referred to HTH, JDC/WAM.",2022-01-24,2022 Regular Session,97,strong,https://legiscan.com/HI/bill/SB2575/2022,via LegiScan (CC BY 4.0)
HI,SB2745,Controlled Substances,4,Passed,2010-05-19,"(S) Act 123, 5/19/2010 (Gov. Msg. No. 581).",2010-05-19,2010 Regular Session,85,strong,https://legiscan.com/HI/bill/SB2745/2010,via LegiScan (CC BY 4.0)
HI,SB2862,Controlled Substances,1,Introduced,2012-01-25,(S) Referred to HTH/PGM.,2012-01-25,2012 Regular Session,82,strong,https://legiscan.com/HI/bill/SB2862/2012,via LegiScan (CC BY 4.0)
HI,SB2880,Relating To Promoting Dangerous Drugs.,1,Introduced,2018-01-24,Re-Referred to JDC.,2018-02-14,2018 Regular Session,85,strong,https://legiscan.com/HI/bill/SB2880/2018,via LegiScan (CC BY 4.0)
HI,SB2882,Uniform Controlled Substances Act; Federal Conformity,4,Passed,2014-04-30,"Act 054, 4/28/2014 (Gov. Msg. No. 1154).",2014-04-30,2014 Regular Session,89,strong,https://legiscan.com/HI/bill/SB2882/2014,via LegiScan (CC BY 4.0)
HI,SB2978,Relating To Cannabis.,1,Introduced,2018-01-24,"Re-Referred to CPH, JDC.",2018-01-30,2018 Regular Session,78,strong,https://legiscan.com/HI/bill/SB2978/2018,via LegiScan (CC BY 4.0)
HI,SB3019,Relating To Mental Health Treatment.,1,Introduced,2024-01-24,"Referred to HHS/CPN, WAM/JDC.",2024-01-26,2024 Regular Session,99,strong,https://legiscan.com/HI/bill/SB3019/2024,via LegiScan (CC BY 4.0)
HI,SB3145,Relating To The Uniform Controlled Substance Act.,1,Introduced,2024-01-24,"Referred to PSM, JDC.",2024-01-26,2024 Regular Session,69,contextual,https://legiscan.com/HI/bill/SB3145/2024,via LegiScan (CC BY 4.0)
HI,SB3160,Relating To Psilocybin.,2,Engrossed,2022-03-08,"Referred to HHH, CPC, FIN, referral sheet 24",2022-03-10,2022 Regular Session,99,title,https://legiscan.com/HI/bill/SB3160/2022,via LegiScan (CC BY 4.0)
HI,SB3199,Relating To Mental Health.,2,Engrossed,2026-03-06,Conference committee meeting to reconvene on 05-01-26 3:15PM; Conference Room 329.,2026-04-29,2026 Regular Session,97,strong,https://legiscan.com/HI/bill/SB3199/2026,via LegiScan (CC BY 4.0)
HI,SB383,Marijuana; Legalization; Prohibition; Minors; Zoning,1,Introduced,2015-01-23,"Referred to PSM/AGL/JDL, WAM.",2015-01-26,2015 Regular Session,77,strong,https://legiscan.com/HI/bill/SB383/2015,via LegiScan (CC BY 4.0)
HI,SB383,Marijuana; Legalization; Prohibition; Minors; Zoning,1,Introduced,2015-01-23,"Re-Referred to PSM/WLA/JDL, WAM.",2016-01-21,2016 Regular Session,77,strong,https://legiscan.com/HI/bill/SB383/2016,via LegiScan (CC BY 4.0)
HI,SB418,Medical Marijuana; Medical Cannabis; Department of Health; Dispensaries; Licensed Producer,1,Introduced,2009-01-23,Carried over to 2010 Regular Session.,2009-05-11,2010 Regular Session,83,strong,https://legiscan.com/HI/bill/SB418/2010,via LegiScan (CC BY 4.0)
HI,SB688,Controlled Substances; Marijuana,1,Introduced,2013-01-18,Carried over to 2014 Regular Session.,2013-12-18,2014 Regular Session,87,strong,https://legiscan.com/HI/bill/SB688/2014,via LegiScan (CC BY 4.0)
HI,SB702,Relating To Marijuana Decriminalization.,1,Introduced,2019-01-18,"Referred to JDC, WAM.",2019-01-24,2019 Regular Session,75,strong,https://legiscan.com/HI/bill/SB702/2019,via LegiScan (CC BY 4.0)
HI,SB702,Relating To Marijuana Decriminalization.,1,Introduced,2019-01-18,Carried over to 2020 Regular Session.,2019-12-01,2020 Regular Session,75,strong,https://legiscan.com/HI/bill/SB702/2020,via LegiScan (CC BY 4.0)
HI,SB705,Relating To Marijuana.,1,Introduced,2021-01-22,"Referred to PSM, JDC.",2021-01-27,2021 Regular Session,77,strong,https://legiscan.com/HI/bill/SB705/2021,via LegiScan (CC BY 4.0)
HI,SB705,Relating To Marijuana.,1,Introduced,2021-01-22,Carried over to 2022 Regular Session.,2021-12-10,2022 Regular Session,77,strong,https://legiscan.com/HI/bill/SB705/2022,via LegiScan (CC BY 4.0)
HI,SB738,Relating To Schedule I Substances.,1,Introduced,2021-01-22,The committee on JDC deferred the measure.,2021-02-23,2021 Regular Session,97,strong,https://legiscan.com/HI/bill/SB738/2021,via LegiScan (CC BY 4.0)
HI,SB738,Relating To Schedule I Substances.,1,Introduced,2021-01-22,Carried over to 2022 Regular Session.,2021-12-10,2022 Regular Session,97,strong,https://legiscan.com/HI/bill/SB738/2022,via LegiScan (CC BY 4.0)
HI,SB767,Relating To Cannabis.,2,Engrossed,2021-03-09,"Referred to HHH, JHA/CPC, FIN, referral sheet 22",2021-03-11,2021 Regular Session,60,contextual,https://legiscan.com/HI/bill/SB767/2021,via LegiScan (CC BY 4.0)
HI,SB767,Relating To Cannabis.,2,Engrossed,2021-03-09,Carried over to 2022 Regular Session.,2021-12-10,2022 Regular Session,60,contextual,https://legiscan.com/HI/bill/SB767/2022,via LegiScan (CC BY 4.0)
HI,SCR100,"Requesting The Department Of Health To Convene A Therapeutic Psilocybin Working Group To Examine The Medicinal And Therapeutic Effects Of Psilocybin And Develop A Long-term Strategic Plan, Should Food And Drug Administration Approval For Medical Use ",2,Engrossed,2022-03-31,"Report adopted; referred to the committee(s) on CPC with Representative(s) Branco voting aye with reservations; none voting no (0) and Representative(s) Hashimoto, McKelvey, Ward e",2022-04-19,2022 Regular Session,99,title,https://legiscan.com/HI/bill/SCR100/2022,via LegiScan (CC BY 4.0)
HI,SCR133,Requesting The Department Of Health To Convene A Therapeutic Psilocybin Working Group.,1,Introduced,2023-03-10,Referred to HHS.,2023-03-15,2023 Regular Session,99,title,https://legiscan.com/HI/bill/SCR133/2023,via LegiScan (CC BY 4.0)
HI,SCR157,Requesting The Department Of Health To Convene A Therapeutic Psilocybin Working Group To Examine The Medicinal And Therapeutic Effects Of Psilocybin And Develop A Longterm Strategic Plan To Ensure The Availability Of Medicinal Psilocybin Or Psilocybi,1,Introduced,2021-03-12,Referred to HTH.,2021-03-16,2021 Regular Session,99,title,https://legiscan.com/HI/bill/SCR157/2021,via LegiScan (CC BY 4.0)
HI,SCR171,"Urging The Convening Of A Mental Health Emerging Therapies Task Force To Prepare The State For The Integration Of Breakthrough Therapies And To Explore Opportunities To Expand Clinical Trials, Research Partnerships, And Treatment Capacity In The Stat",1,Introduced,2026-03-16,Referred to HHS.,2026-03-19,2026 Regular Session,93,title,https://legiscan.com/HI/bill/SCR171/2026,via LegiScan (CC BY 4.0)
HI,SCR208,Requesting The Department Of Health To Convene A Medicinal Psilocybin And Psilocin Working Group To Examine The Medicinal And Therapeutic Effects Of Psilocybin And Psilocin Or Develop A Long-term Strategic Plan To Ensure The Availability Of Medicinal,2,Engrossed,2021-03-31,"Referred to HHH, FIN, referral sheet 32",2021-04-01,2021 Regular Session,99,title,https://legiscan.com/HI/bill/SCR208/2021,via LegiScan (CC BY 4.0)
HI,SCR215,Requesting The Department Of Health To Convene A Medicinal Psychedelics Right-to-try Task Force To Explore The Development Of A Program For Qualifying Terminally Ill Patients.,1,Introduced,2023-03-10,Referred to HHS/JDC.,2023-03-15,2023 Regular Session,99,title,https://legiscan.com/HI/bill/SCR215/2023,via LegiScan (CC BY 4.0)
HI,SCR227,Requesting The Department Of Health To Convene A Medicinal Psilocybin And Psilocin Working Group To Examine The Medicinal And Therapeutic Effects Of Psilocybin And Psilocin And Develop A Long-term Strategic Plan To Ensure The Availability Of Medicina,1,Introduced,2022-03-11,Referred to HTH.,2022-03-16,2022 Regular Session,99,title,https://legiscan.com/HI/bill/SCR227/2022,via LegiScan (CC BY 4.0)
HI,SCR241,Requesting The Department Of Health To Convene A Medicinal Psilocybin Working Group To Examine The Medicinal And Therapeutic Effects Of Psilocybin And Develop A Longterm Strategic Plan To Ensure The Availability Of Medicinal Psilocybin Or Psilocybin-,1,Introduced,2020-03-06,Referred to CPH.,2020-03-10,2020 Regular Session,99,title,https://legiscan.com/HI/bill/SCR241/2020,via LegiScan (CC BY 4.0)
HI,SCR5,Requesting The Department Of Health To Convene A Medicinal Psilocybin And Psilocin Working Group To Examine The Medicinal And Therapeutic Effects Of Psilocybin And Psilocin And Develop A Long-term Strategic Plan To Ensure The Availability Of Medicina,1,Introduced,2023-01-25,Referred to HHS.,2023-01-30,2023 Regular Session,99,title,https://legiscan.com/HI/bill/SCR5/2023,via LegiScan (CC BY 4.0)
HI,SCR69,"Requesting The Department Of Health To Establish A Beneficial Treatments Advisory Council To Review, Evaluate, And Recommend New Medicinal Mental Health Treatments.",1,Introduced,2023-03-10,The committee on HHS deferred the measure.,2023-03-24,2023 Regular Session,95,strong,https://legiscan.com/HI/bill/SCR69/2023,via LegiScan (CC BY 4.0)
HI,SR122,Requesting The Department Of Health To Convene A Therapeutic Psilocybin Working Group To Examine The Medicinal And Therapeutic Effects Of Psilocybin And Develop A Longterm Strategic Plan To Ensure The Availability Of Medicinal Psilocybin Or Psilocybi,1,Introduced,2021-03-12,Referred to HTH.,2021-03-16,2021 Regular Session,99,title,https://legiscan.com/HI/bill/SR122/2021,via LegiScan (CC BY 4.0)
HI,SR153,Requesting The Department Of Health To Convene A Therapeutic Psilocybin Working Group.,1,Introduced,2023-03-10,Referred to HHS.,2023-03-15,2023 Regular Session,99,title,https://legiscan.com/HI/bill/SR153/2023,via LegiScan (CC BY 4.0)
HI,SR162,"Urging The Convening Of A Mental Health Emerging Therapies Task Force To Prepare The State For The Integration Of Breakthrough Therapies And To Explore Opportunities To Expand Clinical Trials, Research Partnerships, And Treatment Capacity In The Stat",1,Introduced,2026-03-16,Referred to HHS.,2026-03-19,2026 Regular Session,93,title,https://legiscan.com/HI/bill/SR162/2026,via LegiScan (CC BY 4.0)
HI,SR172,Requesting The Department Of Health To Convene A Medicinal Psilocybin And Psilocin Working Group To Examine The Medicinal And Therapeutic Effects Of Psilocybin And Psilocin Or Develop A Long-term Strategic Plan To Ensure The Availability Of Medicinal,4,Passed,2021-03-31,"Certified copies of resolutions sent, 06-21-21.",2021-06-21,2021 Regular Session,99,title,https://legiscan.com/HI/bill/SR172/2021,via LegiScan (CC BY 4.0)
HI,SR196,Requesting The Department Of Health To Convene A Medicinal Psilocybin Working Group To Examine The Medicinal And Therapeutic Effects Of Psilocybin And Develop A Longterm Strategic Plan To Ensure The Availability Of Medicinal Psilocybin Or Psilocybin-,1,Introduced,2020-03-06,Referred to CPH.,2020-03-10,2020 Regular Session,99,title,https://legiscan.com/HI/bill/SR196/2020,via LegiScan (CC BY 4.0)
HI,SR206,Requesting The Department Of Health To Convene A Medicinal Psychedelics Right-to-try Task Force To Explore The Development Of A Program For Qualifying Terminally Ill Patients.,1,Introduced,2023-03-10,Referred to HHS/JDC.,2023-03-15,2023 Regular Session,99,title,https://legiscan.com/HI/bill/SR206/2023,via LegiScan (CC BY 4.0)
HI,SR3,Requesting The Department Of Health To Convene A Medicinal Psilocybin And Psilocin Working Group To Examine The Medicinal And Therapeutic Effects Of Psilocybin And Psilocin And Develop A Long-term Strategic Plan To Ensure The Availability Of Medicina,1,Introduced,2023-01-25,Referred to HHS.,2023-01-30,2023 Regular Session,99,title,https://legiscan.com/HI/bill/SR3/2023,via LegiScan (CC BY 4.0)
HI,SR62,"Requesting The Department Of Health To Establish A Beneficial Treatments Advisory Council To Review, Evaluate, And Recommend New Medicinal Mental Health Treatments.",1,Introduced,2023-03-10,The committee on HHS deferred the measure.,2023-03-24,2023 Regular Session,95,strong,https://legiscan.com/HI/bill/SR62/2023,via LegiScan (CC BY 4.0)
HI,SR88,"Requesting The Department Of Health To Convene A Therapeutic Psilocybin Working Group To Examine The Medicinal And Therapeutic Effects Of Psilocybin And Develop A Longterm Strategic Plan, Should Food And Drug Administration Approval For Medical Use B",4,Passed,2022-03-31,"Certified copies of resolutions sent, 06/06/22.",2022-06-06,2022 Regular Session,99,title,https://legiscan.com/HI/bill/SR88/2022,via LegiScan (CC BY 4.0)
IA,HF14,A bill for an act relating to the controlled substance crystalline polymorph psilocybin.(See HF 383.),1,Introduced,2025-01-14,Withdrawn. H.J. 418.,2025-02-24,91st General Assembly,98,title,https://legiscan.com/IA/bill/HF14/2025,via LegiScan (CC BY 4.0)
IA,HF2085,A bill for an act relating to the production and administration of psilocybin and providing penalties.,1,Introduced,2026-01-15,Subcommittee Meeting: 01/26/2026 12:15PM RM 305 (Cancelled).,2026-01-22,91st General Assembly,99,title,https://legiscan.com/IA/bill/HF2085/2025,via LegiScan (CC BY 4.0)
IA,HF240,A bill for an act removing psilocybin and psilocyn from the list of substances classified as schedule I controlled substances under Iowa's uniform controlled substances Act.,1,Introduced,2023-02-08,Subcommittee recommends passage. Vote Total: 3-0.,2023-04-11,90th General Assembly,94,title,https://legiscan.com/IA/bill/HF240/2023,via LegiScan (CC BY 4.0)
IA,HF248,A bill for an act removing psilocybin and psilocyn from the list of substances classified as schedule I controlled substances under Iowa's uniform controlled substances Act.,1,Introduced,2019-02-06,"Subcommittee: Holt, Fry and Kacena. H.J. 198.",2020-02-05,88th General Assembly,94,title,https://legiscan.com/IA/bill/HF248/2019,via LegiScan (CC BY 4.0)
IA,HF249,A bill for an act relating to the classification of certain schedule I controlled substances.,1,Introduced,2019-02-06,"Subcommittee: Holt, Fry and Olson. H.J. 198.",2020-02-05,88th General Assembly,96,strong,https://legiscan.com/IA/bill/HF249/2019,via LegiScan (CC BY 4.0)
IA,HF351,A bill for an act removing psilocybin and psilocyn from the list of substances classified as schedule I controlled substances under Iowa's uniform controlled substances Act.,1,Introduced,2025-02-12,"Introduced, referred to Public Safety. H.J. 304.",2025-02-12,91st General Assembly,94,title,https://legiscan.com/IA/bill/HF351/2025,via LegiScan (CC BY 4.0)
IA,HF383,A bill for an act relating to the controlled substance crystalline polymorph psilocybin. (Formerly HF 14.) Vetoed 6-11-25.,5,Vetoed,2025-06-11,Vetoed by Governor. H.J. 1235.,2025-06-11,91st General Assembly,98,title,https://legiscan.com/IA/bill/HF383/2025,via LegiScan (CC BY 4.0)
IA,HF391,"A bill for an act relating to controlled substances and precursor substances, including amending the controlled substance and precursor substances schedules and including effective date provisions. (Formerly HSB 74.) Effective date: 05/10/2021.",4,Passed,2021-05-10,Signed by Governor. H.J. 1099.,2021-05-10,89th General Assembly,62,contextual,https://legiscan.com/IA/bill/HF391/2021,via LegiScan (CC BY 4.0)
IA,HF457,A bill for an act relating to the classification of MDMA as a schedule I controlled substance.,1,Introduced,2019-02-20,"Subcommittee: Holt, Fry and Olson. H.J. 198.",2020-02-05,88th General Assembly,98,title,https://legiscan.com/IA/bill/HF457/2019,via LegiScan (CC BY 4.0)
IA,HF459,A bill for an act removing psilocybin and psilocyn from the list of substances classified as schedule I controlled substances under Iowa's uniform controlled substances Act.,1,Introduced,2021-02-09,Subcommittee recommends indefinite postponement. Vote Total: 3-0,2021-03-03,89th General Assembly,94,title,https://legiscan.com/IA/bill/HF459/2021,via LegiScan (CC BY 4.0)
IA,HF480,A bill for an act relating to the decriminalization of certain schedule I controlled substances for the purposes of use by a patient diagnosed with a terminal illness or a life-threatening disease or condition.,1,Introduced,2021-02-11,"Introduced, referred to Human Resources. H.J. 375.",2021-02-11,89th General Assembly,93,strong,https://legiscan.com/IA/bill/HF480/2021,via LegiScan (CC BY 4.0)
IA,HF609,A bill for an act relating to the use of certain psychoactive substances under the religious freedom restoration Act.,1,Introduced,2025-02-26,"Introduced, referred to Judiciary. H.J. 439.",2025-02-26,91st General Assembly,92,strong,https://legiscan.com/IA/bill/HF609/2025,via LegiScan (CC BY 4.0)
IA,HF620,"A bill for an act relating to the production of psilocybin and the administration of psilocybin to persons with post-traumatic stress disorder, and providing penalties.(See HF 978.)",1,Introduced,2025-02-26,Withdrawn. H.J. 1073.,2025-04-28,91st General Assembly,99,title,https://legiscan.com/IA/bill/HF620/2025,via LegiScan (CC BY 4.0)
IA,HF636,"A bill for an act creating the psilocybin services Act, and providing penalties.",1,Introduced,2021-02-23,"Introduced, referred to Public Safety. H.J. 500.",2021-02-23,89th General Assembly,99,title,https://legiscan.com/IA/bill/HF636/2021,via LegiScan (CC BY 4.0)
IA,HF978,"A bill for an act relating to the production and administration of psilocybin, and providing penalties. (Formerly HF 620.)",2,Engrossed,2025-04-21,Amendment S-5248 filed. S.J. 960.,2026-05-01,91st General Assembly,99,title,https://legiscan.com/IA/bill/HF978/2025,via LegiScan (CC BY 4.0)
IA,HSB74,"A bill for an act relating to controlled substances and precursor substances, including amending the controlled substance and precursor substances schedules and including effective date provisions.(See HF 391.)",1,Introduced,2021-01-19,"Committee report approving bill, renumbered as HF 391.",2021-02-03,89th General Assembly,59,contextual,https://legiscan.com/IA/bill/HSB74/2021,via LegiScan (CC BY 4.0)
IA,SF2151,A bill for an act removing psilocybin and psilocyn from the list of substances classified as schedule I controlled substances under Iowa's uniform controlled substances Act.,1,Introduced,2026-01-29,"Subcommittee: Sweeney, Donahue, and Webster. S.J. 214.",2026-02-05,91st General Assembly,94,title,https://legiscan.com/IA/bill/SF2151/2025,via LegiScan (CC BY 4.0)
IA,SF659,"A bill for an act relating to state government and finances, including by making, modifying, limiting, or reducing appropriations, distributions, or transfers; authorizing expenditure of unappropriated moneys in special funds; providing for properly ",4,Passed,2025-06-11,Signed by Governor. S.J. 1054.,2025-06-11,91st General Assembly,83,strong,https://legiscan.com/IA/bill/SF659/2025,via LegiScan (CC BY 4.0)
IA,SSB1110,"A bill for an act relating to controlled substances and precursor substances, including amending the controlled substance and precursor substances schedules and including effective date provisions.",1,Introduced,2021-01-27,"Subcommittee: Johnson, Bolkcom, and Reichman.",2021-01-28,89th General Assembly,59,contextual,https://legiscan.com/IA/bill/SSB1110/2021,via LegiScan (CC BY 4.0)
IA,SSB1177,A bill for an act relating to the controlled substance crystalline polymorph psilocybin.,1,Introduced,2025-02-24,"Subcommittee: Klimesh, Rowley, and Wahls.",2025-02-24,91st General Assembly,98,title,https://legiscan.com/IA/bill/SSB1177/2025,via LegiScan (CC BY 4.0)
IA,SSB1241,"A bill for an act relating to state government and finances, including by making, modifying, limiting, or reducing appropriations, distributions, or transfers, authorizing expenditure of unappropriated moneys in special funds, providing for properly ",1,Introduced,2025-05-14,"Committee report approving bill, renumbered as SF 659.",2025-05-14,91st General Assembly,92,strong,https://legiscan.com/IA/bill/SSB1241/2025,via LegiScan (CC BY 4.0)
ID,H0003,Amends existing law relating to uniformed controlled substances to remove provisions relating to certain Schedule I controlled substances; and to revise provisions relating to Schedule II controlled substances.,4,Passed,2011-03-25,Governor signed Session Law Chapter 134 Effective: 07/01/11,2011-03-25,2011 Regular Session,93,strong,https://legiscan.com/ID/bill/H0003/2011,via LegiScan (CC BY 4.0)
ID,H0004,Amends existing law to revise provisions regarding controlled substances.,4,Passed,2023-03-07,"Reported Signed by Governor on March 6, 2023 Session Law Chapter 13 Effective: 07/01/2023",2023-03-07,2023 Regular Session,92,strong,https://legiscan.com/ID/bill/H0004/2023,via LegiScan (CC BY 4.0)
ID,H0006,"Amends existing law to revise the lists of Schedule I, III, IV, and V controlled substances.",4,Passed,2017-02-13,"Reported Signed by Governor on February 13, 2017 Session Law Chapter 4 Effective: 02/13/2017",2017-02-13,2017 Regular Session,91,strong,https://legiscan.com/ID/bill/H0006/2017,via LegiScan (CC BY 4.0)
ID,H0011,Amends existing law to revise lists of scheduled drugs and substances in the Uniform Controlled Substances Act.,4,Passed,2019-02-14,"Reported Signed by Governor on February 14, 2019 Session Law Chapter 24 Effective: 02/14/2019",2019-02-14,2019 Regular Session,92,strong,https://legiscan.com/ID/bill/H0011/2019,via LegiScan (CC BY 4.0)
ID,H0018,Repeals and amends existing law related to Uniform Controlled Substances.,1,Introduced,2013-01-17,Reported Printed and Referred to Health &amp; Welfare,2013-01-18,2013 Regular Session,84,strong,https://legiscan.com/ID/bill/H0018/2013,via LegiScan (CC BY 4.0)
ID,H0029,Amends existing law to revise provisions regarding controlled substances.,4,Passed,2025-02-27,"Reported Signed by Governor on February 26, 2025 Session Law Chapter 8 Effective: 07/01/2025",2025-02-27,2025 Regular Session,91,strong,https://legiscan.com/ID/bill/H0029/2025,via LegiScan (CC BY 4.0)
ID,H0086,Amends existing law relating to uniform controlled substances to distinguish tetrahydrocannabinols from synthetic drugs that mimic the effects of cannabis and to identify additional substances to be classified in Schedule I.,1,Introduced,2011-02-02,to Jud,2011-02-03,2011 Regular Session,93,strong,https://legiscan.com/ID/bill/H0086/2011,via LegiScan (CC BY 4.0)
ID,H0099,Repeals and amends existing law related to Uniform Controlled Substances.,1,Introduced,2013-02-06,Reported Printed and Referred to Health &amp; Welfare,2013-02-07,2013 Regular Session,84,strong,https://legiscan.com/ID/bill/H0099/2013,via LegiScan (CC BY 4.0)
ID,H0108,"Amends and adds to existing law to authorize the possession, distribution, transportation, and use of cannabis for medical purposes, to impose an excise tax on medical cannabis and medical cannabis devices, and to provide that marijuana and tetrahydr",1,Introduced,2021-02-09,Reported Printed and Referred to Health & Welfare,2021-02-10,2021 Regular Session,79,strong,https://legiscan.com/ID/bill/H0108/2021,via LegiScan (CC BY 4.0)
ID,H0119,Amends and adds to existing law relating to uniform controlled substances to identify additional substances to be classified in Schedule I.,4,Passed,2011-03-10,Governor signed Session Law Chapter 46 Effective: 03/10/11,2011-03-10,2011 Regular Session,96,strong,https://legiscan.com/ID/bill/H0119/2011,via LegiScan (CC BY 4.0)
ID,H0122,"Amends and adds to existing law to provide legislative intent; to provide for research, production, and regulation of hemp; and to provide an exception regarding tetrahydrocannabinols.",2,Engrossed,2019-03-18,"Without recommendation on concurrence, Held at desk",2019-04-04,2019 Regular Session,90,strong,https://legiscan.com/ID/bill/H0122/2019,via LegiScan (CC BY 4.0)
ID,H0126,Amends and adds to existing law to establish provisions regarding industrial hemp.,4,Passed,2021-04-19,"Reported Signed by Governor on April 16, 2021 Session Law Chapter 242 Effective: 04/16/2021",2021-04-19,2021 Regular Session,89,strong,https://legiscan.com/ID/bill/H0126/2021,via LegiScan (CC BY 4.0)
ID,H0139,Amends existing law relating to Uniform Controlled Substances to identify additional substances to be classified in Schedule I.,4,Passed,2011-03-10,Governor signed Session Law Chapter 47 Effective: 03/10/11,2011-03-10,2011 Regular Session,93,strong,https://legiscan.com/ID/bill/H0139/2011,via LegiScan (CC BY 4.0)
ID,H0315,Amends existing law to update Schedule I.,4,Passed,2020-02-14,"Reported Signed by Governor on February 13, 2020 Session Law Chapter 13 Effective: 07/01/2020",2020-02-14,2020 Regular Session,93,strong,https://legiscan.com/ID/bill/H0315/2020,via LegiScan (CC BY 4.0)
ID,H0340,Amends and repeals existing law to revise provisions regarding controlled substances.,4,Passed,2018-03-07,"Reported Signed by Governor on March 7, 2018 Session Law Chapter 36 Effective: 07/01/2018",2018-03-07,2018 Regular Session,92,strong,https://legiscan.com/ID/bill/H0340/2018,via LegiScan (CC BY 4.0)
ID,H0370,Amends and adds to existing law to enact the Idaho Medical Cannabis Act to authorize and regulate the use of medical cannabis.,1,Introduced,2023-03-24,Reported Printed; Filed in the Office of the Chief Clerk,2023-03-24,2023 Regular Session,85,strong,https://legiscan.com/ID/bill/H0370/2023,via LegiScan (CC BY 4.0)
ID,H0401,"Amends and adds to existing law to authorize the possession, transportation, and use of cannabis for medical purposes and to provide that marijuana and tetrahydrocannabinols or synthetic equivalents are Schedule II controlled substances.",1,Introduced,2025-03-12,Reported Printed; Filed in the Office of the Chief Clerk,2025-03-13,2025 Regular Session,82,strong,https://legiscan.com/ID/bill/H0401/2025,via LegiScan (CC BY 4.0)
ID,H0435,Amends existing law to revise provisions regarding controlled substances.,4,Passed,2024-03-12,"Reported Signed by Governor on March 11, 2024 Session Law Chapter 21 Effective: 03/11/2024",2024-03-12,2024 Regular Session,92,strong,https://legiscan.com/ID/bill/H0435/2024,via LegiScan (CC BY 4.0)
ID,H0446,Amends existing law to provide that certain nabiximols shall not be considered Schedule I controlled substances.,4,Passed,2022-03-08,"Reported Signed by Governor on March 7, 2022 Session Law Chapter 22 Effective: 07/01/2022",2022-03-08,2022 Regular Session,91,strong,https://legiscan.com/ID/bill/H0446/2022,via LegiScan (CC BY 4.0)
ID,H0497,Amends existing law to revise provisions regarding controlled substances.,1,Introduced,2026-01-19,Reported Printed and Referred to Health & Welfare,2026-01-20,2026 Regular Session,87,strong,https://legiscan.com/ID/bill/H0497/2026,via LegiScan (CC BY 4.0)
ID,H0502,"Amends existing law to revise provisions relating to Schedule I, Schedule III, Schedule IV and Schedule V Controlled Substances.",4,Passed,2012-03-29,Governor signed Session Law Chapter 181 Effective: 07/01/12,2012-03-29,2012 Regular Session,94,strong,https://legiscan.com/ID/bill/H0502/2012,via LegiScan (CC BY 4.0)
ID,H0518,"Amends existing law relating to uniform controlled substances to revise provisions relating to Schedule I controlled substances; and to revise provisions relating to Schedules II, III, IV and V drugs and other substances.",4,Passed,2010-03-25,Governor signed Session Law Chapter 117 Effective: 07/01/10,2010-03-25,2010 Regular Session,91,strong,https://legiscan.com/ID/bill/H0518/2010,via LegiScan (CC BY 4.0)
ID,H0777,Amends existing law to revise provisions regarding controlled substances.,4,Passed,2026-03-23,"Reported Signed by Governor on March 20, 2026 Session Law Chapter 90 Effective: 07/01/2026",2026-03-23,2026 Regular Session,87,strong,https://legiscan.com/ID/bill/H0777/2026,via LegiScan (CC BY 4.0)
ID,H0830,Amends existing law to provide that alkaloids found in or derived from Mitragyna speciosa shall be a Schedule I controlled substance.,1,Introduced,2026-03-05,Reported Printed and Referred to Health & Welfare,2026-03-06,2026 Regular Session,92,strong,https://legiscan.com/ID/bill/H0830/2026,via LegiScan (CC BY 4.0)
ID,H0864,Amends existing law to provide that certain substances involving mitragynine shall be Schedule I controlled substances.,1,Introduced,2026-03-10,Reported Printed and Referred to Health & Welfare,2026-03-10,2026 Regular Session,92,strong,https://legiscan.com/ID/bill/H0864/2026,via LegiScan (CC BY 4.0)
ID,H0899,Adds to existing law to establish the Medical Advanced Healing Act.,1,Introduced,2026-03-16,Reported Printed and Referred to Health & Welfare,2026-03-16,2026 Regular Session,93,strong,https://legiscan.com/ID/bill/H0899/2026,via LegiScan (CC BY 4.0)
ID,S1017,Amends existing law to provide for certain synthetic drugs and controlled substances.,4,Passed,2021-02-26,Session Law Chapter 11 Effective: 07/01/2021,2021-02-26,2021 Regular Session,89,strong,https://legiscan.com/ID/bill/S1017/2021,via LegiScan (CC BY 4.0)
ID,S1136,Amends existing law to revise a listing of synthetic drugs.,4,Passed,2013-04-03,Signed by Governor on 04/03/13 Session Law Chapter 253 Effective: 04/03/13,2013-04-03,2013 Regular Session,93,strong,https://legiscan.com/ID/bill/S1136/2013,via LegiScan (CC BY 4.0)
ID,S1241,Amends existing law to revise a definition and to provide an exception for hemp.,1,Introduced,2020-01-22,Reported Printed; referred to State Affairs,2020-01-23,2020 Regular Session,91,strong,https://legiscan.com/ID/bill/S1241/2020,via LegiScan (CC BY 4.0)
ID,S1246,"Amends existing law to revise the lists of Schedule I, II, IV, and V controlled substances.",4,Passed,2022-03-14,Session Law Chapter 47 Effective: 07/01/2022,2022-03-14,2022 Regular Session,91,strong,https://legiscan.com/ID/bill/S1246/2022,via LegiScan (CC BY 4.0)
ID,S1253,"Amends and adds to existing law to provide legislative intent, to provide for the research and production of hemp, and to revise definitions.",1,Introduced,2020-01-24,Reported Printed; referred to State Affairs,2020-01-27,2020 Regular Session,89,strong,https://legiscan.com/ID/bill/S1253/2020,via LegiScan (CC BY 4.0)
ID,S1379,Amends existing law to revise certain controlled substances listed in Schedule I.,4,Passed,2014-04-04,Signed by Governor on 04/04/14 Session Law Chapter 349 Effective: 07/01/2014,2014-04-04,2014 Regular Session,93,strong,https://legiscan.com/ID/bill/S1379/2014,via LegiScan (CC BY 4.0)
IL,HB0001,ILLINOIS CURE ACT,6,Failed,2025-01-07,Session Sine Die,2025-01-07,103rd General Assembly,98,strong,https://legiscan.com/IL/bill/HB0001/2023,via LegiScan (CC BY 4.0)
IL,HB0445,CONT SUB-N-BENZYLPIPERAZINE,4,Passed,2009-08-12,Public Act . . . . . . . . . 96-0347,2009-08-12,96th General Assembly,68,contextual,https://legiscan.com/IL/bill/HB0445/2009,via LegiScan (CC BY 4.0)
IL,HB1143,ILLINOIS CURE ACT,1,Introduced,2025-01-09,Rule 19(a) / Re-referred to Rules Committee,2026-03-27,104th General Assembly,99,strong,https://legiscan.com/IL/bill/HB1143/2025,via LegiScan (CC BY 4.0)
IL,HB1258,REIMBURSE FIRST RESPONDER-DRUG,4,Passed,2011-08-18,Public Act . . . . . . . . . 97-0434,2011-08-18,97th General Assembly,73,contextual,https://legiscan.com/IL/bill/HB1258/2011,via LegiScan (CC BY 4.0)
IL,HB1497,CONTROLLED SUB-SCHEDULE I,1,Introduced,2015-02-05,Rule 19(a) / Re-referred to Rules Committee,2015-03-27,99th General Assembly,77,strong,https://legiscan.com/IL/bill/HB1497/2015,via LegiScan (CC BY 4.0)
IL,HB1655,CONTROLLED SUB-MDPV-SCHED-I,6,Failed,2013-01-08,Session Sine Die,2013-01-08,97th General Assembly,80,strong,https://legiscan.com/IL/bill/HB1655/2011,via LegiScan (CC BY 4.0)
IL,HB2089,CONTROLLED SUB-MDPV-SCHED-I,4,Passed,2011-07-22,Public Act . . . . . . . . . 97-0192,2011-07-22,97th General Assembly,86,strong,https://legiscan.com/IL/bill/HB2089/2011,via LegiScan (CC BY 4.0)
IL,HB2534,CS-SYNTHETIC DRUGS AND ANALOGS,4,Passed,2017-08-25,Public Act . . . . . . . . . 100-0368,2017-08-25,100th General Assembly,55,contextual,https://legiscan.com/IL/bill/HB2534/2017,via LegiScan (CC BY 4.0)
IL,HB2595,CRIMINAL LAW-TECH,4,Passed,2011-07-22,Public Act . . . . . . . . . 97-0193,2011-07-22,97th General Assembly,86,strong,https://legiscan.com/IL/bill/HB2595/2011,via LegiScan (CC BY 4.0)
IL,HB2992,HOPE PILOT PROGRAM,1,Introduced,2025-02-06,Rule 19(a) / Re-referred to Rules Committee,2026-03-27,104th General Assembly,99,strong,https://legiscan.com/IL/bill/HB2992/2025,via LegiScan (CC BY 4.0)
IL,HB3042,CONTROLLED SUBSTANCES-SCHED I,4,Passed,2011-07-22,Public Act . . . . . . . . . 97-0194,2011-07-22,97th General Assembly,87,strong,https://legiscan.com/IL/bill/HB3042/2011,via LegiScan (CC BY 4.0)
IL,HB3486,CON SUB-CATHINONE DERIVATIVE,6,Failed,2013-01-08,Session Sine Die,2013-01-08,97th General Assembly,83,strong,https://legiscan.com/IL/bill/HB3486/2011,via LegiScan (CC BY 4.0)
IL,HB3588,SYNTHETIC DRUG ID PILOT PGM,1,Introduced,2015-02-26,Rule 19(a) / Re-referred to Rules Committee,2015-04-24,99th General Assembly,74,contextual,https://legiscan.com/IL/bill/HB3588/2015,via LegiScan (CC BY 4.0)
IL,HB3680,CONTROLLED SUB-U-47700,6,Failed,2019-01-08,Session Sine Die,2019-01-08,100th General Assembly,72,contextual,https://legiscan.com/IL/bill/HB3680/2017,via LegiScan (CC BY 4.0)
IL,HB4222,SUBSTANCE ABUSE-TREATMENT,1,Introduced,2009-02-27,Rule 19(a) / Re-referred to Rules Committee,2009-03-13,96th General Assembly,58,contextual,https://legiscan.com/IL/bill/HB4222/2009,via LegiScan (CC BY 4.0)
IL,HB4352,CONTROLLED SUB-SCHEDULES,6,Failed,2025-01-07,Session Sine Die,2025-01-07,103rd General Assembly,71,contextual,https://legiscan.com/IL/bill/HB4352/2023,via LegiScan (CC BY 4.0)
IL,HB4578,CRIM CD-EXTORTION,2,Engrossed,2010-03-18,Rule 3-9(a) / Re-referred to Assignments,2010-04-23,96th General Assembly,79,strong,https://legiscan.com/IL/bill/HB4578/2009,via LegiScan (CC BY 4.0)
IL,HB4707,CONTROLLED SUB-HYDROCODONE,4,Passed,2018-08-20,Public Act . . . . . . . . . 100-0989,2018-08-20,100th General Assembly,59,contextual,https://legiscan.com/IL/bill/HB4707/2017,via LegiScan (CC BY 4.0)
IL,HB5233,HEALTH-SYNTHETIC DRUG PRODUCT,4,Passed,2012-07-31,Public Act . . . . . . . . . 97-0872,2012-07-31,97th General Assembly,77,strong,https://legiscan.com/IL/bill/HB5233/2011,via LegiScan (CC BY 4.0)
IL,HB5268,CONTROLLED SUB-FENTANYL-ANALOG,1,Introduced,2020-02-14,Rule 19(b) / Re-referred to Rules Committee,2020-06-23,101st General Assembly,69,contextual,https://legiscan.com/IL/bill/HB5268/2019,via LegiScan (CC BY 4.0)
IL,HB5526,CONTROLLED SUB-KRATOM,4,Passed,2014-08-18,Public Act . . . . . . . . . 98-0981,2014-08-18,98th General Assembly,74,contextual,https://legiscan.com/IL/bill/HB5526/2013,via LegiScan (CC BY 4.0)
IL,HB6459,CRIMINAL LAW-TECH,4,Passed,2010-07-26,Public Act . . . . . . . . . 96-1285,2010-07-26,96th General Assembly,84,strong,https://legiscan.com/IL/bill/HB6459/2009,via LegiScan (CC BY 4.0)
IL,SB0210,BATH SALTS PROHIBITION ACT,4,Passed,2016-07-18,Public Act . . . . . . . . . 99-0585,2016-07-18,99th General Assembly,80,strong,https://legiscan.com/IL/bill/SB0210/2015,via LegiScan (CC BY 4.0)
IL,SB0702,CONTROLLED SUB-U-47700,6,Failed,2019-01-09,Session Sine Die,2019-01-09,100th General Assembly,75,strong,https://legiscan.com/IL/bill/SB0702/2017,via LegiScan (CC BY 4.0)
IL,SB1129,CONTROLLED SUBSTANCE-SYNTHETIC,4,Passed,2015-08-14,Public Act . . . . . . . . . 99-0371,2015-08-14,99th General Assembly,55,contextual,https://legiscan.com/IL/bill/SB1129/2015,via LegiScan (CC BY 4.0)
IL,SB1282,CS-SYNTHETIC DRUGS AND ANALOGS,1,Introduced,2015-02-18,Senate Committee Amendment No. 1 Pursuant to Senate Rule 3-9(b) / Referred to Assignments,2015-10-10,99th General Assembly,50,contextual,https://legiscan.com/IL/bill/SB1282/2015,via LegiScan (CC BY 4.0)
IL,SB1987,CONTROLLED SUB-SCHEDULES,4,Passed,2023-06-30,Public Act . . . . . . . . . 103-0245,2023-06-30,103rd General Assembly,67,contextual,https://legiscan.com/IL/bill/SB1987/2023,via LegiScan (CC BY 4.0)
IL,SB2089,XYLAZINE-SCHEDULE I-PENALTIES,6,Failed,2025-01-07,Session Sine Die,2025-01-07,103rd General Assembly,62,contextual,https://legiscan.com/IL/bill/SB2089/2023,via LegiScan (CC BY 4.0)
IL,SB2184,USE AND RESEARCH-ENTHEOGENS,1,Introduced,2025-02-07,Rule 3-9(a) / Re-referred to Assignments,2026-03-27,104th General Assembly,99,title,https://legiscan.com/IL/bill/SB2184/2025,via LegiScan (CC BY 4.0)
IL,SB2341,CONTROLLED SUB-SYNTHETIC DRUGS,4,Passed,2018-08-10,Public Act . . . . . . . . . 100-0789,2018-08-10,100th General Assembly,63,contextual,https://legiscan.com/IL/bill/SB2341/2017,via LegiScan (CC BY 4.0)
IL,SB2353,CONTROLLED SUB-PSILOCYBIN,6,Failed,2025-01-07,Session Sine Die,2025-01-07,103rd General Assembly,98,title,https://legiscan.com/IL/bill/SB2353/2023,via LegiScan (CC BY 4.0)
IL,SB2612,ILLINOIS CURE ACT,6,Failed,2025-01-07,Session Sine Die,2025-01-07,103rd General Assembly,98,strong,https://legiscan.com/IL/bill/SB2612/2023,via LegiScan (CC BY 4.0)
IL,SB2772,PSILOCYBIN ADVISORY BOARD,2,Engrossed,2026-05-07,Rule 19(a) / Re-referred to Rules Committee,2026-05-15,104th General Assembly,99,title,https://legiscan.com/IL/bill/SB2772/2025,via LegiScan (CC BY 4.0)
IL,SB3275,CONTROLLED SUB-SCH-1,4,Passed,2014-08-18,Public Act . . . . . . . . . 98-0987,2014-08-18,98th General Assembly,83,strong,https://legiscan.com/IL/bill/SB3275/2013,via LegiScan (CC BY 4.0)
IL,SB3695,ILLINOIS CURE ACT,6,Failed,2025-01-07,Session Sine Die,2025-01-07,103rd General Assembly,99,strong,https://legiscan.com/IL/bill/SB3695/2023,via LegiScan (CC BY 4.0)
IN,HB1001,State budget.,4,Passed,2025-05-06,Public Law 213,2025-05-06,2025 Regular Session,73,contextual,https://legiscan.com/IN/bill/HB1001/2025,via LegiScan (CC BY 4.0)
IN,HB1019,Controlled substances. Adds the substance U-47700 to Schedule I. Adds Etizolam to Schedule I. Adds the chemical description of buphedrone.,4,Passed,2017-03-29,Public Law 8,2017-03-29,2017 Regular Session,93,strong,https://legiscan.com/IN/bill/HB1019/2017,via LegiScan (CC BY 4.0)
IN,HB1036,Cannabis.,1,Introduced,2020-01-07,First reading: referred to Committee on Courts and Criminal Code,2020-01-07,2020 Regular Session,64,contextual,https://legiscan.com/IN/bill/HB1036/2020,via LegiScan (CC BY 4.0)
IN,HB1041,Medical cannabis.,1,Introduced,2020-01-16,First reading: referred to Committee on Public Health,2020-01-16,2020 Regular Session,58,contextual,https://legiscan.com/IN/bill/HB1041/2020,via LegiScan (CC BY 4.0)
IN,HB1056,Controlled substances.,4,Passed,2025-03-25,Public Law 2,2025-03-25,2025 Regular Session,93,strong,https://legiscan.com/IN/bill/HB1056/2025,via LegiScan (CC BY 4.0)
IN,HB1102,Synthetic cannabinoids and salvia.,4,Passed,2011-05-16,Effective 07/01/2011,2011-05-16,2011 Regular Session,68,contextual,https://legiscan.com/IN/bill/HB1102/2011,via LegiScan (CC BY 4.0)
IN,HB1154,Cannabis legalization.,1,Introduced,2021-01-07,First reading: referred to Committee on Courts and Criminal Code,2021-01-07,2021 Regular Session,59,contextual,https://legiscan.com/IN/bill/HB1154/2021,via LegiScan (CC BY 4.0)
IN,HB1166,Appropriation for psilocybin research.,1,Introduced,2025-01-08,Representative Bascom G added as coauthor,2025-01-28,2025 Regular Session,97,title,https://legiscan.com/IN/bill/HB1166/2025,via LegiScan (CC BY 4.0)
IN,HB1182,Regulation of controlled substances.,4,Passed,2024-03-12,Public Law 84,2024-03-12,2024 Regular Session,89,strong,https://legiscan.com/IN/bill/HB1182/2024,via LegiScan (CC BY 4.0)
IN,HB1196,"Synthetic drugs (including ""bath salts"").",3,Enrolled,2012-02-29,Signed by the Governor,2012-03-15,2012 Regular Session,76,strong,https://legiscan.com/IN/bill/HB1196/2012,via LegiScan (CC BY 4.0)
IN,HB1215,Synthetic drugs.,1,Introduced,2012-01-09,Representative Karickhoff added as coauthor,2012-01-12,2012 Regular Session,81,strong,https://legiscan.com/IN/bill/HB1215/2012,via LegiScan (CC BY 4.0)
IN,HB1248,Cannabis.,1,Introduced,2023-01-11,First reading: referred to Committee on Courts and Criminal Code,2023-01-11,2023 Regular Session,56,contextual,https://legiscan.com/IN/bill/HB1248/2023,via LegiScan (CC BY 4.0)
IN,HB1259,Health care matters.,4,Passed,2024-03-13,Public Law 152,2024-03-13,2024 Regular Session,96,strong,https://legiscan.com/IN/bill/HB1259/2024,via LegiScan (CC BY 4.0)
IN,HB1272,Professional licensing matters. Requires a practitioner to provide the Indiana professional licensing agency (agency) and the practitioner's specific board with certain information concerning continuing education. (Current law requires a practitioner,4,Passed,2016-03-23,Public Law 168,2016-03-23,2016 Regular Session,89,strong,https://legiscan.com/IN/bill/HB1272/2016,via LegiScan (CC BY 4.0)
IN,HB1282,Cannabis regulation.,1,Introduced,2024-01-09,First reading: referred to Committee on Courts and Criminal Code,2024-01-09,2024 Regular Session,56,contextual,https://legiscan.com/IN/bill/HB1282/2024,via LegiScan (CC BY 4.0)
IN,HB1298,Classification of marijuana and THC.,1,Introduced,2026-01-06,First reading: referred to Committee on Courts and Criminal Code,2026-01-06,2026 Regular Session,83,strong,https://legiscan.com/IN/bill/HB1298/2026,via LegiScan (CC BY 4.0)
IN,HB1311,Cannabis legalization.,1,Introduced,2022-01-11,First reading: referred to Committee on Courts and Criminal Code,2022-01-11,2022 Regular Session,58,contextual,https://legiscan.com/IN/bill/HB1311/2022,via LegiScan (CC BY 4.0)
IN,HB1332,Cannabis.,1,Introduced,2025-01-13,First reading: referred to Committee on Courts and Criminal Code,2025-01-13,2025 Regular Session,57,contextual,https://legiscan.com/IN/bill/HB1332/2025,via LegiScan (CC BY 4.0)
IN,HB1350,Cannabis legalization.,1,Introduced,2024-01-10,First reading: referred to Committee on Courts and Criminal Code,2024-01-10,2024 Regular Session,57,contextual,https://legiscan.com/IN/bill/HB1350/2024,via LegiScan (CC BY 4.0)
IN,HB1356,Cannabis.,1,Introduced,2023-01-17,First reading: referred to Committee on Courts and Criminal Code,2023-01-17,2023 Regular Session,65,contextual,https://legiscan.com/IN/bill/HB1356/2023,via LegiScan (CC BY 4.0)
IN,HB1382,Controlled substances.,4,Passed,2013-05-13,Public Law 283,2013-05-13,2013 Regular Session,88,strong,https://legiscan.com/IN/bill/HB1382/2013,via LegiScan (CC BY 4.0)
IN,HB1410,Legalization of cannabis.,1,Introduced,2024-01-11,"Representatives VanNatter, Miller K, Johnson added as coauthors",2024-01-23,2024 Regular Session,63,contextual,https://legiscan.com/IN/bill/HB1410/2024,via LegiScan (CC BY 4.0)
IN,HB1524,Synthetic drugs.,2,Engrossed,2013-02-20,First reading: referred to Committee on Corrections & Criminal Law,2013-02-27,2013 Regular Session,58,contextual,https://legiscan.com/IN/bill/HB1524/2013,via LegiScan (CC BY 4.0)
IN,HB1615,Legalization of cannabis.,1,Introduced,2023-01-19,First reading: referred to Committee on Public Health,2023-01-19,2023 Regular Session,63,contextual,https://legiscan.com/IN/bill/HB1615/2023,via LegiScan (CC BY 4.0)
IN,HB1630,Cannabis legalization.,1,Introduced,2025-01-21,First reading: referred to Committee on Courts and Criminal Code,2025-01-21,2025 Regular Session,59,contextual,https://legiscan.com/IN/bill/HB1630/2025,via LegiScan (CC BY 4.0)
IN,HB1654,Legalization of cannabis.,1,Introduced,2025-01-21,First reading: referred to Committee on Courts and Criminal Code,2025-01-21,2025 Regular Session,63,contextual,https://legiscan.com/IN/bill/HB1654/2025,via LegiScan (CC BY 4.0)
IN,SB0057,Synthetic cannabinoids and salvia.,4,Passed,2011-05-17,Effective 07/01/2011,2011-05-18,2011 Regular Session,71,contextual,https://legiscan.com/IN/bill/SB0057/2011,via LegiScan (CC BY 4.0)
IN,SB0074,"Controlled substances. Adds the substance Mexedrone to the definition of ""synthetic drug"" and adds additional controlled substances to the existing statutory list of depressants, hallucinogens, and opiates classified as schedule I.",4,Passed,2018-03-15,Public Law 89,2018-03-15,2018 Regular Session,90,strong,https://legiscan.com/IN/bill/SB0074/2018,via LegiScan (CC BY 4.0)
IN,SB0106,Schedule I controlled substances. Adds certain compounds to the list of schedule I controlled substances.,1,Introduced,2018-01-03,First reading: referred to Committee on Corrections and Criminal Law,2018-01-03,2018 Regular Session,87,strong,https://legiscan.com/IN/bill/SB0106/2018,via LegiScan (CC BY 4.0)
IN,SB0107,Cannabis regulation.,1,Introduced,2024-01-08,Senator Qaddoura added as coauthor,2024-01-09,2024 Regular Session,56,contextual,https://legiscan.com/IN/bill/SB0107/2024,via LegiScan (CC BY 4.0)
IN,SB0122,Drug schedules.,4,Passed,2021-04-01,Public Law 10,2021-04-01,2021 Regular Session,94,strong,https://legiscan.com/IN/bill/SB0122/2021,via LegiScan (CC BY 4.0)
IN,SB0139,Psilocybin treatment program.,2,Engrossed,2024-02-06,Referred to the Committee on Ways and Means pursuant to House Rule 127,2024-02-13,2024 Regular Session,99,title,https://legiscan.com/IN/bill/SB0139/2024,via LegiScan (CC BY 4.0)
IN,SB0173,Health care matters.,1,Introduced,2026-01-05,Committee report: amend do pass adopted; reassigned to Committee on Appropriations,2026-01-15,2026 Regular Session,79,strong,https://legiscan.com/IN/bill/SB0173/2026,via LegiScan (CC BY 4.0)
IN,SB0180,Various health care matters.,4,Passed,2026-03-05,Public Law 118,2026-03-05,2026 Regular Session,78,strong,https://legiscan.com/IN/bill/SB0180/2026,via LegiScan (CC BY 4.0)
IN,SB0194,Drug scheduling.,4,Passed,2020-03-18,Public Law 61,2020-03-18,2020 Regular Session,86,strong,https://legiscan.com/IN/bill/SB0194/2020,via LegiScan (CC BY 4.0)
IN,SB0209,Drug schedules.,3,Enrolled,2022-02-23,Senators Young M and Taylor G added as conferees,2022-03-08,2022 Regular Session,87,strong,https://legiscan.com/IN/bill/SB0209/2022,via LegiScan (CC BY 4.0)
IN,SB0234,"Synthetic drugs (including ""bath salts"").",3,Enrolled,2012-02-21,House advisor appointed: Davis and V. Smith,2012-03-08,2012 Regular Session,76,strong,https://legiscan.com/IN/bill/SB0234/2012,via LegiScan (CC BY 4.0)
IN,SB0305,"Schedule I drugs and ""spice"".",2,Engrossed,2014-01-28,First Reading: Referred to Courts and Criminal Code,2014-02-10,2014 Regular Session,70,contextual,https://legiscan.com/IN/bill/SB0305/2014,via LegiScan (CC BY 4.0)
IN,SB0308,Cannabis legalization.,1,Introduced,2023-01-12,First reading: referred to Committee on Commerce and Technology,2023-01-12,2023 Regular Session,57,contextual,https://legiscan.com/IN/bill/SB0308/2023,via LegiScan (CC BY 4.0)
IN,SB0310,"Marijuana and controlled substances. Excludes from the definitions of: (1) ""controlled substance""; (2) ""controlled substance analog""; and (3) ""marijuana""; certain substances containing less than 0.5% tetrahydrocannabinol. Specifies that ""tetrahydroca",1,Introduced,2018-01-04,Senator Stoops added as coauthor,2018-01-23,2018 Regular Session,73,contextual,https://legiscan.com/IN/bill/SB0310/2018,via LegiScan (CC BY 4.0)
IN,SB0324,Legalization of cannabis.,1,Introduced,2022-01-11,First reading: referred to Committee on Commerce and Technology,2022-01-11,2022 Regular Session,59,contextual,https://legiscan.com/IN/bill/SB0324/2022,via LegiScan (CC BY 4.0)
IN,SB0336,Cannabis.,1,Introduced,2023-01-19,Senator Randolph added as coauthor,2023-02-27,2023 Regular Session,56,contextual,https://legiscan.com/IN/bill/SB0336/2023,via LegiScan (CC BY 4.0)
IN,SB0379,Drug schedules.,4,Passed,2023-04-20,Public Law 48,2023-04-20,2023 Regular Session,86,strong,https://legiscan.com/IN/bill/SB0379/2023,via LegiScan (CC BY 4.0)
IN,SB0414,Cannabis legalization.,1,Introduced,2022-01-12,Senator Melton added as second author,2022-01-13,2022 Regular Session,58,contextual,https://legiscan.com/IN/bill/SB0414/2022,via LegiScan (CC BY 4.0)
IN,SB0536,Synthetic drugs.,4,Passed,2013-05-13,Public Law 196,2013-05-13,2013 Regular Session,63,contextual,https://legiscan.com/IN/bill/SB0536/2013,via LegiScan (CC BY 4.0)
IN,SB0631,"Drug classifications and drug schedules. Adds numerous substances to the definition of ""synthetic drug"". Adds epidiolex and brivaracetam to schedule V. Specifies that dronabinol is a schedule II controlled substance only in oral solution. Defines ""fe",4,Passed,2019-04-29,Public Law 119,2019-04-29,2019 Regular Session,90,strong,https://legiscan.com/IN/bill/SB0631/2019,via LegiScan (CC BY 4.0)
IN,SR0048,Recognizing PTSD and its contribution to suicide among the military and veteran populations.,4,Passed,2025-03-27,"Senators Alexander, Alting, Bassler, Becker, Bohacek, Bray, Brown L, Buchanan, Buck, Busch, Byrne, Carrasco, Clark, Crider, Deery, Dernulc, Donato, Doriot, Ford J.D., Freeman, Gask",2025-03-27,2025 Regular Session,93,strong,https://legiscan.com/IN/bill/SR0048/2025,via LegiScan (CC BY 4.0)
KS,HB2017,Creating the Kansas equal access act to authorize the use of medical marijuana.,6,Failed,2020-06-04,House Died in Committee,2020-06-04,2020 Special Session,59,contextual,https://legiscan.com/KS/bill/HB2017/2020/X1,via LegiScan (CC BY 4.0)
KS,HB2018,"Senate Substitute for HB 2018 by Committee on Corrections and Juvenile Justice – Adding and amending substances included in schedules I, III and IV of the uniform controlled substances act; use of certain controlled substances to treat binge eating a",4,Passed,2016-06-01,"House Approved by Governor on Tuesday, May 17 , 2016",2016-06-01,2015-2016 Regular Session,95,strong,https://legiscan.com/KS/bill/HB2018/2015,via LegiScan (CC BY 4.0)
KS,HB2023,Amending the drug schedule by adding additional unlawful substances.,4,Passed,2011-03-29,"Approved by Governor on Monday, 28 March 2011",2011-03-29,2011-2012 Regular Session,90,strong,https://legiscan.com/KS/bill/HB2023/2011,via LegiScan (CC BY 4.0)
KS,HB2049,Senate Substitute for HB 2049 by Committee on Public Health and Welfare -- Controlled substances.,4,Passed,2011-06-01,"Approved by Governor on Wednesday, 18 May 2011",2011-06-01,2011-2012 Regular Session,95,strong,https://legiscan.com/KS/bill/HB2049/2011,via LegiScan (CC BY 4.0)
KS,HB2049,Senate Substitute for HB 2049 by Committee on Corrections and Juvenile Justice - Changing the definition of “significantly subaverage general intellectual functioning” related to intellectual disability.,4,Passed,2016-06-01,"House Approved by Governor on Tuesday, May 17 , 2016",2016-06-01,2015-2016 Regular Session,92,strong,https://legiscan.com/KS/bill/HB2049/2015,via LegiScan (CC BY 4.0)
KS,HB2163,Providing for the legal use of medical cannabis.,6,Failed,2020-05-21,House Died in Committee,2020-05-21,2019-2020 Regular Session,58,contextual,https://legiscan.com/KS/bill/HB2163/2019,via LegiScan (CC BY 4.0)
KS,HB2167,Senate Substitute for HB 2167 by Committee on Agriculture and Natural Resources - Establishing a commercial industrial hemp program.,4,Passed,2019-05-01,"House Reengrossed on Monday, April 8, 2019",2019-05-01,2019-2020 Regular Session,78,strong,https://legiscan.com/KS/bill/HB2167/2019,via LegiScan (CC BY 4.0)
KS,HB2173,Establishing a commercial industrial hemp program.,6,Failed,2020-05-21,Senate Died in Senate Committee,2020-05-21,2019-2020 Regular Session,80,strong,https://legiscan.com/KS/bill/HB2173/2019,via LegiScan (CC BY 4.0)
KS,HB2184,Creating the Kansas medical marijuana regulation act.,6,Failed,2022-05-23,House Died in Committee,2022-05-23,2021-2022 Regular Session,59,contextual,https://legiscan.com/KS/bill/HB2184/2021,via LegiScan (CC BY 4.0)
KS,HB2218,"Amending the definition of ""psilocybin"" in the uniform controlled substances act to exclude the pharmaceutical composition of crystalline polymorph psilocybin and adding crystalline polymorph psilocybin to schedule IV of the uniformed controlled subs",1,Introduced,2025-02-03,House Stricken from Calendar by Rule 1507,2026-02-19,2025-2026 Regular Session,98,title,https://legiscan.com/KS/bill/HB2218/2025,via LegiScan (CC BY 4.0)
KS,HB2244,Senate Substitute for HB 2244 by Committee on Judiciary - Enacting the COVID-19 response and reopening for business liability protection act.,6,Failed,2020-05-21,Senate Died on Senate General Orders,2020-05-21,2019-2020 Regular Session,92,strong,https://legiscan.com/KS/bill/HB2244/2019,via LegiScan (CC BY 4.0)
KS,HB2249,Senate Substitute for Senate Substitute for HB 2249 by Committee on Ways and Means -- Confidentiality of health information.,4,Passed,2012-05-16,"Approved by Governor on Wednesday, 16 May 2012",2012-05-16,2011-2012 Regular Session,81,strong,https://legiscan.com/KS/bill/HB2249/2011,via LegiScan (CC BY 4.0)
KS,HB2262,"Senate Substitute for HB 2262 by Committee on Public Health and Welfare - Updating schedules I, II, IV and V of the uniform controlled substances act.",6,Failed,2022-05-23,House Died in Conference,2022-05-23,2021-2022 Regular Session,82,strong,https://legiscan.com/KS/bill/HB2262/2021,via LegiScan (CC BY 4.0)
KS,HB2275,"Relating to substances included in schedules I, II, III and IV of the uniform controlled substances act.",4,Passed,2015-04-29,"House Approved by Governor on Wednesday, April 08 , 2015",2015-04-29,2015-2016 Regular Session,88,strong,https://legiscan.com/KS/bill/HB2275/2015,via LegiScan (CC BY 4.0)
KS,HB2298,Senate Sub for HB 2298 by Committee on Judiciary - Uniform controlled substances act.,4,Passed,2014-04-30,"House Approved by Governor on Thursday, 17 April 2014",2014-04-30,2013-2014 Regular Session,87,strong,https://legiscan.com/KS/bill/HB2298/2013,via LegiScan (CC BY 4.0)
KS,HB2318,Senate Substitute for Substitute HB 2318 by Committee on Judiciary --Further amendments to the recodified Kansas criminal code; creating the crime of endangerment; drug crimes; sentencing guidelines grid for drug crimes; drug treatment programs; disp,4,Passed,2012-06-01,"Approved by Governor on Friday, 25 May 2012",2012-06-01,2011-2012 Regular Session,54,contextual,https://legiscan.com/KS/bill/HB2318/2011,via LegiScan (CC BY 4.0)
KS,HB2350,"Removing felony violation of possession, cultivation and distribution of marijuana.",6,Failed,2020-05-21,House Died in Committee,2020-05-21,2019-2020 Regular Session,87,strong,https://legiscan.com/KS/bill/HB2350/2019,via LegiScan (CC BY 4.0)
KS,HB2353,Adding certain controlled substances as schedule I drugs.,4,Passed,2013-05-08,"House Approved by Governor on Wednesday, 10 April 2013",2013-05-08,2013-2014 Regular Session,92,strong,https://legiscan.com/KS/bill/HB2353/2013,via LegiScan (CC BY 4.0)
KS,HB2354,Providing an exception to the crime of unlawful possession of controlled substances for residents of Kansas who possess marijuana and are disabled veterans with a valid medical marijuana card issued by any state.,1,Introduced,2025-02-07,House Referred to Committee on Judiciary,2025-02-07,2025-2026 Regular Session,87,strong,https://legiscan.com/KS/bill/HB2354/2025,via LegiScan (CC BY 4.0)
KS,HB2367,"Creating the adult use cannabis regulation act to regulate the cultivation, manufacturing, possession and sale of cannabis in this state.",6,Failed,2024-04-30,House Died in Committee,2024-04-30,2023-2024 Regular Session,64,contextual,https://legiscan.com/KS/bill/HB2367/2023,via LegiScan (CC BY 4.0)
KS,HB2405,"Enacting the adult use cannabis regulation act to regulate the cultivation, manufacturing, possession and sale of cannabis in this state.",1,Introduced,2025-03-10,House Referred to Committee on Federal and State Affairs,2025-03-10,2025-2026 Regular Session,64,contextual,https://legiscan.com/KS/bill/HB2405/2025,via LegiScan (CC BY 4.0)
KS,HB2413,Enacting the human solution for Kansas act; regulation of the production and sale of medicinal cannabis.,6,Failed,2020-05-21,House Died in Committee,2020-05-21,2019-2020 Regular Session,51,contextual,https://legiscan.com/KS/bill/HB2413/2019,via LegiScan (CC BY 4.0)
KS,HB2417,"Creating the medical cannabis regulation act to regulate the cultivation, processing, distribution, sale and use of medical cannabis.",6,Failed,2024-04-30,House Died in Committee,2024-04-30,2023-2024 Regular Session,51,contextual,https://legiscan.com/KS/bill/HB2417/2023,via LegiScan (CC BY 4.0)
KS,HB2430,"Creating the Kansas cannabis legalization act to authorize the cultivation, manufacture, sale, possession and use of cannabis and cannabis products.",6,Failed,2022-05-23,House Died in Committee,2022-05-23,2021-2022 Regular Session,64,contextual,https://legiscan.com/KS/bill/HB2430/2021,via LegiScan (CC BY 4.0)
KS,HB2436,Enacting the Kansas medical marijuana regulation act and enacting the Kansas innovative solutions for affordable healthcare act to expand medical assistance eligibility.,6,Failed,2022-05-23,House Died in Committee,2022-05-23,2021-2022 Regular Session,55,contextual,https://legiscan.com/KS/bill/HB2436/2021,via LegiScan (CC BY 4.0)
KS,HB2458,"Creating the crime of counterfeiting currency; including federal law enforcement officers in assault and battery against a law enforcement officer; adding violations of mistreatment of a dependent adult or elder person, changing the felony loss thres",4,Passed,2018-05-04,"House Approved by Governor on Wednesday, May 16, 2018",2018-05-04,2017-2018 Regular Session,71,contextual,https://legiscan.com/KS/bill/HB2458/2017,via LegiScan (CC BY 4.0)
KS,HB2462,Amending penalty for first and second marijuana possession convictions; increasing criminal penalties for residential burglary; increase theft loss value required for felony and add look back period.,4,Passed,2016-06-01,"House Approved by Governor on Friday, May 13 , 2016",2016-06-01,2015-2016 Regular Session,82,strong,https://legiscan.com/KS/bill/HB2462/2015,via LegiScan (CC BY 4.0)
KS,HB2465,"Reducing the criminal penalties for possessing, cultivating and distributing psilocyn or psilocybin.",6,Failed,2022-05-23,House Died in Committee,2022-05-23,2021-2022 Regular Session,98,title,https://legiscan.com/KS/bill/HB2465/2021,via LegiScan (CC BY 4.0)
KS,HB2540,"Adding and amending substances included in schedules I, III and IV of the uniform controlled substances act.",6,Failed,2016-06-01,House Died in Committee,2016-06-01,2015-2016 Regular Session,95,strong,https://legiscan.com/KS/bill/HB2540/2015,via LegiScan (CC BY 4.0)
KS,HB2540,"Updating schedules I, II, IV and V of the uniform controlled substances act and excluding FDA-approved drug products from the definition of marijuana.",4,Passed,2022-05-23,"House Approved by Governor on Thursday, June 2, 2022",2022-05-23,2021-2022 Regular Session,77,strong,https://legiscan.com/KS/bill/HB2540/2021,via LegiScan (CC BY 4.0)
KS,HB2547,"Pertaining to the regulation of certain drugs, authorizing schools to maintain stock supplies of emergency medication kits for certain life-threatening conditions and adding and removing certain substances in schedules I, II, IV and V of the uniform ",4,Passed,2024-04-25,"House Approved by Governor on Friday, April 19, 2024",2024-04-25,2023-2024 Regular Session,74,contextual,https://legiscan.com/KS/bill/HB2547/2023,via LegiScan (CC BY 4.0)
KS,HB2566,Making the criminal penalty for possession of THC equal to the criminal penalty of possession of marijuana.,6,Failed,2018-05-04,Senate Died in Senate Committee,2018-05-04,2017-2018 Regular Session,87,strong,https://legiscan.com/KS/bill/HB2566/2017,via LegiScan (CC BY 4.0)
KS,HB2596,"Adding and removing certain substances in schedules I, II, IV and V of the uniform controlled substances act and making conforming changes to the criminal code definition of ""fentanyl-related controlled substances.""",6,Failed,2024-04-30,Senate Died on Senate Calendar,2024-04-30,2023-2024 Regular Session,83,strong,https://legiscan.com/KS/bill/HB2596/2023,via LegiScan (CC BY 4.0)
KS,HB2679,"Enacting the adult use cannabis regulation act to regulate the cultivation, manufacturing, possession and sale of cannabis in this state.",1,Introduced,2026-02-04,House Withdrawn from Committee on Federal and State Affairs; Referred to Committee on Interstate Cooperation,2026-03-16,2025-2026 Regular Session,62,contextual,https://legiscan.com/KS/bill/HB2679/2025,via LegiScan (CC BY 4.0)
KS,HB2686,Removing felony violation of possession of marijuana and releasing people currently in prison for such violations.,6,Failed,2020-05-21,House Died in Committee,2020-05-21,2019-2020 Regular Session,87,strong,https://legiscan.com/KS/bill/HB2686/2019,via LegiScan (CC BY 4.0)
KS,HB2701,Uniform controlled substances act.,1,Introduced,2014-02-14,House Stricken from Calendar by Rule 1507,2014-02-28,2013-2014 Regular Session,84,strong,https://legiscan.com/KS/bill/HB2701/2013,via LegiScan (CC BY 4.0)
KS,HB2709,Removing cannabis products that contain up to 0.3% THC from the list of controlled substances listed in schedule I of the uniform controlled substances act.,6,Failed,2020-05-21,House Died in Committee,2020-05-21,2019-2020 Regular Session,80,strong,https://legiscan.com/KS/bill/HB2709/2019,via LegiScan (CC BY 4.0)
KS,HB2724,Making possession of a controlled substance a class A misdemeanor and making associated changes throughout the criminal code.,6,Failed,2018-05-04,House Died in Committee,2018-05-04,2017-2018 Regular Session,76,strong,https://legiscan.com/KS/bill/HB2724/2017,via LegiScan (CC BY 4.0)
KS,HB2740,Creating the Kansas medical marijuana regulation act.,6,Failed,2020-05-21,House Died in Committee,2020-05-21,2019-2020 Regular Session,59,contextual,https://legiscan.com/KS/bill/HB2740/2019,via LegiScan (CC BY 4.0)
KS,HB2742,Creating the Kansas equal access act to authorize the use of medical marijuana.,6,Failed,2020-05-21,House Died in Committee,2020-05-21,2019-2020 Regular Session,60,contextual,https://legiscan.com/KS/bill/HB2742/2019,via LegiScan (CC BY 4.0)
KS,HB2752,"Setting standards for patient and caregiver identification cards to ensure legal access to medical cannabis, establishing the Kansas medical cannabis agency within the department of health and environment and removing cannabis from the Kansas uniform",1,Introduced,2026-02-06,House Referred to Committee on Federal and State Affairs,2026-02-06,2025-2026 Regular Session,80,strong,https://legiscan.com/KS/bill/HB2752/2025,via LegiScan (CC BY 4.0)
KS,HB2765,"Adding and removing certain substances in schedules I, III and IV of the uniform controlled substances act and making conforming changes to the criminal code definition of fentanyl-related controlled substance.",1,Introduced,2026-02-06,House Stricken from Calendar by Rule 1507,2026-02-19,2025-2026 Regular Session,79,strong,https://legiscan.com/KS/bill/HB2765/2025,via LegiScan (CC BY 4.0)
KS,SB113,Providing for the legal use of medical cannabis.,6,Failed,2020-05-21,Senate Died in Committee,2020-05-21,2019-2020 Regular Session,58,contextual,https://legiscan.com/KS/bill/SB113/2019,via LegiScan (CC BY 4.0)
KS,SB135,"Creating the medical cannabis regulation act to regulate the cultivation, processing, distribution, sale and use of medical cannabis.",6,Failed,2024-04-30,Senate Died in Committee,2024-04-30,2023-2024 Regular Session,58,contextual,https://legiscan.com/KS/bill/SB135/2023,via LegiScan (CC BY 4.0)
KS,SB151,Eliminating criminal and professional penalties for non-intoxicating cannabinoid medicines.,6,Failed,2018-05-04,Senate Died in Committee,2018-05-04,2017-2018 Regular Session,82,strong,https://legiscan.com/KS/bill/SB151/2017,via LegiScan (CC BY 4.0)
KS,SB155,Substitute for Senate Bill 155 by Committee on Federal and State Affairs -- Eliminating criminal and professional penalties for non-intoxicating cannabinoid medicine.,6,Failed,2018-05-04,Senate Died in Committee,2018-05-04,2017-2018 Regular Session,72,contextual,https://legiscan.com/KS/bill/SB155/2017,via LegiScan (CC BY 4.0)
KS,SB158,House Substitute for SB 158 by Committee on Federal and State Affairs - Creating the Kansas medical marijuana regulation act.,6,Failed,2022-05-23,Senate Died in Committee,2022-05-23,2021-2022 Regular Session,72,contextual,https://legiscan.com/KS/bill/SB158/2021,via LegiScan (CC BY 4.0)
KS,SB171,"Creating the veterans first medical cannabis act to regulate the cultivation, distribution, sale, possession and use of medical cannabis.",6,Failed,2024-04-30,Senate Died in Committee,2024-04-30,2023-2024 Regular Session,57,contextual,https://legiscan.com/KS/bill/SB171/2023,via LegiScan (CC BY 4.0)
KS,SB216,"House Substitute for Substitute for SB 216 by Committee on Corrections and Juvenile Justice - Adding and amending substances included in schedules I, III and IV of the uniform controlled substances act.",6,Failed,2016-06-01,House Died on House Calendar,2016-06-01,2015-2016 Regular Session,91,strong,https://legiscan.com/KS/bill/SB216/2015,via LegiScan (CC BY 4.0)
KS,SB233,Establishing a commercial industrial hemp program.,6,Failed,2020-05-21,Senate Died in Committee,2020-05-21,2019-2020 Regular Session,74,contextual,https://legiscan.com/KS/bill/SB233/2019,via LegiScan (CC BY 4.0)
KS,SB263,Creating a program to research the use of industrial hemp.,4,Passed,2018-04-26,"Senate Approved by Governor on Friday, April 20, 2018",2018-04-26,2017-2018 Regular Session,83,strong,https://legiscan.com/KS/bill/SB263/2017,via LegiScan (CC BY 4.0)
KS,SB28,Creating an affirmative defense to the crime of possession of a controlled substance for possession of certain medical treatments; amending podiatrist qualifications.,4,Passed,2019-05-29,"Senate Approved by Governor on Monday, May 20, 2019",2019-05-29,2019-2020 Regular Session,85,strong,https://legiscan.com/KS/bill/SB28/2019,via LegiScan (CC BY 4.0)
KS,SB282,"Updating substances included in schedules I, II and III of the uniform controlled substances act.",4,Passed,2018-05-04,"Senate Approved by Governor on Monday, May 14, 2018",2018-05-04,2017-2018 Regular Session,85,strong,https://legiscan.com/KS/bill/SB282/2017,via LegiScan (CC BY 4.0)
KS,SB287,Enacting the Kansas medical marijuana regulation act and enacting the Kansas innovative solutions for affordable healthcare act to expand medical assistance eligibility.,6,Failed,2022-05-23,Senate Died in Committee,2022-05-23,2021-2022 Regular Session,55,contextual,https://legiscan.com/KS/bill/SB287/2021,via LegiScan (CC BY 4.0)
KS,SB29,Amending the drug schedule by adding additional unlawful substances.,6,Failed,2012-06-01,Died in Committee,2012-06-01,2011-2012 Regular Session,88,strong,https://legiscan.com/KS/bill/SB29/2011,via LegiScan (CC BY 4.0)
KS,SB294,"Enacting the Kansas medical cannabis act to authorize the cultivation, processing, distribution, sale and use of medical cannabis and medical cannabis products.",1,Introduced,2025-03-06,Senate Referred to Committee on Federal and State Affairs,2025-03-07,2025-2026 Regular Session,50,contextual,https://legiscan.com/KS/bill/SB294/2025,via LegiScan (CC BY 4.0)
KS,SB295,Removing the criminal penalties for possession of a personal-use quantity of marijuana and creating a civil penalty for possession of a personal-use quantity of marijuana.,1,Introduced,2025-03-11,Senate Referred to Committee on Federal and State Affairs,2025-03-12,2025-2026 Regular Session,78,strong,https://legiscan.com/KS/bill/SB295/2025,via LegiScan (CC BY 4.0)
KS,SB298,Updates to the controlled substances act.,6,Failed,2022-05-23,Senate Died in Committee,2022-05-23,2021-2022 Regular Session,83,strong,https://legiscan.com/KS/bill/SB298/2021,via LegiScan (CC BY 4.0)
KS,SB310,"Creating the medical cannabis regulation act to regulate the cultivation, processing, distribution, sale and use of medical cannabis.",6,Failed,2024-04-30,Senate Died in Committee,2024-04-30,2023-2024 Regular Session,51,contextual,https://legiscan.com/KS/bill/SB310/2023,via LegiScan (CC BY 4.0)
KS,SB315,"Creating the Kansas medical marijuana regulation act to regulate the production, distribution, sale and possession of medical marijuana.",6,Failed,2022-05-23,Senate Died in Committee,2022-05-23,2021-2022 Regular Session,56,contextual,https://legiscan.com/KS/bill/SB315/2021,via LegiScan (CC BY 4.0)
KS,SB430,Adding mitragynine to schedule I of the uniform controlled substances act and reconciling multiple amendments to certain statutes in the Kansas criminal code.,4,Passed,2026-04-10,"Senate Approved by Governor on Monday, April 27, 2026",2026-04-10,2025-2026 Regular Session,78,strong,https://legiscan.com/KS/bill/SB430/2025,via LegiScan (CC BY 4.0)
KS,SB437,Uniform controlled substances act.,6,Failed,2014-05-30,Senate Died in Committee,2014-05-30,2013-2014 Regular Session,84,strong,https://legiscan.com/KS/bill/SB437/2013,via LegiScan (CC BY 4.0)
KS,SB449,Removing cannabis products that contain up to 0.3% THC from the list of controlled substances listed in schedule I of the uniform controlled substances act.,6,Failed,2020-05-21,Senate Died in Committee,2020-05-21,2019-2020 Regular Session,80,strong,https://legiscan.com/KS/bill/SB449/2019,via LegiScan (CC BY 4.0)
KS,SB483,"Adding and amending substances included in schedules I, III and IV of the uniform controlled substances act.",6,Failed,2016-06-01,Senate Died in Committee,2016-06-01,2015-2016 Regular Session,93,strong,https://legiscan.com/KS/bill/SB483/2015,via LegiScan (CC BY 4.0)
KS,SB484,Moving marijuana from schedule I to schedule III of the uniform controlled substances act.,1,Introduced,2026-02-04,Senate Referred to Committee on Federal and State Affairs,2026-02-05,2025-2026 Regular Session,90,strong,https://legiscan.com/KS/bill/SB484/2025,via LegiScan (CC BY 4.0)
KS,SB497,Adding kratom to schedule I of the uniform controlled substances act and making conforming amendments to the definition of fentanyl-related controlled substance in the criminal code.,2,Engrossed,2026-03-06,"House Hearing: Wednesday, March 11, 2026, 1:30 PM Room 112-N - CANCELED",2026-03-11,2025-2026 Regular Session,82,strong,https://legiscan.com/KS/bill/SB497/2025,via LegiScan (CC BY 4.0)
KS,SB51,"House Substitute for SB 51 by Committee on Health and Human Services - Scheduling of controlled substance analog, controlled substances and new drugs.",4,Passed,2017-05-01,"Senate Approved by Governor on Friday, April 21, 2017",2017-05-01,2017-2018 Regular Session,80,strong,https://legiscan.com/KS/bill/SB51/2017,via LegiScan (CC BY 4.0)
KS,SB52,House Substitute for SB 52 by Committee on Health and Human Services - Filling and refilling prescriptions.,6,Failed,2018-05-04,House Died in House Committee,2018-05-04,2017-2018 Regular Session,88,strong,https://legiscan.com/KS/bill/SB52/2017,via LegiScan (CC BY 4.0)
KS,SB555,"Creating the medical cannabis pilot program act to establish the medical cannabis pilot program for limited cultivation, processing and dispensing of medical cannabis and medical cannabis products.",6,Failed,2024-04-30,Senate Died in Committee,2024-04-30,2023-2024 Regular Session,67,contextual,https://legiscan.com/KS/bill/SB555/2023,via LegiScan (CC BY 4.0)
KS,SB560,"Enacting the medical marijuana regulation act to regulate the cultivation, processing, distribution, sale and use of medical marijuana.",6,Failed,2022-05-23,Senate Died in Committee,2022-05-23,2021-2022 Regular Session,55,contextual,https://legiscan.com/KS/bill/SB560/2021,via LegiScan (CC BY 4.0)
KS,SB9,Adding tianeptine to schedule I of the uniform controlled substances act.,6,Failed,2024-04-30,Senate Died in Committee,2024-04-30,2023-2024 Regular Session,86,strong,https://legiscan.com/KS/bill/SB9/2023,via LegiScan (CC BY 4.0)
KS,SB92,Creating the Kansas equal access act to authorize the use of medical marijuana.,6,Failed,2022-05-23,Senate Died in Committee,2022-05-23,2021-2022 Regular Session,60,contextual,https://legiscan.com/KS/bill/SB92/2021,via LegiScan (CC BY 4.0)
KY,HB121,AN ACT relating to crimes and punishments and declaring an emergency.,3,Enrolled,2011-03-04,signed by Governor,2011-03-16,2011 Regular Session,88,strong,https://legiscan.com/KY/bill/HB121/2011,via LegiScan (CC BY 4.0)
KY,HB158,AN ACT relating to controlled substances.,4,Passed,2017-03-21,"signed by Governor (Acts, ch. 61)",2017-03-21,2017 Regular Session,70,contextual,https://legiscan.com/KY/bill/HB158/2017,via LegiScan (CC BY 4.0)
KY,HB176,AN ACT relating to controlled substances and declaring an emergency.,1,Introduced,2012-01-03,to Judiciary (H),2012-01-04,2012 Regular Session,79,strong,https://legiscan.com/KY/bill/HB176/2012,via LegiScan (CC BY 4.0)
KY,HB185,AN ACT relating to controlled substances and declaring an emergency.,1,Introduced,2012-01-03,to Judiciary (H),2012-01-04,2012 Regular Session,79,strong,https://legiscan.com/KY/bill/HB185/2012,via LegiScan (CC BY 4.0)
KY,HB198,AN ACT relating to controlled substances and declaring an emergency.,1,Introduced,2012-01-04,to Judiciary (H),2012-01-05,2012 Regular Session,79,strong,https://legiscan.com/KY/bill/HB198/2012,via LegiScan (CC BY 4.0)
KY,HB213,AN ACT relating to controlled substances and declaring an emergency.,2,Engrossed,2015-02-19,to Judiciary (S),2015-02-20,2015 Regular Session,82,strong,https://legiscan.com/KY/bill/HB213/2015,via LegiScan (CC BY 4.0)
KY,HB265,AN ACT relating to crimes and punishments and declaring an emergency.,4,Passed,2010-04-13,signed by Governor (Acts ch. 149),2010-04-13,2010 Regular Session,74,contextual,https://legiscan.com/KY/bill/HB265/2010,via LegiScan (CC BY 4.0)
KY,HB32,AN ACT relating to controlled substances.,1,Introduced,2015-01-06,to Judiciary (H),2015-01-06,2015 Regular Session,87,strong,https://legiscan.com/KY/bill/HB32/2015,via LegiScan (CC BY 4.0)
KY,HB333,AN ACT relating to controlled substances.,4,Passed,2017-04-10,"signed by Governor (Acts, ch. 168)",2017-04-10,2017 Regular Session,83,strong,https://legiscan.com/KY/bill/HB333/2017,via LegiScan (CC BY 4.0)
KY,HB4,AN ACT relating to synthetic drugs and declaring an emergency.,4,Passed,2016-04-27,"signed by Governor (Acts, ch. 135)",2016-04-27,2016 Regular Session,74,contextual,https://legiscan.com/KY/bill/HB4/2016,via LegiScan (CC BY 4.0)
KY,HB481,AN ACT relating to controlled substances and declaring an emergency.,4,Passed,2012-04-11,signed by Governor (Acts ch. 108),2012-04-11,2012 Regular Session,82,strong,https://legiscan.com/KY/bill/HB481/2012,via LegiScan (CC BY 4.0)
KY,HB51,AN ACT relating to Zohydro.,1,Introduced,2015-01-06,to Judiciary (H),2015-01-06,2015 Regular Session,95,strong,https://legiscan.com/KY/bill/HB51/2015,via LegiScan (CC BY 4.0)
KY,HB52,AN ACT relating to controlled substances.,1,Introduced,2017-01-03,to Judiciary (H),2017-01-03,2017 Regular Session,82,strong,https://legiscan.com/KY/bill/HB52/2017,via LegiScan (CC BY 4.0)
KY,HB53,AN ACT relating to substance abuse and declaring an emergency.,1,Introduced,2015-01-06,to Judiciary (H),2015-01-06,2015 Regular Session,85,strong,https://legiscan.com/KY/bill/HB53/2015,via LegiScan (CC BY 4.0)
KY,HB546,AN ACT relating to crimes and punishments.,1,Introduced,2010-02-26,to Judiciary (H),2010-03-02,2010 Regular Session,81,strong,https://legiscan.com/KY/bill/HB546/2010,via LegiScan (CC BY 4.0)
KY,HB8,AN ACT relating to illegal drugs and declaring an emergency.,4,Passed,2013-03-19,signed by Governor (Acts Chapter 26),2013-03-19,2013 Regular Session,89,strong,https://legiscan.com/KY/bill/HB8/2013,via LegiScan (CC BY 4.0)
KY,SB107,AN ACT relating to crimes and punishments and declaring an emergency.,4,Passed,2010-04-26,signed by Governor (Acts Ch. 160),2010-04-26,2010 Regular Session,80,strong,https://legiscan.com/KY/bill/SB107/2010,via LegiScan (CC BY 4.0)
KY,SB129,AN ACT relating to medical marijuana.,1,Introduced,2012-01-31,to Judiciary (S),2012-02-02,2012 Regular Session,93,strong,https://legiscan.com/KY/bill/SB129/2012,via LegiScan (CC BY 4.0)
KY,SB129,AN ACT relating to crimes and punishments and declaring an emergency.,1,Introduced,2011-02-08,to Judiciary (S),2011-02-10,2011 Regular Session,88,strong,https://legiscan.com/KY/bill/SB129/2011,via LegiScan (CC BY 4.0)
KY,SB13,AN ACT relating to the regulation of cannabis and making an appropriation therefor.,1,Introduced,2016-01-06,"to Licensing, Occupations, & Administrative Regulations (S)",2016-01-07,2016 Regular Session,67,contextual,https://legiscan.com/KY/bill/SB13/2016,via LegiScan (CC BY 4.0)
KY,SB136,AN ACT relating to controlled substances.,2,Engrossed,2016-02-19,posted in committee,2016-03-14,2016 Regular Session,69,contextual,https://legiscan.com/KY/bill/SB136/2016,via LegiScan (CC BY 4.0)
KY,SB173,AN ACT relating to controlled substances and declaring an emergency.,1,Introduced,2012-02-24,to Judiciary (S),2012-02-28,2012 Regular Session,75,strong,https://legiscan.com/KY/bill/SB173/2012,via LegiScan (CC BY 4.0)
KY,SB188,AN ACT relating to controlled substances and declaring an emergency.,1,Introduced,2012-02-29,returned to Judiciary (S),2012-03-05,2012 Regular Session,82,strong,https://legiscan.com/KY/bill/SB188/2012,via LegiScan (CC BY 4.0)
KY,SB192,AN ACT relating to contracts for health care services for inmates.,4,Passed,2015-03-25,"signed by Governor (Acts, ch. 66)",2015-03-25,2015 Regular Session,74,contextual,https://legiscan.com/KY/bill/SB192/2015,via LegiScan (CC BY 4.0)
KY,SB240,AN ACT relating to Ibogaine research in the Commonwealth.,1,Introduced,2025-02-18,to Health Services (S),2025-02-20,2025 Regular Session,99,title,https://legiscan.com/KY/bill/SB240/2025,via LegiScan (CC BY 4.0)
KY,SB25,AN ACT relating to medical marijuana.,1,Introduced,2013-01-08,WITHDRAWN,2013-01-11,2013 Regular Session,87,strong,https://legiscan.com/KY/bill/SB25/2013,via LegiScan (CC BY 4.0)
KY,SB44,AN ACT relating to opportunities in education.,1,Introduced,2016-01-06,to Appropriations & Revenue (S),2016-01-07,2016 Regular Session,62,contextual,https://legiscan.com/KY/bill/SB44/2016,via LegiScan (CC BY 4.0)
KY,SB76,AN ACT relating to the regulation of cannabis and making an appropriation therefor.,1,Introduced,2017-01-03,"to Licensing, Occupations, & Administrative Regulations (S)",2017-01-07,2017 Regular Session,55,contextual,https://legiscan.com/KY/bill/SB76/2017,via LegiScan (CC BY 4.0)
KY,SB77,AN ACT relating to ibogaine research in the Commonwealth.,4,Passed,2026-04-14,delivered to Secretary of State (Acts Ch. 158),2026-04-14,2026 Regular Session,99,title,https://legiscan.com/KY/bill/SB77/2026,via LegiScan (CC BY 4.0)
LA,HR35,Commends The Elephant 6 Collective for its contributions to music and the music industry,4,Passed,2023-04-18,Taken by the Clerk of the House and presented to the Secretary of State in accordance with the Rules of the House.,2023-04-19,2023 Regular Session,93,strong,https://legiscan.com/LA/bill/HR35/2023,via LegiScan (CC BY 4.0)
LA,SB43,Provides relative to psychedelic-assisted therapy. (8/1/26) (EN INCREASE GF EX See Note),4,Passed,2026-06-23,Effective date 8/1/2026.,2026-06-23,2026 Regular Session,99,title,https://legiscan.com/LA/bill/SB43/2026,via LegiScan (CC BY 4.0)
LA,SR186,Creates the Task Force on Alternative Therapies for Veterans.,4,Passed,2025-06-11,Enrolled. Signed by the President of the Senate and sent to the Secretary of State by the Secretary of the Senate on 6/13/2025.,2025-06-12,2025 Regular Session,99,strong,https://legiscan.com/LA/bill/SR186/2025,via LegiScan (CC BY 4.0)
MA,H1494,Establishing a task force to study equitable access to entheogenic plants,1,Introduced,2021-03-29,"Accompanied a study order, see H4844",2022-06-09,192nd General Court,99,title,https://legiscan.com/MA/bill/H1494/2021,via LegiScan (CC BY 4.0)
MA,H1624,Establishing a task force to study equitable access to psilocybin and other entheogenic plants,1,Introduced,2025-02-27,"Accompanied a study order, see H5281 (under House Rule 27)",2026-03-26,194th General Court,99,title,https://legiscan.com/MA/bill/H1624/2025,via LegiScan (CC BY 4.0)
MA,H1726,Relative to criminal disposition of limited psilocybin possession offenses,1,Introduced,2025-02-27,"Accompanied a study order, see H5281 (under House Rule 27)",2026-03-26,194th General Court,97,title,https://legiscan.com/MA/bill/H1726/2025,via LegiScan (CC BY 4.0)
MA,H1754,Relative to plant medicine,1,Introduced,2023-02-16,"Accompanied a study order, see H5032",2024-09-03,193rd General Court,87,strong,https://legiscan.com/MA/bill/H1754/2023,via LegiScan (CC BY 4.0)
MA,H1858,Relative to removing criminal penalties for limited psilocybin possession,1,Introduced,2025-02-27,"Accompanied a study order, see H5281 (under House Rule 27)",2026-03-26,194th General Court,99,title,https://legiscan.com/MA/bill/H1858/2025,via LegiScan (CC BY 4.0)
MA,H2203,Establishing a pilot program for access to regulated psilocybin,1,Introduced,2025-02-27,Committee recommended bill ought to pass and referred to the committee on House Ways and Means,2026-07-22,194th General Court,99,title,https://legiscan.com/MA/bill/H2203/2025,via LegiScan (CC BY 4.0)
MA,H2506,Decriminalizing psilocybin as a treatment for PTSD and certain other conditions,1,Introduced,2025-02-27,"Accompanied a new draft, see H4986",2026-01-28,194th General Court,99,title,https://legiscan.com/MA/bill/H2506/2025,via LegiScan (CC BY 4.0)
MA,H2532,Relative to therapeutic psilocybin treatment centers,1,Introduced,2025-02-27,"Accompanied a new draft, see H4986",2026-01-28,194th General Court,99,title,https://legiscan.com/MA/bill/H2532/2025,via LegiScan (CC BY 4.0)
MA,H3574,"Concerning the use of a prescription medicine that contains 3,4-methylenedioxymethamphetamine (MDMA)",1,Introduced,2023-03-30,"Accompanied a study order, see H4739",2024-07-01,193rd General Court,98,title,https://legiscan.com/MA/bill/H3574/2023,via LegiScan (CC BY 4.0)
MA,H3605,"Concerning the legal use of the plant medicine known as psilocybin for therapeutic, spiritual, and medicinal purposes",1,Introduced,2023-03-30,"Accompanied a study order, see H5018",2024-09-03,193rd General Court,99,title,https://legiscan.com/MA/bill/H3605/2023,via LegiScan (CC BY 4.0)
MA,H4050,"To amend the General Laws, in relation to promoting the health and well-being of the residents of the Commonwealth of Massachusetts by establishing a comprehensive framework supporting public health and safety through regulated adult use, support ser",1,Introduced,2025-04-22,"Accompanied a study order, see H5318",2026-04-02,194th General Court,99,strong,https://legiscan.com/MA/bill/H4050/2025,via LegiScan (CC BY 4.0)
MA,H4172,"Honoring, empowering, and recognizing our servicemembers and veterans",1,Introduced,2023-11-13,"New draft substituted, see H4661",2024-05-22,193rd General Court,95,strong,https://legiscan.com/MA/bill/H4172/2023,via LegiScan (CC BY 4.0)
MA,H4200,Authorizing a pilot for the use of psychedelics in licensed treatment facilities,1,Introduced,2025-03-27,Committee recommended bill ought to pass and referred to the committee on House Ways and Means,2026-07-23,194th General Court,98,title,https://legiscan.com/MA/bill/H4200/2025,via LegiScan (CC BY 4.0)
MA,H4255,Relative to the regulation and taxation of natural psychedelic substances,1,Introduced,2024-02-01,Placed on file,2024-05-02,193rd General Court,100,title,https://legiscan.com/MA/bill/H4255/2023,via LegiScan (CC BY 4.0)
MA,H4294,Order relative to the establishment of a special joint committee on initiative petitions,1,Introduced,2024-01-29,"Adopted, in concurrence",2024-01-29,193rd General Court,87,strong,https://legiscan.com/MA/bill/H4294/2023,via LegiScan (CC BY 4.0)
MA,H4607,"REPORT of the SPECIAL JOINT COMMITTEE on INITIATIVE PETITIONS on the INITIATIVE PETITION of SARKO GERGERIAN AND OTHERS FOR THE PASSAGE OF AN ACT RELATIVE TO THE REGULATION AND TAXATION OF NATURAL PSYCHEDELIC SUBSTANCES (see House, No. 4255)",1,Introduced,2024-05-02,See H4255,2024-05-02,193rd General Court,99,title,https://legiscan.com/MA/bill/H4607/2023,via LegiScan (CC BY 4.0)
MA,H4661,"Honoring, empowering, and recognizing our servicemembers and veterans",1,Introduced,2024-05-22,"Published as amended, see H4671",2024-05-22,193rd General Court,94,strong,https://legiscan.com/MA/bill/H4661/2023,via LegiScan (CC BY 4.0)
MA,H4671,"Honoring, empowering, and recognizing our servicemembers and veterans",2,Engrossed,2024-05-22,Reported by H4976,2024-08-01,193rd General Court,93,strong,https://legiscan.com/MA/bill/H4671/2023,via LegiScan (CC BY 4.0)
MA,H4844,Study Order,1,Introduced,2022-06-09,Discharged to the committee on House Rules,2022-06-09,192nd General Court,77,strong,https://legiscan.com/MA/bill/H4844/2021,via LegiScan (CC BY 4.0)
MA,H4959,Resolve providing for an investigation and study by a special commission relative to certain legal protections for persons seeking emergency medical care for a drug overdose.,2,Engrossed,2010-07-30,Read; and referred to the Joint Committee on Rules,2010-08-02,186th General Court,87,strong,https://legiscan.com/MA/bill/H4959/2009,via LegiScan (CC BY 4.0)
MA,H4976,"Honoring, empowering, and recognizing our servicemembers and veterans",4,Passed,2024-08-08,"Signed by the Governor, Chapter 178 of the Acts of 2024",2024-08-08,193rd General Court,94,strong,https://legiscan.com/MA/bill/H4976/2023,via LegiScan (CC BY 4.0)
MA,H4986,Relative to therapeutic psilocybin treatment centers,1,Introduced,2026-01-28,"Reporting date extended to Thursday, December 31, 2026",2026-07-09,194th General Court,99,title,https://legiscan.com/MA/bill/H4986/2025,via LegiScan (CC BY 4.0)
MA,H5018,Study Order,1,Introduced,2024-09-03,No further action taken,2024-12-31,193rd General Court,90,strong,https://legiscan.com/MA/bill/H5018/2023,via LegiScan (CC BY 4.0)
MA,H5281,Study Order,1,Introduced,2026-03-26,Discharged to the committee on House Rules,2026-03-26,194th General Court,87,strong,https://legiscan.com/MA/bill/H5281/2025,via LegiScan (CC BY 4.0)
MA,H5318,Study Order,1,Introduced,2026-04-02,Discharged to the committee on House Rules,2026-04-02,194th General Court,87,strong,https://legiscan.com/MA/bill/H5318/2025,via LegiScan (CC BY 4.0)
MA,H5576,Relative to economic development in the commonwealth,2,Engrossed,2026-07-08,"Committee of conference appointed (Finegold-Rodrigues-Durant), in concurrence",2026-07-30,194th General Court,89,strong,https://legiscan.com/MA/bill/H5576/2025,via LegiScan (CC BY 4.0)
MA,S1009,Relative to plant medicine,1,Introduced,2023-02-16,"Accompanied a study order, see S2926",2024-07-30,193rd General Court,87,strong,https://legiscan.com/MA/bill/S1009/2023,via LegiScan (CC BY 4.0)
MA,S1036,Relative to the definition of methylenedioxy methamphetamine,1,Introduced,2015-04-15,"Accompanied a study order, see H4272",2016-05-09,189th General Court,87,title,https://legiscan.com/MA/bill/S1036/2015,via LegiScan (CC BY 4.0)
MA,S1055,Relative to the classification of the street drug known as Molly,1,Introduced,2015-04-15,"Accompanied a study order, see H4272",2016-05-09,189th General Court,87,strong,https://legiscan.com/MA/bill/S1055/2015,via LegiScan (CC BY 4.0)
MA,S1113,Relative to removing criminal penalties for limited psilocybin possession,1,Introduced,2025-02-27,"Accompanied a study order, see S2930",2026-01-29,194th General Court,99,title,https://legiscan.com/MA/bill/S1113/2025,via LegiScan (CC BY 4.0)
MA,S1116,Relative to the classification of the street drug known as Molly,1,Introduced,2017-01-23,"Accompanied a study order, see S2440",2018-04-17,190th General Court,87,strong,https://legiscan.com/MA/bill/S1116/2017,via LegiScan (CC BY 4.0)
MA,S1263,Regulating the safe use of psilocybin,1,Introduced,2023-02-16,"Accompanied a study order, see S2642",2024-02-12,193rd General Court,99,title,https://legiscan.com/MA/bill/S1263/2023,via LegiScan (CC BY 4.0)
MA,S1282,Resolve establishing a special commission on psychedelic drug use for clinical trials and therapy,1,Introduced,2021-03-29,"Accompanied a study order, see S2919",2022-06-09,192nd General Court,98,title,https://legiscan.com/MA/bill/S1282/2021,via LegiScan (CC BY 4.0)
MA,S1320,To conduct a public health study of synthetic drugs in the commonwealth,1,Introduced,2019-01-22,"Accompanied a study order, see S2547",2020-02-20,191st General Court,87,strong,https://legiscan.com/MA/bill/S1320/2019,via LegiScan (CC BY 4.0)
MA,S1400,Authorizing a pilot for the use of psychedelics in licensed treatment facilities,1,Introduced,2025-02-27,Committee recommended ought to pass and referred to the committee on Senate Ways and Means,2025-10-02,194th General Court,98,title,https://legiscan.com/MA/bill/S1400/2025,via LegiScan (CC BY 4.0)
MA,S1439,To conduct a public health study of synthetic drugs in the commonwealth,1,Introduced,2023-02-16,"Accompanied a study order, see S2648",2024-02-15,193rd General Court,87,strong,https://legiscan.com/MA/bill/S1439/2023,via LegiScan (CC BY 4.0)
MA,S1505,To conduct a public health study of synthetic drugs in the commonwealth,1,Introduced,2021-03-29,"Accompanied a study order, see S2692",2022-02-14,192nd General Court,87,strong,https://legiscan.com/MA/bill/S1505/2021,via LegiScan (CC BY 4.0)
MA,S1603,To conduct a public health study of synthetic drugs in the commonwealth,1,Introduced,2025-02-27,"Accompanied a study order, see S2790",2025-12-04,194th General Court,87,strong,https://legiscan.com/MA/bill/S1603/2025,via LegiScan (CC BY 4.0)
MA,S2642,"Order relative to authorizing the joint committee on Mental Health, Substance Use and Recovery to make an investigation and study of certain current Senate documents relative to mental health, substance use and recovery matters.",1,Introduced,2024-02-12,No further action taken,2024-12-31,193rd General Court,87,strong,https://legiscan.com/MA/bill/S2642/2023,via LegiScan (CC BY 4.0)
MA,S2817,Site Information & Links,1,Introduced,2024-06-10,See H4671,2024-06-13,193rd General Court,94,strong,https://legiscan.com/MA/bill/S2817/2023,via LegiScan (CC BY 4.0)
MA,S2826,Site Information & Links,1,Introduced,2024-06-13,See H4671,2024-06-13,193rd General Court,94,strong,https://legiscan.com/MA/bill/S2826/2023,via LegiScan (CC BY 4.0)
MA,S2919,"Order relative to authorizing the joint committee on Mental Health, Substance Use and Recovery to make an investigation and study of certain current Senate documents relative to mental health, substance use and recovery matters",1,Introduced,2022-06-09,Discharged to the committee on Senate Rules,2022-06-21,192nd General Court,87,strong,https://legiscan.com/MA/bill/S2919/2021,via LegiScan (CC BY 4.0)
MA,S2930,Order relative to authorizing the joint committee on the Judiciary to make an investigation and study of certain current Senate documents relative to judicial matters.,1,Introduced,2026-01-29,Discharged to the committee on Senate Rules,2026-02-02,194th General Court,87,strong,https://legiscan.com/MA/bill/S2930/2025,via LegiScan (CC BY 4.0)
MA,S737,For legislation relative to preventing the use of the narcotic known as ecstasy or methylenedioxymethamphetamine,1,Introduced,2009-01-20,Bill reported favorably by committee and referred to the Joint Committee on Health Care Financing,2009-11-25,186th General Court,87,title,https://legiscan.com/MA/bill/S737/2009,via LegiScan (CC BY 4.0)
MA,S801,Relative to the definition of methylenedioxy methamphetamine,1,Introduced,2011-01-24,"Accompanied a study order, see S2440",2012-10-15,187th General Court,87,title,https://legiscan.com/MA/bill/S801/2011,via LegiScan (CC BY 4.0)
MA,S839,Strengthening punishment for heroin dealers,1,Introduced,2015-04-15,"Accompanied a study order, see S2204",2016-04-04,189th General Court,87,strong,https://legiscan.com/MA/bill/S839/2015,via LegiScan (CC BY 4.0)
MA,S915,Relative to the definition of methylenedioxy methamphetamine,1,Introduced,2013-01-22,No further action taken,2015-01-06,188th General Court,87,title,https://legiscan.com/MA/bill/S915/2013,via LegiScan (CC BY 4.0)
MD,HB1,Criminal Law - Cannabimimetic Agents - Prohibition,5,Vetoed,2013-05-16,Vetoed by the Governor (Duplicative),2013-05-16,2013 Regular Session,93,strong,https://legiscan.com/MD/bill/HB1/2013,via LegiScan (CC BY 4.0)
MD,HB1054,Criminal Law - Use or Possession of a Controlled Dangerous Substance - De Minimis Quantity,1,Introduced,2022-02-10,Hearing 3/08 at 1:00 p.m.,2022-02-14,2022 Regular Session,86,strong,https://legiscan.com/MD/bill/HB1054/2022,via LegiScan (CC BY 4.0)
MD,HB1057,Criminal Law - Synthetic Cannabinoids - Prohibition,2,Engrossed,2015-03-19,Hearing 4/01 at 1:00 p.m.,2015-04-01,2015 Regular Session,93,strong,https://legiscan.com/MD/bill/HB1057/2015,via LegiScan (CC BY 4.0)
MD,HB1119,Criminal Law - Use or Possession of a Controlled Dangerous Substance - De Minimis Quantity,1,Introduced,2016-02-11,Unfavorable Report by Judiciary,2016-03-14,2016 Regular Session,93,strong,https://legiscan.com/MD/bill/HB1119/2016,via LegiScan (CC BY 4.0)
MD,HB1158,Medical Marijuana Oversight Commission,1,Introduced,2012-02-10,Hearing 3/9 at 1:00 p.m. (Health and Government Operations),2012-02-23,2012 Regular Session,78,strong,https://legiscan.com/MD/bill/HB1158/2012,via LegiScan (CC BY 4.0)
MD,HB1207,Public Health - Ibogaine Treatment Study Program,1,Introduced,2018-02-08,Hearing 2/27 at 1:00 p.m.,2018-02-27,2018 Regular Session,99,title,https://legiscan.com/MD/bill/HB1207/2018,via LegiScan (CC BY 4.0)
MD,HB121,Criminal Procedure - Drug-Related Offenses - Departure From Mandatory Minimum Sentences,4,Passed,2015-05-30,"Enacted under Article II, Section 17(c) of the Maryland Constitution - Chapter 490",2015-05-30,2015 Regular Session,90,strong,https://legiscan.com/MD/bill/HB121/2015,via LegiScan (CC BY 4.0)
MD,HB1312,Justice Reinvestment Act,2,Engrossed,2016-04-04,Rereferred to Judicial Proceedings,2016-04-05,2016 Regular Session,62,contextual,https://legiscan.com/MD/bill/HB1312/2016,via LegiScan (CC BY 4.0)
MD,HB1313,Justice Reinvestment Act - Criminal Penalties,1,Introduced,2016-02-12,Hearing 3/04 at 2:00 p.m. (Judiciary),2016-03-04,2016 Regular Session,93,strong,https://legiscan.com/MD/bill/HB1313/2016,via LegiScan (CC BY 4.0)
MD,HB1367,Post-Traumatic Stress Disorder and Traumatic Brain Injury Alternative Therapies Fund - Establishment (David Perez Military Heroes Act (End 22 a Day)),2,Engrossed,2022-04-11,Referred Rules,2022-04-11,2022 Regular Session,93,strong,https://legiscan.com/MD/bill/HB1367/2022,via LegiScan (CC BY 4.0)
MD,HB1372,Public Health - Ibogaine Treatment Pilot Program,1,Introduced,2017-02-10,Hearing 3/07 at 1:00 p.m.,2017-03-07,2017 Regular Session,99,title,https://legiscan.com/MD/bill/HB1372/2017,via LegiScan (CC BY 4.0)
MD,HB1477,Public Health - Ibogaine Clinical Research Grant Program - Establishment (Veterans Mental Health Innovations Act),1,Introduced,2026-02-13,Hearing 3/10 at 1:00 p.m.,2026-02-13,2026 Regular Session,99,title,https://legiscan.com/MD/bill/HB1477/2026,via LegiScan (CC BY 4.0)
MD,HB188,Criminal Law - Controlled Dangerous Substances - Synthetic Cannabinoids,1,Introduced,2012-01-25,Hearing 2/14 at 1:00 p.m.,2012-01-25,2012 Regular Session,87,strong,https://legiscan.com/MD/bill/HB188/2012,via LegiScan (CC BY 4.0)
MD,HB189,Criminal Law - Controlled Dangerous Substances - Synthetic Cannabinoids,1,Introduced,2011-01-27,Unfavorable Report by Judiciary,2011-02-21,2011 Regular Session,87,strong,https://legiscan.com/MD/bill/HB189/2011,via LegiScan (CC BY 4.0)
MD,HB193,Criminal Law - Use or Possession of a Controlled Dangerous Substance - De Minimis Quantity,1,Introduced,2020-01-16,Unfavorable Report by Judiciary; Withdrawn,2020-02-24,2020 Regular Session,92,strong,https://legiscan.com/MD/bill/HB193/2020,via LegiScan (CC BY 4.0)
MD,HB267,Criminal Law - Controlled Dangerous Substances - Research - Synthetic Cannabinoids,1,Introduced,2013-01-23,Unfavorable Report by Judiciary,2013-02-18,2013 Regular Session,87,strong,https://legiscan.com/MD/bill/HB267/2013,via LegiScan (CC BY 4.0)
MD,HB291,Public Health - Maryland Medical Marijuana Model Program Work Group,2,Engrossed,2011-03-26,Third Reading Passed with Amendments (43-3),2011-04-07,2011 Regular Session,85,strong,https://legiscan.com/MD/bill/HB291/2011,via LegiScan (CC BY 4.0)
MD,HB325,Criminal Law - Use or Possession of a Controlled Dangerous Substance - De Minimis Quantity,1,Introduced,2018-01-22,Unfavorable Report by Judiciary,2018-03-12,2018 Regular Session,92,strong,https://legiscan.com/MD/bill/HB325/2018,via LegiScan (CC BY 4.0)
MD,HB33,Criminal Law – Controlled Dangerous Substances – Schedules – Adjustment,4,Passed,2022-05-12,Approved by the Governor - Chapter 285,2022-05-12,2022 Regular Session,88,strong,https://legiscan.com/MD/bill/HB33/2022,via LegiScan (CC BY 4.0)
MD,HB346,Criminal Law - Synthetic Cannabinoids - Prohibition,2,Engrossed,2016-03-16,First Reading Judicial Proceedings,2016-03-17,2016 Regular Session,92,strong,https://legiscan.com/MD/bill/HB346/2016,via LegiScan (CC BY 4.0)
MD,HB353,Criminal Procedure - Drug-Related Offenses - Repeal of Mandatory Minimum,1,Introduced,2011-02-03,Hearing 2/22 at 1:00 p.m.,2011-02-04,2011 Regular Session,86,strong,https://legiscan.com/MD/bill/HB353/2011,via LegiScan (CC BY 4.0)
MD,HB427,Task Force on Responsible Use of Natural Psychedelic Substances - Extension and Membership,4,Passed,2026-04-28,Approved by the Governor - Chapter 207,2026-04-28,2026 Regular Session,99,title,https://legiscan.com/MD/bill/HB427/2026,via LegiScan (CC BY 4.0)
MD,HB482,Criminal Law - Synthetic Cannabinoids - Labeling,1,Introduced,2013-01-30,Unfavorable Report by Judiciary,2013-02-18,2013 Regular Session,87,strong,https://legiscan.com/MD/bill/HB482/2013,via LegiScan (CC BY 4.0)
MD,HB483,"Criminal Law - Controlled Dangerous Substances - ""N-Bomb""",1,Introduced,2013-01-30,Unfavorable Report by Judiciary Withdrawn,2013-02-18,2013 Regular Session,87,strong,https://legiscan.com/MD/bill/HB483/2013,via LegiScan (CC BY 4.0)
MD,HB488,Criminal Law - Use or Possession of a Controlled Dangerous Substance - De Minimis Quantity,1,Introduced,2017-01-27,Unfavorable Report by Judiciary,2017-03-06,2017 Regular Session,94,strong,https://legiscan.com/MD/bill/HB488/2017,via LegiScan (CC BY 4.0)
MD,HB488,Criminal Law - Use or Possession of a Controlled Dangerous Substance - De Minimis Quantity,1,Introduced,2021-01-15,Hearing 2/02 at 1:30 p.m.,2021-01-18,2021 Regular Session,90,strong,https://legiscan.com/MD/bill/HB488/2021,via LegiScan (CC BY 4.0)
MD,HB548,Task Force on Responsible Use of Natural Psychedelic Substances,4,Passed,2024-05-16,Approved by the Governor - Chapter 792,2024-05-16,2024 Regular Session,99,title,https://legiscan.com/MD/bill/HB548/2024,via LegiScan (CC BY 4.0)
MD,HB589,Criminal Law - Controlled Dangerous Substances - Mephedrone,4,Passed,2012-05-02,Approved by the Governor,2012-05-02,2012 Regular Session,95,strong,https://legiscan.com/MD/bill/HB589/2012,via LegiScan (CC BY 4.0)
MD,HB674,Controlled Dangerous Substances - Schedules,4,Passed,2020-05-08,"Enacted under Article II, Section 17(c) of the Maryland Constitution - Chapter 298",2020-05-08,2020 Regular Session,84,strong,https://legiscan.com/MD/bill/HB674/2020,via LegiScan (CC BY 4.0)
MD,HB705,Crimes Involving Controlled Dangerous Substances - Penalties - Methamphetamine,1,Introduced,2020-01-30,Hearing 2/18 at 1:00 p.m.,2020-01-30,2020 Regular Session,87,strong,https://legiscan.com/MD/bill/HB705/2020,via LegiScan (CC BY 4.0)
MD,HB713,Drug Schedules - Marijuana,1,Introduced,2010-02-04,Hearing 2/26 at 1:00 p.m.,2010-02-12,2010 Regular Session,87,strong,https://legiscan.com/MD/bill/HB713/2010,via LegiScan (CC BY 4.0)
MD,HB845,Criminal Law - Controlled Dangerous Substances - Mephedrone,1,Introduced,2011-02-11,Unfavorable Report by Judiciary,2011-03-14,2011 Regular Session,87,strong,https://legiscan.com/MD/bill/HB845/2011,via LegiScan (CC BY 4.0)
MD,HB851,Criminal Law - Synthetic Cannabinoids - Penalties,1,Introduced,2013-02-07,Unfavorable Report by Judiciary,2013-03-11,2013 Regular Session,87,strong,https://legiscan.com/MD/bill/HB851/2013,via LegiScan (CC BY 4.0)
MD,HB892,Criminal Law - Controlled Dangerous Substances - Mephedrone,1,Introduced,2011-02-11,Unfavorable Report by Judiciary,2011-03-14,2011 Regular Session,87,strong,https://legiscan.com/MD/bill/HB892/2011,via LegiScan (CC BY 4.0)
MD,HB909,Crimes - Synthetic Cannabinoid - Schedule I - Penalties,1,Introduced,2012-02-10,Hearing 3/6 at 1:00 p.m.,2012-02-10,2012 Regular Session,87,strong,https://legiscan.com/MD/bill/HB909/2012,via LegiScan (CC BY 4.0)
MD,HB927,Criminal Law - Use or Possession of a Controlled Dangerous Substance - De Minimis Quantity,1,Introduced,2023-02-10,Hearing 2/28 at 1:00 p.m.,2023-02-13,2023 Regular Session,91,strong,https://legiscan.com/MD/bill/HB927/2023,via LegiScan (CC BY 4.0)
MD,SB1005,Justice Reinvestment Act,4,Passed,2016-05-19,Approved by the Governor - Chapter 515,2016-05-19,2016 Regular Session,63,contextual,https://legiscan.com/MD/bill/SB1005/2016,via LegiScan (CC BY 4.0)
MD,SB1006,Justice Reinvestment Act - Criminal Penalties,1,Introduced,2016-02-15,Hearing 3/02 at 1:00 p.m.,2016-03-02,2016 Regular Session,93,strong,https://legiscan.com/MD/bill/SB1006/2016,via LegiScan (CC BY 4.0)
MD,SB1009,Task Force on Responsible Use of Natural Psychedelic Substances,4,Passed,2024-05-16,Approved by the Governor - Chapter 793,2024-05-16,2024 Regular Session,99,title,https://legiscan.com/MD/bill/SB1009/2024,via LegiScan (CC BY 4.0)
MD,SB1037,Criminal Law - Synthetic Cannabinoids - Prohibition,1,Introduced,2016-02-17,Hearing 3/16 at 1:00 p.m.,2016-03-16,2016 Regular Session,87,strong,https://legiscan.com/MD/bill/SB1037/2016,via LegiScan (CC BY 4.0)
MD,SB109,Criminal Law - Cannabimimetic Agents - Prohibition,4,Passed,2013-05-16,Approved by the Governor - Chapter 442,2013-05-16,2013 Regular Session,95,strong,https://legiscan.com/MD/bill/SB109/2013,via LegiScan (CC BY 4.0)
MD,SB171,Criminal Law - Controlled Dangerous Substances - Synthetic Cannabinoids,1,Introduced,2011-01-24,Unfavorable Report by Judicial Proceedings,2011-02-28,2011 Regular Session,87,strong,https://legiscan.com/MD/bill/SB171/2011,via LegiScan (CC BY 4.0)
MD,SB189,Controlled Substances - Schedules,1,Introduced,2022-01-12,Hearing 1/13 at 1:30 p.m.,2022-01-05,2022 Regular Session,82,strong,https://legiscan.com/MD/bill/SB189/2022,via LegiScan (CC BY 4.0)
MD,SB218,Crimes Involving Controlled Dangerous Substances - Penalties - Methamphetamine,1,Introduced,2020-01-17,Hearing 1/30 at 1:00 p.m.,2020-01-17,2020 Regular Session,87,strong,https://legiscan.com/MD/bill/SB218/2020,via LegiScan (CC BY 4.0)
MD,SB308,Medical Marijuana - Affirmative Defenses - Maryland Medical Marijuana Model,4,Passed,2011-05-10,Approved by the Governor,2011-05-10,2011 Regular Session,84,strong,https://legiscan.com/MD/bill/SB308/2011,via LegiScan (CC BY 4.0)
MD,SB310,Criminal Law - Controlled Dangerous Substances - Synthetic Cannabinoids,1,Introduced,2012-01-27,Hearing 2/16 at 1:00 p.m.,2012-01-27,2012 Regular Session,87,strong,https://legiscan.com/MD/bill/SB310/2012,via LegiScan (CC BY 4.0)
MD,SB336,Task Force on Responsible Use of Natural Psychedelic Substances - Extension and Membership,4,Passed,2026-04-28,Approved by the Governor - Chapter 208,2026-04-28,2026 Regular Session,99,title,https://legiscan.com/MD/bill/SB336/2026,via LegiScan (CC BY 4.0)
MD,SB446,Criminal Law - Use or Possession of a Controlled Dangerous Substance - De Minimis Quantity,1,Introduced,2018-01-25,Unfavorable Report by Judicial Proceedings; Withdrawn,2018-02-26,2018 Regular Session,92,strong,https://legiscan.com/MD/bill/SB446/2018,via LegiScan (CC BY 4.0)
MD,SB527,Public Health - Ibogaine Clinical Research Grant Program - Establishment (Veterans Mental Health Innovations Act),1,Introduced,2026-02-04,Hearing 2/24 at 1:00 p.m.,2026-02-09,2026 Regular Session,99,title,https://legiscan.com/MD/bill/SB527/2026,via LegiScan (CC BY 4.0)
MD,SB570,Criminal Law – Offenses Related to Methamphetamine – Penalty,1,Introduced,2023-02-06,Hearing 3/07 at 1:00 p.m.,2023-02-14,2023 Regular Session,87,strong,https://legiscan.com/MD/bill/SB570/2023,via LegiScan (CC BY 4.0)
MD,SB579,Criminal Law - Drug Schedules - Marijuana,1,Introduced,2010-02-04,Hearing 3/18 at 1:00 p.m.,2010-02-12,2010 Regular Session,87,strong,https://legiscan.com/MD/bill/SB579/2010,via LegiScan (CC BY 4.0)
MD,SB614,Criminal Law - Controlled Dangerous Substances - Schedules - Adjustment,4,Passed,2022-05-12,Approved by the Governor - Chapter 286,2022-05-12,2022 Regular Session,88,strong,https://legiscan.com/MD/bill/SB614/2022,via LegiScan (CC BY 4.0)
MD,SB627,Public Health - Medical Marijuana,2,Engrossed,2010-04-06,First Reading House Rules and Executive Nominations,2010-04-04,2010 Regular Session,77,strong,https://legiscan.com/MD/bill/SB627/2010,via LegiScan (CC BY 4.0)
MD,SB651,Criminal Law - Synthetic Cannabinoids - Penalties,1,Introduced,2013-02-01,Unfavorable Report by Judicial Proceedings,2013-03-18,2013 Regular Session,87,strong,https://legiscan.com/MD/bill/SB651/2013,via LegiScan (CC BY 4.0)
MD,SB709,Post-Traumatic Stress Disorder and Traumatic Brain Injury Alternative Therapies Fund - Establishment (David Perez Military Heroes Act (End 22 a Day)),4,Passed,2022-05-29,"Enacted under Article II, Section 17(c) of the Maryland Constitution - Chapter 731",2022-05-29,2022 Regular Session,95,strong,https://legiscan.com/MD/bill/SB709/2022,via LegiScan (CC BY 4.0)
MD,SB76,Criminal Law - Controlled Dangerous Substances - Research - Synthetic,2,Engrossed,2012-03-22,Hearing 4/4 at 1:00 p.m.,2012-03-27,2012 Regular Session,93,strong,https://legiscan.com/MD/bill/SB76/2012,via LegiScan (CC BY 4.0)
MD,SB784,Criminal Law - Use or Possession of a Controlled Dangerous Substance - De Minimis Quantity,1,Introduced,2022-02-07,Hearing 3/08 at 1:00 p.m.,2022-02-09,2022 Regular Session,86,strong,https://legiscan.com/MD/bill/SB784/2022,via LegiScan (CC BY 4.0)
MD,SB798,Criminal Law - Use or Possession of a Controlled Dangerous Substance - De Minimis Quantity,1,Introduced,2017-02-03,Unfavorable Report by Judicial Proceedings,2017-03-09,2017 Regular Session,94,strong,https://legiscan.com/MD/bill/SB798/2017,via LegiScan (CC BY 4.0)
MD,SB87,"Controlled Dangerous Substances - Registration, Schedules, Penalties, and Orders of Impoundment",4,Passed,2018-04-24,Approved by the Governor - Chapter 212,2018-04-24,2018 Regular Session,93,strong,https://legiscan.com/MD/bill/SB87/2018,via LegiScan (CC BY 4.0)
MD,SB995,Medical Marijuana - Caregivers - Certificate of Qualifying Patient,2,Engrossed,2012-04-03,Hearing 4/9 at 4:30 p.m.,2012-04-09,2012 Regular Session,79,strong,https://legiscan.com/MD/bill/SB995/2012,via LegiScan (CC BY 4.0)
ME,HP1300,"Joint Order, To Carry Over Certain Matters from the First Special Session of the 130th Legislature",1,Introduced,2021-07-19,Not Presented.,2021-07-19,130th Legislature,84,strong,https://legiscan.com/ME/bill/HP1300/2021,via LegiScan (CC BY 4.0)
ME,HP1302,"Joint Order, Carrying Over Certain Matters from the First Special Session of the 130th Legislature",1,Introduced,2021-07-19,READ and PASSED in concurrence,2021-07-19,130th Legislature,84,strong,https://legiscan.com/ME/bill/HP1302/2021,via LegiScan (CC BY 4.0)
ME,LD1034,An Act to Decriminalize Personal Possession of Therapeutic Amounts of Psilocybin for Adults,6,Failed,2025-06-10,Placed in Legislative Files (DEAD),2025-06-10,132nd Legislature,96,title,https://legiscan.com/ME/bill/LD1034/2025,via LegiScan (CC BY 4.0)
ME,LD1246,An Act To Strengthen Laws Regarding the Manufacture and Sale of Methamphetamine and Other Drugs,4,Passed,2015-06-23,"PASSED TO BE ENACTED, in concurrence.",2015-06-30,127th Legislature,92,strong,https://legiscan.com/ME/bill/LD1246/2015,via LegiScan (CC BY 4.0)
ME,LD1439,An Act To Repeal Certain Maine Criminal Code Provisions Addressing So-called Bath Salts Containing Synthetic Hallucinogenic Drugs and Instead To Define Them as Schedule W Drugs,4,Passed,2013-05-31,"PASSED TO BE ENACTED, in concurrence.",2013-06-03,126th Legislature,92,strong,https://legiscan.com/ME/bill/LD1439/2013,via LegiScan (CC BY 4.0)
ME,LD1467,An Act to Establish the Maine Cannabis Research Committee and Facilitate Research into Alternative Therapeutics,6,Failed,2023-05-09,Pursuant to Joint Rule 310.3 Placed in Legislative Files (DEAD),2023-05-09,131st Legislature,93,strong,https://legiscan.com/ME/bill/LD1467/2023,via LegiScan (CC BY 4.0)
ME,LD1541,An Act To Increase Sentences Imposed for the Illegal Importation of Scheduled Drugs,4,Passed,2016-03-31,On Motion by Senator  HAMPER of Oxford taken from the SPECIAL APPROPRIATIONS TABLE. PASSED TO BE ENACTED in concurrence,2016-04-15,127th Legislature,92,strong,https://legiscan.com/ME/bill/LD1541/2015,via LegiScan (CC BY 4.0)
ME,LD1545,"An Act to Reduce Drug Overdoses and Death by Expanding the Crime of Aggravated Trafficking of Scheduled Drugs by Including Compounds, Mixtures or Substances",6,Failed,2023-05-25,Pursuant to Joint Rule 310.3 Placed in Legislative Files (DEAD),2023-05-25,131st Legislature,87,strong,https://legiscan.com/ME/bill/LD1545/2023,via LegiScan (CC BY 4.0)
ME,LD1562,An Act To Prohibit the Sale or Possession of So-called Bath Salts Containing Dangerous Synthetic Drugs,4,Passed,2011-06-10,(S) Under suspension of the Rules PASSED TO BE ENACTED - Emergency -2/3 Elected Required in concurrence,2011-06-29,125th Legislature,81,strong,https://legiscan.com/ME/bill/LD1562/2011,via LegiScan (CC BY 4.0)
ME,LD1582,An Act To Enact the Maine Psilocybin Services Act,6,Failed,2022-04-19,ORDERED SENT FORTHWITH.,2022-04-19,130th Legislature,99,title,https://legiscan.com/ME/bill/LD1582/2021,via LegiScan (CC BY 4.0)
ME,LD1675,An Act To Amend Certain Provisions of Maine's Drug Laws,4,Passed,2021-06-17,"PASSED TO BE ENACTED, in concurrence.",2021-06-17,130th Legislature,93,strong,https://legiscan.com/ME/bill/LD1675/2021,via LegiScan (CC BY 4.0)
ME,LD1914,"Resolve, to Establish the Commission to Study Pathways for Creating a Psilocybin Services Program in Maine",3,Enrolled,2024-04-03,"CARRIED OVER, in the same posture, to any special session of the 131st Legislature, pursuant to Joint Order HP 1482.",2024-05-10,131st Legislature,99,title,https://legiscan.com/ME/bill/LD1914/2023,via LegiScan (CC BY 4.0)
ME,LD773,An Act To Further Restrict the Availability of Methamphetamine and Amphetamine Pills,4,Passed,2011-05-23,(S) On motion by Senator ROSEN of Hancock TAKEN FROM THE SPECIAL APPROPRIATIONS TABLE PASSED TO BE ENACTED in concurrence,2011-06-28,125th Legislature,87,strong,https://legiscan.com/ME/bill/LD773/2011,via LegiScan (CC BY 4.0)
ME,LD994,"An Act to Include Possession of Compounds, Mixtures or Substances Containing a Detectable Amount of Certain Scheduled Drugs to Prove the Offense of Unlawful Trafficking of Scheduled Drugs",6,Failed,2023-06-20,Placed in Legislative Files (DEAD),2023-06-20,131st Legislature,87,strong,https://legiscan.com/ME/bill/LD994/2023,via LegiScan (CC BY 4.0)
ME,SP0847,"Joint Order, to Carry Over Certain Matters from the First Special Session of the 131st Legislature",1,Introduced,2023-07-26,ORDERED SENT FORTHWITH.,2023-07-26,131st Legislature,79,strong,https://legiscan.com/ME/bill/SP0847/2023,via LegiScan (CC BY 4.0)
MI,HB4089,Controlled substances: schedules; etizolam; include as schedule 1 drug. Amends sec. 7212 of 1978 PA 368 (MCL 333.7212).,2,Engrossed,2021-04-29,Referred To Committee On Judiciary And Public Safety,2021-05-04,101st Legislature,74,contextual,https://legiscan.com/MI/bill/HB4089/2021,via LegiScan (CC BY 4.0)
MI,HB4166,"Crimes: drugs; illicit use of xylazine; prohibit, and provide penalties. Amends secs. 7103, 7105, 7106, 7401, 7403, 7403a, 7451, 7453 & 7455 of 1978 PA 368 (MCL 333.7103 et seq.).",1,Introduced,2025-03-05,Bill Electronically Reproduced 03/05/2025,2025-03-06,103rd Legislature,81,strong,https://legiscan.com/MI/bill/HB4166/2025,via LegiScan (CC BY 4.0)
MI,HB4498,"Health: other; syringe service programs; provide for. Amends secs. 7401, 7403, 7453 & 7457 of 1978 PA 368 (MCL 333.7401 et seq.) & adds sec. 5137.",1,Introduced,2025-05-15,Bill Electronically Reproduced 05/15/2025,2025-05-20,103rd Legislature,83,strong,https://legiscan.com/MI/bill/HB4498/2025,via LegiScan (CC BY 4.0)
MI,HB4565,Controlled substances; schedules; designation of certain substances as schedule 1 controlled substances; provide for. Amends sec. 7212 of 1978 PA 368 (MCL 333.7212).,4,Passed,2011-07-27,Assigned Pa 88'11 With Immediate Effect,2011-07-27,96th Legislature,85,strong,https://legiscan.com/MI/bill/HB4565/2011,via LegiScan (CC BY 4.0)
MI,HB4623,Controlled substances; marihuana; possession or use of 1 ounce or less of marihuana; decriminalize under certain circumstances. Amends secs. 7403 & 7404 of 1978 PA 368 (MCL 333.7403 & 333.7404).,1,Introduced,2013-04-24,Printed Bill Filed 04/25/2013,2013-04-25,97th Legislature,90,strong,https://legiscan.com/MI/bill/HB4623/2013,via LegiScan (CC BY 4.0)
MI,HB4686,"Crimes: controlled substances; creating, manufacturing, possessing, or using psilocybin or psilocin; allow under certain circumstances. Amends 1978 PA 368 (MCL 333.1101 - 333.25211) by adding sec. 7404a.",1,Introduced,2025-06-25,Bill Electronically Reproduced 06/25/2025,2025-06-26,103rd Legislature,96,title,https://legiscan.com/MI/bill/HB4686/2025,via LegiScan (CC BY 4.0)
MI,HB4843,Controlled substances; penalties; certain minors; exempt from minors using prescription drugs. Amends secs. 7403 & 7404 of 1978 PA 368 (MCL 333.7403 & 333.7404).,4,Passed,2015-12-16,Assigned Pa 220'15 With Immediate Effect,2015-12-16,98th Legislature,93,strong,https://legiscan.com/MI/bill/HB4843/2015,via LegiScan (CC BY 4.0)
MI,HB4849,"Controlled substances; narcotic drugs; purchase, sale, possession, or use of Salvia divinorum or Argyreia nervosa; prohibit, and include in list of scheduled 1 narcotics. Amends secs. 7212, 7403 & 7404 of 1978 PA 368 (MCL 333.7212 et seq.).",1,Introduced,2009-04-29,Printed Bill Filed 04/30/2009,2009-04-30,95th Legislature,91,strong,https://legiscan.com/MI/bill/HB4849/2009,via LegiScan (CC BY 4.0)
MI,HB4919,"Criminal procedure; probation; persons sentenced to lifetime probation for certain drug crimes; clarify applicability of statute. Amends secs. 7401 & 7403 of 1978 PA 368 (MCL 333.7401 & 333.7403). TIE BAR WITH: HB 4918'09, HB 4920'09",4,Passed,2010-12-29,Assigned Pa 352'10 With Immediate Effect,2010-12-29,95th Legislature,88,strong,https://legiscan.com/MI/bill/HB4919/2009,via LegiScan (CC BY 4.0)
MI,HB4931,"Health; controlled substances; prosecution of individual for certain controlled substance violations; prohibit if individual is seeking medical attention for himself, herself, or another person. Amends secs. 7403 & 7404 of 1978 PA 368 (MCL 333.7403 &",1,Introduced,2015-10-01,Printed Bill Filed 10/02/2015,2015-10-06,98th Legislature,89,strong,https://legiscan.com/MI/bill/HB4931/2015,via LegiScan (CC BY 4.0)
MI,HB4935,Controlled substances; schedules; etizolam; include as schedule 1 drug. Amends sec. 7212 of 1978 PA 368 (MCL 333.7212).,1,Introduced,2019-09-10,Bill Electronically Reproduced 09/11/2019,2019-09-11,100th Legislature,67,contextual,https://legiscan.com/MI/bill/HB4935/2019,via LegiScan (CC BY 4.0)
MI,HB5178,"Health: other; syringe service programs; provide for. Amends secs. 7401, 7403, 7404, 7453 & 7457 of 1978 PA 368 (MCL 333.7401 et seq.) & adds sec. 5137.",2,Engrossed,2024-12-13,Referred To Committee On Government Operations,2024-12-18,102nd Legislature,90,strong,https://legiscan.com/MI/bill/HB5178/2023,via LegiScan (CC BY 4.0)
MI,HB5207,"Controlled substances; other; prosecution of individual for certain controlled substance violations; prohibit if individual is seeking medical attention for himself, herself, or another person. Amends secs. 7403 & 7404 of 1978 PA 368 (MCL 333.7403 & ",1,Introduced,2014-01-08,Printed Bill Filed 01/09/2014,2014-01-09,97th Legislature,93,strong,https://legiscan.com/MI/bill/HB5207/2013,via LegiScan (CC BY 4.0)
MI,HB5250,Crimes; controlled substances; schedule 1 controlled substances; add certain compounds having effects similar to effects of methylenedioxypyrovalerone. Amends sec. 7212 of 1978 PA 368 (MCL 333.7212).,1,Introduced,2012-01-17,Printed Bill Filed 01/18/2012,2012-01-18,96th Legislature,78,title,https://legiscan.com/MI/bill/HB5250/2011,via LegiScan (CC BY 4.0)
MI,HB5288,Health; pharmaceuticals; dispensing of medical marihuana by a licensed pharmacist; require by clarifying as a schedule 2 controlled substance. Amends secs. 7212 & 7214 of 1978 PA 368 (MCL 333.7212 & 333.7214) & repeals secs. 7335 & 7336 of 1978 PA 36,1,Introduced,2009-09-02,Printed Bill Filed 09/03/2009,2009-09-09,95th Legislature,79,strong,https://legiscan.com/MI/bill/HB5288/2009,via LegiScan (CC BY 4.0)
MI,HB5395,"Crimes: controlled substances; various penalties for controlled substance etizolam; provide for. Amends secs. 7401, 7403 & 7404 of 1978 PA 368 (MCL 333.7401 et seq.). TIE BAR WITH: HB 4089'21",1,Introduced,2021-10-14,Bill Electronically Reproduced 10/14/2021,2021-10-19,101st Legislature,91,strong,https://legiscan.com/MI/bill/HB5395/2021,via LegiScan (CC BY 4.0)
MI,HB5477,Controlled substances; penalties; diversion for certain individuals for possession or use of a controlled substance; provide for. Amends secs. 7403 & 7404 of 1978 PA 368 (MCL 333.7403 & 333.7404) & adds sec. 7412.,1,Introduced,2020-02-11,Bill Electronically Reproduced 02/12/2020,2020-02-13,100th Legislature,87,strong,https://legiscan.com/MI/bill/HB5477/2019,via LegiScan (CC BY 4.0)
MI,HB5649,Controlled substances; penalties; individuals possessing controlled substances and controlled substance analogues; exempt from possession penalties in certain circumstances. Amends sec. 7403 of 1978 PA 368 (MCL 333.7403).,4,Passed,2016-10-19,Assigned Pa 307'16 With Immediate Effect,2016-10-19,98th Legislature,91,strong,https://legiscan.com/MI/bill/HB5649/2015,via LegiScan (CC BY 4.0)
MI,HB5650,Controlled substances; penalties; individuals using controlled substances and controlled substance analogues; exempt from use penalties in certain circumstances. Amends sec. 7404 of 1978 PA 368 (MCL 333.7404).,4,Passed,2016-10-19,Assigned Pa 308'16 With Immediate Effect,2016-10-19,98th Legislature,93,strong,https://legiscan.com/MI/bill/HB5650/2015,via LegiScan (CC BY 4.0)
MI,HB5681,Controlled substances; marihuana; sale of marihuana through licensed facilities; allow under certain circumstances and regulate the possession and use of marihuana by certain individuals. Amends secs. 7212 & 7214 of 1978 PA 368 (MCL 333.7212 & 333.72,1,Introduced,2012-05-29,Printed Bill Filed 05/30/2012,2012-05-30,96th Legislature,52,contextual,https://legiscan.com/MI/bill/HB5681/2011,via LegiScan (CC BY 4.0)
MI,HB5710,"Criminal procedure: sentencing; mandatory sentencing for certain crimes in the public health code; require. Amends secs. 7340c, 7401, 7401c, 7402, 7403, 7404, 7405, 7406, 7410 & 17766c of 1978 PA 368 (MCL 333.7340c et seq.).",1,Introduced,2024-05-07,Bill Electronically Reproduced 05/07/2024,2024-05-08,102nd Legislature,87,strong,https://legiscan.com/MI/bill/HB5710/2023,via LegiScan (CC BY 4.0)
MI,HB5813,Health; code; N-benzylpiperazine; include as a schedule 1 controlled substance. Amends sec. 7212 of 1978 PA 368 (MCL 333.7212).,1,Introduced,2010-02-16,Referred To Committee On Health Policy,2010-03-18,95th Legislature,87,strong,https://legiscan.com/MI/bill/HB5813/2009,via LegiScan (CC BY 4.0)
MI,HB5834,"Crimes: drugs; illicit use of xylazine; prohibit, and provide penalties. Amends secs. 7103, 7105, 7106, 7401, 7403, 7403a, 7451, 7453 & 7455 of 1978 PA 368 (MCL 333.7103 et seq.).",2,Engrossed,2024-12-10,Placed On Order Of Third Reading,2024-12-20,102nd Legislature,85,strong,https://legiscan.com/MI/bill/HB5834/2023,via LegiScan (CC BY 4.0)
MI,HB5877,"Controlled substances: schedules; classification of marihuana and pharmaceutical-grade cannabis as a controlled substance; remove. Amends secs. 7212, 7214, 7303, 7401, 7401c, 7403, 7404,",1,Introduced,2022-03-03,Bill Electronically Reproduced 03/03/2022,2022-03-08,101st Legislature,83,strong,https://legiscan.com/MI/bill/HB5877/2021,via LegiScan (CC BY 4.0)
MI,HB5914,Criminal procedure: sentencing; mandatory sentencing for certain crimes in the public health code; require. Amends (See bill).,1,Introduced,2026-04-29,Bill Electronically Reproduced 04/29/2026,2026-04-30,103rd Legislature,87,strong,https://legiscan.com/MI/bill/HB5914/2025,via LegiScan (CC BY 4.0)
MI,HB5980,"Crimes: controlled substances; creating, manufacturing, possessing, or using psilocybin or psilocin; allow under certain circumstances. Amends 1978 PA 368 (MCL 333.1101 - 333.25211) by adding sec. 7404a.",1,Introduced,2024-09-26,Bill Electronically Reproduced 10/15/2024,2024-10-15,102nd Legislature,96,title,https://legiscan.com/MI/bill/HB5980/2023,via LegiScan (CC BY 4.0)
MI,HB6020,"Health: research; participation in ibogaine clinical trials; provide for. Amends sec. 7212 of 1978 PA 368 (MCL 333.7212) & adds secs. 2222, 2222a & 2222b.",1,Introduced,2026-05-21,Recommendation Concurred In,2026-06-09,103rd Legislature,98,title,https://legiscan.com/MI/bill/HB6020/2025,via LegiScan (CC BY 4.0)
MI,HB6038,Crimes; controlled substances; designation of certain substances as schedule 1 controlled substances; provide for. Amends secs. 7212 & 7218 of 1978 PA 368 (MCL 333.7212 & 333.7218). TIE BAR WITH: HB 6226'10,4,Passed,2010-10-06,Assigned Pa 171'10 With Immediate Effect,2010-10-06,95th Legislature,90,strong,https://legiscan.com/MI/bill/HB6038/2009,via LegiScan (CC BY 4.0)
MI,HB6226,"Crimes; controlled substances; possession or use of certain schedule 1 controlled substances; prohibit, and provide penalties. Amends secs. 7403 & 7404 of 1978 PA 368 (MCL 333.7403 & 333.7404). TIE BAR WITH: HB 6038'10",4,Passed,2010-10-06,Assigned Pa 169'10 With Immediate Effect,2010-10-06,95th Legislature,95,strong,https://legiscan.com/MI/bill/HB6226/2009,via LegiScan (CC BY 4.0)
MI,HB6241,"Controlled substances: schedules; classification of marihuana and pharmaceutical-grade cannabis as a controlled substance; remove. Amends secs. 7106, 7208, 7212, 7214, 7303, 7401, 7401c, 7403, 7404, 7410, 7411, 7413, 7416, 7451, 8105, 8109, 8111, 815",1,Introduced,2024-12-04,Bill Electronically Reproduced 12/05/2024,2024-12-05,102nd Legislature,81,strong,https://legiscan.com/MI/bill/HB6241/2023,via LegiScan (CC BY 4.0)
MI,HCR0005,"A concurrent resolution to urge the United States Congress, Department of Defense, and Department of Veterans Affairs to prioritize research and investment in non-technology treatment options for servicemembers and veterans who have psychological tra",4,Passed,2023-09-07,Adopted By Senate - Referred To The Clerk For Record,2023-09-07,102nd Legislature,95,strong,https://legiscan.com/MI/bill/HCR0005/2023,via LegiScan (CC BY 4.0)
MI,HR0217,"A resolution to urge the United States Congress, Department of War, and Department of Veterans Affairs to prioritize research and investment in non-technology treatment options for servicemembers and veterans who have psychological trauma as a result",1,Introduced,2025-11-12,Referred To Committee On Government Operations,2025-11-12,103rd Legislature,87,strong,https://legiscan.com/MI/bill/HR0217/2025,via LegiScan (CC BY 4.0)
MI,SB0080,Controlled substances; marihuana; possession or use of 1 ounce or less of marihuana; decriminalize under certain circumstances. Amends secs. 7403 & 7404 of 1978 PA 368 (MCL 333.7403 & 333.7404).,1,Introduced,2015-02-04,Referred To Committee On Judiciary,2015-02-04,98th Legislature,90,strong,https://legiscan.com/MI/bill/SB0080/2015,via LegiScan (CC BY 4.0)
MI,SB0099,"Crimes; controlled substances; possession of certain schedule 1 controlled substances; prohibit, and provide a penalty. Amends sec. 7403 of 1978 PA 368 (MCL 333.7403).",2,Engrossed,2011-02-15,Referred To Second Reading,2011-04-28,96th Legislature,89,strong,https://legiscan.com/MI/bill/SB0099/2011,via LegiScan (CC BY 4.0)
MI,SB0259,"Crimes; controlled substances; possession of certain MDPV; prohibit, and establish penalties. Amends sec. 7212 of 1978 PA 368 (MCL 333.7212).",2,Engrossed,2011-04-13,Referred To Committee On Judiciary,2011-04-13,96th Legislature,73,contextual,https://legiscan.com/MI/bill/SB0259/2011,via LegiScan (CC BY 4.0)
MI,SB0263,Courts: other; public health code; amend to reflect marihuana violation sentence reduction act. Amends secs. 7403 & 7404 of 1978 PA 368 (MCL 333.7403 & 333.7404). TIE BAR WITH: SB 0262'19,1,Introduced,2019-04-11,Referred To Committee On Judiciary And Public Safety,2019-04-11,100th Legislature,88,strong,https://legiscan.com/MI/bill/SB0263/2019,via LegiScan (CC BY 4.0)
MI,SB0499,"Controlled substances: penalties; conduct associated with entheogenic plants and fungi; exempt from criminal penalties in certain circumstances. Amends secs. 7401, 7403 & 7404 of 1978 PA 368 (MCL 333.7401 et seq.).",1,Introduced,2023-09-14,Referred To Committee On Regulatory Affairs,2023-09-14,102nd Legislature,98,title,https://legiscan.com/MI/bill/SB0499/2023,via LegiScan (CC BY 4.0)
MI,SB0526,Controlled substances: schedules; research chemical benzodiazepines and research chemical thienodiazepines; include as schedule 1 controlled substances. Amends sec. 7212 of 1978 PA 368 (MCL 333.7212).,1,Introduced,2019-09-12,Referred To Committee On Judiciary And Public Safety,2019-09-12,100th Legislature,66,contextual,https://legiscan.com/MI/bill/SB0526/2019,via LegiScan (CC BY 4.0)
MI,SB0570,"Crimes; controlled substances; purchase, sale, possession, or use of salvia; prohibit, and provide penalties. Amends secs. 7212, 7403 & 7404 of 1978 PA 368 (MCL 333.7212 et seq.).",1,Introduced,2009-05-12,Referred To Committee On Health Policy,2009-05-12,95th Legislature,89,strong,https://legiscan.com/MI/bill/SB0570/2009,via LegiScan (CC BY 4.0)
MI,SB0618,Health; pharmaceuticals; regulation of medical marihuana as a schedule 2 controlled substance; provide for to require dispensing by a pharmacist and require department to license medical marihuana growing facilities. Amends secs. 7212 & 7214 of 1978 ,1,Introduced,2009-06-03,Referred To Committee On Judiciary,2009-06-03,95th Legislature,69,contextual,https://legiscan.com/MI/bill/SB0618/2009,via LegiScan (CC BY 4.0)
MI,SB0626,Controlled substances; marihuana; possession or use of 1 ounce or less of marihuana; decriminalize under certain circumstances. Amends secs. 7403 & 7404 of 1978 PA 368 (MCL 333.7403 & 333.7404).,1,Introduced,2013-10-16,Referred To Committee On Judiciary,2013-10-16,97th Legislature,90,strong,https://legiscan.com/MI/bill/SB0626/2013,via LegiScan (CC BY 4.0)
MI,SB0629,"Health: other; syringe service programs; provide for. Amends secs. 7401, 7403, 7453 & 7457 of 1978 PA 368 (MCL 333.7401 et seq.) & adds sec. 5137.",1,Introduced,2025-10-30,Referred To Committee On Housing And Human Services,2025-10-30,103rd Legislature,84,strong,https://legiscan.com/MI/bill/SB0629/2025,via LegiScan (CC BY 4.0)
MI,SB0631,"Controlled substances: penalties; conduct associated with entheogenic plants and fungi; exempt from criminal penalties in certain circumstances. Amends secs. 7401, 7403 & 7404 of 1978 PA 368 (MCL 333.7401 et seq.).",1,Introduced,2021-09-02,Referred To Committee On Judiciary And Public Safety,2021-09-02,101st Legislature,97,title,https://legiscan.com/MI/bill/SB0631/2021,via LegiScan (CC BY 4.0)
MI,SB0802,"Controlled substances: penalties; conduct associated with qualified psychoactive substances; exempt from criminal penalties in certain circumstances. Amends secs. 7401, 7403 & 7404 of 1978 PA 368 (MCL 333.7401 et seq.).",1,Introduced,2026-02-26,Referred To Committee On Regulatory Affairs,2026-02-26,103rd Legislature,97,strong,https://legiscan.com/MI/bill/SB0802/2025,via LegiScan (CC BY 4.0)
MI,SB1082,"Controlled substances; schedules; certain synthetic substances; classify as schedule 1 controlled substances and prohibit sales and offer to sell certain products represented to have the effects of certain controlled substances. Amends secs. 7212, 74",4,Passed,2012-07-18,Assigned Pa 0183'12 With Immediate Effect,2012-07-18,96th Legislature,88,strong,https://legiscan.com/MI/bill/SB1082/2011,via LegiScan (CC BY 4.0)
MI,SB1100,Controlled substances; schedules; etizolam; include as schedule 1 drug. Amends sec. 7212 of 1978 PA 368 (MCL 333.7212).,1,Introduced,2018-09-05,Referred To Committee On Health Policy,2018-09-05,99th Legislature,67,contextual,https://legiscan.com/MI/bill/SB1100/2017,via LegiScan (CC BY 4.0)
MI,SB1373,"Crimes; controlled substances; penalties for possession, use, or sale of a chemically altered compound used for explicit purpose of getting high; provide for. Amends secs. 7212, 7403 & 7404 of 1978 PA 368 (MCL 333.7212 et seq.).",2,Engrossed,2010-08-24,Referred To Committee On Judiciary,2010-08-24,95th Legislature,90,strong,https://legiscan.com/MI/bill/SB1373/2009,via LegiScan (CC BY 4.0)
MN,HF1023,"Cannabis; health commissioner required to apply for federal Schedule I exemption for medical use of cannabis, marijuana and nonsynthetic THC reclassified from Schedule I to Schedule II controlled substance, and provisions to the patient registry prog",1,Introduced,2021-02-11,Author added Schultz,2022-03-30,92nd Legislature 2021-2022,87,strong,https://legiscan.com/MN/bill/HF1023/2021,via LegiScan (CC BY 4.0)
MN,HF1117,"Chemical and mental health and human service licensing provisions modified, methadone treatment program standards established, drug treatment provisions modified, and Schedule I controlled substances added to list.",4,Passed,2013-05-24,Secretary of State Chapter 113 ,2013-05-24,88th Legislature 2013-2014,58,contextual,https://legiscan.com/MN/bill/HF1117/2013,via LegiScan (CC BY 4.0)
MN,HF1285,Controlled substances Schedule I list added to.,1,Introduced,2011-03-23,"Introduction and first reading, referred to Public Safety and Crime Prevention Policy and Finance",2011-03-23,87th Legislature 2011-2012,87,strong,https://legiscan.com/MN/bill/HF1285/2011,via LegiScan (CC BY 4.0)
MN,HF1359,"State controlled substance schedules aligned with federal controlled substance schedules, Board of Pharmacy authority modified to regulate controlled substances, and electronic prescribing of controlled substances allowed.",1,Introduced,2011-04-04,Author added Greiling,2011-05-12,87th Legislature 2011-2012,82,strong,https://legiscan.com/MN/bill/HF1359/2011,via LegiScan (CC BY 4.0)
MN,HF1376,Controlled substance schedules modified.,1,Introduced,2015-03-02,HF indefinitely postponed,2015-04-30,89th Legislature 2015-2016,82,strong,https://legiscan.com/MN/bill/HF1376/2015,via LegiScan (CC BY 4.0)
MN,HF1520,"State controlled substance schedules aligned with federal controlled substance schedules, Board of Pharmacy authority modified to regulate controlled substances, and electronic prescribing of controlled substances allowed.",1,Introduced,2011-04-18,Author added Greiling,2011-05-12,87th Legislature 2011-2012,71,contextual,https://legiscan.com/MN/bill/HF1520/2011,via LegiScan (CC BY 4.0)
MN,HF1608,"""Analogue"" definition added in the controlled substances law.",1,Introduced,2011-04-28,"Introduction and first reading, referred to Public Safety and Crime Prevention Policy and Finance",2011-04-28,87th Legislature 2011-2012,87,strong,https://legiscan.com/MN/bill/HF1608/2011,via LegiScan (CC BY 4.0)
MN,HF1665,Minnesota's schedules of controlled substances modified.,1,Introduced,2023-02-13,"Committee report, to adopt and re-refer to Public Safety Finance and Policy",2023-03-06,93rd Legislature 2023-2024,82,strong,https://legiscan.com/MN/bill/HF1665/2023,via LegiScan (CC BY 4.0)
MN,HF1875,Controlled substance schedules modified.,1,Introduced,2017-03-01,"Introduction and first reading, referred to Public Safety and Security Policy and Finance",2017-03-01,90th Legislature 2017-2018,86,strong,https://legiscan.com/MN/bill/HF1875/2017,via LegiScan (CC BY 4.0)
MN,HF1884,"Psychedelic medicine task force established, and report required.",1,Introduced,2023-02-16,Author added Hudson,2023-03-15,93rd Legislature 2023-2024,99,title,https://legiscan.com/MN/bill/HF1884/2023,via LegiScan (CC BY 4.0)
MN,HF2285,"Cannabis; individuals 21 years of age or older possession and consumption allowed, regulation for commercial purpose provided, rulemaking and fees authorized, penalties provided, sales taxed, crime expungement provided, and Clean Indoor Air Act modif",1,Introduced,2019-03-11,Author added Hausman,2019-05-10,91st Legislature 2019-2020,66,contextual,https://legiscan.com/MN/bill/HF2285/2019,via LegiScan (CC BY 4.0)
MN,HF2385,Controlled substance schedules modified.,1,Introduced,2019-03-11,"House rule 1.21, placed on Calendar for the Day Monday, May 11, 2020",2020-05-07,91st Legislature 2019-2020,83,strong,https://legiscan.com/MN/bill/HF2385/2019,via LegiScan (CC BY 4.0)
MN,HF25,"Women's pregnancy centers and maternity homes grant program established, appropriations reduced, and money appropriated.",1,Introduced,2025-02-06,Author added Schwartz,2025-03-13,94th Legislature 2025-2026,93,strong,https://legiscan.com/MN/bill/HF25/2025,via LegiScan (CC BY 4.0)
MN,HF2508,"State-controlled substance schedules aligned with federal controlled substance schedules, Board of Pharmacy's controlled substance regulation authority modified, and penalties provided.",4,Passed,2012-04-27,Secretary of State Chapter 240 04/27/12,2012-04-27,87th Legislature 2011-2012,75,strong,https://legiscan.com/MN/bill/HF2508/2011,via LegiScan (CC BY 4.0)
MN,HF2545,"Health definitions modified and added, immunization requirement pharmacist participation changed; Board of Pharmacy powers and duties, and business regulation licensing requirements changed; compounding requirements clarified, legend drug purchase al",1,Introduced,2014-02-27,"Committee report, to adopt as amended and re-refer to Health and Human Services Policy",2014-03-19,88th Legislature 2013-2014,57,contextual,https://legiscan.com/MN/bill/HF2545/2013,via LegiScan (CC BY 4.0)
MN,HF2699,"Psilocybin cultivation, possession, transportation, and personal use by individuals 21 years of age or older authorized; protections established; public education and harm reduction programs established; Psychedelic Medicine Board established; crimin",1,Introduced,2025-03-24,"Introduction and first reading, referred to Health Finance and Policy",2025-03-24,94th Legislature 2025-2026,99,title,https://legiscan.com/MN/bill/HF2699/2025,via LegiScan (CC BY 4.0)
MN,HF2714,"Cannabis and cannabis-infused product consumption and possession allowed for individuals 21 years of age or older, cannabis regulation provided, rulemaking authorized, fees authorized, penalties provided, cannabis sales taxed, and constitutional amen",1,Introduced,2017-05-20,Author added Omar.,2018-04-26,90th Legislature 2017-2018,69,contextual,https://legiscan.com/MN/bill/HF2714/2017,via LegiScan (CC BY 4.0)
MN,HF2807,"Marijuana and nonsynthetic THC reclassified from a Schedule I to a Schedule II controlled substance, small amount of marijuana definition modified, weight of fluids in water pipes prohibited from being used to determine marijuana mixture weights, and",1,Introduced,2019-04-03,Author added Jordan,2020-02-17,91st Legislature 2019-2020,82,strong,https://legiscan.com/MN/bill/HF2807/2019,via LegiScan (CC BY 4.0)
MN,HF2906,"Psilocybin therapeutic use program established; protections for registered patients, designated cultivators, registered facilitators, and health care practitioners established; rulemaking authorized; civil actions authorized; fees established; adviso",1,Introduced,2025-03-27,Author added Rymer,2026-04-22,94th Legislature 2025-2026,99,title,https://legiscan.com/MN/bill/HF2906/2025,via LegiScan (CC BY 4.0)
MN,HF2930,Health finance bill.,1,Introduced,2023-03-16,"Committee report, to adopt as amended and re-refer to Ways and Means",2023-04-13,93rd Legislature 2023-2024,74,contextual,https://legiscan.com/MN/bill/HF2930/2023,via LegiScan (CC BY 4.0)
MN,HF3333,Controlled substance schedules modified.,4,Passed,2016-05-31,Secretary of State Chapter 182 ,2016-05-31,89th Legislature 2015-2016,86,strong,https://legiscan.com/MN/bill/HF3333/2015,via LegiScan (CC BY 4.0)
MN,HF3479,"Schedules of controlled substances modified, and DWI law modified by including other types of intoxicating substances and striking references to hazardous substances.",1,Introduced,2018-03-08,Author added Wills.,2018-05-09,90th Legislature 2017-2018,84,strong,https://legiscan.com/MN/bill/HF3479/2017,via LegiScan (CC BY 4.0)
MN,HF3595,"Cannabinoid product regulation provided, sale of cannabinoid containing products limited to individuals 21 years of age or older, cannabinoid product labeling required to contain a barcode or matrix barcode, additional requirements provided for edibl",1,Introduced,2022-02-17,"Committee report, to adopt as amended and re-refer to Health Finance and Policy",2022-03-30,92nd Legislature 2021-2022,88,strong,https://legiscan.com/MN/bill/HF3595/2021,via LegiScan (CC BY 4.0)
MN,HF3602,Hemp definition clarified.,1,Introduced,2022-02-21,"Introduction and first reading, referred to Agriculture Finance and Policy",2022-02-21,92nd Legislature 2021-2022,85,strong,https://legiscan.com/MN/bill/HF3602/2021,via LegiScan (CC BY 4.0)
MN,HF3639,"Cannabis; health commissioner required to apply for federal Schedule I exemption for medical use of cannabis, and marijuana and nonsynthetic THC reclassified from Schedule I to Schedule II controlled substance.",1,Introduced,2020-02-20,Author added Jordan,2020-03-04,91st Legislature 2019-2020,84,strong,https://legiscan.com/MN/bill/HF3639/2019,via LegiScan (CC BY 4.0)
MN,HF3714,Marijuana and tetrahydrocannabinols rescheduled.,1,Introduced,2020-02-24,Author added Lien,2020-03-02,91st Legislature 2019-2020,85,strong,https://legiscan.com/MN/bill/HF3714/2019,via LegiScan (CC BY 4.0)
MN,HF4140,"Hospital nursing educational loan forgiveness program modified, and money appropriated.",1,Introduced,2024-02-22,Author added Hornstein,2024-05-03,93rd Legislature 2023-2024,90,strong,https://legiscan.com/MN/bill/HF4140/2023,via LegiScan (CC BY 4.0)
MN,HF4571,Health and human services supplemental budget bill.,1,Introduced,2024-03-04,"Committee report, to adopt as amended and re-refer to Ways and Means",2024-04-26,93rd Legislature 2023-2024,59,contextual,https://legiscan.com/MN/bill/HF4571/2023,via LegiScan (CC BY 4.0)
MN,HF4577,"Psilocybin therapeutic use program established; protections for registered patients, registered suppliers, registered facilitators, and health care practitioners established; civil actions authorized; advisory committee established; and money appropr",1,Introduced,2026-03-23,"Motion to recall and re-refer, motion prevailed Veterans and Military Affairs Division",2026-04-09,94th Legislature 2025-2026,99,title,https://legiscan.com/MN/bill/HF4577/2025,via LegiScan (CC BY 4.0)
MN,HF465,"Cannabis and cannabis-infused product consumption and possession allowed by individuals 21 years of age or older, regulation of cannabis for commercial purposes required, rulemaking and fees authorized, penalties provided, cannabis sales taxed, and c",1,Introduced,2019-01-28,Author added Olson,2019-03-04,91st Legislature 2019-2020,68,contextual,https://legiscan.com/MN/bill/HF465/2019,via LegiScan (CC BY 4.0)
MN,HF470,Public safety omnibus bill.,4,Passed,2017-05-30,Secretary of State Chapter 95 ,2017-05-30,90th Legislature 2017-2018,65,contextual,https://legiscan.com/MN/bill/HF470/2017,via LegiScan (CC BY 4.0)
MN,HF5317,"Governor's budget bill for health and human services; health care, child welfare, child care licensing , Department of Health, and Department of Children, Youth, and Families provisions modified; health and human services law technical changes made; ",1,Introduced,2024-04-08,"Introduction and first reading, referred to Health Finance and Policy",2024-04-08,93rd Legislature 2023-2024,74,contextual,https://legiscan.com/MN/bill/HF5317/2023,via LegiScan (CC BY 4.0)
MN,HF57,"Synthetic cannabinoid sale or possession crime established; synthetic cannabinoids, 2C-E, and 2C-I added to the list of Schedule I controlled substances; definition of ""analog"" added; analog of a Schedule I or II controlled substance provided to be c",4,Passed,2011-05-24,Secretary of State Chapter 53 ,2011-05-24,87th Legislature 2011-2012,89,strong,https://legiscan.com/MN/bill/HF57/2011,via LegiScan (CC BY 4.0)
MN,HF675,"Cannabis; health commissioner required to apply for federal Schedule I exemption for medical use of cannabis, and marijuana and nonsynthetic THC reclassified from Schedule I to Schedule II controlled substance.",1,Introduced,2021-02-04,Author added Garofalo,2021-02-15,92nd Legislature 2021-2022,83,strong,https://legiscan.com/MN/bill/HF675/2021,via LegiScan (CC BY 4.0)
MN,HF849,Omnibus public safety finance and policy bill.,1,Introduced,2015-02-12,HF indefinitely postponed,2015-04-25,89th Legislature 2015-2016,58,contextual,https://legiscan.com/MN/bill/HF849/2015,via LegiScan (CC BY 4.0)
MN,HF889,Substances added to the list of Schedule I controlled substances.,1,Introduced,2013-02-25,"Introduction and first reading, referred to Public Safety Finance and Policy",2013-02-25,88th Legislature 2013-2014,84,strong,https://legiscan.com/MN/bill/HF889/2013,via LegiScan (CC BY 4.0)
MN,HF896,Omnibus public safety and security policy and finance bill.,1,Introduced,2017-02-09,"Committee report, to adopt as amended and re-refer to Ways and Means",2017-03-29,90th Legislature 2017-2018,52,contextual,https://legiscan.com/MN/bill/HF896/2017,via LegiScan (CC BY 4.0)
MN,SF1015,Dimethoxy ethylphenethylamine (2C-E) schedule I controlled substance schedule addition,1,Introduced,2011-03-23,Referred to Judiciary and Public Safety,2011-03-23,87th Legislature 2011-2012,87,strong,https://legiscan.com/MN/bill/SF1015/2011,via LegiScan (CC BY 4.0)
MN,SF1077,Chemical and mental health and human services licensing modifications; opioid addiction methadone treatment program standards establishment; drug treatment modifications; prescription monitoring program,1,Introduced,2013-03-05,HF substituted on General Orders HF1117,2013-05-07,88th Legislature 2013-2014,77,strong,https://legiscan.com/MN/bill/SF1077/2013,via LegiScan (CC BY 4.0)
MN,SF1092,Analogues addition to schedule I controlled substances list,1,Introduced,2011-04-04,Referred to Judiciary and Public Safety,2011-04-04,87th Legislature 2011-2012,87,strong,https://legiscan.com/MN/bill/SF1092/2011,via LegiScan (CC BY 4.0)
MN,SF1219,Controlled substances schedules expansion and modifications,2,Engrossed,2015-04-29,Second reading,2015-04-30,89th Legislature 2015-2016,82,strong,https://legiscan.com/MN/bill/SF1219/2015,via LegiScan (CC BY 4.0)
MN,SF1326,Synthetic drug known as plant food addition to schedule I controlled substances list,1,Introduced,2011-04-28,Referred to Judiciary and Public Safety,2011-04-28,87th Legislature 2011-2012,87,strong,https://legiscan.com/MN/bill/SF1326/2011,via LegiScan (CC BY 4.0)
MN,SF1333,Controlled substance schedules alignment with federal controlled substance schedules; pharmacy board controlled substances regulation authority modification,1,Introduced,2011-04-28,Referred to Judiciary and Public Safety,2011-04-28,87th Legislature 2011-2012,71,contextual,https://legiscan.com/MN/bill/SF1333/2011,via LegiScan (CC BY 4.0)
MN,SF1335,Schedule I controlled substance schedule additions,1,Introduced,2013-03-13,Referred to Judiciary,2013-03-13,88th Legislature 2013-2014,84,strong,https://legiscan.com/MN/bill/SF1335/2013,via LegiScan (CC BY 4.0)
MN,SF1357,Cannabis medical use federal schedule I exemption commissioner of health application requirement; marijuana and nonsynthetic THC schedule I to schedule II controlled substance reclassification,1,Introduced,2021-02-25,Author added Dibble,2021-05-17,92nd Legislature 2021-2022,83,strong,https://legiscan.com/MN/bill/SF1357/2021,via LegiScan (CC BY 4.0)
MN,SF1358,Cannabis medical use federal schedule I exemption commissioner of health application requirement; marijuana and nonsynthetic THC schedule I to schedule II controlled substance reclassification,1,Introduced,2021-02-25,Author added Tomassoni,2021-03-04,92nd Legislature 2021-2022,84,strong,https://legiscan.com/MN/bill/SF1358/2021,via LegiScan (CC BY 4.0)
MN,SF1470,Controlled substances schedules modification,1,Introduced,2019-02-18,Second reading,2020-03-02,91st Legislature 2019-2020,88,strong,https://legiscan.com/MN/bill/SF1470/2019,via LegiScan (CC BY 4.0)
MN,SF1851,Controlled substances schedules modifications,1,Introduced,2017-03-06,Referred to Judiciary and Public Safety Finance and Policy,2017-03-06,90th Legislature 2017-2018,86,strong,https://legiscan.com/MN/bill/SF1851/2017,via LegiScan (CC BY 4.0)
MN,SF1954,Psychedelic medicine task force establishment,1,Introduced,2023-02-20,Author added Kupec,2023-03-07,93rd Legislature 2023-2024,99,title,https://legiscan.com/MN/bill/SF1954/2023,via LegiScan (CC BY 4.0)
MN,SF2042,Minnesota's schedules of controlled substances modification,1,Introduced,2023-02-21,Second reading,2023-03-30,93rd Legislature 2023-2024,82,strong,https://legiscan.com/MN/bill/SF2042/2023,via LegiScan (CC BY 4.0)
MN,SF2135,Pharmacy board policy provisions modifications and clarifications; controlled substances schedules modification,1,Introduced,2014-03-03,"Joint rule 2.03, referred to Rules and Administration",2014-03-27,88th Legislature 2013-2014,57,contextual,https://legiscan.com/MN/bill/SF2135/2013,via LegiScan (CC BY 4.0)
MN,SF2198,Marijuana and nonsynthetic THC reclassification from a schedule I to a schedule II controlled substance,1,Introduced,2019-03-07,Author added Jensen,2019-04-04,91st Legislature 2019-2020,82,strong,https://legiscan.com/MN/bill/SF2198/2019,via LegiScan (CC BY 4.0)
MN,SF2216,Natural marijuana schedule I controlled substance schedule removal,1,Introduced,2015-05-16,"Referred to Health, Human Services and Housing",2015-05-16,89th Legislature 2015-2016,87,strong,https://legiscan.com/MN/bill/SF2216/2015,via LegiScan (CC BY 4.0)
MN,SF2319,Controlled substances schedules alignment with federal schedules; pharmacy board controlled substances regulation authority modifications,1,Introduced,2012-03-08,Authors added Limmer; Nelson,2012-04-03,87th Legislature 2011-2012,73,contextual,https://legiscan.com/MN/bill/SF2319/2011,via LegiScan (CC BY 4.0)
MN,SF2578,Controlled substance schedules modification; kratom criminal penalties; DWI law modification and conformance,4,Passed,2018-05-29,"Secretary of State, Filed ",2018-05-29,90th Legislature 2017-2018,83,strong,https://legiscan.com/MN/bill/SF2578/2017,via LegiScan (CC BY 4.0)
MN,SF2840,Cannabis and cannabis infused products legalization establishment; cannabis sales regulation and taxation authorization; fees and penalties establishment; crime expungement authorization; Clean Indoor Air Act modification,1,Introduced,2019-04-24,Referred to Judiciary and Public Safety Finance and Policy,2019-04-24,91st Legislature 2019-2020,66,contextual,https://legiscan.com/MN/bill/SF2840/2019,via LegiScan (CC BY 4.0)
MN,SF2975,Hemp definition clarification,1,Introduced,2022-02-10,Referred to Agriculture and Rural Development Finance and Policy,2022-02-10,92nd Legislature 2021-2022,85,strong,https://legiscan.com/MN/bill/SF2975/2021,via LegiScan (CC BY 4.0)
MN,SF3031,Controlled substances schedules modifications,1,Introduced,2016-03-21,HF substituted on General Orders HF3333,2016-05-18,89th Legislature 2015-2016,86,strong,https://legiscan.com/MN/bill/SF3031/2015,via LegiScan (CC BY 4.0)
MN,SF3252,Marijuana and tetrahydrocannabinols drug schedule modification,1,Introduced,2020-02-17,Author added Newton,2020-03-02,91st Legislature 2019-2020,85,strong,https://legiscan.com/MN/bill/SF3252/2019,via LegiScan (CC BY 4.0)
MN,SF3375,Medical use cannabis federal schedule I exemption application requirement; marijuana and nonsynthetic THC reclassification,1,Introduced,2020-02-20,Author added Abeler,2020-03-11,91st Legislature 2019-2020,84,strong,https://legiscan.com/MN/bill/SF3375/2019,via LegiScan (CC BY 4.0)
MN,SF3716,Regulation of certain products containing cannabinoids provision,1,Introduced,2022-03-03,Referred to Health and Human Services Finance and Policy,2022-03-03,92nd Legislature 2021-2022,84,strong,https://legiscan.com/MN/bill/SF3716/2021,via LegiScan (CC BY 4.0)
MN,SF3971,Psilocybin therapeutic use program establishment,1,Introduced,2026-02-26,Author added Seeberger,2026-04-20,94th Legislature 2025-2026,99,title,https://legiscan.com/MN/bill/SF3971/2025,via LegiScan (CC BY 4.0)
MN,SF4101,Nursing educational loan forgiveness program provisions modifications and appropriation,1,Introduced,2024-02-22,Referred to Health and Human Services,2024-02-22,93rd Legislature 2023-2024,90,strong,https://legiscan.com/MN/bill/SF4101/2023,via LegiScan (CC BY 4.0)
MN,SF4204,Psilocybin regulation provisions,1,Introduced,2026-03-09,Referred to Judiciary and Public Safety,2026-03-09,94th Legislature 2025-2026,99,title,https://legiscan.com/MN/bill/SF4204/2025,via LegiScan (CC BY 4.0)
MN,SF4401,Omnibus Cannabis bill,4,Passed,2026-05-26,"Secretary of State, Filed ",2026-05-26,94th Legislature 2025-2026,83,strong,https://legiscan.com/MN/bill/SF4401/2025,via LegiScan (CC BY 4.0)
MN,SF4485,Psilocybin therapeutic use program establishment,1,Introduced,2026-03-17,Referred to Health and Human Services,2026-03-17,94th Legislature 2025-2026,99,title,https://legiscan.com/MN/bill/SF4485/2025,via LegiScan (CC BY 4.0)
MN,SF5385,Health and Human Services supplemental appropriations,1,Introduced,2024-04-08,Referred to Health and Human Services,2024-04-08,93rd Legislature 2023-2024,74,contextual,https://legiscan.com/MN/bill/SF5385/2023,via LegiScan (CC BY 4.0)
MN,SF569,Salvia divinorum schedule I controlled substance schedule addition,1,Introduced,2009-02-12,Senate: Introduction and first reading,2009-02-12,86th Legislature 2009-2010,87,strong,https://legiscan.com/MN/bill/SF569/2009,via LegiScan (CC BY 4.0)
MN,SF7,Synthetic marijuana controlled substance list addition,1,Introduced,2011-01-10,Author added Sparks,2011-01-27,87th Legislature 2011-2012,87,strong,https://legiscan.com/MN/bill/SF7/2011,via LegiScan (CC BY 4.0)
MN,SF803,Omnibus judiciary and public safety appropriations bill,4,Passed,2017-05-16,Veto message laid on table,2017-05-16,90th Legislature 2017-2018,56,contextual,https://legiscan.com/MN/bill/SF803/2017,via LegiScan (CC BY 4.0)
MO,HB1051,Adds specified chemical compounds to and removes a compound from the list of synthetic cannabinoids included in Schedule I of controlled substances,2,Engrossed,2014-02-17,"Public Hearing Scheduled (S) - Monday, April 7, 2014, Upon evening recess or adjournment, Senate Lounge",2014-04-07,2014 Regular Session,73,contextual,https://legiscan.com/MO/bill/HB1051/2014,via LegiScan (CC BY 4.0)
MO,HB1154,Creates provisions relating to alternative therapies,1,Introduced,2023-02-14,Placed on the Informal Perfection Calendar (H),2023-05-05,2023 Regular Session,99,strong,https://legiscan.com/MO/bill/HB1154/2023,via LegiScan (CC BY 4.0)
MO,HB1170,Requires the Revisor of Statutes to update the list of controlled substances with any additions or deletions from the federal schedule,1,Introduced,2015-03-10,Referred: Select Committee on State and Local Governments(H),2015-04-14,2015 Regular Session,82,strong,https://legiscan.com/MO/bill/HB1170/2015,via LegiScan (CC BY 4.0)
MO,HB1176,Modifies provisions relating to investigational drugs,1,Introduced,2021-02-18,Referred: Health and Mental Health Policy(H),2021-05-14,2021 Regular Session,95,strong,https://legiscan.com/MO/bill/HB1176/2021,via LegiScan (CC BY 4.0)
MO,HB1210,"Changes the controlled substance classification of all methamphetamine precursor drugs from Schedule IV and Schedule V to Schedule III, requiring a physician's prescription",1,Introduced,2010-01-06,Public Hearing Completed (H),2010-01-27,2010 Regular Session,71,contextual,https://legiscan.com/MO/bill/HB1210/2010,via LegiScan (CC BY 4.0)
MO,HB1331,"Changes the controlled substance classification of all methamphetamine precursor drugs from Schedule IV and Schedule V to Schedule III, requiring a physician's prescription",1,Introduced,2010-01-06,Referred: Crime Prevention (H),2010-05-14,2010 Regular Session,71,contextual,https://legiscan.com/MO/bill/HB1331/2010,via LegiScan (CC BY 4.0)
MO,HB1367,Adds mifepristone to the list of Schedule IV controlled substances and establishes the offense of coerced criminal abortion by means of fraud,1,Introduced,2025-02-19,Referred: Emerging Issues(H),2025-05-15,2025 Regular Session,80,strong,https://legiscan.com/MO/bill/HB1367/2025,via LegiScan (CC BY 4.0)
MO,HB1421,Changes the laws regarding the classification of marijuana as a controlled substance and allows its use for medicinal purposes under certain conditions,1,Introduced,2012-01-19,Referred: Crime Prevention and Public Safety (H),2012-03-21,2012 Regular Session,66,contextual,https://legiscan.com/MO/bill/HB1421/2012,via LegiScan (CC BY 4.0)
MO,HB1472,Changes the laws regarding the designation of controlled substances,4,Passed,2010-07-06,Delivered to Secretary of State (G),2010-07-06,2010 Regular Session,76,strong,https://legiscan.com/MO/bill/HB1472/2010,via LegiScan (CC BY 4.0)
MO,HB1539,Expands the list of Schedule II controlled substances to include several nitrites,1,Introduced,2010-01-06,Referred: Crime Prevention (H),2010-05-14,2010 Regular Session,72,contextual,https://legiscan.com/MO/bill/HB1539/2010,via LegiScan (CC BY 4.0)
MO,HB1614,Adds certain 7-OH products to the list of Schedule I controlled substances,1,Introduced,2026-01-07,Action Postponed (H),2026-03-11,2026 Regular Session,80,strong,https://legiscan.com/MO/bill/HB1614/2026,via LegiScan (CC BY 4.0)
MO,HB1643,"Modifies provisions relating to alternative therapies and treatments, including psilocybin",1,Introduced,2026-01-07,HCS Reported Do Pass (H) - AYES: 7 NOES: 2 PRESENT: 2,2026-02-26,2026 Regular Session,98,title,https://legiscan.com/MO/bill/HB1643/2026,via LegiScan (CC BY 4.0)
MO,HB1659,Changes the laws regarding marijuana,1,Introduced,2014-01-29,Public Hearing Completed (H),2014-03-10,2014 Regular Session,53,contextual,https://legiscan.com/MO/bill/HB1659/2014,via LegiScan (CC BY 4.0)
MO,HB1670,Changes the laws regarding the classification of marijuana as a controlled substance and allows the use of marijuana for medicinal purposes under certain conditions,1,Introduced,2010-01-14,Referred: Health Care Policy (H),2010-05-14,2010 Regular Session,68,contextual,https://legiscan.com/MO/bill/HB1670/2010,via LegiScan (CC BY 4.0)
MO,HB170,"Allows those licensed by the Department of Agriculture to grow, harvest, and cultivate industrial hemp",2,Engrossed,2017-04-10,Executive Session Held (S) - Voted do pass,2017-04-24,2017 Regular Session,79,strong,https://legiscan.com/MO/bill/HB170/2017,via LegiScan (CC BY 4.0)
MO,HB1713,Modifies provisions relating to income tax deductions for enlistment bonuses paid to members of the armed forces,2,Engrossed,2024-03-11,Voted Do Pass (S),2024-05-09,2024 Regular Session,98,strong,https://legiscan.com/MO/bill/HB1713/2024,via LegiScan (CC BY 4.0)
MO,HB1717,"Modifies provisions relating to alternative therapies and treatments, including psilocybin",2,Engrossed,2026-04-07,Placed on Informal Calendar,2026-05-07,2026 Regular Session,99,title,https://legiscan.com/MO/bill/HB1717/2026,via LegiScan (CC BY 4.0)
MO,HB1830,Creates provisions relating to alternative therapies,1,Introduced,2024-01-03,Dropped from Calendar - Pursuant to House Rules (H),2024-05-16,2024 Regular Session,99,strong,https://legiscan.com/MO/bill/HB1830/2024,via LegiScan (CC BY 4.0)
MO,HB1881,Adds xylazine to the list of Schedule III controlled substances,1,Introduced,2026-01-07,Dropped from Calendar - Pursuant to House Rules (H),2026-05-13,2026 Regular Session,83,strong,https://legiscan.com/MO/bill/HB1881/2026,via LegiScan (CC BY 4.0)
MO,HB1896,Adds provisions relating medical marijuana and other controlled substances.,4,Passed,2020-07-13,Delivered to Secretary of State (G),2020-07-13,2020 Regular Session,76,strong,https://legiscan.com/MO/bill/HB1896/2020,via LegiScan (CC BY 4.0)
MO,HB1952,Establishes the Meth Lab Elimination Act which reclassifies some forms of methamphetamine precursor drugs from Schedule IV and V controlled substances to Schedule III requiring a prescription,1,Introduced,2012-03-20,Public Hearing Completed (H),2012-03-28,2012 Regular Session,70,contextual,https://legiscan.com/MO/bill/HB1952/2012,via LegiScan (CC BY 4.0)
MO,HB1973,Allows those licensed by the Department of Agriculture to grow and handle industrial hemp,1,Introduced,2016-01-06,HCS Reported Do Pass (H) - AYES: 8 NOES: 1 PRESENT: 0,2016-03-09,2016 Regular Session,82,strong,https://legiscan.com/MO/bill/HB1973/2016,via LegiScan (CC BY 4.0)
MO,HB2,Modifies and establishes provisions relating to marijuana,1,Introduced,2022-09-14,Referred: Public Safety(H),2022-10-04,2022 1st Extraordinary Session,60,contextual,https://legiscan.com/MO/bill/HB2/2022/X1,via LegiScan (CC BY 4.0)
MO,HB2034,Modifies provisions relating to industrial hemp,4,Passed,2018-06-01,Delivered to Secretary of State (G),2018-06-01,2018 Regular Session,80,strong,https://legiscan.com/MO/bill/HB2034/2018,via LegiScan (CC BY 4.0)
MO,HB2038,"Allows those licensed by the Department of Agriculture to grow, harvest, and cultivate industrial hemp",2,Engrossed,2016-04-11,Placed on Informal Calendar,2016-05-04,2016 Regular Session,82,strong,https://legiscan.com/MO/bill/HB2038/2016,via LegiScan (CC BY 4.0)
MO,HB2050,Changes the laws regarding the designation of controlled substances,1,Introduced,2010-02-04,Referred: Public Safety (H),2010-05-14,2010 Regular Session,72,contextual,https://legiscan.com/MO/bill/HB2050/2010,via LegiScan (CC BY 4.0)
MO,HB2054,Exempts industrial hemp from the list of controlled substances and specifies that it is legal for anyone who has not been convicted of a drug-related crime to cultivate hemp,1,Introduced,2014-02-27,Referred: Rules(H),2014-04-23,2014 Regular Session,67,contextual,https://legiscan.com/MO/bill/HB2054/2014,via LegiScan (CC BY 4.0)
MO,HB2160,Adds mifepristone to the list of Schedule IV controlled substances and establishes the offense of coerced criminal abortion by means of fraud,1,Introduced,2026-01-07,Referred: Emerging Issues(H),2026-05-15,2026 Regular Session,80,strong,https://legiscan.com/MO/bill/HB2160/2026,via LegiScan (CC BY 4.0)
MO,HB2213,Adds tianeptine to the list of Schedule I controlled substances,1,Introduced,2024-01-03,Referred: General Laws(H),2024-05-17,2024 Regular Session,80,strong,https://legiscan.com/MO/bill/HB2213/2024,via LegiScan (CC BY 4.0)
MO,HB240,"Establishes the ""Joint Committee on Substance Abuse Prevention and Treatment.""",2,Engrossed,2019-03-25,Reported Do Pass (S),2019-05-09,2019 Regular Session,65,contextual,https://legiscan.com/MO/bill/HB240/2019,via LegiScan (CC BY 4.0)
MO,HB2429,Modifies provisions relating to investigational drugs,1,Introduced,2022-01-12,Referred: Health and Mental Health Policy(H),2022-03-24,2022 Regular Session,95,strong,https://legiscan.com/MO/bill/HB2429/2022,via LegiScan (CC BY 4.0)
MO,HB2469,Modifies provisions relating to the offense of possession of a controlled substance,1,Introduced,2022-01-18,Referred: Crime Prevention(H),2022-05-13,2022 Regular Session,95,strong,https://legiscan.com/MO/bill/HB2469/2022,via LegiScan (CC BY 4.0)
MO,HB2489,Changes the laws regarding controlled substances by removing marijuana's classification as a controlled substance,1,Introduced,2018-02-15,Referred: General Laws(H),2018-05-18,2018 Regular Session,75,strong,https://legiscan.com/MO/bill/HB2489/2018,via LegiScan (CC BY 4.0)
MO,HB2514,Modifies provisions relating to industrial hemp,1,Introduced,2018-02-20,Referred: Agriculture Policy(H),2018-05-18,2018 Regular Session,75,strong,https://legiscan.com/MO/bill/HB2514/2018,via LegiScan (CC BY 4.0)
MO,HB2704,Modifies and establishes provisions relating to marijuana,1,Introduced,2022-02-15,Placed on the Informal Perfection Calendar (H),2022-05-09,2022 Regular Session,62,contextual,https://legiscan.com/MO/bill/HB2704/2022,via LegiScan (CC BY 4.0)
MO,HB2733,Establishes provisions legalizing cannabis for persons twenty-one years of age or older,1,Introduced,2022-02-22,Referred: Special Committee on Government Oversight(H),2022-05-13,2022 Regular Session,71,contextual,https://legiscan.com/MO/bill/HB2733/2022,via LegiScan (CC BY 4.0)
MO,HB2749,Adds xylazine to the list of Schedule III controlled substances,1,Introduced,2024-02-20,Referred: General Laws(H),2024-05-17,2024 Regular Session,80,strong,https://legiscan.com/MO/bill/HB2749/2024,via LegiScan (CC BY 4.0)
MO,HB2817,Creates provisions relating to ibogaine treatment,1,Introduced,2026-01-07,Placed Back on Formal Perfection Calendar (H),2026-05-07,2026 Regular Session,99,title,https://legiscan.com/MO/bill/HB2817/2026,via LegiScan (CC BY 4.0)
MO,HB2828,Adds certain psychoactive substances to the list of Schedule I controlled substances and modifies the offenses of possession of a controlled substance and delivery of a controlled substance,1,Introduced,2026-01-07,HCS Reported Do Pass (H) - AYES: 12 NOES: 0 PRESENT: 0,2026-03-16,2026 Regular Session,83,strong,https://legiscan.com/MO/bill/HB2828/2026,via LegiScan (CC BY 4.0)
MO,HB2850,Creates provisions relating to natural medicine,1,Introduced,2022-03-01,Public Hearing Completed (H),2022-03-28,2022 Regular Session,93,title,https://legiscan.com/MO/bill/HB2850/2022,via LegiScan (CC BY 4.0)
MO,HB2961,Creates provisions relating to ibogaine treatment,1,Introduced,2026-01-13,HCS Reported Do Pass (H) - AYES: 8 NOES: 1 PRESENT: 2,2026-02-26,2026 Regular Session,99,title,https://legiscan.com/MO/bill/HB2961/2026,via LegiScan (CC BY 4.0)
MO,HB3068,Modifies and establishes provisions relating to public safety,2,Engrossed,2026-04-22,SCS Voted Do Pass (S),2026-05-07,2026 Regular Session,92,strong,https://legiscan.com/MO/bill/HB3068/2026,via LegiScan (CC BY 4.0)
MO,HB3206,"Modifies provisions related to the regulation of certain tobacco products, alternative nicotine products, and vapor products",1,Introduced,2026-02-04,Referred: Emerging Issues(H),2026-05-15,2026 Regular Session,79,strong,https://legiscan.com/MO/bill/HB3206/2026,via LegiScan (CC BY 4.0)
MO,HB365,Changes the controlled substance classification of all methamphetamine precursor drugs from Schedule IV and Schedule V to Schedule III that requires a physician's prescription,1,Introduced,2013-01-30,Referred: Crime Prevention and Public Safety(H),2013-05-17,2013 Regular Session,70,contextual,https://legiscan.com/MO/bill/HB365/2013,via LegiScan (CC BY 4.0)
MO,HB551,Adds bath salts to the list of Schedule I controlled substances,1,Introduced,2011-02-17,Referred: General Laws (H),2011-03-03,2011 Regular Session,72,contextual,https://legiscan.com/MO/bill/HB551/2011,via LegiScan (CC BY 4.0)
MO,HB572,Adds bath salts to the list of Schedule I controlled substances,1,Introduced,2011-02-17,Referred: General Laws (H),2011-03-16,2011 Regular Session,72,contextual,https://legiscan.com/MO/bill/HB572/2011,via LegiScan (CC BY 4.0)
MO,HB620,Changes the laws regarding controlled substances as they relate to industrial hemp,1,Introduced,2011-02-22,Referred: General Laws (H),2011-04-12,2011 Regular Session,66,contextual,https://legiscan.com/MO/bill/HB620/2011,via LegiScan (CC BY 4.0)
MO,HB641,Changes the laws regarding controlled substances,4,Passed,2011-07-14,Delivered to Secretary of State (G),2011-07-14,2011 Regular Session,69,contextual,https://legiscan.com/MO/bill/HB641/2011,via LegiScan (CC BY 4.0)
MO,HB658,Reclassifies some forms of methamphetamine precursor drugs from Schedule IV and V controlled substances to Schedule III requiring a prescription to be known as the Meth Lab Elimination Act,2,Engrossed,2011-05-09,Public Hearing Scheduled (S),2011-05-11,2011 Regular Session,73,contextual,https://legiscan.com/MO/bill/HB658/2011,via LegiScan (CC BY 4.0)
MO,HB688,Changes the laws regarding the classification of marijuana as a controlled substance and allows its use for medicinal purposes under certain conditions,1,Introduced,2013-02-25,Referred: Crime Prevention and Public Safety(H),2013-05-17,2013 Regular Session,66,contextual,https://legiscan.com/MO/bill/HB688/2013,via LegiScan (CC BY 4.0)
MO,HB698,Changes the laws regarding the classification of marijuana as a controlled substance and allows its use for medicinal purposes under certain conditions,1,Introduced,2011-02-28,Referred: Crime Prevention and Public Safety (H),2011-03-03,2011 Regular Session,67,contextual,https://legiscan.com/MO/bill/HB698/2011,via LegiScan (CC BY 4.0)
MO,HB701,Exempts industrial hemp from the list of controlled substances and specifies that it is legal for anyone who has not been convicted of a drug-related crime to cultivate hemp,1,Introduced,2015-01-27,Referred: Emerging Issues(H),2015-02-10,2015 Regular Session,80,strong,https://legiscan.com/MO/bill/HB701/2015,via LegiScan (CC BY 4.0)
MO,HB791,Modifies provisions relating to the offense of possession of a controlled substance,1,Introduced,2021-01-12,Referred: Judiciary(H),2021-05-14,2021 Regular Session,93,strong,https://legiscan.com/MO/bill/HB791/2021,via LegiScan (CC BY 4.0)
MO,HB812,Adds specified chemical compounds to the list of synthetic cannabinoids included in Schedule I of controlled substances,1,Introduced,2013-03-07,Public Hearing Completed (H),2013-04-23,2013 Regular Session,70,contextual,https://legiscan.com/MO/bill/HB812/2013,via LegiScan (CC BY 4.0)
MO,HB829,"Modifies provisions relating to alternative therapies and treatments, including psilocybin",1,Introduced,2025-01-09,Dropped from Calendar - Pursuant to House Rules (H),2025-05-06,2025 Regular Session,99,title,https://legiscan.com/MO/bill/HB829/2025,via LegiScan (CC BY 4.0)
MO,HB83,Allows those licensed by the Department of Agriculture to grow and handle industrial hemp,1,Introduced,2017-01-04,"Public Hearing Scheduled, Bill not Heard (H)",2017-01-31,2017 Regular Session,76,strong,https://legiscan.com/MO/bill/HB83/2017,via LegiScan (CC BY 4.0)
MO,HB830,Allows those licensed by the Department of Agriculture to grow and handle industrial hemp and creates the crime of unlicensed industrial hemp production,2,Engrossed,2015-04-23,Placed on Informal Calendar,2015-05-05,2015 Regular Session,82,strong,https://legiscan.com/MO/bill/HB830/2015,via LegiScan (CC BY 4.0)
MO,HB869,Creates provisions relating to natural medicine,1,Introduced,2023-01-18,Action Postponed (H),2023-03-07,2023 Regular Session,93,title,https://legiscan.com/MO/bill/HB869/2023,via LegiScan (CC BY 4.0)
MO,HB930,Allows the use of medical marijuana for specified medical conditions and requires it to be taxed at 8% of the purchase price,1,Introduced,2015-02-12,Public Hearing Completed (H),2015-04-08,2015 Regular Session,78,strong,https://legiscan.com/MO/bill/HB930/2015,via LegiScan (CC BY 4.0)
MO,HB951,"Modifies provisions relating to alternative therapies and treatments, including psilocybin",1,Introduced,2025-01-21,Referred: Emerging Issues(H),2025-05-15,2025 Regular Session,98,title,https://legiscan.com/MO/bill/HB951/2025,via LegiScan (CC BY 4.0)
MO,HB991,Establishes the Meth Lab Elimination Act which reclassifies some forms of methamphetamine precursor drugs from schedule IV and V controlled substances to schedule III requiring a prescription,1,Introduced,2013-04-02,Public Hearing Completed (H),2013-04-16,2013 Regular Session,70,contextual,https://legiscan.com/MO/bill/HB991/2013,via LegiScan (CC BY 4.0)
MO,SB1165,Modifies provisions relating to marijuana,1,Introduced,2024-01-03,Second Read and Referred S Judiciary and Civil and Criminal Jurisprudence Committee,2024-01-25,2024 Regular Session,80,strong,https://legiscan.com/MO/bill/SB1165/2024,via LegiScan (CC BY 4.0)
MO,SB120,Allows those licensed by the Department of Agriculture to grow and handle industrial hemp,1,Introduced,2017-01-04,"Second Read and Referred S Agriculture, Food Production and Outdoor Resources Committee",2017-01-10,2017 Regular Session,76,strong,https://legiscan.com/MO/bill/SB120/2017,via LegiScan (CC BY 4.0)
MO,SB1581,"Establishes the ""Veterans Mental Health Innovation Act"" relating to ibogaine treatment",1,Introduced,2026-01-20,Voted Do Pass S Veterans and Military Affairs Committee,2026-04-01,2026 Regular Session,99,title,https://legiscan.com/MO/bill/SB1581/2026,via LegiScan (CC BY 4.0)
MO,SB1605,Makes 7-hydroxymitragynine in certain amounts a Schedule I controlled substance,1,Introduced,2026-01-29,Informal Calendar S Bills for Perfection,2026-05-15,2026 Regular Session,80,strong,https://legiscan.com/MO/bill/SB1605/2026,via LegiScan (CC BY 4.0)
MO,SB1682,"Modifies provisions relating to alternative therapies and treatments, including psilocybin",1,Introduced,2026-02-19,Second Read and Referred S Emerging Issues and Professional Registration Committee,2026-04-16,2026 Regular Session,99,title,https://legiscan.com/MO/bill/SB1682/2026,via LegiScan (CC BY 4.0)
MO,SB1724,Makes xylazine a Schedule III controlled substance,1,Introduced,2026-02-25,Second Read and Referred S Judiciary and Civil and Criminal Jurisprudence Committee,2026-05-07,2026 Regular Session,80,strong,https://legiscan.com/MO/bill/SB1724/2026,via LegiScan (CC BY 4.0)
MO,SB1767,"Modifies provisions relating to alternative therapies and treatments, including psilocybin",1,Introduced,2026-02-26,Second Read and Referred S Emerging Issues and Professional Registration Committee,2026-05-07,2026 Regular Session,99,title,https://legiscan.com/MO/bill/SB1767/2026,via LegiScan (CC BY 4.0)
MO,SB255,Allows those licensed by the Department of Agriculture to grow and handle industrial hemp,1,Introduced,2015-01-15,"SCS Voted Do Pass S Agriculture, Food Production and Outdoor Resources Committee (1398S.07C)",2015-04-01,2015 Regular Session,80,strong,https://legiscan.com/MO/bill/SB255/2015,via LegiScan (CC BY 4.0)
MO,SB333,Authorizes certain fire protection districts and municipalities to propose a 0.5% sales tax for fire protection,4,Passed,2019-07-09,Signed by Governor,2019-07-09,2019 Regular Session,57,contextual,https://legiscan.com/MO/bill/SB333/2019,via LegiScan (CC BY 4.0)
MO,SB354,Adds bath salts to the list of schedule I controlled substances,1,Introduced,2011-02-28,Second Read and Referred S Judiciary and Civil and Criminal Jurisprudence Committee,2011-03-03,2011 Regular Session,83,strong,https://legiscan.com/MO/bill/SB354/2011,via LegiScan (CC BY 4.0)
MO,SB358,Exempts industrial hemp from the list of controlled substances and specifies that it is legal for anyone who has not been convicted of a drug-related crime to cultivate such hemp,1,Introduced,2013-02-20,Hearing Conducted S General Laws Committee,2013-03-26,2013 Regular Session,78,strong,https://legiscan.com/MO/bill/SB358/2013,via LegiScan (CC BY 4.0)
MO,SB363,Modifies provisions relating to public safety,1,Introduced,2019-02-07,H Informal Calendar Senate Bills for Third Reading,2019-05-17,2019 Regular Session,51,contextual,https://legiscan.com/MO/bill/SB363/2019,via LegiScan (CC BY 4.0)
MO,SB516,Makes a technical change to the law relating to controlled substance schedules,1,Introduced,2017-03-01,Second Read and Referred S Health and Pensions Committee,2017-03-09,2017 Regular Session,83,strong,https://legiscan.com/MO/bill/SB516/2017,via LegiScan (CC BY 4.0)
MO,SB523,Modifies several provisions relating to public safety,1,Introduced,2020-01-08,H Informal Calendar Senate Bills for Third Reading w/HCS,2020-05-15,2020 Regular Session,72,contextual,https://legiscan.com/MO/bill/SB523/2020,via LegiScan (CC BY 4.0)
MO,SB547,Modifies provisions relating to industrial hemp,1,Introduced,1969-12-31,"SCS Voted Do Pass S Agriculture, Food Production and Outdoor Resources Committee (5165S.02C)",2018-01-24,2018 Regular Session,79,strong,https://legiscan.com/MO/bill/SB547/2018,via LegiScan (CC BY 4.0)
MO,SB584,Allows those licensed by the Department of Agriculture to grow and handle industrial hemp,1,Introduced,2016-01-06,"SCS Voted Do Pass S Agriculture, Food Production and Outdoor Resources Committee (4164S.02C)",2016-03-16,2016 Regular Session,80,strong,https://legiscan.com/MO/bill/SB584/2016,via LegiScan (CC BY 4.0)
MO,SB6,"Modifies provisions relating to controlled substances, including the Schedules, medical marijuana, and criminal provisions involving controlled substances",1,Introduced,2019-01-09,H Informal Calendar Senate Bills for Third Reading,2019-05-17,2019 Regular Session,76,strong,https://legiscan.com/MO/bill/SB6/2019,via LegiScan (CC BY 4.0)
MO,SB614,Requires the Department of Health and Senior Services to conduct a clinical trial of alternative therapies,1,Introduced,2023-02-09,Second Read and Referred S Health and Welfare Committee,2023-04-03,2023 Regular Session,96,strong,https://legiscan.com/MO/bill/SB614/2023,via LegiScan (CC BY 4.0)
MO,SB655,"Changes the scheduling of Ephedrine, Pseudoephedrine, and Phenylpropanolamine to be Schedule III controlled substances",1,Introduced,2010-01-06,Second Read and Referred S Judiciary and Civil and Criminal Jurisprudence Committee,2010-01-13,2010 Regular Session,82,strong,https://legiscan.com/MO/bill/SB655/2010,via LegiScan (CC BY 4.0)
MO,SB763,Adds provisions relating to abortifacient drugs,1,Introduced,2025-02-25,"Second Read and Referred S Families, Seniors and Health Committee",2025-03-27,2025 Regular Session,80,strong,https://legiscan.com/MO/bill/SB763/2025,via LegiScan (CC BY 4.0)
MO,SB765,Makes kratom a Schedule I controlled substance,1,Introduced,2020-01-08,Second Read and Referred S Judiciary and Civil and Criminal Jurisprudence Committee,2020-02-13,2020 Regular Session,83,strong,https://legiscan.com/MO/bill/SB765/2020,via LegiScan (CC BY 4.0)
MO,SB768,"Modifies provisions relating to alternative therapies and treatments, including psilocybin",1,Introduced,2024-01-03,Formal Calendar S Bills for Perfection,2024-05-17,2024 Regular Session,99,title,https://legiscan.com/MO/bill/SB768/2024,via LegiScan (CC BY 4.0)
MO,SB887,"Modifies provisions relating to political subdivisions, controlled substances, law enforcement agencies, taxes, tax credits, waste management and crimes",1,Introduced,2010-02-03,Referred to Rules Committee pursuant to Rule 25(32)(f),2010-04-28,2010 Regular Session,71,contextual,https://legiscan.com/MO/bill/SB887/2010,via LegiScan (CC BY 4.0)
MO,SB9,Allows those licensed by the Department of Agriculture to grow and handle industrial hemp,1,Introduced,2017-01-04,"Hearing Conducted S Agriculture, Food Production and Outdoor Resources Committee",2017-01-30,2017 Regular Session,76,strong,https://legiscan.com/MO/bill/SB9/2017,via LegiScan (CC BY 4.0)
MO,SB90,"Modifies provisions relating to alternative therapies and treatments, including psilocybin",1,Introduced,2025-01-08,"SCS Voted Do Pass S Families, Seniors and Health Committee (1343S.02C)",2025-03-12,2025 Regular Session,99,title,https://legiscan.com/MO/bill/SB90/2025,via LegiScan (CC BY 4.0)
MO,SB951,Allows medical marijuana for medical use and provides that it shall be taxed at 8 percent of the purchase price,1,Introduced,2014-02-26,SCS Voted Do Pass S General Laws Committee (4158S.05C),2014-04-22,2014 Regular Session,74,contextual,https://legiscan.com/MO/bill/SB951/2014,via LegiScan (CC BY 4.0)
MO,SB953,Modifies provisions relating to the schedules of controlled substances and hemp extract,1,Introduced,1969-12-31,"Reported from S Seniors, Families and Children Committee w/SCS",2018-02-22,2018 Regular Session,84,strong,https://legiscan.com/MO/bill/SB953/2018,via LegiScan (CC BY 4.0)
MS,HB1,Controlled substances; include synthetic cannabinoids.,6,Failed,2010-08-27,Died In Committee,2010-08-27,2010 Second Extraordinary Session,89,strong,https://legiscan.com/MS/bill/HB1/2010/X2,via LegiScan (CC BY 4.0)
MS,HB1031,"Drug Schedules I, II and III; revise.",6,Failed,2017-02-28,Died In Committee,2017-02-28,2017 Regular Session,74,contextual,https://legiscan.com/MS/bill/HB1031/2017,via LegiScan (CC BY 4.0)
MS,HB1034,Uniform Controlled Substances Act; revise schedules.,4,Passed,2021-03-17,Approved by Governor,2021-03-17,2021 Regular Session,76,strong,https://legiscan.com/MS/bill/HB1034/2021,via LegiScan (CC BY 4.0)
MS,HB1071,Uniform Controlled Substances Act; revise schedules.,4,Passed,2023-03-22,Approved by Governor,2023-03-22,2023 Regular Session,79,strong,https://legiscan.com/MS/bill/HB1071/2023,via LegiScan (CC BY 4.0)
MS,HB1086,Tianeptine; add to list of Schedule I controlled substances.,6,Failed,2023-01-31,Died In Committee,2023-01-31,2023 Regular Session,79,strong,https://legiscan.com/MS/bill/HB1086/2023,via LegiScan (CC BY 4.0)
MS,HB1089,"Marijuana; conform possession, possession in a motor vehicle and possession of paraphernalia.",6,Failed,2013-02-05,Died In Committee,2013-02-05,2013 Regular Session,85,strong,https://legiscan.com/MS/bill/HB1089/2013,via LegiScan (CC BY 4.0)
MS,HB1105,"Controlled substances; felony to bring into state, county or municipal facility.",6,Failed,2013-02-05,Died In Committee,2013-02-05,2013 Regular Session,85,strong,https://legiscan.com/MS/bill/HB1105/2013,via LegiScan (CC BY 4.0)
MS,HB1142,Hemp-derived CBD oil; exclude from schedule I controlled substances list.,6,Failed,2019-02-05,Died In Committee,2019-02-05,2019 Regular Session,82,strong,https://legiscan.com/MS/bill/HB1142/2019,via LegiScan (CC BY 4.0)
MS,HB1162,Uniform Control Substance Act; revise schedule to add certain substances.,6,Failed,2020-06-09,Died In Committee,2020-06-09,2020 Regular Session,78,strong,https://legiscan.com/MS/bill/HB1162/2020,via LegiScan (CC BY 4.0)
MS,HB1168,"Controlled substances; bring forward Schedules I, II, II, IV and V.",6,Failed,2019-02-05,Died In Committee,2019-02-05,2019 Regular Session,72,contextual,https://legiscan.com/MS/bill/HB1168/2019,via LegiScan (CC BY 4.0)
MS,HB1201,Industrial hemp; legalize and regulate for certain purposes.,6,Failed,2014-02-04,Died In Committee,2014-02-04,2014 Regular Session,81,strong,https://legiscan.com/MS/bill/HB1201/2014,via LegiScan (CC BY 4.0)
MS,HB1208,"""Mississippi Hemp Cultivation Act""; enact to provide for regulation of hemp.",6,Failed,2020-06-09,Died In Committee,2020-06-09,2020 Regular Session,73,contextual,https://legiscan.com/MS/bill/HB1208/2020,via LegiScan (CC BY 4.0)
MS,HB1210,Industrial hemp; legalize and regulate for certain purposes.,6,Failed,2020-03-03,Died In Committee,2020-03-03,2020 Regular Session,78,strong,https://legiscan.com/MS/bill/HB1210/2020,via LegiScan (CC BY 4.0)
MS,HB1231,Controlled substance law; add certain drugs to Schedules I & IV.,4,Passed,2014-04-17,Approved by Governor,2014-04-17,2014 Regular Session,84,strong,https://legiscan.com/MS/bill/HB1231/2014,via LegiScan (CC BY 4.0)
MS,HB1267,Industrial hemp; legalize and regulate for certain purposes.,6,Failed,2019-02-05,Died In Committee,2019-02-05,2019 Regular Session,79,strong,https://legiscan.com/MS/bill/HB1267/2019,via LegiScan (CC BY 4.0)
MS,HB1284,Kratom; include in list of Schedule I controlled substances list.,6,Failed,2020-03-03,Died In Committee,2020-03-03,2020 Regular Session,81,strong,https://legiscan.com/MS/bill/HB1284/2020,via LegiScan (CC BY 4.0)
MS,HB1287,Kratom; include in Schedule I controlled substances list.,6,Failed,2020-03-03,Died In Committee,2020-03-03,2020 Regular Session,81,strong,https://legiscan.com/MS/bill/HB1287/2020,via LegiScan (CC BY 4.0)
MS,HB1312,Industrial hemp; legalize and regulate for certain purposes.,6,Failed,2018-01-30,Died In Committee,2018-01-30,2018 Regular Session,79,strong,https://legiscan.com/MS/bill/HB1312/2018,via LegiScan (CC BY 4.0)
MS,HB1332,Controlled substances laws; made additions and revised schedules.,6,Failed,2015-02-03,Died In Committee,2015-02-03,2015 Regular Session,72,contextual,https://legiscan.com/MS/bill/HB1332/2015,via LegiScan (CC BY 4.0)
MS,HB1358,Industrial hemp; legalize and regulate for certain purposes.,6,Failed,2016-02-23,Died In Committee,2016-02-23,2016 Regular Session,80,strong,https://legiscan.com/MS/bill/HB1358/2016,via LegiScan (CC BY 4.0)
MS,HB1359,Industrial hemp; legalize and regulate for certain purposes.,6,Failed,2016-02-23,Died In Committee,2016-02-23,2016 Regular Session,79,strong,https://legiscan.com/MS/bill/HB1359/2016,via LegiScan (CC BY 4.0)
MS,HB1369,"Controlled substances; revise Schedules I,II,III and IV.",4,Passed,2016-04-07,Approved by Governor,2016-04-07,2016 Regular Session,75,strong,https://legiscan.com/MS/bill/HB1369/2016,via LegiScan (CC BY 4.0)
MS,HB1467,Uniform Controlled Substances Act; revise schedules.,6,Failed,2024-03-05,Died In Committee,2024-03-05,2024 Regular Session,73,contextual,https://legiscan.com/MS/bill/HB1467/2024,via LegiScan (CC BY 4.0)
MS,HB1521,Industrial hemp; legalize and regulate for certain purposes.,6,Failed,2019-02-05,Died In Committee,2019-02-05,2019 Regular Session,79,strong,https://legiscan.com/MS/bill/HB1521/2019,via LegiScan (CC BY 4.0)
MS,HB1547,"Controlled substances; revise Schedules I, II, and V.",4,Passed,2019-04-16,Approved by Governor,2019-04-16,2019 Regular Session,81,strong,https://legiscan.com/MS/bill/HB1547/2019,via LegiScan (CC BY 4.0)
MS,HB1590,Mississippi Uniform Controlled Substance Analog Act; create.,6,Failed,2026-02-03,Died In Committee,2026-02-03,2026 Regular Session,68,contextual,https://legiscan.com/MS/bill/HB1590/2026,via LegiScan (CC BY 4.0)
MS,HB1608,Uniform Controlled Substances Act; include 16 substances in Schedule I.,6,Failed,2025-02-04,Died In Committee,2025-02-04,2025 Regular Session,76,strong,https://legiscan.com/MS/bill/HB1608/2025,via LegiScan (CC BY 4.0)
MS,HB1685,Uniform Controlled Substances Act; revise schedules.,4,Passed,2024-04-20,Approved by Governor,2024-04-20,2024 Regular Session,76,strong,https://legiscan.com/MS/bill/HB1685/2024,via LegiScan (CC BY 4.0)
MS,HB170,"Marijuana; conform possession, possession in a motor vehicle.",6,Failed,2012-03-06,Died In Committee,2012-03-06,2012 Regular Session,85,strong,https://legiscan.com/MS/bill/HB170/2012,via LegiScan (CC BY 4.0)
MS,HB180,Industrial hemp; legalize and regulate for certain purposes.,6,Failed,2017-01-31,Died In Committee,2017-01-31,2017 Regular Session,79,strong,https://legiscan.com/MS/bill/HB180/2017,via LegiScan (CC BY 4.0)
MS,HB238,Drug or alcohol overdose; immunity for reporting and when seeking health care treatment for.,6,Failed,2013-02-05,Died In Committee,2013-02-05,2013 Regular Session,82,strong,https://legiscan.com/MS/bill/HB238/2013,via LegiScan (CC BY 4.0)
MS,HB241,Controlled substances; include derivatives of synthetic cannabinoids.,6,Failed,2015-02-03,Died In Committee,2015-02-03,2015 Regular Session,83,strong,https://legiscan.com/MS/bill/HB241/2015,via LegiScan (CC BY 4.0)
MS,HB279,Marijuana; correctly spell in Uniform Controlled Substances Law.,6,Failed,2015-02-03,Died In Committee,2015-02-03,2015 Regular Session,76,strong,https://legiscan.com/MS/bill/HB279/2015,via LegiScan (CC BY 4.0)
MS,HB284,"Controlled substances; felony to bring into state, county or municipal facility.",6,Failed,2010-02-02,Died In Committee,2010-02-02,2010 Regular Session,85,strong,https://legiscan.com/MS/bill/HB284/2010,via LegiScan (CC BY 4.0)
MS,HB292,Drug or alcohol overdose; immunity for reporting and when seeking health care treatment for.,6,Failed,2014-02-04,Died In Committee,2014-02-04,2014 Regular Session,82,strong,https://legiscan.com/MS/bill/HB292/2014,via LegiScan (CC BY 4.0)
MS,HB310,"Marijuana; conform possession, possession in a motor vehicle.",6,Failed,2011-02-01,Died In Committee,2011-02-01,2011 Regular Session,85,strong,https://legiscan.com/MS/bill/HB310/2011,via LegiScan (CC BY 4.0)
MS,HB310,"Controlled substances; felony to bring into state, county or municipal facility.",6,Failed,2014-02-13,Died On Calendar,2014-02-13,2014 Regular Session,85,strong,https://legiscan.com/MS/bill/HB310/2014,via LegiScan (CC BY 4.0)
MS,HB314,"Ibogaine; authorize SDH to select a consortium to conduct a drug development clinical trial with, to secure FDA's approval of.",4,Passed,2026-03-26,Approved by Governor,2026-03-26,2026 Regular Session,99,title,https://legiscan.com/MS/bill/HB314/2026,via LegiScan (CC BY 4.0)
MS,HB320,Hemp-derived CBD oil; exclude from schedule I controlled substances list.,6,Failed,2020-03-03,Died In Committee,2020-03-03,2020 Regular Session,81,strong,https://legiscan.com/MS/bill/HB320/2020,via LegiScan (CC BY 4.0)
MS,HB364,Kratom and Tianeptine; include in Schedule I controlled substances list.,6,Failed,2023-01-31,Died In Committee,2023-01-31,2023 Regular Session,79,strong,https://legiscan.com/MS/bill/HB364/2023,via LegiScan (CC BY 4.0)
MS,HB390,Industrial hemp; legalize and regulate for certain purposes.,6,Failed,2018-01-30,Died In Committee,2018-01-30,2018 Regular Session,78,strong,https://legiscan.com/MS/bill/HB390/2018,via LegiScan (CC BY 4.0)
MS,HB4,Controlled substances; include synthetic cannabinoids.,6,Failed,2010-08-27,Died In Committee,2010-08-27,2010 Second Extraordinary Session,85,strong,https://legiscan.com/MS/bill/HB4/2010/X2,via LegiScan (CC BY 4.0)
MS,HB4,Tianeptine; include in Schedule I controlled substance list.,4,Passed,2023-03-23,Approved by Governor,2023-03-23,2023 Regular Session,80,strong,https://legiscan.com/MS/bill/HB4/2023,via LegiScan (CC BY 4.0)
MS,HB417,Uniform Controlled Substances Act; include five substances in Schedule I.,6,Failed,2026-03-26,Died On Calendar,2026-03-26,2026 Regular Session,81,strong,https://legiscan.com/MS/bill/HB417/2026,via LegiScan (CC BY 4.0)
MS,HB5,Controlled substances; include synthetic cannabinoids.,6,Failed,2010-08-27,Died In Committee,2010-08-27,2010 Second Extraordinary Session,85,strong,https://legiscan.com/MS/bill/HB5/2010/X2,via LegiScan (CC BY 4.0)
MS,HB5,Kratom; include in Schedule I controlled substances list.,6,Failed,2023-01-31,Died In Committee,2023-01-31,2023 Regular Session,79,strong,https://legiscan.com/MS/bill/HB5/2023,via LegiScan (CC BY 4.0)
MS,HB50,Controlled substances; additions to Schedule I.,6,Failed,2014-02-04,Died In Committee,2014-02-04,2014 Regular Session,83,strong,https://legiscan.com/MS/bill/HB50/2014,via LegiScan (CC BY 4.0)
MS,HB506,Industrial hemp; legalize and regulate for certain purposes.,6,Failed,2017-01-31,Died In Committee,2017-01-31,2017 Regular Session,79,strong,https://legiscan.com/MS/bill/HB506/2017,via LegiScan (CC BY 4.0)
MS,HB518,Controlled substances; include synthetic cannabinoids.,6,Failed,2011-02-01,Died In Committee,2011-02-01,2011 Regular Session,84,strong,https://legiscan.com/MS/bill/HB518/2011,via LegiScan (CC BY 4.0)
MS,HB562,Industrial hemp; legalize and regulate for certain purposes.,6,Failed,2015-02-03,Died In Committee,2015-02-03,2015 Regular Session,79,strong,https://legiscan.com/MS/bill/HB562/2015,via LegiScan (CC BY 4.0)
MS,HB563,Controlled substances; provide for automatic scheduling of psilocybin after federal scheduling.,6,Failed,2026-03-11,Died On Calendar,2026-03-11,2026 Regular Session,56,title,https://legiscan.com/MS/bill/HB563/2026,via LegiScan (CC BY 4.0)
MS,HB6,Controlled substances; include synthetic cannabinoids.,6,Failed,2010-08-27,Died In Committee,2010-08-27,2010 Second Extraordinary Session,85,strong,https://legiscan.com/MS/bill/HB6/2010/X2,via LegiScan (CC BY 4.0)
MS,HB625,Hemp; authorize regulation and growth of for certain purposes.,6,Failed,2019-02-05,Died In Committee,2019-02-05,2019 Regular Session,79,strong,https://legiscan.com/MS/bill/HB625/2019,via LegiScan (CC BY 4.0)
MS,HB659,Marijuana; issue ticket for possession of 30 grams or less.,6,Failed,2014-02-04,Died In Committee,2014-02-04,2014 Regular Session,85,strong,https://legiscan.com/MS/bill/HB659/2014,via LegiScan (CC BY 4.0)
MS,HB662,Tianeptine; add to Schedule II list of controlled substances.,6,Failed,2022-02-01,Died In Committee,2022-02-01,2022 Regular Session,78,strong,https://legiscan.com/MS/bill/HB662/2022,via LegiScan (CC BY 4.0)
MS,HB663,Kratom; include in Schedule I of the Uniform Controlled Substances Act.,6,Failed,2022-02-01,Died In Committee,2022-02-01,2022 Regular Session,80,strong,https://legiscan.com/MS/bill/HB663/2022,via LegiScan (CC BY 4.0)
MS,HB68,"Controlled substances; felony to bring into state, county or municipal facility.",6,Failed,2011-02-01,Died In Committee,2011-02-01,2011 Regular Session,85,strong,https://legiscan.com/MS/bill/HB68/2011,via LegiScan (CC BY 4.0)
MS,HB681,Kratom; include in Schedule I controlled substances list.,6,Failed,2022-03-01,Died In Committee,2022-03-01,2022 Regular Session,84,strong,https://legiscan.com/MS/bill/HB681/2022,via LegiScan (CC BY 4.0)
MS,HB7,Controlled substances; revise hallucinogenic substances and synthetic cannabinoids.,6,Failed,2014-03-04,Died In Committee,2014-03-04,2014 Regular Session,87,strong,https://legiscan.com/MS/bill/HB7/2014,via LegiScan (CC BY 4.0)
MS,HB702,Controlled substances; expand list of prohibited.,6,Failed,2016-02-23,Died In Committee,2016-02-23,2016 Regular Session,71,contextual,https://legiscan.com/MS/bill/HB702/2016,via LegiScan (CC BY 4.0)
MS,HB730,Controlled Substances Law; add certain substance to Schedule I.,3,Enrolled,2012-04-24,Enrolled Bill Signed,2012-04-24,2012 Regular Session,89,strong,https://legiscan.com/MS/bill/HB730/2012,via LegiScan (CC BY 4.0)
MS,HB737,Marijuana; correctly spell in Uniform Controlled Substances Law.,6,Failed,2014-02-04,Died In Committee,2014-02-04,2014 Regular Session,84,strong,https://legiscan.com/MS/bill/HB737/2014,via LegiScan (CC BY 4.0)
MS,HB744,"Controlled substances; felony to bring into state, county or municipal facility.",6,Failed,2012-03-06,Died In Committee,2012-03-06,2012 Regular Session,85,strong,https://legiscan.com/MS/bill/HB744/2012,via LegiScan (CC BY 4.0)
MS,HB791,Tianeptine; add to Schedule II list of controlled substances.,6,Failed,2023-01-31,Died In Committee,2023-01-31,2023 Regular Session,78,strong,https://legiscan.com/MS/bill/HB791/2023,via LegiScan (CC BY 4.0)
MS,HB808,Controlled substances; revise penalty for possession of small amount of certain.,6,Failed,2014-02-04,Died In Committee,2014-02-04,2014 Regular Session,85,strong,https://legiscan.com/MS/bill/HB808/2014,via LegiScan (CC BY 4.0)
MS,HB850,"Marijuana; conform possession, possession in a motor vehicle.",6,Failed,2010-02-02,Died In Committee,2010-02-02,2010 Regular Session,85,strong,https://legiscan.com/MS/bill/HB850/2010,via LegiScan (CC BY 4.0)
MS,HB864,Kratom; add to Schedule I of the Uniform Controlled Substances Act.,6,Failed,2026-02-03,Died In Committee,2026-02-03,2026 Regular Session,78,strong,https://legiscan.com/MS/bill/HB864/2026,via LegiScan (CC BY 4.0)
MS,HB865,Kratom; add to Schedule III of the Uniform Controlled Substance Act.,1,Introduced,2026-01-16,Tabled,2026-02-10,2026 Regular Session,58,contextual,https://legiscan.com/MS/bill/HB865/2026,via LegiScan (CC BY 4.0)
MS,HB967,Mississippi Corrections Accountability Act; create.,6,Failed,2013-02-13,Died In Committee,2013-02-13,2013 Regular Session,76,strong,https://legiscan.com/MS/bill/HB967/2013,via LegiScan (CC BY 4.0)
MS,HB974,Controlled Substances Laws; revise Schedules I and II.,6,Failed,2018-03-07,Died On Calendar,2018-03-07,2018 Regular Session,80,strong,https://legiscan.com/MS/bill/HB974/2018,via LegiScan (CC BY 4.0)
MS,HB983,Drug dealers; require registration of convicted.,6,Failed,2010-02-02,Died In Committee,2010-02-02,2010 Regular Session,85,strong,https://legiscan.com/MS/bill/HB983/2010,via LegiScan (CC BY 4.0)
MS,HR113,"Billy F. Gibbons; honor and commend for support of the Delta Blues Museum and designate April 9, 2025, as ""Delta Blues Museum Day.""",4,Passed,2025-03-31,Enrolled Bill Signed,2025-04-01,2025 Regular Session,93,strong,https://legiscan.com/MS/bill/HR113/2025,via LegiScan (CC BY 4.0)
MS,HR132,Alan Hunter; commend Millsaps graduate upon being the first VJ on MTV and upon his contributions to film and television.,4,Passed,2024-04-18,Enrolled Bill Signed,2024-04-22,2024 Regular Session,91,strong,https://legiscan.com/MS/bill/HR132/2024,via LegiScan (CC BY 4.0)
MS,SB2004,Synthetic cannabinoids; revise Schedule I to include.,4,Passed,2010-09-03,Approved by Governor,2010-09-03,2010 Second Extraordinary Session,90,strong,https://legiscan.com/MS/bill/SB2004/2010/X2,via LegiScan (CC BY 4.0)
MS,SB2005,Uniform Controlled Substances Act; revise Schedules I and IV.,6,Failed,2014-02-04,Died In Committee,2014-02-04,2014 Regular Session,81,strong,https://legiscan.com/MS/bill/SB2005/2014,via LegiScan (CC BY 4.0)
MS,SB2006,Synthetic cannabinoids; revise Schedule I to include.,6,Failed,2010-08-27,Died In Committee,2010-08-27,2010 Second Extraordinary Session,85,strong,https://legiscan.com/MS/bill/SB2006/2010/X2,via LegiScan (CC BY 4.0)
MS,SB2056,Controlled substances; provide for automatic scheduling of certain substance if federal scheduling occurs.,4,Passed,2026-03-13,Approved by Governor,2026-03-13,2026 Regular Session,97,strong,https://legiscan.com/MS/bill/SB2056/2026,via LegiScan (CC BY 4.0)
MS,SB2084,"Kratom; include in Controlled Substances, Schedule I.",6,Failed,2020-03-03,Died In Committee,2020-03-03,2020 Regular Session,81,strong,https://legiscan.com/MS/bill/SB2084/2020,via LegiScan (CC BY 4.0)
MS,SB2110,Kratom; include in Schedule I of the Uniform Controlled Substance Act.,6,Failed,2021-02-02,Died In Committee,2021-02-02,2021 Regular Session,82,strong,https://legiscan.com/MS/bill/SB2110/2021,via LegiScan (CC BY 4.0)
MS,SB2117,Uniform Controlled Substances Act; revise Schedule I.,4,Passed,2026-03-13,Approved by Governor,2026-03-13,2026 Regular Session,80,strong,https://legiscan.com/MS/bill/SB2117/2026,via LegiScan (CC BY 4.0)
MS,SB2118,"Controlled substance; revise Schedules I, II, III and IV.",6,Failed,2015-03-30,Died In Conference,2015-03-30,2015 Regular Session,75,strong,https://legiscan.com/MS/bill/SB2118/2015,via LegiScan (CC BY 4.0)
MS,SB2163,Synthetic cannabinoids; technical correction.,6,Failed,2011-02-01,Died In Committee,2011-02-01,2011 Regular Session,89,strong,https://legiscan.com/MS/bill/SB2163/2011,via LegiScan (CC BY 4.0)
MS,SB2164,Marijuana; legalize.,6,Failed,2021-02-02,Died In Committee,2021-02-02,2021 Regular Session,67,contextual,https://legiscan.com/MS/bill/SB2164/2021,via LegiScan (CC BY 4.0)
MS,SB2165,"Controlled substance; revise Schedules I, II, III and IV.",6,Failed,2016-02-23,Died In Committee,2016-02-23,2016 Regular Session,71,contextual,https://legiscan.com/MS/bill/SB2165/2016,via LegiScan (CC BY 4.0)
MS,SB2183,Marijuana; legalize.,6,Failed,2022-02-01,Died In Committee,2022-02-01,2022 Regular Session,66,contextual,https://legiscan.com/MS/bill/SB2183/2022,via LegiScan (CC BY 4.0)
MS,SB2187,Uniform Controlled Substances Law; revise Schedule I to include certain hemp products.,6,Failed,2025-02-04,Died In Committee,2025-02-04,2025 Regular Session,78,strong,https://legiscan.com/MS/bill/SB2187/2025,via LegiScan (CC BY 4.0)
MS,SB2191,Controlled substances; restrict prescription of and provide criminal liability for practitioners for overdose deaths.,6,Failed,2011-02-01,Died In Committee,2011-02-01,2011 Regular Session,83,strong,https://legiscan.com/MS/bill/SB2191/2011,via LegiScan (CC BY 4.0)
MS,SB2194,Uniform Controlled Substance Law; revise schedules.,4,Passed,2017-03-27,Approved by Governor,2017-03-27,2017 Regular Session,75,strong,https://legiscan.com/MS/bill/SB2194/2017,via LegiScan (CC BY 4.0)
MS,SB2220,Marijuana; legalize.,6,Failed,2026-02-03,Died In Committee,2026-02-03,2026 Regular Session,65,contextual,https://legiscan.com/MS/bill/SB2220/2026,via LegiScan (CC BY 4.0)
MS,SB2261,"Marijuana; allow medical use by seriously ill patients, including service-connected PTSD.",6,Failed,2018-01-30,Died In Committee,2018-01-30,2018 Regular Session,70,contextual,https://legiscan.com/MS/bill/SB2261/2018,via LegiScan (CC BY 4.0)
MS,SB2267,Marijuana; legalize.,6,Failed,2018-01-30,Died In Committee,2018-01-30,2018 Regular Session,67,contextual,https://legiscan.com/MS/bill/SB2267/2018,via LegiScan (CC BY 4.0)
MS,SB2277,Synthetic cathinones; technical corrections to Schedule I.,6,Failed,2017-01-31,Died In Committee,2017-01-31,2017 Regular Session,82,strong,https://legiscan.com/MS/bill/SB2277/2017,via LegiScan (CC BY 4.0)
MS,SB2278,Uniform Controlled Substances Act; revise schedules.,6,Failed,2021-03-02,Died In Committee,2021-03-02,2021 Regular Session,78,strong,https://legiscan.com/MS/bill/SB2278/2021,via LegiScan (CC BY 4.0)
MS,SB2279,Uniform Controlled Substances Act; revise schedules.,6,Failed,2024-04-10,Died On Calendar,2024-04-10,2024 Regular Session,76,strong,https://legiscan.com/MS/bill/SB2279/2024,via LegiScan (CC BY 4.0)
MS,SB2283,Uniform Controlled Substances Act; revise schedules.,6,Failed,2023-01-31,Died In Committee,2023-01-31,2023 Regular Session,76,strong,https://legiscan.com/MS/bill/SB2283/2023,via LegiScan (CC BY 4.0)
MS,SB2314,Uniform Controlled Substances Law; include certain hemp products on Schedule I.,6,Failed,2025-03-12,Died On Calendar,2025-03-12,2025 Regular Session,81,strong,https://legiscan.com/MS/bill/SB2314/2025,via LegiScan (CC BY 4.0)
MS,SB2318,Marihuana; allow medical use by seriously ill patients under doctor's supervision.,6,Failed,2015-02-03,Died In Committee,2015-02-03,2015 Regular Session,71,contextual,https://legiscan.com/MS/bill/SB2318/2015,via LegiScan (CC BY 4.0)
MS,SB2323,Controlled Substance Act; revise Schedules.,6,Failed,2014-02-04,Died In Committee,2014-02-04,2014 Regular Session,81,strong,https://legiscan.com/MS/bill/SB2323/2014,via LegiScan (CC BY 4.0)
MS,SB2341,Dextrorphan; reclassify as Schedule I controlled substance.,6,Failed,2010-02-02,Died In Committee,2010-02-02,2010 Regular Session,83,strong,https://legiscan.com/MS/bill/SB2341/2010,via LegiScan (CC BY 4.0)
MS,SB2349,Marijuana; legalize.,6,Failed,2019-02-05,Died In Committee,2019-02-05,2019 Regular Session,67,contextual,https://legiscan.com/MS/bill/SB2349/2019,via LegiScan (CC BY 4.0)
MS,SB2351,Marijuana; legalize.,6,Failed,2025-02-04,Died In Committee,2025-02-04,2025 Regular Session,65,contextual,https://legiscan.com/MS/bill/SB2351/2025,via LegiScan (CC BY 4.0)
MS,SB2356,Uniform Controlled Substances Act; revise Schedule I.,4,Passed,2025-03-12,Approved by Governor,2025-03-12,2025 Regular Session,80,strong,https://legiscan.com/MS/bill/SB2356/2025,via LegiScan (CC BY 4.0)
MS,SB2358,Marihuana; allow medical use by seriously ill patients under doctor's supervision.,6,Failed,2016-02-23,Died In Committee,2016-02-23,2016 Regular Session,71,contextual,https://legiscan.com/MS/bill/SB2358/2016,via LegiScan (CC BY 4.0)
MS,SB2358,"Marijuana; allow medical use by seriously ill patients, including service-connected PTSD.",6,Failed,2019-02-05,Died In Committee,2019-02-05,2019 Regular Session,70,contextual,https://legiscan.com/MS/bill/SB2358/2019,via LegiScan (CC BY 4.0)
MS,SB2369,Marihuana; allow medical use by seriously ill patients under doctor's supervision.,6,Failed,2013-02-05,Died In Committee,2013-02-05,2013 Regular Session,85,strong,https://legiscan.com/MS/bill/SB2369/2013,via LegiScan (CC BY 4.0)
MS,SB2378,"Marijuana; allow medical use by seriously ill patients, including service-connected PTSD.",6,Failed,2017-01-31,Died In Committee,2017-01-31,2017 Regular Session,70,contextual,https://legiscan.com/MS/bill/SB2378/2017,via LegiScan (CC BY 4.0)
MS,SB2379,Marijuana; legalize.,6,Failed,2017-01-31,Died In Committee,2017-01-31,2017 Regular Session,67,contextual,https://legiscan.com/MS/bill/SB2379/2017,via LegiScan (CC BY 4.0)
MS,SB2396,"Uniform Controlled Substances Act; revise Schedules I, II and V.",6,Failed,2019-02-05,Died In Committee,2019-02-05,2019 Regular Session,77,strong,https://legiscan.com/MS/bill/SB2396/2019,via LegiScan (CC BY 4.0)
MS,SB2475,Kratom; include in Schedule I.,6,Failed,2018-01-30,Died In Committee,2018-01-30,2018 Regular Session,82,strong,https://legiscan.com/MS/bill/SB2475/2018,via LegiScan (CC BY 4.0)
MS,SB2484,Drug violations; enhance penalties when children under 18 are present.,6,Failed,2011-02-01,Died In Committee,2011-02-01,2011 Regular Session,85,strong,https://legiscan.com/MS/bill/SB2484/2011,via LegiScan (CC BY 4.0)
MS,SB2497,Marijuana; legalize.,6,Failed,2020-03-03,Died In Committee,2020-03-03,2020 Regular Session,67,contextual,https://legiscan.com/MS/bill/SB2497/2020,via LegiScan (CC BY 4.0)
MS,SB2498,"Marijuana; allow medical use by seriously ill patients, including service-connected PTSD.",6,Failed,2020-03-03,Died In Committee,2020-03-03,2020 Regular Session,70,contextual,https://legiscan.com/MS/bill/SB2498/2020,via LegiScan (CC BY 4.0)
MS,SB2508,Mississippi Corrections Accountability Act; create.,6,Failed,2013-03-05,Died In Committee,2013-03-05,2013 Regular Session,77,strong,https://legiscan.com/MS/bill/SB2508/2013,via LegiScan (CC BY 4.0)
MS,SB2540,Mississippi Hemp Cultivation Act; bring forward code sections related thereto.,6,Failed,2026-02-03,Died In Committee,2026-02-03,2026 Regular Session,68,contextual,https://legiscan.com/MS/bill/SB2540/2026,via LegiScan (CC BY 4.0)
MS,SB2561,Ibogaine; authorize MSDH to select a consortium to conduct a drug development clinical trial to secure FDA's approval of.,6,Failed,2026-02-03,Died In Committee,2026-02-03,2026 Regular Session,99,title,https://legiscan.com/MS/bill/SB2561/2026,via LegiScan (CC BY 4.0)
MS,SB2562,Mississippi Veterans PTSD Ibogaine Research Pilot Program; create.,6,Failed,2026-02-03,Died In Committee,2026-02-03,2026 Regular Session,94,title,https://legiscan.com/MS/bill/SB2562/2026,via LegiScan (CC BY 4.0)
MS,SB2606,Marihuana; allow medical use by seriously ill patients under doctor's supervision.,6,Failed,2010-02-02,Died In Committee,2010-02-02,2010 Regular Session,86,strong,https://legiscan.com/MS/bill/SB2606/2010,via LegiScan (CC BY 4.0)
MS,SB2610,Cannabidiol; clarify use in research of seizures and other medical conditions.,4,Passed,2017-03-20,Approved by Governor,2017-03-20,2017 Regular Session,86,strong,https://legiscan.com/MS/bill/SB2610/2017,via LegiScan (CC BY 4.0)
MS,SB2620,Marijuana; legalize.,6,Failed,2024-03-05,Died In Committee,2024-03-05,2024 Regular Session,65,contextual,https://legiscan.com/MS/bill/SB2620/2024,via LegiScan (CC BY 4.0)
MS,SB2643,Marijuana; allow medical use by seriously ill patients under doctor's supervision.,6,Failed,2019-02-05,Died In Committee,2019-02-05,2019 Regular Session,70,contextual,https://legiscan.com/MS/bill/SB2643/2019,via LegiScan (CC BY 4.0)
MS,SB2672,Marihuana; allow medical use by seriously ill patients under doctor's supervision.,6,Failed,2011-02-01,Died In Committee,2011-02-01,2011 Regular Session,85,strong,https://legiscan.com/MS/bill/SB2672/2011,via LegiScan (CC BY 4.0)
MS,SB2676,Drug violations; enhance penalties when children under 18 are present.,6,Failed,2010-02-02,Died In Committee,2010-02-02,2010 Regular Session,85,strong,https://legiscan.com/MS/bill/SB2676/2010,via LegiScan (CC BY 4.0)
MS,SB2694,Uniform Controlled Substances Act; revise schedules.,6,Failed,2020-03-03,Died In Committee,2020-03-03,2020 Regular Session,75,strong,https://legiscan.com/MS/bill/SB2694/2020,via LegiScan (CC BY 4.0)
MS,SB2725,Hemp; create the Mississippi Hemp Cultivation Act.,4,Passed,2020-06-29,Approved by Governor,2020-06-29,2020 Regular Session,74,contextual,https://legiscan.com/MS/bill/SB2725/2020,via LegiScan (CC BY 4.0)
MS,SB2745,Harper Grace's Law; revise Schedule I to exclude CBD oil.,6,Failed,2014-03-12,Died On Calendar,2014-03-12,2014 Regular Session,89,strong,https://legiscan.com/MS/bill/SB2745/2014,via LegiScan (CC BY 4.0)
MS,SB2763,Marihuana; allow medical use by seriously ill patients under doctor's supervision.,6,Failed,2014-02-04,Died In Committee,2014-02-04,2014 Regular Session,85,strong,https://legiscan.com/MS/bill/SB2763/2014,via LegiScan (CC BY 4.0)
MS,SB2767,Agricultural hemp; authorize the growing and handling of.,6,Failed,2019-02-05,Died In Committee,2019-02-05,2019 Regular Session,79,strong,https://legiscan.com/MS/bill/SB2767/2019,via LegiScan (CC BY 4.0)
MS,SB2768,Recreational marijuana; legalize and tax 7% of gross proceeds from retail sales.,6,Failed,2021-02-02,Died In Committee,2021-02-02,2021 Regular Session,67,contextual,https://legiscan.com/MS/bill/SB2768/2021,via LegiScan (CC BY 4.0)
MS,SB2771,Marijuana; allow medical use by seriously ill patients under doctor's supervision.,6,Failed,2017-01-31,Died In Committee,2017-01-31,2017 Regular Session,70,contextual,https://legiscan.com/MS/bill/SB2771/2017,via LegiScan (CC BY 4.0)
MS,SB2771,Marijuana; legalize.,6,Failed,2023-01-31,Died In Committee,2023-01-31,2023 Regular Session,66,contextual,https://legiscan.com/MS/bill/SB2771/2023,via LegiScan (CC BY 4.0)
MS,SB2821,Marijuana; allow medical use by seriously ill patients under doctor's supervision.,6,Failed,2018-01-30,Died In Committee,2018-01-30,2018 Regular Session,70,contextual,https://legiscan.com/MS/bill/SB2821/2018,via LegiScan (CC BY 4.0)
MS,SB2892,Controlled substances; revise Schedules I and II.,4,Passed,2018-03-21,Approved by Governor,2018-03-21,2018 Regular Session,83,strong,https://legiscan.com/MS/bill/SB2892/2018,via LegiScan (CC BY 4.0)
MS,SB3061,Appropriation; IHL - University of Mississippi Medical Center.,4,Passed,2026-04-09,Approved by Governor,2026-04-09,2026 Regular Session,87,strong,https://legiscan.com/MS/bill/SB3061/2026,via LegiScan (CC BY 4.0)
MS,SC558,Extending condolences of Legislature to surviving family of Motown recording artist/songwriter Barrett Strong of West Point.,4,Passed,2023-03-15,Enrolled Bill Signed,2023-03-15,2023 Regular Session,95,strong,https://legiscan.com/MS/bill/SC558/2023,via LegiScan (CC BY 4.0)
MT,HB140,Generally revising controlled substance laws,4,Passed,2013-04-02,Chapter Number Assigned,2013-04-02,2013 Regular Session,89,strong,https://legiscan.com/MT/bill/HB140/2013,via LegiScan (CC BY 4.0)
MT,HB185,Ban synthetic marijuana,4,Passed,2011-04-08,Chapter Number Assigned,2011-04-08,2011 Regular Session,87,strong,https://legiscan.com/MT/bill/HB185/2011,via LegiScan (CC BY 4.0)
MT,HB437,Revise drug laws,4,Passed,2023-05-22,(H) Signed by Governor,2023-05-22,2023 Regular Session,88,strong,https://legiscan.com/MT/bill/HB437/2023,via LegiScan (CC BY 4.0)
MT,HB60,Code Commissioner Bill,4,Passed,2019-02-12,Chapter Number Assigned,2019-02-13,2019 Regular Session,62,contextual,https://legiscan.com/MT/bill/HB60/2019,via LegiScan (CC BY 4.0)
MT,HB770,Provide for the legalization of recreational marijuana,6,Failed,2019-04-25,(H) Died in Process,2019-04-25,2019 Regular Session,64,contextual,https://legiscan.com/MT/bill/HB770/2019,via LegiScan (CC BY 4.0)
MT,HB948,Revise marijuana laws regarding synthetic marijuana products,4,Passed,2023-05-22,(H) Signed by Governor,2023-05-22,2023 Regular Session,85,strong,https://legiscan.com/MT/bill/HB948/2023,via LegiScan (CC BY 4.0)
MT,HB955,Legalize psilocybin use for PTSD/mental illness treatment,1,Introduced,2023-03-27,(H) Missed Deadline for Revenue Bill Transmittal,2023-04-06,2023 Regular Session,99,title,https://legiscan.com/MT/bill/HB955/2023,via LegiScan (CC BY 4.0)
MT,SB274,Revise drug scheduling laws,4,Passed,2019-04-12,Chapter Number Assigned,2019-04-15,2019 Regular Session,85,strong,https://legiscan.com/MT/bill/SB274/2019,via LegiScan (CC BY 4.0)
MT,SB67,Generally revise scheduling of dangerous drugs,4,Passed,2023-04-19,(S) Signed by Governor,2023-04-19,2023 Regular Session,85,strong,https://legiscan.com/MT/bill/SB67/2023,via LegiScan (CC BY 4.0)
NC,H1021,Justice Reinvestment Clarifications,4,Passed,2012-07-16,Ch. SL 2012-188,2012-07-16,2011-2012 Session,80,strong,https://legiscan.com/NC/bill/H1021/2011,via LegiScan (CC BY 4.0)
NC,H464,Revise Schedule of Controlled Substances,4,Passed,2017-07-18,Ch. SL 2017-115,2017-07-18,2017-2018 Session,76,strong,https://legiscan.com/NC/bill/H464/2017,via LegiScan (CC BY 4.0)
NC,H727,Breakthrough Therapies Research/Advisory Act,1,Introduced,2023-04-18,Re-ref Com On Appropriations,2023-05-16,2023-2024 Session,98,title,https://legiscan.com/NC/bill/H727/2023,via LegiScan (CC BY 4.0)
NC,H756,Spectral Fluorescence Signature Drug Analysis,1,Introduced,2011-04-06,"Ref to the Com on Judiciary Subcommittee B, if favorable, Finance",2011-04-07,2011-2012 Session,90,strong,https://legiscan.com/NC/bill/H756/2011,via LegiScan (CC BY 4.0)
NC,S1018,The HEAL Act,1,Introduced,2026-04-30,Re-ref Com On Appropriations/Base Budget,2026-05-05,2025-2026 Session,98,strong,https://legiscan.com/NC/bill/S1018/2025,via LegiScan (CC BY 4.0)
NC,S347,Revise Schedule of Controlled Substances,1,Introduced,2017-03-21,"Re-ref to Judiciary. If fav, re-ref to Rules and Operations of the Senate",2017-04-10,2017-2018 Session,76,strong,https://legiscan.com/NC/bill/S347/2017,via LegiScan (CC BY 4.0)
NC,S568,Innovative Treatments for Mental Health Act,1,Introduced,2025-03-25,Ref To Com On Rules and Operations of the Senate,2025-03-26,2025-2026 Session,98,strong,https://legiscan.com/NC/bill/S568/2025,via LegiScan (CC BY 4.0)
NC,S616,Heroin & Opioid Prevention & Enforcement Act,4,Passed,2018-06-22,Ch. SL 2018-44,2018-06-22,2017-2018 Session,87,strong,https://legiscan.com/NC/bill/S616/2017,via LegiScan (CC BY 4.0)
NC,S686,The Fair Sentencing Act,1,Introduced,2025-03-25,Ref To Com On Rules and Operations of the Senate,2025-03-26,2025-2026 Session,93,strong,https://legiscan.com/NC/bill/S686/2025,via LegiScan (CC BY 4.0)
ND,HB1070,The scheduling of controlled substances; and to declare an emergency.,4,Passed,2013-03-27,Signed by Governor 03/26,2013-03-27,63rd Legislative Assembly,95,strong,https://legiscan.com/ND/bill/HB1070/2013,via LegiScan (CC BY 4.0)
ND,HB1113,The definition of marijuana and the scheduling of controlled substances; and to declare an emergency.,4,Passed,2019-04-09,Signed by Governor 04/08,2019-04-09,66th Legislative Assembly,94,strong,https://legiscan.com/ND/bill/HB1113/2019,via LegiScan (CC BY 4.0)
ND,HB1213,The medical marijuana program; to provide for a legislative management report; to provide a penalty; and to declare an emergency.,4,Passed,2021-05-20,Signed by Governor 04/30,2021-05-20,67th Legislative Assembly,79,strong,https://legiscan.com/ND/bill/HB1213/2021,via LegiScan (CC BY 4.0)
ND,SB2059,The definition of marijuana and the scheduling of controlled substances; and to declare an emergency.,4,Passed,2021-04-19,Signed by Governor 04/16,2021-04-19,67th Legislative Assembly,92,strong,https://legiscan.com/ND/bill/SB2059/2021,via LegiScan (CC BY 4.0)
ND,SB2064,The scheduling of controlled substances; and to declare an emergency.,4,Passed,2025-03-26,Filed with Secretary Of State 03/26,2025-03-27,69th Legislative Assembly,91,strong,https://legiscan.com/ND/bill/SB2064/2025,via LegiScan (CC BY 4.0)
ND,SB2093,The scheduling of controlled substances; and to declare an emergency.,4,Passed,2023-04-13,Filed with Secretary Of State 04/13,2023-04-17,68th Legislative Assembly,93,strong,https://legiscan.com/ND/bill/SB2093/2023,via LegiScan (CC BY 4.0)
ND,SB2096,The scheduling of controlled substances; and to declare an emergency.,4,Passed,2017-03-14,Signed by Governor 03/13,2017-03-14,65th Legislative Assembly,93,strong,https://legiscan.com/ND/bill/SB2096/2017,via LegiScan (CC BY 4.0)
ND,SB2100,The scheduling of controlled substances; and to declare an emergency.,4,Passed,2015-03-20,Signed by Governor 03/19,2015-03-20,64th Legislative Assembly,92,strong,https://legiscan.com/ND/bill/SB2100/2015,via LegiScan (CC BY 4.0)
ND,SB2119,The scheduling of controlled substances.,4,Passed,2011-04-19,Filed with Secretary Of State 04/19,2011-04-20,62nd Legislative Assembly,88,strong,https://legiscan.com/ND/bill/SB2119/2011,via LegiScan (CC BY 4.0)
NE,LB1221,Change controlled substance schedules for certain federally approved drugs containing derivatives of cannabis,1,Introduced,2020-01-23,Indefinitely postponed,2020-08-13,106th Legislature,87,strong,https://legiscan.com/NE/bill/LB1221/2019,via LegiScan (CC BY 4.0)
NE,LB157,"Provide for appointment of temporary guardians and change provisions relating to attorney's fees, third-party practice, change of name proceedings, enforcement of debts against certain victims, controlled substances schedules, decedents' estates, and",4,Passed,2023-06-06,Provisions/portions of LB757 amended into LB157 by AM1525,2023-06-01,108th Legislature,83,strong,https://legiscan.com/NE/bill/LB157/2023,via LegiScan (CC BY 4.0)
NE,LB167,Include cannabidiol as a Schedule V controlled substance,1,Introduced,2017-01-10,Provisions/portions of LB167 amended into LB487 by AM568,2017-05-23,105th Legislature,87,strong,https://legiscan.com/NE/bill/LB167/2017,via LegiScan (CC BY 4.0)
NE,LB189,Change provisions and penalties relating to marijuana and alphabetize definitions,1,Introduced,2015-01-12,Indefinitely postponed,2016-04-20,104th Legislature,86,strong,https://legiscan.com/NE/bill/LB189/2015,via LegiScan (CC BY 4.0)
NE,LB19,Prohibit the use of certain drug substances as prescribed,4,Passed,2011-02-23,"Approved by Governor on February 22, 2011",2011-02-23,102nd Legislature,86,strong,https://legiscan.com/NE/bill/LB19/2011,via LegiScan (CC BY 4.0)
NE,LB22,Decriminalize use and possession of marijuana,6,Failed,2024-04-18,Indefinitely postponed,2024-04-18,108th Legislature,81,strong,https://legiscan.com/NE/bill/LB22/2023,via LegiScan (CC BY 4.0)
NE,LB230,"Adopt the Kratom Consumer Protection Act, regulate nitrous oxide, and change the Uniform Controlled Substances Act",4,Passed,2025-05-15,Provisions/portions of LB475 amended into LB230 by AM577,2025-06-06,109th Legislature,88,strong,https://legiscan.com/NE/bill/LB230/2025,via LegiScan (CC BY 4.0)
NE,LB236,Change provisions relating to controlled substances and firearms,4,Passed,2021-05-26,Provisions/portions of LB301 amended into LB236 by AM1434,2021-05-27,107th Legislature,88,strong,https://legiscan.com/NE/bill/LB236/2021,via LegiScan (CC BY 4.0)
NE,LB293,Include U-47700 as a Schedule I controlled substance under the Uniform Controlled Substances Act,1,Introduced,2017-01-11,Provisions/portions of LB293 amended into LB487 by AM568,2017-05-23,105th Legislature,89,strong,https://legiscan.com/NE/bill/LB293/2017,via LegiScan (CC BY 4.0)
NE,LB298,Change provisions relating to controlled substances schedules,4,Passed,2013-06-04,"Approved by Governor on June 04, 2013",2013-06-04,103rd Legislature,94,strong,https://legiscan.com/NE/bill/LB298/2013,via LegiScan (CC BY 4.0)
NE,LB301,Change drug schedules and penalties and adopt federal drug provisions under the Uniform Controlled Substances Act,1,Introduced,2021-01-12,Indefinitely postponed,2022-04-20,107th Legislature,85,strong,https://legiscan.com/NE/bill/LB301/2021,via LegiScan (CC BY 4.0)
NE,LB326,"Change provisions relating to marijuana, amphetamine, and methamphetamine",1,Introduced,2015-01-15,Provisions/portions of LB326 amended into LB390 by AM1651,2015-05-29,104th Legislature,86,strong,https://legiscan.com/NE/bill/LB326/2015,via LegiScan (CC BY 4.0)
NE,LB390,Provide for medical use of cannabidiol and naloxone and change controlled substances schedules and transfers to the Nebraska Health Care Cash Fund,4,Passed,2015-05-27,Provisions/portions of LB546 amended into LB390 by AM1651,2015-05-29,104th Legislature,85,strong,https://legiscan.com/NE/bill/LB390/2015,via LegiScan (CC BY 4.0)
NE,LB431,Prohibit kratom as a controlled substance,6,Failed,2026-04-17,Indefinitely postponed,2026-04-17,109th Legislature,87,strong,https://legiscan.com/NE/bill/LB431/2025,via LegiScan (CC BY 4.0)
NE,LB436,Change provisions relating to controlled substances schedules under the Uniform Controlled Substances Act,6,Failed,2023-06-01,Provisions/portions of LB436 amended into LB157 by AM1525,2023-06-21,108th Legislature,87,strong,https://legiscan.com/NE/bill/LB436/2023,via LegiScan (CC BY 4.0)
NE,LB475,Classify tianeptine as a controlled substance,6,Failed,2025-06-02,Provisions/portions of LB475 amended into LB230 by AM577,2025-06-06,109th Legislature,89,strong,https://legiscan.com/NE/bill/LB475/2025,via LegiScan (CC BY 4.0)
NE,LB481,"Adopt the Marijuana Conviction Clean Slate Act, decriminalize possessory marijuana and synthetic cannabinoid offenses and drug paraphernalia offenses, and change related provisions",1,Introduced,2021-01-15,Indefinitely postponed,2022-04-20,107th Legislature,81,strong,https://legiscan.com/NE/bill/LB481/2021,via LegiScan (CC BY 4.0)
NE,LB487,Provide and change immunity provisions relating to naloxone and asthma and allergic reactions and change provisions of the Uniform Controlled Substances Act,4,Passed,2017-05-02,Provisions/portions of LB296 amended into LB487 by AM568,2017-05-23,105th Legislature,85,strong,https://legiscan.com/NE/bill/LB487/2017,via LegiScan (CC BY 4.0)
NE,LB52,Adopt the Cannabis Control Act and the Cannabis Conviction Clean Slate Act,6,Failed,2024-08-20,"Indefinitely Postponed pursuant to Rule 9, Sec. 8",2024-08-20,108th Legislature 1st Special Session,67,contextual,https://legiscan.com/NE/bill/LB52/2024/X1,via LegiScan (CC BY 4.0)
NE,LB546,Adopt the Marijuana Control Act and the Marijuana Conviction Clean Slate Act,1,Introduced,2021-01-19,Indefinitely postponed,2022-04-20,107th Legislature,68,contextual,https://legiscan.com/NE/bill/LB546/2021,via LegiScan (CC BY 4.0)
NE,LB552,Clarify definitions relating to marijuana under the Uniform Controlled Substances Act and schedule nabiximols as a Schedule III controlled substance,1,Introduced,2021-01-19,Indefinitely postponed,2022-04-20,107th Legislature,87,strong,https://legiscan.com/NE/bill/LB552/2021,via LegiScan (CC BY 4.0)
NE,LB634,Adopt the Cannabis Control Act and the Cannabis Conviction Clean Slate Act,6,Failed,2024-04-18,Indefinitely postponed,2024-04-18,108th Legislature,67,contextual,https://legiscan.com/NE/bill/LB634/2023,via LegiScan (CC BY 4.0)
NE,LB659,Remove cannabidiol from list of controlled substances,1,Introduced,2019-01-23,Indefinitely postponed,2020-08-13,106th Legislature,87,strong,https://legiscan.com/NE/bill/LB659/2019,via LegiScan (CC BY 4.0)
NE,LB670,Change the schedule of controlled substances under the Uniform Controlled Substances Act,4,Passed,2012-04-11,Provisions/portions of LB814 amended into LB670 by AM2496,2012-04-18,102nd Legislature,92,strong,https://legiscan.com/NE/bill/LB670/2011,via LegiScan (CC BY 4.0)
NE,LB71,Adopt the Nebraska Cannabis Legalization and Revenue Allocation Act and the Cannabis Conviction Relief Act,6,Failed,2024-08-20,"Indefinitely Postponed pursuant to Rule 9, Sec. 8",2024-08-20,108th Legislature 1st Special Session,67,contextual,https://legiscan.com/NE/bill/LB71/2024/X1,via LegiScan (CC BY 4.0)
NE,LB72,Change provisions relating to controlled substances schedules under the Uniform Controlled Substances Act,4,Passed,2025-02-26,"Approved by Governor on February 25, 2025",2025-02-26,109th Legislature,94,strong,https://legiscan.com/NE/bill/LB72/2025,via LegiScan (CC BY 4.0)
NE,LB795,"Designate bromazolam as a controlled substance under the Uniform Controlled Substances Act, correct the spelling of certain controlled substances, and enhance penalties for certain controlled substance offenses involving fentanyl",4,Passed,2026-03-03,Provisions/portions of LB817 amended into LB795 by AM2092,2026-04-17,109th Legislature,94,strong,https://legiscan.com/NE/bill/LB795/2025,via LegiScan (CC BY 4.0)
NE,LB808,Change provisions relating to controlled substances schedules,4,Passed,2022-04-20,"Approved by Governor on April 18, 2022",2022-04-20,107th Legislature,90,strong,https://legiscan.com/NE/bill/LB808/2021,via LegiScan (CC BY 4.0)
NE,LB811,"Change provisions relating to controlled substances, prescriptions, and certain assault provisions",4,Passed,2014-04-23,Provisions/portions of LB869 amended into LB811 by AM2567,2014-04-23,103rd Legislature,86,strong,https://legiscan.com/NE/bill/LB811/2013,via LegiScan (CC BY 4.0)
NE,LB814,Include additional substances in the schedule of controlled substances under the Uniform Controlled Substances Act,1,Introduced,2012-01-05,Provisions/portions of LB814 amended into LB670 by AM2496,2012-04-18,102nd Legislature,91,strong,https://legiscan.com/NE/bill/LB814/2011,via LegiScan (CC BY 4.0)
NE,LB877,Designate certain substances as controlled substances under the Uniform Controlled Substances Act,4,Passed,2026-03-03,"Approved by Governor on March 3, 2026",2026-03-03,109th Legislature,95,strong,https://legiscan.com/NE/bill/LB877/2025,via LegiScan (CC BY 4.0)
NE,LB892,Change provisions relating to controlled substances under the Uniform Controlled Substances Act,6,Failed,2024-04-18,Indefinitely postponed,2024-04-18,108th Legislature,87,strong,https://legiscan.com/NE/bill/LB892/2023,via LegiScan (CC BY 4.0)
NE,LB906,Change provisions relating to the schedules of controlled substances,4,Passed,2018-04-18,"Approved by Governor on April 17, 2018",2018-04-18,105th Legislature,92,strong,https://legiscan.com/NE/bill/LB906/2017,via LegiScan (CC BY 4.0)
NE,LB972,Prohibit kratom as a controlled substance,6,Failed,2024-04-18,Indefinitely postponed,2024-04-18,108th Legislature,87,strong,https://legiscan.com/NE/bill/LB972/2023,via LegiScan (CC BY 4.0)
NH,HB1349,Decriminalizing the possession and use of psilocybin mushrooms.,1,Introduced,2021-11-20,Lay HB1349 on Table (Rep. Abbas): Motion Adopted Regular Calendar 210-132 03/31/2022 House Journal  9,2022-03-31,2022 Regular Session,98,title,https://legiscan.com/NH/bill/HB1349/2022,via LegiScan (CC BY 4.0)
NH,HB1693,Relative to the use of psychedelics for therapeutic purposes.,1,Introduced,2023-12-15,Executive Session: 10/09/2024 01:00 pm Legislative Office Building 205-207,2024-09-20,2024 Regular Session,99,title,https://legiscan.com/NH/bill/HB1693/2024,via LegiScan (CC BY 4.0)
NH,HB1772,Relative to prescribing ibogaine for investigational use only and adopting the physician associate licensure compact.,4,Passed,2026-07-20,Signed by Governor Ayotte 07/15/2026; Chapter 333; eff. 09/13/2026,2026-07-20,2026 Regular Session,99,title,https://legiscan.com/NH/bill/HB1772/2026,via LegiScan (CC BY 4.0)
NH,HB1796,Allowing the use of psilocybin in approved clinical settings to treat qualified medical conditions.,1,Introduced,2025-12-17,Minority Committee Report: Ought to Pass,2026-02-03,2026 Regular Session,99,title,https://legiscan.com/NH/bill/HB1796/2026,via LegiScan (CC BY 4.0)
NH,HB1809,Establishing a medical psilocybin advisory board to assess the advantages and disadvantages of the use of psilocybin for therapeutic purposes.,2,Engrossed,2026-03-30,"Inexpedient to Legislate, Motion Adopted, Voice Vote === BILL KILLED ===; 05/07/2026; Senate Journal 11",2026-05-05,2026 Regular Session,99,title,https://legiscan.com/NH/bill/HB1809/2026,via LegiScan (CC BY 4.0)
NH,HB328,An act legalizing certain controlled substances for persons 21 years of age or older.,1,Introduced,2023-01-09,Inexpedient to Legislate: Motion Adopted Regular Calendar 290-76 03/16/2023 House Journal  9 P. 28,2023-03-16,2023 Regular Session,93,strong,https://legiscan.com/NH/bill/HB328/2023,via LegiScan (CC BY 4.0)
NH,HB528,Amending the penalties for the possession and use of psilocybin for persons 18 years of age or older.,2,Engrossed,2025-03-28,Pending Motion Committee Amendment # 2025-2167s; 06/05/2025; Senate Calendar  25,2025-06-05,2025 Regular Session,98,title,https://legiscan.com/NH/bill/HB528/2025,via LegiScan (CC BY 4.0)
NH,SB14,Relative to the penalty for certain fentanyl-related offenses; relative to establishing a mandatory minimum sentence for the crime of distribution of a controlled drug with death resulting; and relative to amending the penalties for the possession an,2,Engrossed,2025-03-28,Pending Motion Committee of Conference Report # 2025-2850c; 06/26/2025; Senate Journal 17,2025-06-26,2025 Regular Session,75,strong,https://legiscan.com/NH/bill/SB14/2025,via LegiScan (CC BY 4.0)
NJ,A1191,"Criminalizes the manufacture, distribution and possession of Salvia divinorum.",1,Introduced,2012-01-10,"Introduced, Referred to Assembly Judiciary Committee",2012-01-10,2012-2013 Regular Session,86,strong,https://legiscan.com/NJ/bill/A1191/2012,via LegiScan (CC BY 4.0)
NJ,A1243,"Criminalizes the manufacture, distribution and possession of Salvia divinorum.",1,Introduced,2010-01-12,"Introduced, Referred to Assembly Judiciary Committee",2010-01-12,2010-2011 Regular Session,86,strong,https://legiscan.com/NJ/bill/A1243/2010,via LegiScan (CC BY 4.0)
NJ,A1330,Directs Dept. of Agriculture to create pilot program to research cultivation of industrial hemp.*,4,Passed,2018-11-21,"Approved P.L.2018, c.139.",2018-11-21,2018-2019 Regular Session,73,contextual,https://legiscan.com/NJ/bill/A1330/2018,via LegiScan (CC BY 4.0)
NJ,A1526,Establishes Psilocybin Behavioral Health Access and Therapy Pilot Program; appropriates $6 million.,6,Failed,2026-01-13,"Withdrawn Because Approved P.L.2025, c.296.",2026-01-13,2026-2027 Regular Session,99,title,https://legiscan.com/NJ/bill/A1526/2026,via LegiScan (CC BY 4.0)
NJ,A1557,"Legalizes marijuana and provides for records expungement for certain past marijuana offenses; treats marijuana products similar to tobacco products, including use of civil penalties for providing marijuana to persons under 19 years of age.",1,Introduced,2018-01-09,"Introduced, Referred to Assembly Oversight, Reform and Federal Relations Committee",2018-01-09,2018-2019 Regular Session,58,contextual,https://legiscan.com/NJ/bill/A1557/2018,via LegiScan (CC BY 4.0)
NJ,A1636,Classifies 7 Hydroxymitragynine as Schedule I drug and bans sale of products containing substance.,1,Introduced,2026-01-13,"Introduced, Referred to Assembly Consumer Affairs Committee",2026-01-13,2026-2027 Regular Session,84,strong,https://legiscan.com/NJ/bill/A1636/2026,via LegiScan (CC BY 4.0)
NJ,A2119,"Adds illicit fentanyls to Schedule I in the ""New Jersey Controlled Dangerous Substances Act.""",1,Introduced,2022-02-07,"Introduced, Referred to Assembly Judiciary Committee",2022-02-07,2022-2023 Regular Session,84,strong,https://legiscan.com/NJ/bill/A2119/2022,via LegiScan (CC BY 4.0)
NJ,A2176,"Criminalizes possession and sale of alpha-pyrrolidinopentiophenone (alpha-PVP) commonly known as ""flakka,"" or ""flocka.""",4,Passed,2017-08-07,"Approved P.L.2017, c.209.",2017-08-07,2016-2017 Regular Session,84,strong,https://legiscan.com/NJ/bill/A2176/2016,via LegiScan (CC BY 4.0)
NJ,A2644,Adds certain cannabis-like chemical substances to list of controlled dangerous substances.,1,Introduced,2010-05-13,"Introduced, Referred to Assembly Law and Public Safety Committee",2010-05-13,2010-2011 Regular Session,86,strong,https://legiscan.com/NJ/bill/A2644/2010,via LegiScan (CC BY 4.0)
NJ,A2673,"Prohibits manufacture, sale, or possession of synthetic marijuana.",1,Introduced,2012-03-08,Substituted by S1783 (SCS),2013-01-28,2012-2013 Regular Session,84,strong,https://legiscan.com/NJ/bill/A2673/2012,via LegiScan (CC BY 4.0)
NJ,A2742,"Adds illicit fentanyls to Schedule I in the ""New Jersey Controlled Dangerous Substances Act.""",1,Introduced,2020-02-13,"Introduced, Referred to Assembly Judiciary Committee",2020-02-13,2020-2021 Regular Session,85,strong,https://legiscan.com/NJ/bill/A2742/2020,via LegiScan (CC BY 4.0)
NJ,A3852,Establishes Psilocybin Behavioral Health Access and Therapy Pilot Program; appropriates $6 million.,1,Introduced,2024-02-22,Substituted by S2283 (SCS/2R),2026-01-12,2024-2025 Regular Session,99,title,https://legiscan.com/NJ/bill/A3852/2024,via LegiScan (CC BY 4.0)
NJ,A3961,Permits Department of Agriculture to regulate sale and distribution of hemp-derived consumable products under certain circumstances.,1,Introduced,2026-01-13,"Introduced, Referred to Assembly Oversight, Reform and Federal Relations Committee",2026-01-13,2026-2027 Regular Session,56,contextual,https://legiscan.com/NJ/bill/A3961/2026,via LegiScan (CC BY 4.0)
NJ,A4193,"Legalizes marijuana and provides for records expungement for certain past marijuana offenses; treats marijuana products similar to tobacco products, including use of civil penalties for providing marijuana to persons under 19 years of age.",1,Introduced,2016-09-22,"Introduced, Referred to Assembly Judiciary Committee",2016-09-22,2016-2017 Regular Session,58,contextual,https://legiscan.com/NJ/bill/A4193/2016,via LegiScan (CC BY 4.0)
NJ,A4456,"Criminalizes possession and sale of alpha-pyrrolidinopentiophenone (alpha-PVP) commonly known as ""flakka,"" or ""flocka.""",1,Introduced,2015-06-01,"Introduced, Referred to Assembly Law and Public Safety Committee",2015-06-01,2014-2015 Regular Session,87,strong,https://legiscan.com/NJ/bill/A4456/2014,via LegiScan (CC BY 4.0)
NJ,A446,Adds certain cannabis-like chemical substances to list of controlled dangerous substances.,1,Introduced,2012-01-10,"Introduced, Referred to Assembly Law and Public Safety Committee",2012-01-10,2012-2013 Regular Session,86,strong,https://legiscan.com/NJ/bill/A446/2012,via LegiScan (CC BY 4.0)
NJ,A4461,Regulates production and sale of certain intoxicating hemp products.,1,Introduced,2024-06-03,Substituted by S3235 (3R),2024-06-28,2024-2025 Regular Session,75,strong,https://legiscan.com/NJ/bill/A4461/2024,via LegiScan (CC BY 4.0)
NJ,A4494,"Adds illicit fentanyls to Schedule I in the ""New Jersey Controlled Dangerous Substances Act.""",1,Introduced,2026-03-09,"Introduced, Referred to Assembly Public Safety and Preparedness Committee",2026-03-09,2026-2027 Regular Session,86,strong,https://legiscan.com/NJ/bill/A4494/2026,via LegiScan (CC BY 4.0)
NJ,A4911,"""Psilocybin Behavioral Health Access and Services Act""; authorizes production and use of psilocybin to promote health and wellness; decriminalizes, and expunges past offenses involving, psilocybin production, possession, use, and distribution.",1,Introduced,2022-12-05,"Introduced, Referred to Assembly Health Committee",2022-12-05,2022-2023 Regular Session,99,title,https://legiscan.com/NJ/bill/A4911/2022,via LegiScan (CC BY 4.0)
NJ,A5026,"Adds illicit fentanyls to Schedule I in the ""New Jersey Controlled Dangerous Substances Act.""",1,Introduced,2019-02-07,"Introduced, Referred to Assembly Judiciary Committee",2019-02-07,2018-2019 Regular Session,85,strong,https://legiscan.com/NJ/bill/A5026/2018,via LegiScan (CC BY 4.0)
NJ,A5068,Permits Department of Agriculture to regulate sale and distribution of hemp-derived consumable products under certain circumstances.,1,Introduced,2024-12-09,"Introduced, Referred to Assembly Commerce, Economic Development and Agriculture Committee",2024-12-09,2024-2025 Regular Session,57,contextual,https://legiscan.com/NJ/bill/A5068/2024,via LegiScan (CC BY 4.0)
NJ,A5084,Reclassifies possession of psilocybin as disorderly persons offense.,1,Introduced,2020-11-30,Substituted by S3256,2020-12-17,2020-2021 Regular Session,97,title,https://legiscan.com/NJ/bill/A5084/2020,via LegiScan (CC BY 4.0)
NJ,A5211,"Updates and clarifies recent legislation passed by both Houses of the Legislature addressing cannabis legalization, and marijuana and hashish decriminalization.",1,Introduced,2021-01-04,"Reported out of Assembly Comm. with Amendments, 2nd Reading",2021-01-07,2020-2021 Regular Session,61,contextual,https://legiscan.com/NJ/bill/A5211/2020,via LegiScan (CC BY 4.0)
NJ,A5322,"Establishes program for cultivation, handling, processing, transport, and sale of hemp; repeals New Jersey Industrial Hemp Pilot Program.",4,Passed,2019-08-09,"Approved P.L.2019, c.238.",2019-08-09,2018-2019 Regular Session,75,strong,https://legiscan.com/NJ/bill/A5322/2018,via LegiScan (CC BY 4.0)
NJ,A5440,Prohibits production and sale of products containing delta-8 tetrahydrocannabinol.,2,Engrossed,2023-06-30,"Received in the Senate without Reference, 2nd Reading",2023-11-27,2022-2023 Regular Session,84,strong,https://legiscan.com/NJ/bill/A5440/2022,via LegiScan (CC BY 4.0)
NJ,A6145,Classifies 7 Hydroxymitragynine as Schedule I drug and bans sale of products containing substance.,1,Introduced,2025-12-04,"Introduced, Referred to Assembly Consumer Affairs Committee",2025-12-04,2024-2025 Regular Session,84,strong,https://legiscan.com/NJ/bill/A6145/2024,via LegiScan (CC BY 4.0)
NJ,A998,"Adds illicit fentanyls to Schedule I in the ""New Jersey Controlled Dangerous Substances Act.""",1,Introduced,2024-01-09,"Introduced, Referred to Assembly Judiciary Committee",2024-01-09,2024-2025 Regular Session,84,strong,https://legiscan.com/NJ/bill/A998/2024,via LegiScan (CC BY 4.0)
NJ,S1389,"Clarifies that school bus for purpose of upgraded penalties in ""school zone"" criminal drug laws includes any bus owned and operated by board of education or by private contractor.",1,Introduced,2022-02-10,"Introduced in the Senate, Referred to Senate Judiciary Committee",2022-02-10,2022-2023 Regular Session,83,strong,https://legiscan.com/NJ/bill/S1389/2022,via LegiScan (CC BY 4.0)
NJ,S1418,Permits Department of Agriculture to regulate sale and distribution of hemp-derived consumable products under certain circumstances.,1,Introduced,2026-01-13,"Introduced in the Senate, Referred to Senate Judiciary Committee",2026-01-13,2026-2027 Regular Session,56,contextual,https://legiscan.com/NJ/bill/S1418/2026,via LegiScan (CC BY 4.0)
NJ,S156,"Criminalizes possession and sale of alpha-pyrrolidinopentiophenone (alpha-PVP), commonly known as ""flakka,"" or ""flocka.""",1,Introduced,2016-01-12,Substituted by A2176,2017-06-26,2016-2017 Regular Session,87,strong,https://legiscan.com/NJ/bill/S156/2016,via LegiScan (CC BY 4.0)
NJ,S1705,"Adds illicit fentanyls to Schedule I in the ""New Jersey Controlled Dangerous Substances Act.""",1,Introduced,2020-02-13,"Introduced in the Senate, Referred to Senate Judiciary Committee",2020-02-13,2020-2021 Regular Session,85,strong,https://legiscan.com/NJ/bill/S1705/2020,via LegiScan (CC BY 4.0)
NJ,S1783,"Prohibits manufacture, sale, or possession of synthetic marijuana.",4,Passed,2013-03-12,"Approved P.L.2013, c.35.",2013-03-12,2012-2013 Regular Session,78,strong,https://legiscan.com/NJ/bill/S1783/2012,via LegiScan (CC BY 4.0)
NJ,S1865,"Adds illicit fentanyls to Schedule I in the ""New Jersey Controlled Dangerous Substances Act.""",1,Introduced,2026-01-13,"Introduced in the Senate, Referred to Senate Judiciary Committee",2026-01-13,2026-2027 Regular Session,85,strong,https://legiscan.com/NJ/bill/S1865/2026,via LegiScan (CC BY 4.0)
NJ,S2155,"Adds illicit fentanyls to Schedule I in the ""New Jersey Controlled Dangerous Substances Act.""",1,Introduced,2022-03-07,"Introduced in the Senate, Referred to Senate Judiciary Committee",2022-03-07,2022-2023 Regular Session,84,strong,https://legiscan.com/NJ/bill/S2155/2022,via LegiScan (CC BY 4.0)
NJ,S2283,Establishes Psilocybin Behavioral Health Access and Therapy Pilot Program; appropriates $6 million.,4,Passed,2026-01-20,"Approved P.L.2025, c.296.",2026-01-20,2024-2025 Regular Session,99,title,https://legiscan.com/NJ/bill/S2283/2024,via LegiScan (CC BY 4.0)
NJ,S2400,"Adds illicit fentanyls to Schedule I in the ""New Jersey Controlled Dangerous Substances Act.""",1,Introduced,2018-04-05,"Introduced in the Senate, Referred to Senate Health, Human Services and Senior Citizens Committee",2018-04-05,2018-2019 Regular Session,85,strong,https://legiscan.com/NJ/bill/S2400/2018,via LegiScan (CC BY 4.0)
NJ,S2491,Directs Dept. of Agriculture to create pilot program to research cultivation of industrial hemp.,1,Introduced,2018-04-16,Substituted by A1330 (AS),2018-09-27,2018-2019 Regular Session,78,strong,https://legiscan.com/NJ/bill/S2491/2018,via LegiScan (CC BY 4.0)
NJ,S2606,Adds certain cannabis-like chemical substances to list of controlled dangerous substances.,1,Introduced,2011-01-10,"Introduced in the Senate, Referred to Senate Law and Public Safety Committee",2011-01-10,2010-2011 Regular Session,86,strong,https://legiscan.com/NJ/bill/S2606/2010,via LegiScan (CC BY 4.0)
NJ,S2706,"Clarifies that school bus for purpose of upgraded penalties in ""school zone"" criminal drug laws includes any bus owned and operated by board of education or by private contractor.",1,Introduced,2024-02-15,"Introduced in the Senate, Referred to Senate Judiciary Committee",2024-02-15,2024-2025 Regular Session,83,strong,https://legiscan.com/NJ/bill/S2706/2024,via LegiScan (CC BY 4.0)
NJ,S2934,"""Psilocybin Behavioral Health Access and Services Act""; authorizes production and use of psilocybin to promote health and wellness; decriminalizes, and expunges past offenses involving, psilocybin production, possession, use, and distribution.",1,Introduced,2022-06-23,"Introduced in the Senate, Referred to Senate Health, Human Services and Senior Citizens Committee",2022-06-23,2022-2023 Regular Session,99,title,https://legiscan.com/NJ/bill/S2934/2022,via LegiScan (CC BY 4.0)
NJ,S3003,"Criminalizes possession and sale of alpha-pyrrolidinopentiophenone (alpha-PVP) commonly known as ""flakka,"" or ""flocka.""",1,Introduced,2015-06-11,"Introduced in the Senate, Referred to Senate Law and Public Safety Committee",2015-06-11,2014-2015 Regular Session,87,strong,https://legiscan.com/NJ/bill/S3003/2014,via LegiScan (CC BY 4.0)
NJ,S301,Classifies 7 Hydroxymitragynine as Schedule I drug.,1,Introduced,2026-01-13,Referred to Senate Budget and Appropriations Committee,2026-03-16,2026-2027 Regular Session,86,strong,https://legiscan.com/NJ/bill/S301/2026,via LegiScan (CC BY 4.0)
NJ,S3145,Requires Dept. of Agriculture to establish pilot program concerning cultivation of industrial hemp.,1,Introduced,2018-10-22,"Introduced in the Senate, Referred to Senate Economic Growth Committee",2018-10-22,2018-2019 Regular Session,78,strong,https://legiscan.com/NJ/bill/S3145/2018,via LegiScan (CC BY 4.0)
NJ,S3148,"""Psilocybin Behavioral Health Access and Services Act""; authorizes production and use of psilocybin to promote health and wellness.",6,Failed,2026-01-13,"Withdrawn Because Approved P.L.2025, c.296.",2026-01-13,2026-2027 Regular Session,99,title,https://legiscan.com/NJ/bill/S3148/2026,via LegiScan (CC BY 4.0)
NJ,S3235,Regulates production and sale of certain intoxicating hemp products.,4,Passed,2024-09-12,"Approved P.L.2024, c.73.",2024-09-12,2024-2025 Regular Session,75,strong,https://legiscan.com/NJ/bill/S3235/2024,via LegiScan (CC BY 4.0)
NJ,S3256,Reclassifies possession of psilocybin as disorderly persons offense.,4,Passed,2021-02-04,"Approved P.L.2021, c.9.",2021-02-04,2020-2021 Regular Session,98,title,https://legiscan.com/NJ/bill/S3256/2020,via LegiScan (CC BY 4.0)
NJ,S3320,"Updates and clarifies recent legislation passed by both Houses of the Legislature addressing cannabis legalization, and marijuana and hashish decriminalization.",1,Introduced,2021-01-07,"Reported from Senate Committee, 2nd Reading",2021-01-07,2020-2021 Regular Session,59,contextual,https://legiscan.com/NJ/bill/S3320/2020,via LegiScan (CC BY 4.0)
NJ,S3325,Enhances penalties for distribution and manufacture of certain amounts of fentanyl.,2,Engrossed,2023-06-20,"Received in the Assembly, Referred to Assembly Judiciary Committee",2023-06-22,2022-2023 Regular Session,80,strong,https://legiscan.com/NJ/bill/S3325/2022,via LegiScan (CC BY 4.0)
NJ,S3343,"Clarifies that school bus for purpose of upgraded penalties in ""school zone"" criminal drug laws includes any bus owned and operated by board of education or by private contractor.",1,Introduced,2026-02-05,"Introduced in the Senate, Referred to Senate Law and Public Safety Committee",2026-02-05,2026-2027 Regular Session,84,strong,https://legiscan.com/NJ/bill/S3343/2026,via LegiScan (CC BY 4.0)
NJ,S3686,"Establishes program for cultivation, handling, processing, transport, and sale of hemp; repeals New Jersey Industrial Hemp Pilot Program.",1,Introduced,2019-05-13,Substituted by A5322 (2R),2019-06-20,2018-2019 Regular Session,74,contextual,https://legiscan.com/NJ/bill/S3686/2018,via LegiScan (CC BY 4.0)
NJ,S3944,Prohibits production and sale of products containing delta-8 tetrahydrocannabinol.,1,Introduced,2023-06-08,"Reported from Senate Committee, 2nd Reading",2023-06-12,2022-2023 Regular Session,84,strong,https://legiscan.com/NJ/bill/S3944/2022,via LegiScan (CC BY 4.0)
NJ,S4772,Classifies 7 Hydroxymitragynine as Schedule I drug.,1,Introduced,2025-10-27,"Introduced in the Senate, Referred to Senate Health, Human Services and Senior Citizens Committee",2025-10-27,2024-2025 Regular Session,85,strong,https://legiscan.com/NJ/bill/S4772/2024,via LegiScan (CC BY 4.0)
NJ,S4821,Permits Department of Agriculture to regulate sale and distribution of hemp-derived consumable products under certain circumstances.,1,Introduced,2025-11-06,"Introduced in the Senate, Referred to Senate Judiciary Committee",2025-11-06,2024-2025 Regular Session,57,contextual,https://legiscan.com/NJ/bill/S4821/2024,via LegiScan (CC BY 4.0)
NJ,S617,"Adds illicit fentanyls to Schedule I in the ""New Jersey Controlled Dangerous Substances Act.""",1,Introduced,2024-01-09,"Introduced in the Senate, Referred to Senate Judiciary Committee",2024-01-09,2024-2025 Regular Session,84,strong,https://legiscan.com/NJ/bill/S617/2024,via LegiScan (CC BY 4.0)
NM,HB11,Cannabis Tax Act,1,Introduced,2016-09-30,[LD 1] Action postponed indefinitely,2016-09-30,2016 2nd Special Session,61,contextual,https://legiscan.com/NM/bill/HB11/2016/X2,via LegiScan (CC BY 4.0)
NM,HB12,Cannabis Regulation Act,2,Engrossed,2021-02-26,SJC: Reported by committee with Do Pass recommendation with amendment(s),2021-03-18,2021 Regular Session,55,contextual,https://legiscan.com/NM/bill/HB12/2021,via LegiScan (CC BY 4.0)
NM,HB133,General Appropriation Act Of 2026,1,Introduced,2026-01-22,Action Postponed Indefinitely,2026-01-22,2026 Regular Session,50,contextual,https://legiscan.com/NM/bill/HB133/2026,via LegiScan (CC BY 4.0)
NM,HB139,Marijuana Derivative Drug Exemptions,4,Passed,2018-02-14,[LD 19] Signed by the Governor - Chapter 41,2018-02-14,2018 Regular Session,93,strong,https://legiscan.com/NM/bill/HB139/2018,via LegiScan (CC BY 4.0)
NM,HB144,Industrial Hemp Research Rules,3,Enrolled,2017-02-07,[LD 10] LAW WITHOUT SIGNATURE () Ch. .,2017-01-26,2017 Regular Session,91,strong,https://legiscan.com/NM/bill/HB144/2017,via LegiScan (CC BY 4.0)
NM,HB148,Industrial Hemp Research,1,Introduced,2016-01-19,[LD 1] Action postponed indefinitely,2016-01-19,2016 Regular Session,86,strong,https://legiscan.com/NM/bill/HB148/2016,via LegiScan (CC BY 4.0)
NM,HB154,Industrial Hemp Research & Development,1,Introduced,2017-01-18,[LD 5] (Succeeding entries: H 144).,2017-01-21,2017 Regular Session,87,strong,https://legiscan.com/NM/bill/HB154/2017,via LegiScan (CC BY 4.0)
NM,HB160,Cannabis revenue & freedom act,1,Introduced,2015-01-22,[LD 3] Action postponed indefinitely,2015-01-22,2015 Regular Session,61,contextual,https://legiscan.com/NM/bill/HB160/2015,via LegiScan (CC BY 4.0)
NM,HB160,Cannabis Regulation Act,1,Introduced,2020-01-21,Action Postponed Indefinitely,2020-01-23,2020 Regular Session,56,contextual,https://legiscan.com/NM/bill/HB160/2020,via LegiScan (CC BY 4.0)
NM,HB17,Cannabis Regulation Act,1,Introduced,2021-02-02,Sent to HHHC - Referrals: HHHC/HTRC,2021-02-02,2021 Regular Session,67,contextual,https://legiscan.com/NM/bill/HB17/2021,via LegiScan (CC BY 4.0)
NM,HB2,General Appropriation Act Of 2026,4,Passed,2026-03-11,Signed by Governor - Chapter 67 - Mar. 11,2026-03-11,2026 Regular Session,77,strong,https://legiscan.com/NM/bill/HB2/2026,via LegiScan (CC BY 4.0)
NM,HB2,Cannabis Regulation Act,4,Passed,2021-03-31,Signed by Governor - Chapter 4 - Apr. 12,2021-03-31,2021 1st Special Session,56,contextual,https://legiscan.com/NM/bill/HB2/2021/X1,via LegiScan (CC BY 4.0)
NM,HB280,Industrial Hemp Research Rules,1,Introduced,2017-01-20,[LD 5] (Succeeding entries: H 144).,2017-01-21,2017 Regular Session,86,strong,https://legiscan.com/NM/bill/HB280/2017,via LegiScan (CC BY 4.0)
NM,HB312,Cannabis Taxation & Regulation Act,1,Introduced,2018-01-31,[LD 4] Action postponed indefinitely,2018-01-31,2018 Regular Session,62,contextual,https://legiscan.com/NM/bill/HB312/2018,via LegiScan (CC BY 4.0)
NM,HB334,Cannabis Research Act,1,Introduced,2020-02-03,Action Postponed Indefinitely,2020-02-14,2020 Regular Session,85,strong,https://legiscan.com/NM/bill/HB334/2020,via LegiScan (CC BY 4.0)
NM,HB336,Use Of Fda-approved Psilocybin,1,Introduced,2026-02-04,Action Postponed Indefinitely,2026-02-04,2026 Regular Session,99,title,https://legiscan.com/NM/bill/HB336/2026,via LegiScan (CC BY 4.0)
NM,HB336,Prohibit synthetic cannabinoids & salvia,1,Introduced,2011-01-29,[LD 44] SJC API.,2011-03-02,2011 Regular Session,88,strong,https://legiscan.com/NM/bill/HB336/2011,via LegiScan (CC BY 4.0)
NM,HB356,Cannabis Regulation Act,2,Engrossed,2019-03-07,Action Postponed Indefinitely,2019-03-09,2019 Regular Session,60,contextual,https://legiscan.com/NM/bill/HB356/2019,via LegiScan (CC BY 4.0)
NM,HB393,Study Use Of Psilocybin For Mental Health,1,Introduced,2023-02-13,HHHC: Reported by committee with Do Pass recommendation,2023-03-01,2023 Regular Session,99,title,https://legiscan.com/NM/bill/HB393/2023,via LegiScan (CC BY 4.0)
NM,HB566,Hemp Research,1,Introduced,2019-02-13,Action Postponed Indefinitely,2019-02-26,2019 Regular Session,87,strong,https://legiscan.com/NM/bill/HB566/2019,via LegiScan (CC BY 4.0)
NM,HB581,Hemp Manufacturing Act,4,Passed,2019-03-13,Signed by Governor - Chapter 116 - Apr. 1,2019-03-13,2019 Regular Session,86,strong,https://legiscan.com/NM/bill/HB581/2019,via LegiScan (CC BY 4.0)
NM,HB606,Synthetic drugs as controlled substances,1,Introduced,2011-02-10,[LD 1] (Succeeding entries: H 336).,2011-01-18,2011 Regular Session,87,strong,https://legiscan.com/NM/bill/HB606/2011,via LegiScan (CC BY 4.0)
NM,HB75,Cannabis Revenue & Freedom Act,1,Introduced,2016-01-19,[LD 1] Action postponed indefinitely,2016-01-19,2016 Regular Session,61,contextual,https://legiscan.com/NM/bill/HB75/2016,via LegiScan (CC BY 4.0)
NM,HB89,Cannabis Revenue & Freedom Act,1,Introduced,2017-01-17,[LD 4] Referred to House Business & Industry,2017-01-20,2017 Regular Session,63,contextual,https://legiscan.com/NM/bill/HB89/2017,via LegiScan (CC BY 4.0)
NM,HB93,Synthetic cannabinoid as controlled substance,1,Introduced,2012-01-18,[LD 2] Action postponed indefinitely,2012-01-18,2012 Regular Session,87,strong,https://legiscan.com/NM/bill/HB93/2012,via LegiScan (CC BY 4.0)
NM,HM58,Study Psilocybin-based Medication Treatment,1,Introduced,2025-03-14,Sent to HHHC - Referrals: HHHC,2025-03-14,2025 Regular Session,99,title,https://legiscan.com/NM/bill/HM58/2025,via LegiScan (CC BY 4.0)
NM,SB11,Industrial Hemp Research,2,Engrossed,2016-10-01,[LD 1] Action postponed indefinitely,2016-09-30,2016 2nd Special Session,86,strong,https://legiscan.com/NM/bill/SB11/2016/X2,via LegiScan (CC BY 4.0)
NM,SB115,Cannabis Regulation Act,1,Introduced,2020-01-21,Action Postponed Indefinitely,2020-01-29,2020 Regular Session,56,contextual,https://legiscan.com/NM/bill/SB115/2020,via LegiScan (CC BY 4.0)
NM,SB127,Synthetic cannabinoid as controlled substance,1,Introduced,2014-01-22,[LD 11] Action postponed indefinitely,2014-02-04,2014 Regular Session,96,strong,https://legiscan.com/NM/bill/SB127/2014,via LegiScan (CC BY 4.0)
NM,SB13,Cannabis Regulation Act,1,Introduced,2021-02-01,Sent to STBTC - Referrals: STBTC/SJC,2021-02-01,2021 Regular Session,67,contextual,https://legiscan.com/NM/bill/SB13/2021,via LegiScan (CC BY 4.0)
NM,SB134,Prohibit synthetic cannabinoids,1,Introduced,2011-01-18,[LD 47] DP-HJC- DP - PASSED/H (64-0) SGND (Mar.31) Ch. 16.,2011-03-05,2011 Regular Session,90,strong,https://legiscan.com/NM/bill/SB134/2011,via LegiScan (CC BY 4.0)
NM,SB219,Medical Psilocybin Act,4,Passed,2025-04-07,Signed by Governor - Chapter 73 - Apr. 7,2025-04-07,2025 Regular Session,99,title,https://legiscan.com/NM/bill/SB219/2025,via LegiScan (CC BY 4.0)
NM,SB228,General Appropriation Act Of 2026,1,Introduced,2026-02-03,Action Postponed Indefinitely,2026-02-04,2026 Regular Session,50,contextual,https://legiscan.com/NM/bill/SB228/2026,via LegiScan (CC BY 4.0)
NM,SB249,Marijuana Derivative Drug Exemptions,1,Introduced,2018-01-31,[LD 12] Action postponed indefinitely,2018-02-07,2018 Regular Session,87,strong,https://legiscan.com/NM/bill/SB249/2018,via LegiScan (CC BY 4.0)
NM,SB278,Cannabis Revenue & Freedom Act,1,Introduced,2017-01-24,[LD 22] Referred to Senate Corporations & Transportation,2017-02-07,2017 Regular Session,63,contextual,https://legiscan.com/NM/bill/SB278/2017,via LegiScan (CC BY 4.0)
NM,SB288,Cannabis Regulation Act,1,Introduced,2021-02-01,STBTC: Reported by committee with Do Not Pass but with a Do Pass recommendation on Committee Substitution,2021-03-10,2021 Regular Session,62,contextual,https://legiscan.com/NM/bill/SB288/2021,via LegiScan (CC BY 4.0)
NM,SB3,Research On Industrial Hemp,1,Introduced,2016-01-19,[LD 1] Action postponed indefinitely,2016-01-19,2016 Regular Session,86,strong,https://legiscan.com/NM/bill/SB3/2016,via LegiScan (CC BY 4.0)
NM,SB3,Cannabis Regulation Act,1,Introduced,2021-03-30,Sent to SCW - Referrals: SCW,2021-03-30,2021 1st Special Session,58,contextual,https://legiscan.com/NM/bill/SB3/2021/X1,via LegiScan (CC BY 4.0)
NM,SB363,Cannabis Regulation Act,1,Introduced,2021-02-10,Sent to STBTC - Referrals: STBTC/SJC,2021-02-10,2021 Regular Session,56,contextual,https://legiscan.com/NM/bill/SB363/2021,via LegiScan (CC BY 4.0)
NM,SB410,Crystalline Polymorph Psilocybin Rescheduling,1,Introduced,2025-02-14,"Tabled Indefinitely, Bill Has Died",2025-02-19,2025 Regular Session,97,title,https://legiscan.com/NM/bill/SB410/2025,via LegiScan (CC BY 4.0)
NM,SB577,Cannabis Regulation Act,1,Introduced,2019-02-14,Action Postponed Indefinitely,2019-03-07,2019 Regular Session,65,contextual,https://legiscan.com/NM/bill/SB577/2019,via LegiScan (CC BY 4.0)
NM,SB6,Industrial Hemp Research Rules,3,Enrolled,2017-01-26,[LD 27] LAW WITHOUT SIGNATURE (Mar. 13) Ch. .,2017-02-12,2017 Regular Session,90,strong,https://legiscan.com/NM/bill/SB6/2017,via LegiScan (CC BY 4.0)
NM,SB94,Industrial hemp farming act,5,Vetoed,2015-03-24,[LD 46] Passed House (54-12) Vetoed by the Governor and date.,2015-03-24,2015 Regular Session,89,strong,https://legiscan.com/NM/bill/SB94/2015,via LegiScan (CC BY 4.0)
NM,SM12,Study Psilocybin For Therapeutic Treatments,4,Passed,2024-02-14,Signed by one or both houses (for legislation not requiring Governor's signature),2024-02-14,2024 Regular Session,99,title,https://legiscan.com/NM/bill/SM12/2024,via LegiScan (CC BY 4.0)
NV,AB378,Creates the Alternative Therapy Pilot Program. (BDR 40-820),6,Failed,2025-06-03,(No further action taken.),2025-06-03,83rd Legislature (2025),99,strong,https://legiscan.com/NV/bill/AB378/2025,via LegiScan (CC BY 4.0)
NV,SB242,Requires the Department of Health and Human Services to establish the Psychedelic Medicines Working Group. (BDR S-39),4,Passed,2023-06-13,"Chapter 377. (Effective June 12, 2023)",2023-06-13,82nd Legislature (2023),100,title,https://legiscan.com/NV/bill/SB242/2023,via LegiScan (CC BY 4.0)
NV,SJR10,Urges Congress to take certain actions relating to the therapeutic use of certain psychedelic compounds. (BDR R-801),4,Passed,2025-06-01,"File No. 28. (Effective May 22, 2025)",2025-06-01,83rd Legislature (2025),99,title,https://legiscan.com/NV/bill/SJR10/2025,via LegiScan (CC BY 4.0)
NY,A00114,Legalizes adult possession and use of certain natural plant or fungus-based hallucinogens; grants certain protections for individuals lawfully using such hallucinogens; removes such hallucinogens from the list of schedule I controlled substances; mak,1,Introduced,2023-01-04,referred to health,2024-01-03,2023-2024 General Assembly,92,strong,https://legiscan.com/NY/bill/A00114/2023,via LegiScan (CC BY 4.0)
NY,A00628,Legalizes adult possession and use of certain natural plant or fungus-based hallucinogens; grants certain protections for individuals lawfully using such hallucinogens; removes such hallucinogens from the list of schedule I controlled substances; mak,1,Introduced,2025-01-08,referred to health,2026-01-07,2025-2026 General Assembly,92,strong,https://legiscan.com/NY/bill/A00628/2025,via LegiScan (CC BY 4.0)
NY,A01522,"Requires the office of addiction services and supports to encourage, aid, and facilitate clinical research into the use of ibogaine in drug treatment for heroin, methamphetamine and cocaine addiction.",1,Introduced,2025-01-10,referred to alcoholism and drug abuse,2026-01-07,2025-2026 General Assembly,95,title,https://legiscan.com/NY/bill/A01522/2025,via LegiScan (CC BY 4.0)
NY,A02142,Authorizes the use of psilocybin to treat qualified medical conditions; prohibits criminal diversion of medical psilocybin.,1,Introduced,2025-01-15,print number 2142a,2026-05-08,2025-2026 General Assembly,99,title,https://legiscan.com/NY/bill/A02142/2025,via LegiScan (CC BY 4.0)
NY,A02240,Enacts the trafficking victims protection and justice act.,1,Introduced,2013-01-09,print number 2240d,2014-03-21,2013-2014 General Assembly,79,strong,https://legiscan.com/NY/bill/A02240/2013,via LegiScan (CC BY 4.0)
NY,A03089,"Enacts the ""marihuana regulation and taxation act""; relates to the description of marihuana, and the growing of and use of marihuana by persons eighteen years of age or older; makes technical changes regarding the definition of marihuana; relates to ",1,Introduced,2015-01-22,referred to codes,2016-01-06,2015-2016 General Assembly,62,contextual,https://legiscan.com/NY/bill/A03089/2015,via LegiScan (CC BY 4.0)
NY,A03506,"Enacts the ""marihuana regulation and taxation act""; relates to the description of marihuana, and the growing of and use of marihuana by persons twenty-one years of age or older; makes technical changes regarding the definition of marihuana; relates t",1,Introduced,2017-01-27,print number 3506c,2018-11-16,2017-2018 General Assembly,52,contextual,https://legiscan.com/NY/bill/A03506/2017,via LegiScan (CC BY 4.0)
NY,A03581,Relates to medical use of psilocybin; establishes a psilocybin assisted therapy grant program; makes an appropriation therefor.,1,Introduced,2023-02-03,referred to health,2024-01-03,2023-2024 General Assembly,99,title,https://legiscan.com/NY/bill/A03581/2023,via LegiScan (CC BY 4.0)
NY,A03745,"Establishes the ""trafficking victims protection and justice act""; makes various provisions relating to prostitution offenses; creates crimes of aggravated patronizing a minor for prostitution.",1,Introduced,2015-01-27,held for consideration in codes,2016-03-29,2015-2016 General Assembly,83,strong,https://legiscan.com/NY/bill/A03745/2015,via LegiScan (CC BY 4.0)
NY,A03775,Relates to medical use of psilocybin; establishes a psilocybin assisted therapy grant program; makes an appropriation therefor.,1,Introduced,2025-01-30,referred to health,2026-01-07,2025-2026 General Assembly,99,title,https://legiscan.com/NY/bill/A03775/2025,via LegiScan (CC BY 4.0)
NY,A03845,Establishes the psilocybin assisted therapy pilot program; provides such program will be offered to veterans and first responders from New York state; establishes a psilocybin assisted therapy pilot program fund.,1,Introduced,2025-01-30,print number 3845a,2026-01-08,2025-2026 General Assembly,99,title,https://legiscan.com/NY/bill/A03845/2025,via LegiScan (CC BY 4.0)
NY,A04225,"Requires the office of alcoholism and substance abuse services to encourage, aid, and facilitate clinical research into the use of ibogaine in drug treatment for heroin, methamphetamine and cocaine addiction.",1,Introduced,2019-02-01,referred to alcoholism and drug abuse,2020-01-08,2019-2020 General Assembly,95,title,https://legiscan.com/NY/bill/A04225/2019,via LegiScan (CC BY 4.0)
NY,A05459,"Requires the office of alcoholism and substance abuse services to encourage, aid, and facilitate clinical research into the use of ibogaine in drug treatment for heroin, methamphetamine and cocaine addiction.",1,Introduced,2017-02-09,referred to alcoholism and drug abuse,2018-01-03,2017-2018 General Assembly,95,title,https://legiscan.com/NY/bill/A05459/2017,via LegiScan (CC BY 4.0)
NY,A06065,Legalizes adult possession and use of certain natural plant or fungus-based hallucinogens; grants certain protections for individuals lawfully using such hallucinogens; removes such hallucinogens from the list of schedule I controlled substances; mak,1,Introduced,2021-03-08,print number 6065a,2022-10-03,2021-2022 General Assembly,95,strong,https://legiscan.com/NY/bill/A06065/2021,via LegiScan (CC BY 4.0)
NY,A06210,"Requires the office of addiction services and supports to encourage, aid, and facilitate clinical research into the use of ibogaine in drug treatment for heroin, methamphetamine and cocaine addiction.",1,Introduced,2023-04-03,referred to alcoholism and drug abuse,2024-01-03,2023-2024 General Assembly,95,title,https://legiscan.com/NY/bill/A06210/2023,via LegiScan (CC BY 4.0)
NY,A07254,"Establishes the ""trafficking victims protection and justice act""; makes various provisions relating to prostitution offenses; creates crimes of aggravated patronizing a minor for prostitution.",1,Introduced,2013-05-08,held for consideration in codes,2014-05-28,2013-2014 General Assembly,83,strong,https://legiscan.com/NY/bill/A07254/2013,via LegiScan (CC BY 4.0)
NY,A07749,Provides for the express addition and addition by reference of numerous controlled substances to the state schedules of controlled substances.,1,Introduced,2017-05-11,referred to health,2018-01-03,2017-2018 General Assembly,87,strong,https://legiscan.com/NY/bill/A07749/2017,via LegiScan (CC BY 4.0)
NY,A07928,"Establishes the psychedelic research institute and the psychedelic substances therapeutic research program which shall study and provide recommendations regarding the use of psychedelic substances in the treatment of addictive disorders, depression, ",1,Introduced,2021-06-01,referred to health,2022-01-05,2021-2022 General Assembly,99,title,https://legiscan.com/NY/bill/A07928/2021,via LegiScan (CC BY 4.0)
NY,A08341,"Enacts the ""marihuana regulation and taxation act""; relates to the description of marihuana, and the growing of and use of marihuana by persons eighteen years of age or older; makes technical changes regarding the definition of marihuana; relates to ",1,Introduced,2013-12-18,referred to codes,2014-01-08,2013-2014 General Assembly,63,contextual,https://legiscan.com/NY/bill/A08341/2013,via LegiScan (CC BY 4.0)
NY,A08349,Establishes the psilocybin assisted therapy pilot program; provides such program will be offered to ten thousand veterans and first responders from the western region of New York state.,1,Introduced,2023-12-13,print number 8349a,2024-01-16,2023-2024 General Assembly,99,title,https://legiscan.com/NY/bill/A08349/2023,via LegiScan (CC BY 4.0)
NY,A08356,"Requires the office of alcoholism and substance abuse services to encourage, aid, and facilitate clinical research into the use of Ibogaine in drug treatment for heroin, methamphetamine and cocaine addiction.",1,Introduced,2015-08-05,print number 8356a,2016-04-11,2015-2016 General Assembly,97,title,https://legiscan.com/NY/bill/A08356/2015,via LegiScan (CC BY 4.0)
NY,A08569,Relates to medical use of psilocybin.,1,Introduced,2021-12-13,print number 8569a,2022-04-29,2021-2022 General Assembly,99,title,https://legiscan.com/NY/bill/A08569/2021,via LegiScan (CC BY 4.0)
NY,A09583,Establishes a research grant program to fund clinical trials of ibogaine for the treatment of veterans for post-traumatic stress disorder; creates a fund to provide monies for the research grant program.,1,Introduced,2026-01-21,referred to health,2026-01-21,2025-2026 General Assembly,99,title,https://legiscan.com/NY/bill/A09583/2025,via LegiScan (CC BY 4.0)
NY,A09804,"Establishes the ""trafficking victims protection and justice act""; makes various provisions relating to prostitution offenses; creates crimes of aggravated patronizing a minor for prostitution.",1,Introduced,2012-04-10,referred to codes,2012-04-10,2011-2012 General Assembly,82,strong,https://legiscan.com/NY/bill/A09804/2011,via LegiScan (CC BY 4.0)
NY,A10299,Decriminalizes psilocybin.,1,Introduced,2020-04-15,referred to health,2020-04-15,2019-2020 General Assembly,94,title,https://legiscan.com/NY/bill/A10299/2019,via LegiScan (CC BY 4.0)
NY,A10375,"Allows the growth, cultivation, and regulated adult use of psilocybin for the treatment of certain health conditions; provides for the certification of support service providers and the licensure of cultivators.",1,Introduced,2024-05-21,referred to health,2024-05-21,2023-2024 General Assembly,99,title,https://legiscan.com/NY/bill/A10375/2023,via LegiScan (CC BY 4.0)
NY,J01666,"Memorializing Governor Kathy Hochul to proclaim May 7, 2024, as Fentanyl Awareness Day in the State of New York",4,Passed,2024-01-17,ADOPTED,2024-01-17,2023-2024 General Assembly,87,strong,https://legiscan.com/NY/bill/J01666/2023,via LegiScan (CC BY 4.0)
NY,K00444,"Memorializing Governor Kathy Hochul to proclaim May 7, 2025, as Fentanyl Awareness Day in the State of New York",4,Passed,2025-05-07,adopted,2025-05-07,2025-2026 General Assembly,87,strong,https://legiscan.com/NY/bill/K00444/2025,via LegiScan (CC BY 4.0)
NY,K00446,"Memorializing Governor Kathy Hochul to proclaim May 9, 2023, as Fentanyl Awareness Day in the State of New York",4,Passed,2023-05-15,adopted,2023-05-15,2023-2024 General Assembly,87,strong,https://legiscan.com/NY/bill/K00446/2023,via LegiScan (CC BY 4.0)
NY,K01233,"Memorializing Governor Kathy Hochul to proclaim April 29, 2026, as Fentanyl Awareness Day in the State of New York",4,Passed,2026-04-29,adopted,2026-04-29,2025-2026 General Assembly,87,strong,https://legiscan.com/NY/bill/K01233/2025,via LegiScan (CC BY 4.0)
NY,K02105,"Memorializing Governor Kathy Hochul to proclaim May 7, 2024, as Fentanyl Awareness Day in the State of New York",4,Passed,2024-05-07,adopted,2024-05-07,2023-2024 General Assembly,87,strong,https://legiscan.com/NY/bill/K02105/2023,via LegiScan (CC BY 4.0)
NY,S00495,Relates to medical use of psilocybin; establishes a psilocybin assisted therapy grant program; makes an appropriation therefor.,1,Introduced,2025-01-08,REFERRED TO FINANCE,2026-01-07,2025-2026 General Assembly,99,title,https://legiscan.com/NY/bill/S00495/2025,via LegiScan (CC BY 4.0)
NY,S01747,"Enacts the ""marihuana regulation and taxation act""; relates to the description of marihuana, and the growing of and use of marihuana by persons eighteen years of age or older; makes technical changes regarding the definition of marihuana; relates to ",1,Introduced,2015-01-14,REFERRED TO FINANCE,2016-01-06,2015-2016 General Assembly,60,contextual,https://legiscan.com/NY/bill/S01747/2015,via LegiScan (CC BY 4.0)
NY,S01801,Establishes the psilocybin assisted therapy pilot program; provides such program will be offered to veterans and first responders from New York state; establishes a psilocybin assisted therapy pilot program fund.,1,Introduced,2025-01-13,PRINT NUMBER 1801A,2026-01-09,2025-2026 General Assembly,99,title,https://legiscan.com/NY/bill/S01801/2025,via LegiScan (CC BY 4.0)
NY,S01817,"Requires the office of addiction services and supports to encourage, aid, and facilitate clinical research into the use of ibogaine in drug treatment for heroin, methamphetamine and cocaine addiction.",1,Introduced,2025-01-14,REPORTED AND COMMITTED TO FINANCE,2026-04-29,2025-2026 General Assembly,95,title,https://legiscan.com/NY/bill/S01817/2025,via LegiScan (CC BY 4.0)
NY,S02135,"Establishes the ""trafficking victims protection and justice act""; makes various provisions relating to prostitution offenses; creates crimes of aggravated patronizing a minor for prostitution; relates to sexually exploited children and youthful offen",1,Introduced,2013-01-11,REFERRED TO CODES,2014-01-08,2013-2014 General Assembly,87,strong,https://legiscan.com/NY/bill/S02135/2013,via LegiScan (CC BY 4.0)
NY,S02511,"Establishes the ""trafficking victims protection and justice act""; makes various provisions relating to prostitution offenses; creates crimes of aggravated patronizing a minor for prostitution.",2,Engrossed,2013-03-06,REFERRED TO CODES,2014-01-08,2013-2014 General Assembly,83,strong,https://legiscan.com/NY/bill/S02511/2013,via LegiScan (CC BY 4.0)
NY,S03040,"Enacts the ""marihuana regulation and taxation act""; relates to the description of marihuana, and the growing of and use of marihuana by persons twenty-one years of age or older; makes technical changes regarding the definition of marihuana; relates t",1,Introduced,2017-01-19,PRINT NUMBER 3040C,2018-11-07,2017-2018 General Assembly,52,contextual,https://legiscan.com/NY/bill/S03040/2017,via LegiScan (CC BY 4.0)
NY,S03520,Relates to medical use of psilocybin; establishes a psilocybin assisted therapy grant program; makes an appropriation therefor.,1,Introduced,2023-01-31,REFERRED TO FINANCE,2024-01-03,2023-2024 General Assembly,99,title,https://legiscan.com/NY/bill/S03520/2023,via LegiScan (CC BY 4.0)
NY,S04233,Makes various amendments to provisions relating to prostitution offenses; creates crimes of aggravated partronizing a minor for prostitution.,1,Introduced,2013-03-15,REFERRED TO CODES,2014-01-08,2013-2014 General Assembly,79,strong,https://legiscan.com/NY/bill/S04233/2013,via LegiScan (CC BY 4.0)
NY,S04664,"Directs the commissioner of health, in conjunction with the commissioners of mental health and veterans' services, to conduct a study on the use of ibogaine as a treatment for post-traumatic stress disorder, and the increasing rate of PTSD diagnoses ",1,Introduced,2025-02-11,REFERRED TO HEALTH,2026-01-07,2025-2026 General Assembly,96,title,https://legiscan.com/NY/bill/S04664/2025,via LegiScan (CC BY 4.0)
NY,S05181,Designates psychedelic phenethylamine as a Schedule I hallucinogenic controlled substance.,1,Introduced,2011-05-03,"RECOMMIT, ENACTING CLAUSE STRICKEN",2012-01-09,2011-2012 General Assembly,95,title,https://legiscan.com/NY/bill/S05181/2011,via LegiScan (CC BY 4.0)
NY,S05303,Authorizes the use of psilocybin to treat qualified medical conditions; prohibits criminal diversion of medical psilocybin.,1,Introduced,2025-02-20,PRINT NUMBER 5303A,2026-05-08,2025-2026 General Assembly,99,title,https://legiscan.com/NY/bill/S05303/2025,via LegiScan (CC BY 4.0)
NY,S05357,Provides for the express addition and addition by reference of numerous controlled substances to the state schedules of controlled substances.,2,Engrossed,2017-06-13,REFERRED TO HEALTH,2018-01-03,2017-2018 General Assembly,92,strong,https://legiscan.com/NY/bill/S05357/2017,via LegiScan (CC BY 4.0)
NY,S06005,"Enacts the ""marihuana regulation and taxation act""; relates to the description of marihuana, and the growing of and use of marihuana by persons eighteen years of age or older; makes technical changes regarding the definition of marihuana; relates to ",1,Introduced,2013-12-11,COMMITTEE DISCHARGED AND COMMITTED TO HEALTH,2014-01-09,2013-2014 General Assembly,63,contextual,https://legiscan.com/NY/bill/S06005/2013,via LegiScan (CC BY 4.0)
NY,S06180,"Requires the office of addiction services and supports to encourage, aid, and facilitate clinical research into the use of ibogaine in drug treatment for heroin, methamphetamine and cocaine addiction.",1,Introduced,2023-04-03,REFERRED TO ALCOHOLISM AND SUBSTANCE USE DISORDERS,2024-01-03,2023-2024 General Assembly,95,title,https://legiscan.com/NY/bill/S06180/2023,via LegiScan (CC BY 4.0)
NY,S06759,Provides for the express addition and addition by reference of numerous controlled substances to the state schedules of controlled substances.,2,Engrossed,2017-06-20,REFERRED TO HEALTH,2018-01-03,2017-2018 General Assembly,87,strong,https://legiscan.com/NY/bill/S06759/2017,via LegiScan (CC BY 4.0)
NY,S07212,"Establishes the ""trafficking victims protection and justice act""; makes various provisions relating to prostitution offenses; creates crimes of aggravated patronizing a minor for prostitution.",2,Engrossed,2012-06-21,referred to codes,2012-06-21,2011-2012 General Assembly,86,strong,https://legiscan.com/NY/bill/S07212/2011,via LegiScan (CC BY 4.0)
NY,S07832,Establishes the psilocybin assisted therapy pilot program; provides such program will be offered to ten thousand veterans and first responders from the western region of New York state.,1,Introduced,2023-12-20,PRINT NUMBER 7832A,2024-02-08,2023-2024 General Assembly,99,title,https://legiscan.com/NY/bill/S07832/2023,via LegiScan (CC BY 4.0)
NY,S08807,"Directs the commissioner of health, in conjunction with the commissioners of mental health and veterans' services, to conduct a study on the use of ibogaine as a treatment for post-traumatic stress disorder, and the increasing rate of PTSD diagnoses ",1,Introduced,2024-03-14,REFERRED TO HEALTH,2024-03-14,2023-2024 General Assembly,96,title,https://legiscan.com/NY/bill/S08807/2023,via LegiScan (CC BY 4.0)
OH,HB127,To add six synthetic derivatives of cathinone that have been found in bath salts to the list of Schedule I controlled substances.,1,Introduced,2011-03-01,To Health & Aging,2011-03-01,129th General Assembly (2011-2012),65,contextual,https://legiscan.com/OH/bill/HB127/2011,via LegiScan (CC BY 4.0)
OH,HB315,"To require reports to the Department of Health regarding newborns diagnosed as opioid dependent, to update the chemical name for a type of controlled substance, and to specify procedures for granting variances or waivers of any requirement in the rul",4,Passed,2014-07-10,Effective Date,2014-07-10,130th General Assembly (2013-2014),66,contextual,https://legiscan.com/OH/bill/HB315/2013,via LegiScan (CC BY 4.0)
OH,HB501,To add the drug Zohydro to the list of Schedule I controlled substances.,1,Introduced,2014-03-20,To Health and Aging,2014-03-20,130th General Assembly (2013-2014),61,contextual,https://legiscan.com/OH/bill/HB501/2013,via LegiScan (CC BY 4.0)
OH,SB126,To add six synthetic derivatives of cathinone that have been found in bath salts to the list of Schedule I controlled substances.,1,Introduced,2011-03-22,"To Health, Human Services, & Aging",2011-03-22,129th General Assembly (2011-2012),65,contextual,https://legiscan.com/OH/bill/SB126/2011,via LegiScan (CC BY 4.0)
OH,SB237,Modifies drug laws concerning fentanyl and lisdexamfetamine,2,Engrossed,2016-12-01,Introduced,2016-12-05,131st General Assembly (2015-2016),58,contextual,https://legiscan.com/OH/bill/SB237/2015,via LegiScan (CC BY 4.0)
OH,SB275,To add synthetic cannabinoids commonly known as K2 or Spice to the list of Schedule I controlled substances.,1,Introduced,2010-06-02,To Judiciary Criminal Justice,2010-06-02,128th General Assembly (2009-2010),65,contextual,https://legiscan.com/OH/bill/SB275/2009,via LegiScan (CC BY 4.0)
OH,SB57,Decriminalize hemp and license hemp cultivation,4,Passed,2019-07-30,Effective 7/30/19 - Emergency: Most provisions effective 07/30/19; Certain provisions effective 09/20/19 and 03/22/20,2019-07-30,133rd General Assembly (2019-2020),71,contextual,https://legiscan.com/OH/bill/SB57/2019,via LegiScan (CC BY 4.0)
OH,SB57,To add synthetic cannabinoids commonly known as K2 or Spice to the list of Schedule I controlled substances.,1,Introduced,2011-02-01,To Judiciary Criminal Justice,2011-02-01,129th General Assembly (2011-2012),65,contextual,https://legiscan.com/OH/bill/SB57/2011,via LegiScan (CC BY 4.0)
OK,HB1163,Medical marijuana; decreasing weight amount of marijuana for aggravated trafficking offense; effective date.,2,Engrossed,2025-03-27,Coauthored by Senator McIntosh,2026-05-11,2026 Regular Session,92,strong,https://legiscan.com/OK/bill/HB1163/2026,via LegiScan (CC BY 4.0)
OK,HB1163,Medical marijuana; decreasing weight amount of marijuana for aggravated trafficking offense; effective date.,2,Engrossed,2025-03-27,Placed on General Order,2025-04-24,2025 Regular Session,92,strong,https://legiscan.com/OK/bill/HB1163/2025,via LegiScan (CC BY 4.0)
OK,HB1311,Controlled dangerous substances; adding chemicals to Schedule I; effective date.,1,Introduced,2025-02-03,Second Reading referred to Rules,2025-02-04,2026 Regular Session,84,strong,https://legiscan.com/OK/bill/HB1311/2026,via LegiScan (CC BY 4.0)
OK,HB1311,Controlled dangerous substances; adding chemicals to Schedule I; effective date.,1,Introduced,2025-02-03,Second Reading referred to Rules,2025-02-04,2025 Regular Session,90,strong,https://legiscan.com/OK/bill/HB1311/2025,via LegiScan (CC BY 4.0)
OK,HB1567,Public health and safety; controlled dangerous substances; deeming certain unlawful act as aggravated trafficking; providing separate penalty provision for aggravated trafficking of fentanyl; effective date.,4,Passed,2021-05-03,Approved by Governor 05/03/2021,2021-05-03,2021 Regular Session,95,strong,https://legiscan.com/OK/bill/HB1567/2021,via LegiScan (CC BY 4.0)
OK,HB1567,Public health and safety; controlled dangerous substances; deeming certain unlawful act as aggravated trafficking; providing separate penalty provision for aggravated trafficking of fentanyl; effective date.,4,Passed,2021-05-03,Approved by Governor 05/03/2021,2021-05-03,2022 Regular Session,95,strong,https://legiscan.com/OK/bill/HB1567/2022,via LegiScan (CC BY 4.0)
OK,HB1574,Public health and safety; relating to the Trafficking in Illegal Drugs Act; modifying certain penalty; effective date.,4,Passed,2015-05-06,Approved by Governor 05/06/2015,2015-05-06,2015 Regular Session,95,strong,https://legiscan.com/OK/bill/HB1574/2015,via LegiScan (CC BY 4.0)
OK,HB1574,Public health and safety; relating to the Trafficking in Illegal Drugs Act; modifying certain penalty; effective date.,4,Passed,2015-05-06,Approved by Governor 05/06/2015,2015-05-06,2016 Regular Session,95,strong,https://legiscan.com/OK/bill/HB1574/2016,via LegiScan (CC BY 4.0)
OK,HB1616,"Oklahoma Bureau of Narcotics and Dangerous Drugs Control; relating to Schedule I, III and IV substances.",4,Passed,2015-05-12,Approved by Governor 05/12/2015,2015-05-12,2015 Regular Session,85,strong,https://legiscan.com/OK/bill/HB1616/2015,via LegiScan (CC BY 4.0)
OK,HB1616,"Oklahoma Bureau of Narcotics and Dangerous Drugs Control; relating to Schedule I, III and IV substances.",4,Passed,2015-05-12,Approved by Governor 05/12/2015,2015-05-12,2016 Regular Session,85,strong,https://legiscan.com/OK/bill/HB1616/2016,via LegiScan (CC BY 4.0)
OK,HB1772,Public health and safety; adding synthetic opioid to Schedule I; effective date; emergency.,1,Introduced,2017-02-06,Second Reading referred to Judiciary - Criminal Justice and Corrections,2017-02-07,2017 Regular Session,84,strong,https://legiscan.com/OK/bill/HB1772/2017,via LegiScan (CC BY 4.0)
OK,HB1772,Public health and safety; adding synthetic opioid to Schedule I; effective date; emergency.,1,Introduced,2017-02-06,Referred to Judiciary,2018-02-05,2018 Regular Session,84,strong,https://legiscan.com/OK/bill/HB1772/2018,via LegiScan (CC BY 4.0)
OK,HB1777,Court funds; court clerk's revolving fund; deleting fee amount; eliminating reference to District Court Revolving Fund; effective date; emergency.,2,Engrossed,2023-03-20,Second Reading referred to Judiciary Committee then to Appropriations Committee,2023-03-29,2023 Regular Session,69,contextual,https://legiscan.com/OK/bill/HB1777/2023,via LegiScan (CC BY 4.0)
OK,HB1777,Court funds; court clerk's revolving fund; deleting fee amount; eliminating reference to District Court Revolving Fund; effective date; emergency.,2,Engrossed,2023-03-20,Second Reading referred to Judiciary Committee then to Appropriations Committee,2023-03-29,2024 Regular Session,69,contextual,https://legiscan.com/OK/bill/HB1777/2024,via LegiScan (CC BY 4.0)
OK,HB1801,Public health and safety; creating the Oklahoma Sentencing for Drug Crimes Act; stating manner in which persons convicted of drug offenses shall be punished; repealer; effective date.,1,Introduced,2011-02-07,Second Reading referred to Judiciary,2011-02-08,2011 Regular Session,85,strong,https://legiscan.com/OK/bill/HB1801/2011,via LegiScan (CC BY 4.0)
OK,HB1801,Public health and safety; creating the Oklahoma Sentencing for Drug Crimes Act; stating manner in which persons convicted of drug offenses shall be punished; repealer; effective date.,1,Introduced,2011-02-07,Second Reading referred to Judiciary,2011-02-08,2012 Regular Session,85,strong,https://legiscan.com/OK/bill/HB1801/2012,via LegiScan (CC BY 4.0)
OK,HB1944,Public health and safety; adding certain controlled substances to Schedule I; effective date.,1,Introduced,2013-02-04,Second Reading referred to Public Safety,2013-02-05,2013 Regular Session,87,strong,https://legiscan.com/OK/bill/HB1944/2013,via LegiScan (CC BY 4.0)
OK,HB1944,Public health and safety; adding certain controlled substances to Schedule I; effective date.,1,Introduced,2013-02-04,Second Reading referred to Public Safety,2013-02-05,2014 Regular Session,87,strong,https://legiscan.com/OK/bill/HB1944/2014,via LegiScan (CC BY 4.0)
OK,HB2107,Controlled dangerous substances; authorizing certain scientific research and clinical trials related to psilocybin and psilocyn; requiring registration; providing certain immunities; effective date.,2,Engrossed,2023-03-13,Second Reading referred to Health and Human Services Committee then to Appropriations Committee,2023-03-29,2023 Regular Session,99,title,https://legiscan.com/OK/bill/HB2107/2023,via LegiScan (CC BY 4.0)
OK,HB2107,Controlled dangerous substances; authorizing certain scientific research and clinical trials related to psilocybin and psilocyn; requiring registration; providing certain immunities; effective date.,2,Engrossed,2023-03-13,Second Reading referred to Health and Human Services Committee then to Appropriations Committee,2023-03-29,2024 Regular Session,99,title,https://legiscan.com/OK/bill/HB2107/2024,via LegiScan (CC BY 4.0)
OK,HB2217,Public health and safety; adding certain substances to Schedules I and II; relating to the Oklahoma Methamphetamine Offender Registry Act; effective date.,4,Passed,2013-04-29,Approved by Governor 04/29/2013,2013-04-29,2013 Regular Session,84,strong,https://legiscan.com/OK/bill/HB2217/2013,via LegiScan (CC BY 4.0)
OK,HB2217,Public health and safety; adding certain substances to Schedules I and II; relating to the Oklahoma Methamphetamine Offender Registry Act; effective date.,4,Passed,2013-04-29,Approved by Governor 04/29/2013,2013-04-29,2014 Regular Session,84,strong,https://legiscan.com/OK/bill/HB2217/2014,via LegiScan (CC BY 4.0)
OK,HB2293,Controlled dangerous substances; decreasing and modifying penalties; effective date.,1,Introduced,2017-02-06,Second Reading referred to Judiciary - Criminal Justice and Corrections,2017-02-07,2017 Regular Session,80,strong,https://legiscan.com/OK/bill/HB2293/2017,via LegiScan (CC BY 4.0)
OK,HB2293,Controlled dangerous substances; decreasing and modifying penalties; effective date.,1,Introduced,2017-02-06,Referred to Judiciary,2018-02-05,2018 Regular Session,80,strong,https://legiscan.com/OK/bill/HB2293/2018,via LegiScan (CC BY 4.0)
OK,HB2323,Public health and safety; adding certain controlled substances to Schedule I; effective date.,1,Introduced,2014-02-03,Referred to Public Health Committee,2014-02-05,2014 Regular Session,87,strong,https://legiscan.com/OK/bill/HB2323/2014,via LegiScan (CC BY 4.0)
OK,HB2586,Public health and safety; making certain acts unlawful; effective date.,1,Introduced,2023-02-06,Second Reading referred to Rules,2023-02-07,2023 Regular Session,87,strong,https://legiscan.com/OK/bill/HB2586/2023,via LegiScan (CC BY 4.0)
OK,HB2586,Public health and safety; making certain acts unlawful; effective date.,1,Introduced,2023-02-06,Second Reading referred to Rules,2023-02-07,2024 Regular Session,87,strong,https://legiscan.com/OK/bill/HB2586/2024,via LegiScan (CC BY 4.0)
OK,HB2589,Public health and safety; making certain substances applicable to the Trafficking in Illegal Drugs Act; effective date.,4,Passed,2014-05-23,Approved by Governor 05/28/2014,2014-05-23,2014 Regular Session,94,strong,https://legiscan.com/OK/bill/HB2589/2014,via LegiScan (CC BY 4.0)
OK,HB2608,Public health and safety; relating to the Trafficking in Illegal Drugs Act; modifying penalty; effective date.,6,Failed,2014-04-09,Failed in Committee - Appropriations,2014-04-09,2014 Regular Session,92,strong,https://legiscan.com/OK/bill/HB2608/2014,via LegiScan (CC BY 4.0)
OK,HB2656,Public health and safety; modifying exception to certain defined term; effective date.,4,Passed,2021-04-26,Approved by Governor 04/26/2021,2021-04-26,2021 Regular Session,84,strong,https://legiscan.com/OK/bill/HB2656/2021,via LegiScan (CC BY 4.0)
OK,HB2656,Public health and safety; modifying exception to certain defined term; effective date.,4,Passed,2021-04-26,Approved by Governor 04/26/2021,2021-04-26,2022 Regular Session,84,strong,https://legiscan.com/OK/bill/HB2656/2022,via LegiScan (CC BY 4.0)
OK,HB2666,"Public health and safety; adding substances to Schedules I, II and IV; effective date.",4,Passed,2014-04-28,Approved by Governor 04/25/2014,2014-04-28,2014 Regular Session,84,strong,https://legiscan.com/OK/bill/HB2666/2014,via LegiScan (CC BY 4.0)
OK,HB2868,Public health and safety; modifying threshold amounts for certain substance; effective date.,1,Introduced,2018-02-05,Second Reading referred to Public Safety,2018-02-06,2018 Regular Session,87,strong,https://legiscan.com/OK/bill/HB2868/2018,via LegiScan (CC BY 4.0)
OK,HB2942,"Public health and safety; adding certain substances to Schedule I, Schedule III and Schedule IV; effective date.",4,Passed,2012-04-17,Approved by Governor 04/17/2012,2012-04-17,2012 Regular Session,87,strong,https://legiscan.com/OK/bill/HB2942/2012,via LegiScan (CC BY 4.0)
OK,HB3131,Fees; Fines Assessed and Imposed Reasonably (FAIR) Act; fines; modifications; repealers; effective date.,1,Introduced,2024-02-05,Referred to Appropriations and Budget Judiciary Subcommittee,2024-02-21,2024 Regular Session,71,contextual,https://legiscan.com/OK/bill/HB3131/2024,via LegiScan (CC BY 4.0)
OK,HB3174,Public health; providing for the establishment of statewide investigational new drug applications for psilocybin clinical trials; effective date.,1,Introduced,2022-02-07,Second Reading referred to Rules,2022-02-08,2022 Regular Session,98,title,https://legiscan.com/OK/bill/HB3174/2022,via LegiScan (CC BY 4.0)
OK,HB3196,"Fees and fines; creating the Burt Holmes Fee Structure Policy Act of 2022; eliminating fees, fines and costs; effective date.",2,Engrossed,2022-03-28,"Conference granted, GCCA",2022-05-05,2022 Regular Session,59,contextual,https://legiscan.com/OK/bill/HB3196/2022,via LegiScan (CC BY 4.0)
OK,HB3241,Public health and safety; directing the Oklahoma State Bureau of Narcotics and Dangerous Drugs Control to exchange certain records with other states. Effective date.,4,Passed,2010-04-29,Approved by Governor 04/28/2010,2010-04-29,2010 Regular Session,92,strong,https://legiscan.com/OK/bill/HB3241/2010,via LegiScan (CC BY 4.0)
OK,HB3279,"Controlled dangerous substances; modifying penalties for distributing, dispensing, cultivating and trafficking controlled dangerous substances; effective date.",1,Introduced,2018-02-05,Second Reading referred to Judiciary,2018-02-06,2018 Regular Session,82,strong,https://legiscan.com/OK/bill/HB3279/2018,via LegiScan (CC BY 4.0)
OK,HB3414,Controlled dangerous substances; authorizing certain research and clinical trials related to psilocybin and psilocin; requiring registration; providing certain immunities.,2,Engrossed,2022-03-08,Coauthored by Representative Pae,2022-04-14,2022 Regular Session,99,title,https://legiscan.com/OK/bill/HB3414/2022,via LegiScan (CC BY 4.0)
OK,HB3462,Public health and safety; decreasing quantity for certain controlled dangerous substance; effective date.,2,Engrossed,2022-03-10,Referred to Public Safety Committee then to Appropriations Committee,2022-03-29,2022 Regular Session,93,strong,https://legiscan.com/OK/bill/HB3462/2022,via LegiScan (CC BY 4.0)
OK,HB3567,Controlled dangerous substances; adding to list of Schedule I controlled substances; revocation or suspension of registrations; written orders; repealers; emergency.,4,Passed,2024-05-15,Approved by Governor 05/15/2024,2024-05-15,2024 Regular Session,62,contextual,https://legiscan.com/OK/bill/HB3567/2024,via LegiScan (CC BY 4.0)
OK,HB3747,Crimes and punishments; creating the Judge Timothy R. Henderson Act; making certain acts unlawful; penalties; effective date.,2,Engrossed,2022-03-22,Referred to Appropriations,2022-04-04,2022 Regular Session,81,strong,https://legiscan.com/OK/bill/HB3747/2022,via LegiScan (CC BY 4.0)
OK,HB3767,Controlled dangerous substances; adding certain substances to Schedules I and IV; effective date.,4,Passed,2026-05-12,Approved by Governor 05/12/2026,2026-05-12,2026 Regular Session,90,strong,https://legiscan.com/OK/bill/HB3767/2026,via LegiScan (CC BY 4.0)
OK,HB3834,Ibogaine clinical trials; Oklahoma Breakthrough Therapy Act; terms; requirements for drug developers; contractual terms; intellectual property rights; reports; intellectual property account; effective date.,4,Passed,2026-05-12,Approved by Governor 05/12/2026,2026-05-12,2026 Regular Session,100,title,https://legiscan.com/OK/bill/HB3834/2026,via LegiScan (CC BY 4.0)
OK,HB4293,Controlled dangerous substances; Veterans Mental Health Innovation Act; authorizing certain scientific research and clinical trials related to ibogaine; requiring registration; providing certain immunities; effective date.,1,Introduced,2026-02-02,Referred to Rules,2026-02-10,2026 Regular Session,99,title,https://legiscan.com/OK/bill/HB4293/2026,via LegiScan (CC BY 4.0)
OK,SB1041,"Multiple versions of statutes; amending, merging, consolidating and repealing multiple versions of statutes. Emergency.",4,Passed,2019-04-04,Approved by Governor 04/04/2019,2019-04-04,2019 Regular Session,50,contextual,https://legiscan.com/OK/bill/SB1041/2019,via LegiScan (CC BY 4.0)
OK,SB1041,"Multiple versions of statutes; amending, merging, consolidating and repealing multiple versions of statutes. Emergency.",4,Passed,2019-04-04,Approved by Governor 04/04/2019,2019-04-04,2020 Regular Session,50,contextual,https://legiscan.com/OK/bill/SB1041/2020,via LegiScan (CC BY 4.0)
OK,SB1078,Controlled dangerous substances; adding fentanyl to list subject to trafficking penalties. Effective date.,4,Passed,2018-04-09,Approved by Governor 04/09/2018,2018-04-09,2018 Regular Session,94,strong,https://legiscan.com/OK/bill/SB1078/2018,via LegiScan (CC BY 4.0)
OK,SB1100,Fentanyl trafficking; increasing certain penalties; removing certain probation eligibility. Effective date.,1,Introduced,2023-02-06,Coauthored by Representative Bashore (principal House author),2023-02-15,2023 Regular Session,87,strong,https://legiscan.com/OK/bill/SB1100/2023,via LegiScan (CC BY 4.0)
OK,SB1100,Crimes and punishments; prohibiting certain communications through an online platform. Effective date.,2,Engrossed,2024-03-18,"CR; Do Pass, amended by committee substitute Judiciary - Criminal Committee",2024-04-10,2024 Regular Session,79,strong,https://legiscan.com/OK/bill/SB1100/2024,via LegiScan (CC BY 4.0)
OK,SB1139,Crimes and punishments; modifying certain mandatory sentence percentages. Effective date.,1,Introduced,2012-02-06,Second Reading referred to Judiciary,2012-02-07,2012 Regular Session,84,strong,https://legiscan.com/OK/bill/SB1139/2012,via LegiScan (CC BY 4.0)
OK,SB1146,Uniform Controlled Dangerous Substances Act; modifying inclusions. Effective date.,2,Engrossed,2020-03-04,"Withdrawn from Public Safety, Direct to Calendar",2020-04-06,2020 Regular Session,89,strong,https://legiscan.com/OK/bill/SB1146/2020,via LegiScan (CC BY 4.0)
OK,SB1152,Uniform Controlled Dangerous Substances Act; modifying inclusions. Effective date.,4,Passed,2022-04-25,Approved by Governor 04/25/2022,2022-04-25,2022 Regular Session,91,strong,https://legiscan.com/OK/bill/SB1152/2022,via LegiScan (CC BY 4.0)
OK,SB12,Uniform Controlled Dangerous Substances Act; modifying inclusions. Effective date.,2,Engrossed,2021-02-18,"CR; Do Pass Alcohol, Tobacco and Controlled Substances Committee",2021-04-08,2021 Regular Session,90,strong,https://legiscan.com/OK/bill/SB12/2021,via LegiScan (CC BY 4.0)
OK,SB12,Uniform Controlled Dangerous Substances Act; modifying inclusions. Effective date.,2,Engrossed,2021-02-18,"CR; Do Pass Alcohol, Tobacco and Controlled Substances Committee",2021-04-08,2022 Regular Session,90,strong,https://legiscan.com/OK/bill/SB12/2022,via LegiScan (CC BY 4.0)
OK,SB1216,Uniform Controlled Dangerous Substances Act; adding substances to list of Schedule I controlled substances. Effective date.,1,Introduced,2024-02-05,Coauthored by Representative Worthen (principal House author),2024-03-11,2024 Regular Session,88,strong,https://legiscan.com/OK/bill/SB1216/2024,via LegiScan (CC BY 4.0)
OK,SB1257,Uniform Controlled Dangerous Substances Act; modifying classification of certain substances. Effective date.,4,Passed,2026-05-29,Approved by Governor 05/20/2026,2026-05-29,2026 Regular Session,83,strong,https://legiscan.com/OK/bill/SB1257/2026,via LegiScan (CC BY 4.0)
OK,SB1338,Controlled dangerous substances; modifying certain definitions; modifying Schedule I and Schedule III. Effective date.,2,Engrossed,2022-03-24,Enacting clause stricken,2022-04-14,2022 Regular Session,68,contextual,https://legiscan.com/OK/bill/SB1338/2022,via LegiScan (CC BY 4.0)
OK,SB1458,Courts; transfer of funds; eliminating certain fees. Effective date.,4,Passed,2022-05-27,Becomes law without Governor's signature 05/27/2022,2022-05-27,2022 Regular Session,75,strong,https://legiscan.com/OK/bill/SB1458/2022,via LegiScan (CC BY 4.0)
OK,SB152,Crimes and punishments; modifying minimum sentence required to be served. Effective date.,1,Introduced,2023-02-06,Second Reading referred to Public Safety Committee then to Appropriations Committee,2023-02-07,2023 Regular Session,83,strong,https://legiscan.com/OK/bill/SB152/2023,via LegiScan (CC BY 4.0)
OK,SB152,Crimes and punishments; modifying minimum sentence required to be served. Effective date.,1,Introduced,2023-02-06,Second Reading referred to Public Safety Committee then to Appropriations Committee,2023-02-07,2024 Regular Session,83,strong,https://legiscan.com/OK/bill/SB152/2024,via LegiScan (CC BY 4.0)
OK,SB166,Uniform controlled dangerous substances; modifying Schedule I substances. Effective date.,4,Passed,2019-04-29,Approved by Governor 04/29/2019,2019-04-29,2019 Regular Session,90,strong,https://legiscan.com/OK/bill/SB166/2019,via LegiScan (CC BY 4.0)
OK,SB166,Uniform controlled dangerous substances; modifying Schedule I substances. Effective date.,4,Passed,2019-04-29,Approved by Governor 04/29/2019,2019-04-29,2020 Regular Session,90,strong,https://legiscan.com/OK/bill/SB166/2020,via LegiScan (CC BY 4.0)
OK,SB1844,Crimes and punishments; modifying mandatory sentence percentages. Effective date.,1,Introduced,2010-02-01,Referred to Appr/Sub-Public Safety and Judiciary,2010-02-01,2010 Regular Session,84,strong,https://legiscan.com/OK/bill/SB1844/2010,via LegiScan (CC BY 4.0)
OK,SB2261,Public health and safety; relating to Trafficking in Illegal Drugs Act; deleting drug from certain violation. Effective date.,1,Introduced,2010-02-01,Second Reading referred to Appropriations,2010-02-02,2010 Regular Session,87,strong,https://legiscan.com/OK/bill/SB2261/2010,via LegiScan (CC BY 4.0)
OK,SB2325,Public health and safety; modifying penalty for drug trafficking violations. Effective date.,1,Introduced,2010-02-01,Referred to Appr/Sub-Public Safety and Judiciary,2010-02-02,2010 Regular Session,87,strong,https://legiscan.com/OK/bill/SB2325/2010,via LegiScan (CC BY 4.0)
OK,SB326,Crimes and punishments; mandatory sentences. Effective date.,1,Introduced,2011-02-07,Second Reading referred to Public Safety Committee then to Appropriations Committee,2011-02-08,2011 Regular Session,84,strong,https://legiscan.com/OK/bill/SB326/2011,via LegiScan (CC BY 4.0)
OK,SB326,Crimes and punishments; mandatory sentences. Effective date.,1,Introduced,2011-02-07,Second Reading referred to Public Safety Committee then to Appropriations Committee,2011-02-08,2012 Regular Session,84,strong,https://legiscan.com/OK/bill/SB326/2012,via LegiScan (CC BY 4.0)
OK,SB452,Uniform Controlled Dangerous Substances Act; including certain chemicals in the list of Schedule I substances. Effective date.,4,Passed,2023-04-28,Approved by Governor 04/28/2023,2023-04-28,2023 Regular Session,91,strong,https://legiscan.com/OK/bill/SB452/2023,via LegiScan (CC BY 4.0)
OK,SB452,Uniform Controlled Dangerous Substances Act; including certain chemicals in the list of Schedule I substances. Effective date.,4,Passed,2023-04-28,Approved by Governor 04/28/2023,2023-04-28,2024 Regular Session,91,strong,https://legiscan.com/OK/bill/SB452/2024,via LegiScan (CC BY 4.0)
OK,SB558,Crimes and punishments; modifying minimum sentences. Effective date.,1,Introduced,2021-02-01,Second Reading referred to Public Safety Committee then to Appropriations Committee,2021-02-02,2021 Regular Session,83,strong,https://legiscan.com/OK/bill/SB558/2021,via LegiScan (CC BY 4.0)
OK,SB558,Crimes and punishments; modifying minimum sentences. Effective date.,1,Introduced,2021-02-01,Second Reading referred to Public Safety Committee then to Appropriations Committee,2021-02-02,2022 Regular Session,83,strong,https://legiscan.com/OK/bill/SB558/2022,via LegiScan (CC BY 4.0)
OK,SB704,Sentence enhancements; making certain offenders eligible for enhancements in certain situations. Effective date.,1,Introduced,2021-02-01,Referred to Appropriations,2021-02-19,2021 Regular Session,71,contextual,https://legiscan.com/OK/bill/SB704/2021,via LegiScan (CC BY 4.0)
OK,SB704,Sentence enhancements; making certain offenders eligible for enhancements in certain situations. Effective date.,1,Introduced,2021-02-01,Referred to Appropriations,2021-02-19,2022 Regular Session,71,contextual,https://legiscan.com/OK/bill/SB704/2022,via LegiScan (CC BY 4.0)
OK,SB766,Crimes and punishments; modifying required service of minimum percentage of sentences. Effective date.,1,Introduced,2019-02-04,Title stricken,2019-02-20,2019 Regular Session,87,strong,https://legiscan.com/OK/bill/SB766/2019,via LegiScan (CC BY 4.0)
OK,SB766,Crimes and punishments; modifying required service of minimum percentage of sentences. Effective date.,1,Introduced,2019-02-04,Title stricken,2019-02-20,2020 Regular Session,87,strong,https://legiscan.com/OK/bill/SB766/2020,via LegiScan (CC BY 4.0)
OK,SB770,Uniform Controlled Dangerous Substances Act; expanding schedules to include certain substances. Emergency.,4,Passed,2017-06-06,Approved by Governor 06/06/2017,2017-06-06,2017 Regular Session,90,strong,https://legiscan.com/OK/bill/SB770/2017,via LegiScan (CC BY 4.0)
OK,SB770,Uniform Controlled Dangerous Substances Act; expanding schedules to include certain substances. Emergency.,4,Passed,2017-06-06,Approved by Governor 06/06/2017,2017-06-06,2018 Regular Session,90,strong,https://legiscan.com/OK/bill/SB770/2018,via LegiScan (CC BY 4.0)
OK,SB793,Uniform Controlled Danagerous Substances; modifying penalties; sentencing reform; effective date.,4,Passed,2018-04-26,Approved by Governor 04/26/2018,2018-04-26,2018 Regular Session,69,contextual,https://legiscan.com/OK/bill/SB793/2018,via LegiScan (CC BY 4.0)
OK,SB860,Uniform Controlled Dangerous Substances Act; adding certain substance to Schedule I. Effective date.,2,Engrossed,2025-03-26,Coauthored by Representative(s) Humphrey,2025-04-22,2026 Regular Session,90,strong,https://legiscan.com/OK/bill/SB860/2026,via LegiScan (CC BY 4.0)
OK,SB860,Uniform Controlled Dangerous Substances Act; adding certain substance to Schedule I. Effective date.,2,Engrossed,2025-03-26,Coauthored by Representative(s) Humphrey,2025-04-22,2025 Regular Session,91,strong,https://legiscan.com/OK/bill/SB860/2025,via LegiScan (CC BY 4.0)
OK,SB919,Narcotics and dangerous drugs; adding substances; electronic prescription method; OBNDD responsible for destruction of certain items. Effective date.,4,Passed,2011-05-13,Approved by Governor 05/13/2011,2011-05-13,2011 Regular Session,84,strong,https://legiscan.com/OK/bill/SB919/2011,via LegiScan (CC BY 4.0)
OK,SB919,Narcotics and dangerous drugs; adding substances; electronic prescription method; OBNDD responsible for destruction of certain items. Effective date.,4,Passed,2011-05-13,Approved by Governor 05/13/2011,2011-05-13,2012 Regular Session,84,strong,https://legiscan.com/OK/bill/SB919/2012,via LegiScan (CC BY 4.0)
OK,SB940,Uniform Controlled Dangerous Substances Act; adding certain controlled substances as Schedule I. Effective date.,4,Passed,2018-04-26,Approved by Governor 04/26/2018,2018-04-26,2018 Regular Session,91,strong,https://legiscan.com/OK/bill/SB940/2018,via LegiScan (CC BY 4.0)
OK,SB986,Sentencing; modifying definition of felony offense for enhanced punishment and prohibiting enhancement for offenses relating to second and subsequent offenses; modifying provisions relating to fines and penalties for drug trafficking. Effective date.,1,Introduced,2012-02-06,Second Reading referred to Judiciary,2012-02-07,2012 Regular Session,87,strong,https://legiscan.com/OK/bill/SB986/2012,via LegiScan (CC BY 4.0)
OR,HB2013,Relating to alcohol; and prescribing an effective date.,4,Passed,2023-08-04,"Chapter 391, (2023 Laws): Effective date September 24, 2023.",2023-08-04,2023 Legislative Measures,63,contextual,https://legiscan.com/OR/bill/HB2013/2023,via LegiScan (CC BY 4.0)
OR,HB2174,Relating to controlled substances; and declaring an emergency.,4,Passed,2011-06-28,"Chapter 524, (2011 Laws): Effective date June 28, 2011.",2011-06-28,2011 Legislative Measures,92,strong,https://legiscan.com/OR/bill/HB2174/2011,via LegiScan (CC BY 4.0)
OR,HB2204,Relating to controlled substances; declaring an emergency.,6,Failed,2013-07-08,In committee upon adjournment.,2013-07-08,2013 Legislative Measures,94,strong,https://legiscan.com/OR/bill/HB2204/2013,via LegiScan (CC BY 4.0)
OR,HB2238,Relating to crime; and declaring an emergency.,4,Passed,2017-08-10,"Chapter 614, (2017 Laws): Effective date August 2, 2017.",2017-08-10,2017 Legislative Measures,75,strong,https://legiscan.com/OR/bill/HB2238/2017,via LegiScan (CC BY 4.0)
OR,HB2310,Relating to drugs; prescribing an effective date.,6,Failed,2023-06-25,In committee upon adjournment.,2023-06-25,2023 Legislative Measures,94,strong,https://legiscan.com/OR/bill/HB2310/2023,via LegiScan (CC BY 4.0)
OR,HB2312,Relating to crime; declaring an emergency.,6,Failed,2015-07-06,In committee upon adjournment.,2015-07-06,2015 Legislative Measures,96,strong,https://legiscan.com/OR/bill/HB2312/2015,via LegiScan (CC BY 4.0)
OR,HB2316,Relating to driving while under the influence of intoxicants.,4,Passed,2023-08-15,"Chapter 498, (2023 Laws): Effective date January 1, 2024.",2023-08-15,2023 Legislative Measures,99,strong,https://legiscan.com/OR/bill/HB2316/2023,via LegiScan (CC BY 4.0)
OR,HB2355,Relating to public safety; and declaring an emergency.,4,Passed,2017-08-18,"Chapter 706, (2017 Laws): Effective date August 15, 2017.",2017-08-18,2017 Legislative Measures,86,strong,https://legiscan.com/OR/bill/HB2355/2017,via LegiScan (CC BY 4.0)
OR,HB2387,Relating to psilocybin; and declaring an emergency.,4,Passed,2025-06-11,"Chapter 147, (2025 Laws): Effective date May 22, 2025.",2025-06-11,2025 Legislative Measures,99,title,https://legiscan.com/OR/bill/HB2387/2025,via LegiScan (CC BY 4.0)
OR,HB2583,Relating to physician assistants.,6,Failed,2023-06-25,In committee upon adjournment.,2023-06-25,2023 Legislative Measures,65,contextual,https://legiscan.com/OR/bill/HB2583/2023,via LegiScan (CC BY 4.0)
OR,HB2603,Relating to controlled substances; declaring an emergency.,6,Failed,2023-06-25,In committee upon adjournment.,2023-06-25,2023 Legislative Measures,95,strong,https://legiscan.com/OR/bill/HB2603/2023,via LegiScan (CC BY 4.0)
OR,HB2645,Relating to controlled substances; and declaring an emergency.,4,Passed,2023-08-04,"Chapter 413, (2023 Laws): Effective date July 27, 2023.",2023-08-04,2023 Legislative Measures,98,strong,https://legiscan.com/OR/bill/HB2645/2023,via LegiScan (CC BY 4.0)
OR,HB2831,Relating to drugs.,6,Failed,2023-06-25,In committee upon adjournment.,2023-06-25,2023 Legislative Measures,93,strong,https://legiscan.com/OR/bill/HB2831/2023,via LegiScan (CC BY 4.0)
OR,HB2894,Relating to delivery of controlled substances.,6,Failed,2023-06-25,In committee upon adjournment.,2023-06-25,2023 Legislative Measures,95,strong,https://legiscan.com/OR/bill/HB2894/2023,via LegiScan (CC BY 4.0)
OR,HB2973,Relating to drugs; providing that this Act shall be referred to the people for their approval or rejection.,6,Failed,2023-06-25,In committee upon adjournment.,2023-06-25,2023 Legislative Measures,93,strong,https://legiscan.com/OR/bill/HB2973/2023,via LegiScan (CC BY 4.0)
OR,HB3043,Relating to the impaired health professional program; and prescribing an effective date.,4,Passed,2025-08-07,"Chapter 499, (2025 Laws): Effective date September 26, 2025.",2025-08-07,2025 Legislative Measures,89,strong,https://legiscan.com/OR/bill/HB3043/2025,via LegiScan (CC BY 4.0)
OR,HB3046,Relating to pharmacy; prescribing an effective date.,6,Failed,2025-06-27,In committee upon adjournment.,2025-06-27,2025 Legislative Measures,92,strong,https://legiscan.com/OR/bill/HB3046/2025,via LegiScan (CC BY 4.0)
OR,HB3133,Relating to farm stands.,6,Failed,2025-06-27,In committee upon adjournment.,2025-06-27,2025 Legislative Measures,97,strong,https://legiscan.com/OR/bill/HB3133/2025,via LegiScan (CC BY 4.0)
OR,HB3133,Relating to driving while under the influence of intoxicants.,6,Failed,2021-06-26,In committee upon adjournment.,2021-06-26,2021 Legislative Measures,82,strong,https://legiscan.com/OR/bill/HB3133/2021,via LegiScan (CC BY 4.0)
OR,HB3140,Relating to psilocybin; and declaring an emergency.,4,Passed,2021-09-25,"Chapter 253, (2021 Laws): Effective date June 11, 2021.",2021-09-25,2021 Legislative Measures,99,title,https://legiscan.com/OR/bill/HB3140/2021,via LegiScan (CC BY 4.0)
OR,HB3146,Relating to substances that constitute an intoxicant when operating a vehicle.,6,Failed,2023-06-25,In committee upon adjournment.,2023-06-25,2023 Legislative Measures,98,strong,https://legiscan.com/OR/bill/HB3146/2023,via LegiScan (CC BY 4.0)
OR,HB3194,Relating to crime; appropriating money; declaring an emergency.,4,Passed,2013-07-25,"Chapter 649, (2013 Laws): Effective date July 25, 2013.",2013-07-25,2013 Legislative Measures,88,strong,https://legiscan.com/OR/bill/HB3194/2013,via LegiScan (CC BY 4.0)
OR,HB3195,Relating to crime; appropriating money; declaring an emergency.,6,Failed,2013-07-08,In committee upon adjournment.,2013-07-08,2013 Legislative Measures,88,strong,https://legiscan.com/OR/bill/HB3195/2013,via LegiScan (CC BY 4.0)
OR,HB3259,Relating to crime; appropriating money; declaring an emergency.,6,Failed,2013-07-08,In committee upon adjournment.,2013-07-08,2013 Legislative Measures,88,strong,https://legiscan.com/OR/bill/HB3259/2013,via LegiScan (CC BY 4.0)
OR,HB3326,Relating to changing the name of the Oregon Health Authority; declaring an emergency.,6,Failed,2023-06-25,In committee upon adjournment.,2023-06-25,2023 Legislative Measures,96,strong,https://legiscan.com/OR/bill/HB3326/2023,via LegiScan (CC BY 4.0)
OR,HB3364,Relating to driving while under the influence of intoxicants.,6,Failed,2023-06-25,In committee upon adjournment.,2023-06-25,2023 Legislative Measures,87,strong,https://legiscan.com/OR/bill/HB3364/2023,via LegiScan (CC BY 4.0)
OR,HB3371,"Relating to the Control, Regulation and Taxation of Cannabis Act; prescribing an effective date; providing for revenue raising that requires approval by a three-fifths majority.",6,Failed,2013-07-08,In committee upon adjournment.,2013-07-08,2013 Legislative Measures,91,strong,https://legiscan.com/OR/bill/HB3371/2013,via LegiScan (CC BY 4.0)
OR,HB3374,Relating to vehicle crashes.,6,Failed,2023-06-25,In committee upon adjournment.,2023-06-25,2023 Legislative Measures,78,strong,https://legiscan.com/OR/bill/HB3374/2023,via LegiScan (CC BY 4.0)
OR,HB3376,Relating to offenses committed while under the influence of intoxicants.,6,Failed,2023-06-25,In committee upon adjournment.,2023-06-25,2023 Legislative Measures,96,strong,https://legiscan.com/OR/bill/HB3376/2023,via LegiScan (CC BY 4.0)
OR,HB3400,Relating to marijuana; and declaring an emergency.,4,Passed,2015-07-08,"Chapter 614, (2015 Laws): Effective date June 30, 2015.",2015-07-08,2015 Legislative Measures,74,contextual,https://legiscan.com/OR/bill/HB3400/2015,via LegiScan (CC BY 4.0)
OR,HB3534,Relating to possession of controlled substances.,6,Failed,2023-06-25,In committee upon adjournment.,2023-06-25,2023 Legislative Measures,95,strong,https://legiscan.com/OR/bill/HB3534/2023,via LegiScan (CC BY 4.0)
OR,HB3549,Relating to possession of controlled substances.,6,Failed,2023-06-25,In committee upon adjournment.,2023-06-25,2023 Legislative Measures,91,strong,https://legiscan.com/OR/bill/HB3549/2023,via LegiScan (CC BY 4.0)
OR,HB3560,Relating to immunity for Higher Education Coordinating Commission; and declaring an emergency.,4,Passed,2023-08-15,"Chapter 555, (2023 Laws): Effective date July 31, 2023.",2023-08-15,2023 Legislative Measures,97,strong,https://legiscan.com/OR/bill/HB3560/2023,via LegiScan (CC BY 4.0)
OR,HB3817,Relating to ibogaine.,6,Failed,2025-06-27,In committee upon adjournment.,2025-06-27,2025 Legislative Measures,99,title,https://legiscan.com/OR/bill/HB3817/2025,via LegiScan (CC BY 4.0)
OR,HB3946,Relating to drug crimes occurring near schools; declaring an emergency.,6,Failed,2025-06-27,In committee upon adjournment.,2025-06-27,2025 Legislative Measures,95,strong,https://legiscan.com/OR/bill/HB3946/2025,via LegiScan (CC BY 4.0)
OR,HB4002,Relating to the addiction crisis in this state; declaring an emergency.,4,Passed,2024-04-10,"Chapter 70, (2024 Laws): Effective date April 1, 2024.",2024-04-10,2024 Legislative Measures,92,strong,https://legiscan.com/OR/bill/HB4002/2024,via LegiScan (CC BY 4.0)
OR,HB4010,Relating to health care; prescribing an effective date.,4,Passed,2024-04-10,"Chapter 73, (2024 Laws): Effective date June 6, 2024.",2024-04-10,2024 Legislative Measures,64,contextual,https://legiscan.com/OR/bill/HB4010/2024,via LegiScan (CC BY 4.0)
OR,HB4036,Relating to controlled substances; prescribing an effective date.,6,Failed,2024-03-07,In committee upon adjournment.,2024-03-07,2024 Legislative Measures,84,strong,https://legiscan.com/OR/bill/HB4036/2024,via LegiScan (CC BY 4.0)
OR,HB4040,Relating to health care; and declaring an emergency.,4,Passed,2026-04-13,"Chapter 109, (2026 Laws): Effective date April 7, 2026.",2026-04-13,2026 Legislative Measures,98,strong,https://legiscan.com/OR/bill/HB4040/2026,via LegiScan (CC BY 4.0)
OR,HB4062,Relating to controlled substances; declaring an emergency.,6,Failed,2024-03-07,In committee upon adjournment.,2024-03-07,2024 Legislative Measures,88,strong,https://legiscan.com/OR/bill/HB4062/2024,via LegiScan (CC BY 4.0)
OR,HB4098,Relating to crime; declaring an emergency.,6,Failed,2014-03-07,In committee upon adjournment.,2014-03-07,2014 Legislative Measures,95,strong,https://legiscan.com/OR/bill/HB4098/2014,via LegiScan (CC BY 4.0)
OR,HB4110,Relating to ibogaine; prescribing an effective date.,6,Failed,2026-03-06,In committee upon adjournment.,2026-03-06,2026 Legislative Measures,99,title,https://legiscan.com/OR/bill/HB4110/2026,via LegiScan (CC BY 4.0)
OR,HB4135,Relating to delivery of controlled substances.,6,Failed,2022-03-04,In committee upon adjournment.,2022-03-04,2022 Legislative Measures,95,strong,https://legiscan.com/OR/bill/HB4135/2022,via LegiScan (CC BY 4.0)
OR,HB4153,Relating to farm stores.,4,Passed,2026-04-13,"Chapter 123, (2026 Laws): Effective date January 1, 2027.",2026-04-13,2026 Legislative Measures,97,strong,https://legiscan.com/OR/bill/HB4153/2026,via LegiScan (CC BY 4.0)
OR,HB5042,Relating to state financial administration; and declaring an emergency.,4,Passed,2021-09-25,"Chapter 4, (2021 Laws): Effective date April 15, 2021.",2021-09-25,2021 Legislative Measures,86,strong,https://legiscan.com/OR/bill/HB5042/2021,via LegiScan (CC BY 4.0)
OR,HB5203,Relating to state financial administration; and declaring an emergency.,4,Passed,2026-04-13,"Chapter 128, (2026 Laws): Effective date April 7, 2026.",2026-04-13,2026 Legislative Measures,96,strong,https://legiscan.com/OR/bill/HB5203/2026,via LegiScan (CC BY 4.0)
OR,SB1065,Relating to setting aside convictions.,6,Failed,2023-06-25,In committee upon adjournment.,2023-06-25,2023 Legislative Measures,87,strong,https://legiscan.com/OR/bill/SB1065/2023,via LegiScan (CC BY 4.0)
OR,SB1111,Relating to cannabis.,6,Failed,2025-06-27,In committee upon adjournment.,2025-06-27,2025 Legislative Measures,93,strong,https://legiscan.com/OR/bill/SB1111/2025,via LegiScan (CC BY 4.0)
OR,SB1552,Relating to education; declaring an emergency.,4,Passed,2024-04-11,"Effective date, April 4, 2024.",2024-04-11,2024 Legislative Measures,59,contextual,https://legiscan.com/OR/bill/SB1552/2024,via LegiScan (CC BY 4.0)
OR,SB1555,Relating to controlled substances; declaring an emergency.,6,Failed,2024-03-07,In committee upon adjournment.,2024-03-07,2024 Legislative Measures,88,strong,https://legiscan.com/OR/bill/SB1555/2024,via LegiScan (CC BY 4.0)
OR,SB1580,Relating to the Task Force on Psilocybin Health Equity; declaring an emergency.,6,Failed,2022-03-04,In committee upon adjournment.,2022-03-04,2022 Legislative Measures,99,title,https://legiscan.com/OR/bill/SB1580/2022,via LegiScan (CC BY 4.0)
OR,SB1588,Relating to controlled substances.,6,Failed,2024-03-07,In committee upon adjournment.,2024-03-07,2024 Legislative Measures,94,strong,https://legiscan.com/OR/bill/SB1588/2024,via LegiScan (CC BY 4.0)
OR,SB236,Relating to controlled substances; and declaring an emergency.,4,Passed,2025-07-25,"Effective date, July 17, 2025.",2025-07-25,2025 Legislative Measures,95,strong,https://legiscan.com/OR/bill/SB236/2025,via LegiScan (CC BY 4.0)
OR,SB254,Relating to drugs; prescribing an effective date.,6,Failed,2023-06-25,In committee upon adjournment.,2023-06-25,2023 Legislative Measures,94,strong,https://legiscan.com/OR/bill/SB254/2023,via LegiScan (CC BY 4.0)
OR,SB302,Relating to ownership of premises; prescribing an effective date.,6,Failed,2023-06-25,In committee upon adjournment.,2023-06-25,2023 Legislative Measures,99,strong,https://legiscan.com/OR/bill/SB302/2023,via LegiScan (CC BY 4.0)
OR,SB302,Relating to cannabis; and declaring an emergency.,4,Passed,2017-04-26,"Effective date, April 21, 2017.",2017-04-26,2017 Legislative Measures,77,strong,https://legiscan.com/OR/bill/SB302/2017,via LegiScan (CC BY 4.0)
OR,SB303,Relating to psilocybin services; and prescribing an effective date.,4,Passed,2023-06-14,Effective on the 91st day following adjournment sine die.,2023-06-14,2023 Legislative Measures,99,title,https://legiscan.com/OR/bill/SB303/2023,via LegiScan (CC BY 4.0)
OR,SB316,Relating to correction of erroneous material in Oregon law.,4,Passed,2023-03-24,"Effective date, January 1, 2024.",2023-03-24,2023 Legislative Measures,87,strong,https://legiscan.com/OR/bill/SB316/2023,via LegiScan (CC BY 4.0)
OR,SB330,Relating to a tax credit for the forgiveness of tenant debt; prescribing an effective date.,6,Failed,2021-06-26,In committee upon adjournment.,2021-06-26,2021 Legislative Measures,93,strong,https://legiscan.com/OR/bill/SB330/2021,via LegiScan (CC BY 4.0)
OR,SB399,Relating to delivery of controlled substances.,6,Failed,2015-07-06,In committee upon adjournment.,2015-07-06,2015 Legislative Measures,96,strong,https://legiscan.com/OR/bill/SB399/2015,via LegiScan (CC BY 4.0)
OR,SB507,Relating to fentanyl; declaring an emergency.,6,Failed,2025-06-27,In committee upon adjournment.,2025-06-27,2025 Legislative Measures,95,strong,https://legiscan.com/OR/bill/SB507/2025,via LegiScan (CC BY 4.0)
OR,SB5526,Relating to state financial administration; and declaring an emergency.,4,Passed,2023-08-03,"Effective date, July 27, 2023.",2023-08-03,2023 Legislative Measures,95,strong,https://legiscan.com/OR/bill/SB5526/2023,via LegiScan (CC BY 4.0)
OR,SB670,Relating to possession of controlled substances; prescribing an effective date.,6,Failed,2025-06-27,In committee upon adjournment.,2025-06-27,2025 Legislative Measures,93,strong,https://legiscan.com/OR/bill/SB670/2025,via LegiScan (CC BY 4.0)
OR,SB670,Relating to driving privileges.,6,Failed,2023-06-25,In committee upon adjournment.,2023-06-25,2023 Legislative Measures,92,strong,https://legiscan.com/OR/bill/SB670/2023,via LegiScan (CC BY 4.0)
OR,SB681,Relating to setting aside convictions.,6,Failed,2021-06-26,In committee upon adjournment.,2021-06-26,2021 Legislative Measures,87,strong,https://legiscan.com/OR/bill/SB681/2021,via LegiScan (CC BY 4.0)
OR,SB735,Relating to controlled substances; providing that this Act shall be referred to the people for their approval or rejection.,6,Failed,2023-06-25,In committee upon adjournment.,2023-06-25,2023 Legislative Measures,95,strong,https://legiscan.com/OR/bill/SB735/2023,via LegiScan (CC BY 4.0)
OR,SB755,Relating to substance use; and declaring an emergency.,4,Passed,2021-08-20,"Effective date, July 19, 2021.",2021-08-20,2021 Legislative Measures,94,strong,https://legiscan.com/OR/bill/SB755/2021,via LegiScan (CC BY 4.0)
OR,SB844,Relating to public health.,4,Passed,2025-08-13,"Effective date, January 1, 2026.",2025-08-13,2025 Legislative Measures,96,strong,https://legiscan.com/OR/bill/SB844/2025,via LegiScan (CC BY 4.0)
OR,SB907,Relating to ownership of premises; and prescribing an effective date.,4,Passed,2025-06-06,Effective on the 91st day following adjournment sine die.,2025-06-06,2025 Legislative Measures,99,strong,https://legiscan.com/OR/bill/SB907/2025,via LegiScan (CC BY 4.0)
OR,SB965,Relating to health care providers.,4,Passed,2023-06-14,"Effective date, January 1, 2024.",2023-06-14,2023 Legislative Measures,98,strong,https://legiscan.com/OR/bill/SB965/2023,via LegiScan (CC BY 4.0)
OR,SB988,Relating to fentanyl; declaring an emergency.,6,Failed,2023-06-25,In committee upon adjournment.,2023-06-25,2023 Legislative Measures,96,strong,https://legiscan.com/OR/bill/SB988/2023,via LegiScan (CC BY 4.0)
PA,HB1194,Further providing for Schedule I controlled substances.,1,Introduced,2009-04-03,Referred to JUDICIARY,2009-04-03,2009-2010 Regular Session,77,strong,https://legiscan.com/PA/bill/HB1194/2009,via LegiScan (CC BY 4.0)
PA,HB1343,"In other offenses, further providing for the offense of drug trafficking sentencing and penalties.",1,Introduced,2019-04-29,Referred to JUDICIARY,2019-04-29,2019-2020 Regular Session,87,strong,https://legiscan.com/PA/bill/HB1343/2019,via LegiScan (CC BY 4.0)
PA,HB1439,Further providing for authority to control.,1,Introduced,2025-05-12,Referred to Health,2025-05-12,2025-2026 Regular Session,93,strong,https://legiscan.com/PA/bill/HB1439/2025,via LegiScan (CC BY 4.0)
PA,HB1477,"Amending Titles 18 (Crimes and Offenses) and 63 (Professions and Occupations (State Licensed)) of the Pennsylvania Consolidated Statutes, in criminal history record information, further providing for use of records by licensing agencies; providing fo",2,Engrossed,2019-12-18,Referred to CONSUMER PROTECTION AND PROFESSIONAL LICENSURE,2020-01-15,2019-2020 Regular Session,78,strong,https://legiscan.com/PA/bill/HB1477/2019,via LegiScan (CC BY 4.0)
PA,HB1555,"Amending Titles 42 (Judiciary and Judicial Procedure) and 61 (Prisons and Parole) of the Pennsylvania Consolidated Statutes, in sentencing, further providing for order of probation and for modification or revocation of order of probation; in other cr",1,Introduced,2019-05-30,Removed from table,2020-10-01,2019-2020 Regular Session,79,strong,https://legiscan.com/PA/bill/HB1555/2019,via LegiScan (CC BY 4.0)
PA,HB1574,"In judicial boards and commissions, further providing for powers and duties, for adoption of guidelines for sentencing, for adoption of guidelines for county intermediate punishment, for adoption of guidelines for State intermediate punishment and fo",1,Introduced,2019-06-04,Referred to JUDICIARY,2019-06-04,2019-2020 Regular Session,74,contextual,https://legiscan.com/PA/bill/HB1574/2019,via LegiScan (CC BY 4.0)
PA,HB1601,"In minors, further providing for sentencing and penalties for trafficking drugs to minors and for drug-free school zones; in other offenses, further providing for drug trafficking sentencing and penalties; in sentencing authority, further providing f",2,Engrossed,2015-10-28,Referred to JUDICIARY,2015-10-30,2015-2016 Regular Session,86,strong,https://legiscan.com/PA/bill/HB1601/2015,via LegiScan (CC BY 4.0)
PA,HB176,Further providing for schedules of controlled substances.,1,Introduced,2011-01-21,Laid on the table,2011-04-06,2011-2012 Regular Session,83,strong,https://legiscan.com/PA/bill/HB176/2011,via LegiScan (CC BY 4.0)
PA,HB176,Further providing for schedules of controlled substances.,2,Engrossed,2010-09-29,Referred to JUDICIARY,2010-10-12,2009-2010 Regular Session,79,strong,https://legiscan.com/PA/bill/HB176/2009,via LegiScan (CC BY 4.0)
PA,HB1920,"Revising the law on criminalizing and sentencing for controlled substances; making editorial changes; and repealing certain provisions of the Controlled Substance, Drug, Device and Cosmetic Act.",1,Introduced,2013-12-16,Referred to JUDICIARY,2013-12-16,2013-2014 Regular Session,86,strong,https://legiscan.com/PA/bill/HB1920/2013,via LegiScan (CC BY 4.0)
PA,HB1959,"Providing for research and clinical studies of psilocybin, for duties of Department of Health, for duties of institutional review boards, for duties of authorized psilocybin manufacturers, for duties of approved investigators and for reports.",1,Introduced,2021-10-12,Referred to HEALTH,2021-10-12,2021-2022 Regular Session,99,title,https://legiscan.com/PA/bill/HB1959/2021,via LegiScan (CC BY 4.0)
PA,HB2037,Further providing for schedules of controlled substances.,1,Introduced,2009-10-09,Re-committed to APPROPRIATIONS,2009-12-14,2009-2010 Regular Session,77,strong,https://legiscan.com/PA/bill/HB2037/2009,via LegiScan (CC BY 4.0)
PA,HB2421,Providing for research and clinical studies of psilocybin and psilocybin-assisted therapy.,1,Introduced,2022-03-16,Referred to HEALTH,2022-03-16,2021-2022 Regular Session,99,title,https://legiscan.com/PA/bill/HB2421/2021,via LegiScan (CC BY 4.0)
PA,HB2520,Revising the law on criminalizing and sentencing for controlled substances; making editorial changes; and making related repeals.,1,Introduced,2012-06-27,Referred to JUDICIARY,2012-06-27,2011-2012 Regular Session,61,contextual,https://legiscan.com/PA/bill/HB2520/2011,via LegiScan (CC BY 4.0)
PA,HB365,Further providing for Schedule I controlled substances.,2,Engrossed,2011-04-04,Referred to JUDICIARY,2011-04-08,2011-2012 Regular Session,81,strong,https://legiscan.com/PA/bill/HB365/2011,via LegiScan (CC BY 4.0)
PA,HB559,Further providing for Schedule I controlled substances.,1,Introduced,2009-02-23,Referred to JUDICIARY,2009-02-23,2009-2010 Regular Session,77,strong,https://legiscan.com/PA/bill/HB559/2009,via LegiScan (CC BY 4.0)
PA,HB567,Further providing for schedules of controlled substances.,1,Introduced,2011-02-09,Laid on the table,2011-04-26,2011-2012 Regular Session,76,strong,https://legiscan.com/PA/bill/HB567/2011,via LegiScan (CC BY 4.0)
PA,HB608,"Further providing for authority to control, for schedules of controlled substances, for liquefied ammonia gas, precursors and chemicals and for promulgation of regulations.",4,Passed,2016-06-08,Act No. 37,2016-06-08,2015-2016 Regular Session,87,strong,https://legiscan.com/PA/bill/HB608/2015,via LegiScan (CC BY 4.0)
PA,HB741,"In minors, further providing for sentencing and penalties for trafficking drugs to minors and for drug-free school zones; in other offenses, further providing for drug trafficking sentencing and penalties; and, in sentencing, further providing for se",2,Engrossed,2017-04-05,Referred to JUDICIARY,2017-04-06,2017-2018 Regular Session,83,strong,https://legiscan.com/PA/bill/HB741/2017,via LegiScan (CC BY 4.0)
PA,HB847,"In other offenses, further providing for drug trafficking sentencing and penalties.",1,Introduced,2017-03-13,Referred to JUDICIARY,2017-03-13,2017-2018 Regular Session,85,strong,https://legiscan.com/PA/bill/HB847/2017,via LegiScan (CC BY 4.0)
PA,SB1006,Further providing for Schedule I controlled substances.,4,Passed,2011-06-23,Act No. 7,2011-06-23,2011-2012 Regular Session,79,strong,https://legiscan.com/PA/bill/SB1006/2011,via LegiScan (CC BY 4.0)
PA,SB1062,"In burglary and other criminal intrusions, further providing for burglary; and in sentencing, providing for sentencing for burglary.",4,Passed,2016-11-04,Act No. 158,2016-11-04,2015-2016 Regular Session,79,strong,https://legiscan.com/PA/bill/SB1062/2015,via LegiScan (CC BY 4.0)
PA,SB1149,Further providing for authority to control.,1,Introduced,2026-01-23,Referred to Judiciary,2026-01-23,2025-2026 Regular Session,93,strong,https://legiscan.com/PA/bill/SB1149/2025,via LegiScan (CC BY 4.0)
PA,SB164,Further providing for Schedule I controlled substances.,1,Introduced,2011-01-19,Referred to JUDICIARY,2011-01-19,2011-2012 Regular Session,77,strong,https://legiscan.com/PA/bill/SB164/2011,via LegiScan (CC BY 4.0)
PA,SB501,"In judicial boards and commissions, providing for commission, for composition of commission and for powers and duties of commission, for adoption of guidelines for sentencing, for adoption of guidelines for county intermediate punishment, for adoptio",4,Passed,2019-12-18,Act No. 115,2019-12-18,2019-2020 Regular Session,77,strong,https://legiscan.com/PA/bill/SB501/2019,via LegiScan (CC BY 4.0)
PA,SB508,"In other offenses, further providing for drug trafficking sentencing and penalties.",1,Introduced,2019-04-03,Referred to JUDICIARY,2019-04-03,2019-2020 Regular Session,94,strong,https://legiscan.com/PA/bill/SB508/2019,via LegiScan (CC BY 4.0)
PA,SB627,"In other offenses, further providing for drug trafficking sentencing and penalties; and making conforming amendments.",1,Introduced,2023-04-28,Referred to JUDICIARY,2023-04-28,2023-2024 Regular Session,94,strong,https://legiscan.com/PA/bill/SB627/2023,via LegiScan (CC BY 4.0)
PA,SB637,"In criminal history record information, further providing for use of records by licensing agencies; providing for preliminary provisions and for Bureau of Professional and Occupational Affairs; consolidating the provisions of Act 48 of 1993; and maki",4,Passed,2020-07-01,Act No. 53,2020-07-01,2019-2020 Regular Session,72,contextual,https://legiscan.com/PA/bill/SB637/2019,via LegiScan (CC BY 4.0)
PA,SB712,"In other offenses, further providing for drug trafficking sentencing and penalties.",1,Introduced,2017-05-19,Referred to JUDICIARY,2017-05-19,2017-2018 Regular Session,94,strong,https://legiscan.com/PA/bill/SB712/2017,via LegiScan (CC BY 4.0)
PA,SB769,Further providing for Schedule I controlled substances.,1,Introduced,2009-04-06,Referred to JUDICIARY,2009-04-06,2009-2010 Regular Session,77,strong,https://legiscan.com/PA/bill/SB769/2009,via LegiScan (CC BY 4.0)
PA,SB909,Further providing for schedules of controlled substances.,1,Introduced,2011-04-04,Referred to JUDICIARY,2011-04-04,2011-2012 Regular Session,80,strong,https://legiscan.com/PA/bill/SB909/2011,via LegiScan (CC BY 4.0)
RI,H5035,Relating To Food And Drugs-uniform Controlled Substances Act,2,Engrossed,2017-02-28,Committee recommends passage in concurrence,2017-06-27,2017 Regular Session,85,strong,https://legiscan.com/RI/bill/H5035/2017,via LegiScan (CC BY 4.0)
RI,H5063,"An Act Relating To Food And Drugs - Uniform Controlled Substance Act (add The Hallucinogenic Drugs Salvia Divinorum 1 (salvinorin A Or Divinorin A), Datura Stramonmium (gypsum Weed Or Jimsom Weed) And Synthetic Cannabinoids (synthetic Marijuana) To T",1,Introduced,2013-01-10,Referred to Senate Judiciary,2013-07-03,2013 Regular Session,89,strong,https://legiscan.com/RI/bill/H5063/2013,via LegiScan (CC BY 4.0)
RI,H5066,An Act Relating To Food And Drugs -- Uniform Controlled Substances Act,1,Introduced,2011-01-19,Committee recommended measure be held for further study,2011-03-01,2011 Regular Session,94,strong,https://legiscan.com/RI/bill/H5066/2011,via LegiScan (CC BY 4.0)
RI,H5186,"Amends current law on controlled substances to permit psilocybin to be cultivated within a person's residence for personal use and contingent on the US FDA's program, mandate that RI department of health establish rules regulations.",1,Introduced,2025-01-24,Committee recommended measure be held for further study,2025-02-11,2025 Regular Session,98,title,https://legiscan.com/RI/bill/H5186/2025,via LegiScan (CC BY 4.0)
RI,H5325,An Act Relating To Food And Drugs - Uniform Controlled Substances Act (would Add The Chemical Classes Of Synthetic Cannaboids And Synthetic Cathinones To Schedule I),4,Passed,2013-07-15,Signed by Governor,2013-07-15,2013 Regular Session,86,strong,https://legiscan.com/RI/bill/H5325/2013,via LegiScan (CC BY 4.0)
RI,H5403,An Act Relating To Food And Drugs - Uniform Controlled Substance Act,1,Introduced,2011-02-16,"Introduced, referred to House H.E.W.",2011-02-16,2011 Regular Session,93,strong,https://legiscan.com/RI/bill/H5403/2011,via LegiScan (CC BY 4.0)
RI,H5738,Uniform Controlled Substances Act,4,Passed,2017-06-27,Signed by Governor,2017-06-27,2017 Regular Session,85,strong,https://legiscan.com/RI/bill/H5738/2017,via LegiScan (CC BY 4.0)
RI,H5922,Uniform Controlled Substances Act,4,Passed,2023-06-26,Signed by Governor,2023-06-26,2023 Regular Session,84,strong,https://legiscan.com/RI/bill/H5922/2023,via LegiScan (CC BY 4.0)
RI,H5923,Uniform Controlled Substances Act,2,Engrossed,2023-06-12,Referred to Senate Judiciary,2023-06-12,2023 Regular Session,99,strong,https://legiscan.com/RI/bill/H5923/2023,via LegiScan (CC BY 4.0)
RI,H5938,Provides that enhanced penalties for possession of fentanyl shall only be applicable if the substance contains \ at least ten percent (10%) of fentanyl or its analogs.,1,Introduced,2025-02-28,Committee recommended measure be held for further study,2025-03-25,2025 Regular Session,93,strong,https://legiscan.com/RI/bill/H5938/2025,via LegiScan (CC BY 4.0)
RI,H6083,Uniform Controlled Substances Act,4,Passed,2021-07-09,Signed by Governor,2021-07-09,2021 Regular Session,94,strong,https://legiscan.com/RI/bill/H6083/2021,via LegiScan (CC BY 4.0)
RI,H7021,"An Act Relating To Food And Drugs -- Uniform Controlled Substances Act (add The Hallucinogenic Drugs Salvia Divinorum (salvinorin A Or Divinorin A) And Datura Stramonium (gypsum Weed Or Jimsom Weed) To The Ri Controlled Substances Act Schedule I, The",1,Introduced,2010-01-06,"Introduced, referred to House Judiciary",2010-01-06,2010 Regular Session,86,strong,https://legiscan.com/RI/bill/H7021/2010,via LegiScan (CC BY 4.0)
RI,H7047,Amends the current law on controlled substances to permit a person to be in possession of less than one ounce of psilocybin and permits psilocybin to be securely cultivated within a person's residence for personal use.,1,Introduced,2024-01-05,Committee recommended measure be held for further study,2024-02-01,2024 Regular Session,98,title,https://legiscan.com/RI/bill/H7047/2024,via LegiScan (CC BY 4.0)
RI,H7087,"An Act Relating To Food And Drugs -- Uniform Controlled Substances Act (would Add The Hallucinogenic Drugs Salvinorin A Or Divinorin A, Gypsum Weed Or Jimsom Weed And Synthetic Marijuana To The Ri Controlled Substances Act Schedule I, The Misuse Of W",1,Introduced,2012-01-11,Committee recommended measure be held for further study,2012-02-15,2012 Regular Session,86,strong,https://legiscan.com/RI/bill/H7087/2012,via LegiScan (CC BY 4.0)
RI,H7169,"An Act Relating To Food And Drugs -- Uniform Controlled Substances Act (would Add The Hallucinogenic Drugs Salvia Divinorum (salvinorin A Or Divinorin A), Datura Stramonium (gypsum Weed Or Jimsom Weed) And Synthetic Cannabinoids (synthetic Marijuana)",1,Introduced,2012-01-18,Committee recommended measure be held for further study,2012-02-08,2012 Regular Session,86,strong,https://legiscan.com/RI/bill/H7169/2012,via LegiScan (CC BY 4.0)
RI,H7170,"An Act Relating To Food And Drugs - Uniform Controlled Substances Act (would Place Methylone, Mdpv, Mephedrone And Other Compounds Commonly Known And Marketed As Bath Salts, On Schedule 1 Of The Uniform Controlled Substances Act.)",1,Introduced,2012-01-18,Committee recommended measure be held for further study,2012-02-08,2012 Regular Session,86,strong,https://legiscan.com/RI/bill/H7170/2012,via LegiScan (CC BY 4.0)
RI,H7191,Uniform Controlled Substance Act,4,Passed,2014-06-03,Signed by Governor,2014-06-03,2014 Regular Session,83,strong,https://legiscan.com/RI/bill/H7191/2014,via LegiScan (CC BY 4.0)
RI,H7446,Substitutes the current lists of controlled substances in the general laws with the current version of title 21 of the code of federal regulations.,4,Passed,2024-06-26,Signed by Governor,2024-06-26,2024 Regular Session,87,strong,https://legiscan.com/RI/bill/H7446/2024,via LegiScan (CC BY 4.0)
RI,H7634,Uniform Controlled Substances Act,1,Introduced,2020-02-14,"Introduced, referred to House Judiciary",2020-02-14,2020 Regular Session,92,strong,https://legiscan.com/RI/bill/H7634/2020,via LegiScan (CC BY 4.0)
RI,H7665,Uniform Controlled Substances Act,4,Passed,2022-06-21,Signed by Governor,2022-06-21,2022 Regular Session,88,strong,https://legiscan.com/RI/bill/H7665/2022,via LegiScan (CC BY 4.0)
RI,H7715,Uniform Controlled Substances Act,1,Introduced,2022-03-02,Committee recommended measure be held for further study,2022-04-13,2022 Regular Session,96,strong,https://legiscan.com/RI/bill/H7715/2022,via LegiScan (CC BY 4.0)
RI,H7756,"Amends current law on controlled substances to permit psilocybin to be cultivated within a person's residence for personal use and contingent on the US FDA's program, mandate that RI department of health establish rules regulations.",1,Introduced,2026-02-12,Withdrawn at sponsor's request,2026-04-09,2026 Regular Session,98,title,https://legiscan.com/RI/bill/H7756/2026,via LegiScan (CC BY 4.0)
RI,H7817,Uniform Controlled Substances Act,1,Introduced,2020-02-26,"Introduced, referred to House H.E.W.",2020-02-26,2020 Regular Session,85,strong,https://legiscan.com/RI/bill/H7817/2020,via LegiScan (CC BY 4.0)
RI,H7925,"Amends current law on controlled substances to permit psilocybin to be cultivated within a person's residence for personal use and contingent on the Food and Drug Administration (FDA) program, mandates that RI DOH establishes rules regulations.",1,Introduced,2026-02-27,"Introduced, referred to House Health & Human Services",2026-02-27,2026 Regular Session,98,title,https://legiscan.com/RI/bill/H7925/2026,via LegiScan (CC BY 4.0)
RI,S0188,Uniform Controlled Substances Act,4,Passed,2021-07-09,Signed by Governor,2021-07-09,2021 Regular Session,94,strong,https://legiscan.com/RI/bill/S0188/2021,via LegiScan (CC BY 4.0)
RI,S0454,An Act Relating To Food And Drugs - Uniform Controlled Substances Act (would Add The Chemical Classes Of Synthetic Cannaboids And Synthetic Cathinones To Schedule I.),4,Passed,2013-07-15,Signed by Governor,2013-07-15,2013 Regular Session,86,strong,https://legiscan.com/RI/bill/S0454/2013,via LegiScan (CC BY 4.0)
RI,S0507,Uniform Controlled Substances Act,1,Introduced,2015-02-26,Withdrawn at sponsor's request,2015-03-03,2015 Regular Session,84,strong,https://legiscan.com/RI/bill/S0507/2015,via LegiScan (CC BY 4.0)
RI,S0509,Uniform Controlled Substances Act,1,Introduced,2015-02-26,Committee recommended measure be held for further study,2015-03-03,2015 Regular Session,84,strong,https://legiscan.com/RI/bill/S0509/2015,via LegiScan (CC BY 4.0)
RI,S0542,Reduces penalties for non-violent drug offenses and provide for terms of imprisonment of not more than 10 years for any drug offense and would repeal certain other offenses.,1,Introduced,2025-02-26,Committee recommended measure be held for further study,2025-04-10,2025 Regular Session,90,strong,https://legiscan.com/RI/bill/S0542/2025,via LegiScan (CC BY 4.0)
RI,S0738,Uniform Controlled Substances Act,4,Passed,2023-06-26,Signed by Governor,2023-06-26,2023 Regular Session,84,strong,https://legiscan.com/RI/bill/S0738/2023,via LegiScan (CC BY 4.0)
RI,S0806,Uniform Controlled Substances Act,1,Introduced,2023-03-23,Committee recommended measure be held for further study,2023-06-01,2023 Regular Session,98,strong,https://legiscan.com/RI/bill/S0806/2023,via LegiScan (CC BY 4.0)
RI,S0812,Uniform Controlled Substances Act,4,Passed,2017-06-27,Signed by Governor,2017-06-27,2017 Regular Session,85,strong,https://legiscan.com/RI/bill/S0812/2017,via LegiScan (CC BY 4.0)
RI,S0868,An Act Relating To Food And Drugs - Uniform Controlled Substance Act,1,Introduced,2011-04-14,"Introduced, referred to Senate Health and Human Services",2011-04-14,2011 Regular Session,93,strong,https://legiscan.com/RI/bill/S0868/2011,via LegiScan (CC BY 4.0)
RI,S0869,An Act Relating To Food And Drugs -- Uniform Controlled Substances Act,1,Introduced,2011-04-14,"Introduced, referred to Senate Health and Human Services",2011-04-14,2011 Regular Session,93,strong,https://legiscan.com/RI/bill/S0869/2011,via LegiScan (CC BY 4.0)
RI,S2444,Uniform Controlled Substances Act,4,Passed,2022-06-21,Signed by Governor,2022-06-21,2022 Regular Session,88,strong,https://legiscan.com/RI/bill/S2444/2022,via LegiScan (CC BY 4.0)
RI,S2457,Uniform Controlled Substances Act,1,Introduced,2020-02-13,"Introduced, referred to Senate Judiciary",2020-02-13,2020 Regular Session,92,strong,https://legiscan.com/RI/bill/S2457/2020,via LegiScan (CC BY 4.0)
RI,S2501,An Act Relating To Food And Drugs - Uniform Controlled Substances,1,Introduced,2012-02-16,"Introduced, referred to Senate Judiciary",2012-02-16,2012 Regular Session,86,strong,https://legiscan.com/RI/bill/S2501/2012,via LegiScan (CC BY 4.0)
RI,S2651,Uniform Controlled Substance Act,4,Passed,2014-06-03,Signed by Governor,2014-06-03,2014 Regular Session,83,strong,https://legiscan.com/RI/bill/S2651/2014,via LegiScan (CC BY 4.0)
RI,S2679,Uniform Controlled Substances Act,1,Introduced,2020-02-27,"Introduced, referred to Senate Judiciary",2020-02-27,2020 Regular Session,85,strong,https://legiscan.com/RI/bill/S2679/2020,via LegiScan (CC BY 4.0)
RI,S2820,Substitutes the current lists of controlled substances in the general laws with the current version of title 21 of the code of federal regulations.,4,Passed,2024-06-26,Signed by Governor,2024-06-26,2024 Regular Session,87,strong,https://legiscan.com/RI/bill/S2820/2024,via LegiScan (CC BY 4.0)
SC,H3018,"Marijuana Decriminalization, Veterans",1,Introduced,2025-01-14,Referred to Committee on Judiciary,2025-01-14,126th General Assembly,87,strong,https://legiscan.com/SC/bill/H3018/2025,via LegiScan (CC BY 4.0)
SC,H3045,"Controlled substances, revised forfeiture procedures",1,Introduced,2023-01-10,Referred to Committee on Judiciary,2023-01-10,125th General Assembly,84,strong,https://legiscan.com/SC/bill/H3045/2023,via LegiScan (CC BY 4.0)
SC,H3060,Drug Laws Study Committee,1,Introduced,2013-01-08,Member(s) request name added as sponsor: Cobb-Hunter,2014-04-01,120th General Assembly,92,strong,https://legiscan.com/SC/bill/H3060/2013,via LegiScan (CC BY 4.0)
SC,H3068,"Controlled substances, revised forfeiture procedures",1,Introduced,2025-01-14,Scrivener's error corrected,2025-02-04,126th General Assembly,87,strong,https://legiscan.com/SC/bill/H3068/2025,via LegiScan (CC BY 4.0)
SC,H3110,Marijuana,1,Introduced,2025-01-14,Referred to Committee on Judiciary,2025-01-14,126th General Assembly,87,strong,https://legiscan.com/SC/bill/H3110/2025,via LegiScan (CC BY 4.0)
SC,H3117,Controlled substance offenses and penalties,1,Introduced,2015-01-13,Referred to Committee on Judiciary,2015-01-13,121st General Assembly,87,strong,https://legiscan.com/SC/bill/H3117/2015,via LegiScan (CC BY 4.0)
SC,H3135,"Marijuana Decriminalization, Veterans",1,Introduced,2023-01-10,Referred to Committee on Judiciary,2023-01-10,125th General Assembly,87,strong,https://legiscan.com/SC/bill/H3135/2023,via LegiScan (CC BY 4.0)
SC,H3137,Schedule I drugs,1,Introduced,2011-01-11,"Member(s) request name added as sponsor: Barfield, Clemmons, Loftis",2011-02-09,119th General Assembly,87,strong,https://legiscan.com/SC/bill/H3137/2011,via LegiScan (CC BY 4.0)
SC,H3139,Forfeiture procedures for seized property,1,Introduced,2015-01-13,Referred to Committee on Judiciary,2015-01-13,121st General Assembly,85,strong,https://legiscan.com/SC/bill/H3139/2015,via LegiScan (CC BY 4.0)
SC,H3144,Schedule I drugs,1,Introduced,2011-01-11,"Member(s) request name added as sponsor: Barfield, Clemmons, Loftis",2011-02-09,119th General Assembly,87,strong,https://legiscan.com/SC/bill/H3144/2011,via LegiScan (CC BY 4.0)
SC,H3162,Controlled substance offenses,1,Introduced,2017-01-10,Referred to Committee on Judiciary,2017-01-10,122nd General Assembly,87,strong,https://legiscan.com/SC/bill/H3162/2017,via LegiScan (CC BY 4.0)
SC,H3202,Controlled substances,1,Introduced,2021-01-12,Member(s) request name added as sponsor: J.L.Johnson,2021-01-14,124th General Assembly,87,strong,https://legiscan.com/SC/bill/H3202/2021,via LegiScan (CC BY 4.0)
SC,H3210,Controlled substances,1,Introduced,2017-01-10,Referred to Committee on Judiciary,2017-01-10,122nd General Assembly,85,strong,https://legiscan.com/SC/bill/H3210/2017,via LegiScan (CC BY 4.0)
SC,H3212,Schedule I drugs,1,Introduced,2011-01-11,"Member(s) request name added as sponsor: Barfield, Clemmons, Loftis",2011-02-09,119th General Assembly,87,strong,https://legiscan.com/SC/bill/H3212/2011,via LegiScan (CC BY 4.0)
SC,H3226,Controlled substances and forfeiture of property,1,Introduced,2019-01-08,Member(s) request name added as sponsor: Hill,2019-01-15,123rd General Assembly,85,strong,https://legiscan.com/SC/bill/H3226/2019,via LegiScan (CC BY 4.0)
SC,H3228,Controlled substance offenses and penalties,1,Introduced,2021-01-12,Referred to Committee on Judiciary,2021-01-12,124th General Assembly,87,strong,https://legiscan.com/SC/bill/H3228/2021,via LegiScan (CC BY 4.0)
SC,H3276,Controlled substance offenses and penalties,1,Introduced,2019-01-08,Referred to Committee on Judiciary,2019-01-08,123rd General Assembly,87,strong,https://legiscan.com/SC/bill/H3276/2019,via LegiScan (CC BY 4.0)
SC,H3300,Controlled substances or seized items and forfeiture procedures,1,Introduced,2021-01-12,Member(s) request name added as sponsor: J.L.Johnson,2021-01-14,124th General Assembly,85,strong,https://legiscan.com/SC/bill/H3300/2021,via LegiScan (CC BY 4.0)
SC,H3322,Sentencing Reform,1,Introduced,2019-01-08,"Debate adjourned until Wed., 2-26-20",2020-02-19,123rd General Assembly,66,contextual,https://legiscan.com/SC/bill/H3322/2019,via LegiScan (CC BY 4.0)
SC,H3444,Controlled substances,1,Introduced,2019-01-08,"Referred to Committee on Medical, Military, Public and Municipal Affairs",2019-01-08,123rd General Assembly,87,strong,https://legiscan.com/SC/bill/H3444/2019,via LegiScan (CC BY 4.0)
SC,H3503,Trafficking in Fentanyl,4,Passed,2023-06-17,Act No. 72,2023-06-17,125th General Assembly,89,strong,https://legiscan.com/SC/bill/H3503/2023,via LegiScan (CC BY 4.0)
SC,H3561,Marijuana,1,Introduced,2023-01-10,Member(s) request name added as sponsor: Henderson-Myers,2023-02-28,125th General Assembly,87,strong,https://legiscan.com/SC/bill/H3561/2023,via LegiScan (CC BY 4.0)
SC,H3571,Decriminalize certain weights of marijuana and allow for citation,1,Introduced,2021-01-12,Member(s) request name added as sponsor: J.L.Johnson,2021-01-14,124th General Assembly,87,strong,https://legiscan.com/SC/bill/H3571/2021,via LegiScan (CC BY 4.0)
SC,H3619,Criminal asset fortieture,1,Introduced,2021-01-12,"Member(s) request name added as sponsor: Willis, Jones",2021-02-02,124th General Assembly,71,contextual,https://legiscan.com/SC/bill/H3619/2021,via LegiScan (CC BY 4.0)
SC,H3623,Early release of an inmate,2,Engrossed,2021-04-29,Committed to Committee on Judiciary,2022-02-22,124th General Assembly,93,strong,https://legiscan.com/SC/bill/H3623/2021,via LegiScan (CC BY 4.0)
SC,H3672,Controlled substance offenses and penalties,1,Introduced,2021-01-14,Referred to Committee on Judiciary,2021-01-14,124th General Assembly,87,strong,https://legiscan.com/SC/bill/H3672/2021,via LegiScan (CC BY 4.0)
SC,H3793,Schedule I Drugs,4,Passed,2012-04-11,Act No. 140,2012-04-11,119th General Assembly,94,strong,https://legiscan.com/SC/bill/H3793/2011,via LegiScan (CC BY 4.0)
SC,H3803,Marijuana Decriminalization,1,Introduced,2023-01-25,Scrivener's error corrected,2023-02-08,125th General Assembly,93,strong,https://legiscan.com/SC/bill/H3803/2023,via LegiScan (CC BY 4.0)
SC,H3804,Marijuana Decriminalization,1,Introduced,2025-01-28,Referred to Committee on Judiciary,2025-01-28,126th General Assembly,87,strong,https://legiscan.com/SC/bill/H3804/2025,via LegiScan (CC BY 4.0)
SC,H3823,"Drugs designated as schedule I, II, III, IV, and V controlled substances",1,Introduced,2013-03-19,Recommitted to Committee on Judiciary,2014-01-15,120th General Assembly,90,strong,https://legiscan.com/SC/bill/H3823/2013,via LegiScan (CC BY 4.0)
SC,H4313,Controlled substance offenses and penalties,1,Introduced,2019-03-26,Referred to Committee on Judiciary,2019-03-26,123rd General Assembly,87,strong,https://legiscan.com/SC/bill/H4313/2019,via LegiScan (CC BY 4.0)
SC,H4471,Bath Salts added to list of schedule 1 controlled substances,1,Introduced,2012-01-10,Referred to Committee on Judiciary,2012-01-10,119th General Assembly,87,strong,https://legiscan.com/SC/bill/H4471/2011,via LegiScan (CC BY 4.0)
SC,H4473,Controlled substances,1,Introduced,2019-04-24,Referred to Committee on Judiciary,2019-04-24,123rd General Assembly,87,strong,https://legiscan.com/SC/bill/H4473/2019,via LegiScan (CC BY 4.0)
SC,H4515,Bath Salts added to list of schedule 1 controlled substances,1,Introduced,2012-01-10,Member(s) request name added as sponsor: McCoy,2012-01-12,119th General Assembly,87,strong,https://legiscan.com/SC/bill/H4515/2011,via LegiScan (CC BY 4.0)
SC,H4518,Forfeiture of property,1,Introduced,2018-01-09,Referred to Committee on Judiciary,2018-01-09,122nd General Assembly,87,strong,https://legiscan.com/SC/bill/H4518/2017,via LegiScan (CC BY 4.0)
SC,H4687,Controlled substances,1,Introduced,2020-01-14,Member(s) request name added as sponsor: Wheeler,2020-01-15,123rd General Assembly,92,strong,https://legiscan.com/SC/bill/H4687/2019,via LegiScan (CC BY 4.0)
SC,H4798,Controlled substances,1,Introduced,2016-02-02,Referred to Committee on Judiciary,2016-02-02,121st General Assembly,87,strong,https://legiscan.com/SC/bill/H4798/2015,via LegiScan (CC BY 4.0)
SC,H4803,Controlled substance offenses and penalties,1,Introduced,2020-01-14,"Member(s) request name added as sponsor: Rivers, McDaniel, S.Williams, Henegan, Brawley, Garvin",2020-03-03,123rd General Assembly,87,strong,https://legiscan.com/SC/bill/H4803/2019,via LegiScan (CC BY 4.0)
SC,H5113,Possession of controlled substance penalties,1,Introduced,2012-03-29,Referred to Committee on Judiciary,2012-03-29,119th General Assembly,92,strong,https://legiscan.com/SC/bill/H5113/2011,via LegiScan (CC BY 4.0)
SC,H5155,Sentencing Reform,1,Introduced,2018-03-20,Recommitted to Committee on Judiciary,2018-05-02,122nd General Assembly,66,contextual,https://legiscan.com/SC/bill/H5155/2017,via LegiScan (CC BY 4.0)
SC,H5397,Controlled Substances,1,Introduced,2026-03-24,Member(s) request name added as sponsor: M.M.Smith,2026-04-15,126th General Assembly,86,strong,https://legiscan.com/SC/bill/H5397/2025,via LegiScan (CC BY 4.0)
SC,S0041,Criminal Asset Forfeiture,1,Introduced,2023-01-10,Scrivener's error corrected,2023-02-08,125th General Assembly,72,contextual,https://legiscan.com/SC/bill/S0041/2023,via LegiScan (CC BY 4.0)
SC,S0051,Sentencing Reform,1,Introduced,2021-01-12,"Referred to Subcommittee: Malloy (ch), Campsen, McLeod, Rice, Garrett, M.Johnson, Stephens",2021-07-16,124th General Assembly,64,contextual,https://legiscan.com/SC/bill/S0051/2021,via LegiScan (CC BY 4.0)
SC,S0078,Schedule I drugs,2,Engrossed,2011-04-12,Referred to Committee on Judiciary,2011-04-13,119th General Assembly,96,strong,https://legiscan.com/SC/bill/S0078/2011,via LegiScan (CC BY 4.0)
SC,S0153,Trafficking Fentanyl,2,Engrossed,2023-02-22,Scrivener's error corrected,2023-07-27,125th General Assembly,94,strong,https://legiscan.com/SC/bill/S0153/2023,via LegiScan (CC BY 4.0)
SC,S0209,Forfeitures,1,Introduced,2021-01-12,Referred to Committee on Judiciary,2021-01-12,124th General Assembly,87,strong,https://legiscan.com/SC/bill/S0209/2021,via LegiScan (CC BY 4.0)
SC,S0211,Marijuana Control Act,1,Introduced,2023-01-10,Scrivener's error corrected,2023-02-08,125th General Assembly,82,strong,https://legiscan.com/SC/bill/S0211/2023,via LegiScan (CC BY 4.0)
SC,S0246,Department of Health and Environmental Control,1,Introduced,2011-01-11,Referred to Committee on Medical Affairs,2011-01-11,119th General Assembly,75,strong,https://legiscan.com/SC/bill/S0246/2011,via LegiScan (CC BY 4.0)
SC,S0277,Sentencing Reform,1,Introduced,2023-01-10,Scrivener's error corrected,2023-02-09,125th General Assembly,62,contextual,https://legiscan.com/SC/bill/S0277/2023,via LegiScan (CC BY 4.0)
SC,S0335,Marijuana Control Act,1,Introduced,2021-01-12,Referred to Committee on Judiciary,2021-01-12,124th General Assembly,80,strong,https://legiscan.com/SC/bill/S0335/2021,via LegiScan (CC BY 4.0)
SC,S0380,Civil Asset Forfeiture Reform,1,Introduced,2015-01-28,"Referred to Subcommittee: Hutto (ch), Corbin, Young",2016-03-29,121st General Assembly,75,strong,https://legiscan.com/SC/bill/S0380/2015,via LegiScan (CC BY 4.0)
SC,S0406,"Schedule I, II, III, IV, and V controlled substances",2,Engrossed,2013-04-10,Referred to Committee on Judiciary,2013-04-11,120th General Assembly,91,strong,https://legiscan.com/SC/bill/S0406/2013,via LegiScan (CC BY 4.0)
SC,S0462,Controlled substances and forfeiture of property,1,Introduced,2019-01-30,Referred to Committee on Judiciary,2019-01-30,123rd General Assembly,85,strong,https://legiscan.com/SC/bill/S0462/2019,via LegiScan (CC BY 4.0)
SC,S0503,Controlled substances and forfeiture procedures for property,1,Introduced,2017-03-02,Referred to Committee on Judiciary,2017-03-02,122nd General Assembly,85,strong,https://legiscan.com/SC/bill/S0503/2017,via LegiScan (CC BY 4.0)
SC,S0639,Sentencing Reform,1,Introduced,2019-03-12,Scrivener's error corrected,2019-03-19,123rd General Assembly,66,contextual,https://legiscan.com/SC/bill/S0639/2019,via LegiScan (CC BY 4.0)
SC,S0642,Workers' Comp,1,Introduced,2019-03-12,"Referred to Subcommittee: Young (ch), Sabb, M.B.Matthews, Goldfinch, Talley",2019-04-23,123rd General Assembly,84,strong,https://legiscan.com/SC/bill/S0642/2019,via LegiScan (CC BY 4.0)
SC,S0726,Civil Asset Forfeiture,1,Introduced,2026-01-13,Referred to Committee on Judiciary,2026-01-13,126th General Assembly,87,strong,https://legiscan.com/SC/bill/S0726/2025,via LegiScan (CC BY 4.0)
SC,S1039,Schedule I substances,1,Introduced,2026-03-19,Referred to Committee on Medical Affairs,2026-03-19,126th General Assembly,86,strong,https://legiscan.com/SC/bill/S1039/2025,via LegiScan (CC BY 4.0)
SC,S1056,Provisions for the emergency designation of a substance as a schedule I substance,2,Engrossed,2012-02-02,Referred to Committee on Judiciary,2012-02-07,119th General Assembly,92,strong,https://legiscan.com/SC/bill/S1056/2011,via LegiScan (CC BY 4.0)
SD,HB1008,"Legalize the growth, production, and transportation of industrial hemp in the state, to make an appropriation therefor, and to declare an emergency.",4,Passed,2020-03-30,"Signed by the Governor on March 27, 2020 H.J. 630",2020-03-30,2020 Regular Session,81,strong,https://legiscan.com/SD/bill/HB1008/2020,via LegiScan (CC BY 4.0)
SD,HB1015,Place certain substances on the controlled substances schedule and to declare an emergency.,4,Passed,2011-02-25,Signed by Governor H.J. 528,2011-02-25,2011 Regular Session,93,strong,https://legiscan.com/SD/bill/HB1015/2011,via LegiScan (CC BY 4.0)
SD,HB1024,Place certain substances on the controlled substances schedule and to declare an emergency.,4,Passed,2014-02-10,Signed by Governor H.J. 346,2014-02-10,2014 Regular Session,90,strong,https://legiscan.com/SD/bill/HB1024/2014,via LegiScan (CC BY 4.0)
SD,HB1027,Place certain substances on the controlled substances schedule and to declare an emergency.,4,Passed,2022-02-10,"Signed by the Governor on February 10, 2022 H.J. 256",2022-02-10,2022 Regular Session,88,strong,https://legiscan.com/SD/bill/HB1027/2022,via LegiScan (CC BY 4.0)
SD,HB1045,"Provide for the use and regulated sale of marijuana, and to impose a tax on the sale of marijuana, and to distribute that revenue to counties.",1,Introduced,2022-01-11,"House of Representatives Do Pass Amended, Failed, YEAS 31, NAYS 36. H.J. 409",2022-02-22,2022 Regular Session,78,strong,https://legiscan.com/SD/bill/HB1045/2022,via LegiScan (CC BY 4.0)
SD,HB1099,Reschedule the pharmaceutical composition of crystalline polymorph psilocybin in a drug product approved by the Food and Drug Administration as a Schedule IV controlled substance.,4,Passed,2026-03-10,"Signed by the Governor on March 10, 2026 H.J. 547",2026-03-10,2026 Regular Session,97,title,https://legiscan.com/SD/bill/HB1099/2026,via LegiScan (CC BY 4.0)
SD,SB20,Place certain substances on the controlled substances schedule and to declare an emergency.,4,Passed,2021-02-18,"Signed by the Governor on February 18, 2021 S.J. 286",2021-02-18,2021 Regular Session,87,strong,https://legiscan.com/SD/bill/SB20/2021,via LegiScan (CC BY 4.0)
SD,SB22,Place certain substances on the controlled substances schedule and to declare an emergency.,4,Passed,2019-02-19,"Signed by the Governor on February 19, 2019 S.J. 396",2019-02-19,2019 Regular Session,88,strong,https://legiscan.com/SD/bill/SB22/2019,via LegiScan (CC BY 4.0)
SD,SB23,Place certain substances on the controlled substances schedule and to declare an emergency.,4,Passed,2012-02-24,Signed by Governor S.J. 552,2012-02-24,2012 Regular Session,94,strong,https://legiscan.com/SD/bill/SB23/2012,via LegiScan (CC BY 4.0)
SD,SB27,Place certain substances on the controlled substances schedule and to declare an emergency.,4,Passed,2023-02-13,"Signed by the Governor on February 13, 2023 S.J. 244",2023-02-13,2023 Regular Session,87,strong,https://legiscan.com/SD/bill/SB27/2023,via LegiScan (CC BY 4.0)
SD,SB3,Provide for the use and regulated sale of marijuana.,2,Engrossed,2022-02-23,"Placed on calendar pursuant to JR 6F-6, Failed, YEAS 28, NAYS 40. H.J. 576",2022-03-03,2022 Regular Session,81,strong,https://legiscan.com/SD/bill/SB3/2022,via LegiScan (CC BY 4.0)
SD,SB35,Modify substances listed on the controlled substances schedule and to declare an emergency.,4,Passed,2025-02-19,"Signed by the Governor on February 19, 2025 S.J. 288",2025-02-19,2025 Regular Session,89,strong,https://legiscan.com/SD/bill/SB35/2025,via LegiScan (CC BY 4.0)
SD,SB61,Place certain substances on the controlled substances schedule and to declare an emergency.,4,Passed,2015-02-18,Signed by Governor S.J. 426,2015-02-18,2015 Regular Session,88,strong,https://legiscan.com/SD/bill/SB61/2015,via LegiScan (CC BY 4.0)
SD,SB68,Revise the controlled substance schedule and to declare an emergency.,4,Passed,2013-03-06,Signed by Governor S.J. 694,2013-03-06,2013 Regular Session,87,strong,https://legiscan.com/SD/bill/SB68/2013,via LegiScan (CC BY 4.0)
TN,HB0287,"As enacted, revises various provisions of law regarding the scheduling of controlled substances and their analogues and derivatives, including updated identifications of drugs categorized in Schedules I–V. - Amends TCA Title 39, Chapter 17, Part 4.",4,Passed,2015-05-06,Comp. became Pub. Ch. 302,2015-05-06,109th General Assembly,82,strong,https://legiscan.com/TN/bill/HB0287/2015,via LegiScan (CC BY 4.0)
TN,HB1832,"As enacted, revises various provisions of law regarding the scheduling of controlled substances and their analogues and derivatives, including updated identifications of drugs categorized in Schedules I–V; authorizes sentence reduction credits for pr",4,Passed,2018-05-23,Pub. Ch. 1040,2018-05-23,110th General Assembly,88,strong,https://legiscan.com/TN/bill/HB1832/2017,via LegiScan (CC BY 4.0)
TN,HB2075,"AN ACT to amend Tennessee Code Annotated, Title 9; Title 33; Title 53; Title 63 and Title 68, relative to clinical trials.",4,Passed,2026-05-27,Comp. became Pub. Ch. 1119,2026-05-27,114th General Assembly,99,strong,https://legiscan.com/TN/bill/HB2075/2025,via LegiScan (CC BY 4.0)
TN,HB2368,"As enacted, rewrites the provisions governing the scheduling of controlled substances. - Amends TCA Title 39, Chapter 17, Part 4.",4,Passed,2012-04-30,Comp. became Pub. Ch. 812,2012-04-30,107th General Assembly,89,strong,https://legiscan.com/TN/bill/HB2368/2011,via LegiScan (CC BY 4.0)
TN,HJR0326,A RESOLUTION to honor and commend the West Tennessee Violent Crime and Drug Task Force.,4,Passed,2023-03-16,Signed by Governor.,2023-03-16,113th General Assembly,87,strong,https://legiscan.com/TN/bill/HJR0326/2023,via LegiScan (CC BY 4.0)
TN,HJR0788,Dennis Edwards,4,Passed,2018-03-06,Signed by Governor.,2018-03-06,110th General Assembly,87,strong,https://legiscan.com/TN/bill/HJR0788/2017,via LegiScan (CC BY 4.0)
TN,HJR1142,A RESOLUTION to honor native Tennessean Valerie June for her many and diverse talents and her exemplary career in music.,4,Passed,2026-04-09,Signed by Governor.,2026-04-09,114th General Assembly,87,strong,https://legiscan.com/TN/bill/HJR1142/2025,via LegiScan (CC BY 4.0)
TN,SB0318,"As enacted, revises various provisions of law regarding the scheduling of controlled substances and their analogues and derivatives, including updated identifications of drugs categorized in Schedules I–V. - Amends TCA Title 39, Chapter 17, Part 4.",4,Passed,2015-05-06,Pub. Ch. 302,2015-05-06,109th General Assembly,82,strong,https://legiscan.com/TN/bill/SB0318/2015,via LegiScan (CC BY 4.0)
TN,SB2149,"AN ACT to amend Tennessee Code Annotated, Title 9; Title 33; Title 53; Title 63 and Title 68, relative to clinical trials.",4,Passed,2026-05-27,Effective date(s) 05/22/2026,2026-05-27,114th General Assembly,99,strong,https://legiscan.com/TN/bill/SB2149/2025,via LegiScan (CC BY 4.0)
TN,SB2230,"As enacted, rewrites the provisions governing the scheduling of controlled substances. - Amends TCA Title 39, Chapter 17, Part 4.",4,Passed,2012-04-30,Pub. Ch. 812 ,2012-04-30,107th General Assembly,89,strong,https://legiscan.com/TN/bill/SB2230/2011,via LegiScan (CC BY 4.0)
TN,SB2258,"As enacted, revises various provisions of law regarding the scheduling of controlled substances and their analogues and derivatives, including updated identifications of drugs categorized in Schedules I–V; authorizes sentence reduction credits for pr",4,Passed,2018-05-23,Comp. became Pub. Ch. 1040,2018-05-23,110th General Assembly,88,strong,https://legiscan.com/TN/bill/SB2258/2017,via LegiScan (CC BY 4.0)
TX,HB1011,Relating to the addition of certain synthetic derivatives of marihuana and Saliva divinorum and its derivatives and extracts to the Texas Controlled Substances Act.,1,Introduced,2011-01-31,Left pending in committee,2011-03-15,82nd Legislature Regular Session,74,contextual,https://legiscan.com/TX/bill/HB1011/2011,via LegiScan (CC BY 4.0)
TX,HB108,Relating to the addition of a synthetic derivative of marihuana to Penalty Group 2 of the Texas Controlled Substances Act.,1,Introduced,2010-11-08,Left pending in committee,2011-03-15,82nd Legislature Regular Session,84,strong,https://legiscan.com/TX/bill/HB108/2011,via LegiScan (CC BY 4.0)
TX,HB1196,Relating to changing statutory references to marihuana to cannabis.,1,Introduced,2019-01-29,Left pending in committee,2019-04-01,86th Legislature Regular Session,59,contextual,https://legiscan.com/TX/bill/HB1196/2019,via LegiScan (CC BY 4.0)
TX,HB1333,Relating to the designation of certain synthetic compounds to Penalty Group 2 or 2-A of the Texas Controlled Substances Act.,1,Introduced,2013-02-14,Placed on General State Calendar,2013-05-09,83rd Legislature Regular Session,73,contextual,https://legiscan.com/TX/bill/HB1333/2013,via LegiScan (CC BY 4.0)
TX,HB1424,Relating to increasing penalties for defendants convicted of the manufacture or delivery of certain controlled substances.,4,Passed,2015-06-19,Effective on 9/1/15,2015-06-19,84th Legislature Regular Session,71,contextual,https://legiscan.com/TX/bill/HB1424/2015,via LegiScan (CC BY 4.0)
TX,HB1548,Relating to adding certain synthetic substances to Penalty Group 2 of the Texas Controlled Substances Act.,1,Introduced,2011-02-21,Left pending in committee,2011-03-15,82nd Legislature Regular Session,84,strong,https://legiscan.com/TX/bill/HB1548/2011,via LegiScan (CC BY 4.0)
TX,HB1670,Relating to the addition of a synthetic hallucinogenic substance to Penalty Group 2 of the Texas Controlled Substances Act.,1,Introduced,2013-02-21,Left pending in committee,2013-04-29,83rd Legislature Regular Session,82,strong,https://legiscan.com/TX/bill/HB1670/2013,via LegiScan (CC BY 4.0)
TX,HB1802,Relating to a study on the use of alternative therapies for treating post-traumatic stress disorder.,4,Passed,2021-06-18,Effective immediately,2021-06-18,87th Legislature Regular Session,98,strong,https://legiscan.com/TX/bill/HB1802/2021,via LegiScan (CC BY 4.0)
TX,HB2097,Relating to adding a synthetic substance to Penalty Group 2 of the Texas Controlled Substances Act.,1,Introduced,2011-03-02,Left pending in committee,2011-03-15,82nd Legislature Regular Session,84,strong,https://legiscan.com/TX/bill/HB2097/2011,via LegiScan (CC BY 4.0)
TX,HB2118,Relating to adding certain synthetic compounds to Penalty Group 2 of the Texas Controlled Substances Act.,4,Passed,2011-06-17,Effective on 9/1/11,2011-06-17,82nd Legislature Regular Session,87,strong,https://legiscan.com/TX/bill/HB2118/2011,via LegiScan (CC BY 4.0)
TX,HB218,"Relating to the criminal and licensing consequences of certain offenses relating to the possession of marihuana, certain tetrahydrocannabinols, certain synthetic cannabinoids, and drug paraphernalia; imposing a fee.",2,Engrossed,2023-04-27,Referred to State Affairs,2023-05-11,88th Legislature Regular Session,64,contextual,https://legiscan.com/TX/bill/HB218/2023,via LegiScan (CC BY 4.0)
TX,HB227,Relating to adding certain substances to the Texas Controlled Substances Act and regulating kratom and kratom products; increasing civil penalties; creating criminal offenses; increasing a criminal penalty.,1,Introduced,2025-08-18,Filed,2025-08-18,89th Legislature 2nd Special Session,63,contextual,https://legiscan.com/TX/bill/HB227/2025/X2,via LegiScan (CC BY 4.0)
TX,HB2568,"Relating to the manufacture, delivery, and possession of certain tetrahydrocannabinols under the Texas Controlled Substances Act.",1,Introduced,2021-03-02,Referred to Criminal Jurisprudence,2021-03-17,87th Legislature Regular Session,68,contextual,https://legiscan.com/TX/bill/HB2568/2021,via LegiScan (CC BY 4.0)
TX,HB2593,Relating to the criminal penalties for the possession of certain tetrahydrocannabinols under the Texas Controlled Substances Act.,2,Engrossed,2021-04-28,House adopts conf. comm. report-reported,2021-05-30,87th Legislature Regular Session,77,strong,https://legiscan.com/TX/bill/HB2593/2021,via LegiScan (CC BY 4.0)
TX,HB2880,Relating to the placement of certain substances in Penalty Groups 2 and 2-A of the Texas Controlled Substances Act for the purpose of prosecution of criminal offenses involving those substances.,1,Introduced,2015-03-10,Referred to Criminal Jurisprudence,2015-03-16,84th Legislature Regular Session,69,contextual,https://legiscan.com/TX/bill/HB2880/2015,via LegiScan (CC BY 4.0)
TX,HB291,Relating to adding certain substances to the Texas Controlled Substances Act and regulating kratom and kratom products; increasing civil penalties; creating criminal offenses; increasing a criminal penalty.,1,Introduced,2025-08-07,Filed,2025-08-07,89th Legislature 1st Special Session,63,contextual,https://legiscan.com/TX/bill/HB291/2025/X1,via LegiScan (CC BY 4.0)
TX,HB3169,Relating to the substances listed in Penalty Group 2 under the Texas Controlled Substances Act.,1,Introduced,2021-03-08,Referred to Criminal Jurisprudence,2021-03-19,87th Legislature Regular Session,78,strong,https://legiscan.com/TX/bill/HB3169/2021,via LegiScan (CC BY 4.0)
TX,HB3242,"Relating to the criminal and licensing consequences of certain offenses relating to the possession of marihuana, certain tetrahydrocannabinols, certain synthetic cannabinoids, and drug paraphernalia; imposing a fee.",1,Introduced,2025-02-24,Referred directly to subcommittee by chair,2025-04-15,89th Legislature Regular Session,59,contextual,https://legiscan.com/TX/bill/HB3242/2025,via LegiScan (CC BY 4.0)
TX,HB3717,Relating to the establishment of a grant program to fund the United States Food and Drug Administration's drug development trials with ibogaine for the purpose of securing the administration's approval as a medication for treatment of opioid use diso,1,Introduced,2025-03-04,Laid on the table subject to call,2025-05-12,89th Legislature Regular Session,99,title,https://legiscan.com/TX/bill/HB3717/2025,via LegiScan (CC BY 4.0)
TX,HB3889,"Relating to adding certain substances to Penalty Group 2 of the Texas Controlled Substances Act for purposes of criminal prosecutions involving those substances, increasing penalties for the manufacture of, delivery of, or possession with the intent ",1,Introduced,2015-03-13,Referred to Criminal Jurisprudence,2015-03-23,84th Legislature Regular Session,79,strong,https://legiscan.com/TX/bill/HB3889/2015,via LegiScan (CC BY 4.0)
TX,HB4014,Relating to a study on the use of psychedelic therapies in the treatment of certain conditions.,2,Engrossed,2025-05-08,Referred to Health & Human Services,2025-05-19,89th Legislature Regular Session,99,title,https://legiscan.com/TX/bill/HB4014/2025,via LegiScan (CC BY 4.0)
TX,HB4288,Relating to a study on the use of alternative therapies for treating post-traumatic stress disorder.,1,Introduced,2023-03-09,Referred to Public Health,2023-03-21,88th Legislature Regular Session,96,strong,https://legiscan.com/TX/bill/HB4288/2023,via LegiScan (CC BY 4.0)
TX,HB4423,Relating to the establishment of the Psilocybin Research Advisory Council.,1,Introduced,2023-03-09,Referred to Public Health,2023-03-21,88th Legislature Regular Session,98,title,https://legiscan.com/TX/bill/HB4423/2023,via LegiScan (CC BY 4.0)
TX,HB4561,"Relating to the establishment of the Alternative Mental Health Therapy Research Consortium and to certain plans, programs, and studies related to the provision of those alternative mental health therapies.",1,Introduced,2023-03-09,Referred to Public Health,2023-03-22,88th Legislature Regular Session,95,strong,https://legiscan.com/TX/bill/HB4561/2023,via LegiScan (CC BY 4.0)
TX,HB488,Relating to the designation of certain synthetic compounds to Penalty Group 2 or 2-A of the Texas Controlled Substances Act.,1,Introduced,2014-12-10,Left pending in committee,2015-04-08,84th Legislature Regular Session,70,contextual,https://legiscan.com/TX/bill/HB488/2015,via LegiScan (CC BY 4.0)
TX,HB49,Relating to the addition of certain synthetic derivatives of marihuana to Penalty Group 2 of the Texas Controlled Substances Act.,1,Introduced,2010-11-08,Left pending in committee,2011-03-22,82nd Legislature Regular Session,83,strong,https://legiscan.com/TX/bill/HB49/2011,via LegiScan (CC BY 4.0)
TX,HB551,Relating to the prosecution of and criminal penalties for the possession of marihuana concentrate; creating criminal offenses.,1,Introduced,2018-12-18,Referred to Criminal Jurisprudence,2019-02-20,86th Legislature Regular Session,59,contextual,https://legiscan.com/TX/bill/HB551/2019,via LegiScan (CC BY 4.0)
TX,HB595,Relating to the addition of certain substances to Penalty Groups 1-A and 2 of the Texas Controlled Substances Act for criminal prosecution and other purposes.,1,Introduced,2015-01-06,Laid on the table subject to call,2015-05-08,84th Legislature Regular Session,84,strong,https://legiscan.com/TX/bill/HB595/2015,via LegiScan (CC BY 4.0)
TX,HB597,Relating to designating certain synthetic cannabinoids as controlled substances under the Texas Controlled Substances Act; providing penalties and establishing certain criminal consequences or procedures.,1,Introduced,2011-01-12,Laid on the table subject to call,2011-05-12,82nd Legislature Regular Session,63,contextual,https://legiscan.com/TX/bill/HB597/2011,via LegiScan (CC BY 4.0)
TX,HCR12,Congratulating country-pop superstar Kenny Rogers on his achievements.,1,Introduced,2011-06-02,Received from the House,2011-06-28,82nd Legislature 1st Special,87,strong,https://legiscan.com/TX/bill/HCR12/2011/X1,via LegiScan (CC BY 4.0)
TX,HR1495,"Suspending limitations on conference committee jurisdiction, S.B. No. 2308.",4,Passed,2025-06-01,Reported enrolled,2025-06-01,89th Legislature Regular Session,98,strong,https://legiscan.com/TX/bill/HR1495/2025,via LegiScan (CC BY 4.0)
TX,HR791,In memory of Spencer Paul Golvach of Houston.,4,Passed,2015-03-11,Reported enrolled,2015-03-11,84th Legislature Regular Session,91,strong,https://legiscan.com/TX/bill/HR791/2015,via LegiScan (CC BY 4.0)
TX,SB1066,Relating to adding certain synthetic stimulants to Penalty Group 2 of the Texas Controlled Substances Act.,2,Engrossed,2011-04-29,Left pending in committee,2011-05-11,82nd Legislature Regular Session,88,strong,https://legiscan.com/TX/bill/SB1066/2011,via LegiScan (CC BY 4.0)
TX,SB1423,Relating to adding certain synthetic compounds to Penalty Group 2 of the Texas Controlled Substances Act.,1,Introduced,2011-03-10,Referred to Criminal Justice,2011-03-22,82nd Legislature Regular Session,82,strong,https://legiscan.com/TX/bill/SB1423/2011,via LegiScan (CC BY 4.0)
TX,SB1646,"Relating to the controlled substances listed in Penalty Groups 1, 2, and 2-A under the Texas Controlled Substances Act.",1,Introduced,2019-03-06,Referred to Criminal Justice,2019-03-14,86th Legislature Regular Session,66,contextual,https://legiscan.com/TX/bill/SB1646/2019,via LegiScan (CC BY 4.0)
TX,SB172,Relating to the addition of certain substances to Penalty Groups 1-A and 2 of the Texas Controlled Substances Act for criminal prosecution and other purposes.,4,Passed,2015-05-22,Effective on 9/1/15,2015-05-22,84th Legislature Regular Session,87,strong,https://legiscan.com/TX/bill/SB172/2015,via LegiScan (CC BY 4.0)
TX,SB1867,Relating to the addition of certain substances to Penalty Group 2 of the Texas Controlled Substances Act.,1,Introduced,2025-03-04,Referred to State Affairs,2025-03-17,89th Legislature Regular Session,75,strong,https://legiscan.com/TX/bill/SB1867/2025,via LegiScan (CC BY 4.0)
TX,SB1868,Relating to adding certain substances to the Texas Controlled Substances Act and regulating kratom and kratom products; increasing civil penalties; creating criminal offenses; increasing a criminal penalty.,2,Engrossed,2025-04-24,Referred to Public Health,2025-04-28,89th Legislature Regular Session,62,contextual,https://legiscan.com/TX/bill/SB1868/2025,via LegiScan (CC BY 4.0)
TX,SB199,Relating to the designation of certain synthetic compounds to Penalty Group 2 or 2-A of the Texas Controlled Substances Act.,1,Introduced,2014-12-03,Co-author authorized,2015-02-03,84th Legislature Regular Session,70,contextual,https://legiscan.com/TX/bill/SB199/2015,via LegiScan (CC BY 4.0)
TX,SB2028,"Relating to the criminal and licensing consequences of certain offenses relating to the possession of marihuana, certain tetrahydrocannabinols, certain synthetic cannabinoids, and drug paraphernalia; imposing a fee.",1,Introduced,2025-03-07,Referred to State Affairs,2025-03-17,89th Legislature Regular Session,59,contextual,https://legiscan.com/TX/bill/SB2028/2025,via LegiScan (CC BY 4.0)
TX,SB2308,"Relating to the establishment of a consortium to conduct United States Food and Drug Administration's drug development clinical trials with ibogaine to secure the administration's approval of the medication's use for treatment of opioid use disorder,",4,Passed,2025-06-11,Effective immediately,2025-06-11,89th Legislature Regular Session,99,title,https://legiscan.com/TX/bill/SB2308/2025,via LegiScan (CC BY 4.0)
TX,SB264,Relating to the addition of certain substances to Penalty Groups 1-A and 2 of the Texas Controlled Substances Act for criminal prosecution and other purposes.,2,Engrossed,2013-04-18,Returned to Local & Consent Calendars Comm.,2013-05-20,83rd Legislature Regular Session,83,strong,https://legiscan.com/TX/bill/SB264/2013,via LegiScan (CC BY 4.0)
TX,SB28,Relating to the addition of certain substances to Penalty Groups 1-A and 2 of the Texas Controlled Substances Act for criminal prosecution and other purposes.,1,Introduced,2013-06-06,Filed,2013-06-06,83rd Legislature 1st Special Session,77,strong,https://legiscan.com/TX/bill/SB28/2013/X1,via LegiScan (CC BY 4.0)
TX,SB2932,Relating to a pilot program awarding grants for the provision of personalized treatment protocols for veterans diagnosed with post-traumatic stress disorder.,1,Introduced,2025-03-14,Referred to Vet Affairs,2025-04-07,89th Legislature Regular Session,87,strong,https://legiscan.com/TX/bill/SB2932/2025,via LegiScan (CC BY 4.0)
TX,SB3005,Relating to a study on the use of psychedelic therapies in the treatment of certain conditions.,1,Introduced,2025-03-14,Co-author authorized,2025-04-29,89th Legislature Regular Session,98,title,https://legiscan.com/TX/bill/SB3005/2025,via LegiScan (CC BY 4.0)
TX,SB760,Relating to the prosecution of and criminal penalties for the possession of marihuana concentrate; creating criminal offenses.,1,Introduced,2019-02-11,Referred to Criminal Justice,2019-03-01,86th Legislature Regular Session,58,contextual,https://legiscan.com/TX/bill/SB760/2019,via LegiScan (CC BY 4.0)
TX,SB967,"Relating to the criminal and licensing consequences of certain offenses relating to the possession of marihuana, certain tetrahydrocannabinols, certain synthetic cannabinoids, and drug paraphernalia; imposing a fee.",1,Introduced,2023-02-15,Referred to State Affairs,2023-03-03,88th Legislature Regular Session,59,contextual,https://legiscan.com/TX/bill/SB967/2023,via LegiScan (CC BY 4.0)
TX,SR703,"Suspending limitations on conference committee jurisdiction, S.B. No. 2308.",4,Passed,2025-05-31,Reported enrolled,2025-05-31,89th Legislature Regular Session,98,strong,https://legiscan.com/TX/bill/SR703/2025,via LegiScan (CC BY 4.0)
US,HB2623,Innovative Therapies Centers of Excellence Act of 2025,1,Introduced,2025-04-03,Referred to the Subcommittee on Health.,2025-05-08,119th Congress,87,strong,https://legiscan.com/US/bill/HB2623/2025,via LegiScan (CC BY 4.0)
US,HB3684,Douglas Mike Day Psychedelic Therapy to Save Lives Act of 2023,1,Introduced,2023-05-25,Referred to the House Committee on Armed Services.,2023-05-25,118th Congress,98,title,https://legiscan.com/US/bill/HB3684/2023,via LegiScan (CC BY 4.0)
US,HB4242,"To direct the Secretary of Health and Human Services, acting through the Commissioner of Food and Drugs, to issue guidance on considerations for conducting clinical trials for psychedelic assisted therapy.",1,Introduced,2023-06-21,Referred to the Subcommittee on Health.,2023-06-23,118th Congress,96,title,https://legiscan.com/US/bill/HB4242/2023,via LegiScan (CC BY 4.0)
US,HB5592,Validating Independence for State Initiatives on Organic Natural Substances Act of 2023,1,Introduced,2023-09-20,Referred to the Subcommittee on Health.,2023-09-22,118th Congress,96,strong,https://legiscan.com/US/bill/HB5592/2023,via LegiScan (CC BY 4.0)
US,HB7091,Expanding Veterans’ Access to Emerging Treatments Act,1,Introduced,2026-01-15,Referred to the Subcommittee on Health.,2026-02-02,119th Congress,87,strong,https://legiscan.com/US/bill/HB7091/2025,via LegiScan (CC BY 4.0)
US,HB7347,"To amend title 38, United States Code, to direct the Secretary of Veterans Affairs to report on whether the Secretary will include certain psychedelic drugs in the formulary of the Department of Veterans Affairs.",1,Introduced,2024-02-14,"Placed on the Union Calendar, Calendar No. 544.",2024-09-06,118th Congress,98,title,https://legiscan.com/US/bill/HB7347/2023,via LegiScan (CC BY 4.0)
US,HB9547,Veterans and Servicemembers PTSD Emerging Treatment Review Act of 2026,1,Introduced,2026-06-30,Referred to the House Committee on Armed Services.,2026-06-30,119th Congress,93,strong,https://legiscan.com/US/bill/HB9547/2025,via LegiScan (CC BY 4.0)
US,HB9559,IBOGAINE Act Initiating Biomedical Outcomes to Garner Advancements into Innovative Neuroplastogen Efficacy Act,1,Introduced,2026-06-30,Referred to the Subcommittee on Health.,2026-07-17,119th Congress,97,title,https://legiscan.com/US/bill/HB9559/2025,via LegiScan (CC BY 4.0)
US,HR1234,"Supporting the mission and goals of National Fentanyl Awareness Day in 2026, including increasing individual and public awareness of the impact of fake or counterfeit fentanyl pills on families and young people.",1,Introduced,2026-04-29,"Referred to the Committee on Energy and Commerce, and in addition to the Committee on the Judiciary, for a period to be subsequently determined by the Speaker, in each case for con",2026-04-29,119th Congress,87,strong,https://legiscan.com/US/bill/HR1234/2025,via LegiScan (CC BY 4.0)
US,HR359,"Supporting the mission and goals of National Fentanyl Awareness Day in 2025, including increasing individual and public awareness of the impact of fake or counterfeit fentanyl pills on families and young people.",1,Introduced,2025-04-29,"Referred to the Committee on Energy and Commerce, and in addition to the Committee on the Judiciary, for a period to be subsequently determined by the Speaker, in each case for con",2025-04-29,119th Congress,87,strong,https://legiscan.com/US/bill/HR359/2025,via LegiScan (CC BY 4.0)
US,HR381,"Supporting the mission and goals of National Fentanyl Awareness Day in 2023, including increasing individual and public awareness of the impact of fake or counterfeit fentanyl pills on families and young people.",1,Introduced,2023-05-09,Referred to the Subcommittee on Health.,2023-05-12,118th Congress,87,strong,https://legiscan.com/US/bill/HR381/2023,via LegiScan (CC BY 4.0)
US,SB4031,Innovative Therapies Centers of Excellence Act,1,Introduced,2026-03-09,Read twice and referred to the Committee on Veterans' Affairs.,2026-03-09,119th Congress,87,strong,https://legiscan.com/US/bill/SB4031/2025,via LegiScan (CC BY 4.0)
US,SB4220,Veterans Health Administration Novel Therapeutics Preparedness Act,1,Introduced,2026-03-26,Committee on Veterans' Affairs. Hearings held.,2026-04-29,119th Congress,87,strong,https://legiscan.com/US/bill/SB4220/2025,via LegiScan (CC BY 4.0)
US,SB5324,OATH Act of 2024 Obligations to Aberdeen’s Trusted Heroes Act of 2024,1,Introduced,2024-11-14,Read twice and referred to the Committee on Veterans' Affairs.,2024-11-14,118th Congress,87,strong,https://legiscan.com/US/bill/SB5324/2023,via LegiScan (CC BY 4.0)
US,SR186,"A resolution supporting the mission and goals of National Fentanyl Awareness Day in 2025, including increasing individual and public awareness of the impact of fake or counterfeit fentanyl pills on families and young people.",1,Introduced,2025-04-29,"Submitted in the Senate, considered, and agreed to without amendment and with a preamble by Unanimous Consent. (consideration: CR S2643; text: CR S2669)",2025-04-29,119th Congress,87,strong,https://legiscan.com/US/bill/SR186/2025,via LegiScan (CC BY 4.0)
US,SR215,"A resolution supporting the mission and goals of National Fentanyl Awareness Day in 2023, including increasing individual and public awareness of the impact of fake or counterfeit fentanyl pills on families and young people.",1,Introduced,2023-05-17,"Submitted in the Senate, considered, and agreed to without amendment and with a preamble by Unanimous Consent. (consideration: CR S1712; text: CR S1709)",2023-05-17,118th Congress,87,strong,https://legiscan.com/US/bill/SR215/2023,via LegiScan (CC BY 4.0)
US,SR647,A resolution designating the last weekend of June 2022 to commemorate the first weekend of the 1969 Harlem Cultural Festival and the first full weekend of May to commemorate the final weekend of the New Orleans Jazz and Heritage Festival of 1970.,1,Introduced,2022-05-24,"Submitted in the Senate, considered, and agreed to without amendment and with a preamble by Unanimous Consent. (consideration: CR S2669; text: CR S2667)",2022-05-24,117th Congress,87,strong,https://legiscan.com/US/bill/SR647/2021,via LegiScan (CC BY 4.0)
US,SR692,"A resolution supporting the mission and goals of National Fentanyl Awareness Day in 2024, including increasing individual and public awareness of the impact of fake or counterfeit fentanyl pills on families and young people.",1,Introduced,2024-05-15,"Submitted in the Senate, considered, and agreed to without amendment and with a preamble by Unanimous Consent. (consideration: CR S3739; text: CR S3720-3721)",2024-05-15,118th Congress,87,strong,https://legiscan.com/US/bill/SR692/2023,via LegiScan (CC BY 4.0)
US,SR704,"A resolution supporting the mission and goals of National Fentanyl Awareness Day in 2026, including increasing individual and public awareness of the impact of fake or counterfeit fentanyl pills on families and young people.",1,Introduced,2026-04-29,"Submitted in the Senate, considered, and agreed to without amendment and with a preamble by Unanimous Consent. (consideration: CR S2109; text: CR S2135-2136)",2026-04-29,119th Congress,87,strong,https://legiscan.com/US/bill/SR704/2025,via LegiScan (CC BY 4.0)
UT,HB0023,Controlled Substance Modifications,4,Passed,2011-02-25,Governor Signed in LTGOV,2011-02-25,2011 General Session,73,contextual,https://legiscan.com/UT/bill/HB0023/2011,via LegiScan (CC BY 4.0)
UT,HB0030,Drug Law Amendments,4,Passed,2010-03-23,Governor Signed in ELTGOV,2010-03-23,2010 General Session,90,strong,https://legiscan.com/UT/bill/HB0030/2010,via LegiScan (CC BY 4.0)
UT,HB0052,Controlled Substances Revisions,4,Passed,2013-03-26,Governor Signed in ELTGOV,2013-03-26,2013 General Session,88,strong,https://legiscan.com/UT/bill/HB0052/2013,via LegiScan (CC BY 4.0)
UT,HB0110,Controlled Substance Amendments,4,Passed,2017-03-21,Governor Signed in Lieutenant Governor's office for filing,2017-03-21,2017 General Session,90,strong,https://legiscan.com/UT/bill/HB0110/2017,via LegiScan (CC BY 4.0)
UT,HB0173,Controlled Substances Act Amendments,4,Passed,2025-03-25,Governor Signed in Lieutenant Governor's office for filing,2025-03-25,2025 General Session,89,strong,https://legiscan.com/UT/bill/HB0173/2025,via LegiScan (CC BY 4.0)
UT,HB0242,Controlled Substances Amendments,1,Introduced,2011-01-26,House/ strike enacting clause in HFILE,2011-03-10,2011 General Session,71,contextual,https://legiscan.com/UT/bill/HB0242/2011,via LegiScan (CC BY 4.0)
UT,HB0254,Controlled Substances Amendments,1,Introduced,2012-01-23,House/ substituted in HSUB,2012-02-17,2012 General Session,85,strong,https://legiscan.com/UT/bill/HB0254/2012,via LegiScan (CC BY 4.0)
UT,HB0260,Controlled Substances Amendments,4,Passed,2024-03-14,Governor Signed in Lieutenant Governor's office for filing,2024-03-14,2024 General Session,85,strong,https://legiscan.com/UT/bill/HB0260/2024,via LegiScan (CC BY 4.0)
UT,HB0279,Higher Education Code Amendments,4,Passed,2026-03-19,Governor Signed in Lieutenant Governor's office for filing,2026-03-19,2026 General Session,85,strong,https://legiscan.com/UT/bill/HB0279/2026,via LegiScan (CC BY 4.0)
UT,HB0371,Controlled Substance Revisions,1,Introduced,2017-02-15,House/ filed in House file for bills not passed,2017-03-09,2017 General Session,85,strong,https://legiscan.com/UT/bill/HB0371/2017,via LegiScan (CC BY 4.0)
UT,HB0390,Veterans PTSD Clinical Research Amendments,4,Passed,2026-03-19,Governor Signed in Lieutenant Governor's office for filing,2026-03-19,2026 General Session,99,strong,https://legiscan.com/UT/bill/HB0390/2026,via LegiScan (CC BY 4.0)
UT,HB0434,Controlled Substances Act Amendments,4,Passed,2018-03-16,Governor Signed in Lieutenant Governor's office for filing,2018-03-16,2018 General Session,88,strong,https://legiscan.com/UT/bill/HB0434/2018,via LegiScan (CC BY 4.0)
UT,HB0442,Marijuana Definitions Amendments,4,Passed,2022-03-22,Governor Signed in Lieutenant Governor's office for filing,2022-03-22,2022 General Session,85,strong,https://legiscan.com/UT/bill/HB0442/2022,via LegiScan (CC BY 4.0)
UT,HB0449,Controlled Substances Amendments,4,Passed,2019-03-21,Governor Signed in Lieutenant Governor's office for filing,2019-03-21,2019 General Session,86,strong,https://legiscan.com/UT/bill/HB0449/2019,via LegiScan (CC BY 4.0)
UT,HB0500,Controlled Substance Modifications,6,Failed,2025-03-07,House/ filed in House file for bills not passed,2025-03-07,2025 General Session,94,strong,https://legiscan.com/UT/bill/HB0500/2025,via LegiScan (CC BY 4.0)
UT,HB0543,Controlled Substance Licensing Amendments,6,Failed,2025-03-07,House/ filed in House file for bills not passed,2025-03-07,2025 General Session,65,contextual,https://legiscan.com/UT/bill/HB0543/2025,via LegiScan (CC BY 4.0)
UT,SB0045,Kratom Adjustments,4,Passed,2026-03-26,Governor Signed in Lieutenant Governor's office for filing,2026-03-26,2026 General Session,88,strong,https://legiscan.com/UT/bill/SB0045/2026,via LegiScan (CC BY 4.0)
UT,SB0048,Kratom Revisions,6,Failed,2026-03-06,Senate/ filed in Senate file for bills not passed,2026-03-06,2026 General Session,80,strong,https://legiscan.com/UT/bill/SB0048/2026,via LegiScan (CC BY 4.0)
UT,SB0083,Controlled Substance Scheduling Amendments,4,Passed,2026-03-24,Governor Signed in Lieutenant Governor's office for filing,2026-03-24,2026 General Session,90,strong,https://legiscan.com/UT/bill/SB0083/2026,via LegiScan (CC BY 4.0)
UT,SB0087,Naloxone Amendments,4,Passed,2026-03-17,Governor Signed in Lieutenant Governor's office for filing,2026-03-17,2026 General Session,66,contextual,https://legiscan.com/UT/bill/SB0087/2026,via LegiScan (CC BY 4.0)
UT,SB0114,Controlled Substances Amendments,6,Failed,2026-03-06,Senate/ filed in Senate file for bills not passed,2026-03-06,2026 General Session,94,strong,https://legiscan.com/UT/bill/SB0114/2026,via LegiScan (CC BY 4.0)
UT,SB0121,Medical Cannabis Amendments,4,Passed,2020-02-28,Governor Signed in Lieutenant Governor's office for filing,2020-02-28,2020 General Session,52,contextual,https://legiscan.com/UT/bill/SB0121/2020,via LegiScan (CC BY 4.0)
UT,SB0170,Pharmacy and Pharmaceuticals Amendments,4,Passed,2019-03-26,Governor Signed in Lieutenant Governor's office for filing,2019-03-26,2019 General Session,81,strong,https://legiscan.com/UT/bill/SB0170/2019,via LegiScan (CC BY 4.0)
UT,SB0200,Psilocybin Recommendation Pilot Program Amendments,6,Failed,2023-03-03,Senate/ filed in Senate file for bills not passed,2023-03-03,2023 General Session,99,title,https://legiscan.com/UT/bill/SB0200/2023,via LegiScan (CC BY 4.0)
UT,SB0219,Pharmaceutical Product Amendments,4,Passed,2017-03-25,Governor Signed in Lieutenant Governor's office for filing,2017-03-25,2017 General Session,89,strong,https://legiscan.com/UT/bill/SB0219/2017,via LegiScan (CC BY 4.0)
UT,SB0248,Controlled Substances Amendments,6,Failed,2025-03-07,Senate/ filed in Senate file for bills not passed,2025-03-07,2025 General Session,97,strong,https://legiscan.com/UT/bill/SB0248/2025,via LegiScan (CC BY 4.0)
UT,SB0266,Medical Amendments,3,Enrolled,2024-03-11,Became Law w/o Governor Signature in Lieutenant Governor's office for filing,2024-03-21,2024 General Session,87,strong,https://legiscan.com/UT/bill/SB0266/2024,via LegiScan (CC BY 4.0)
UT,SB0270,Controlled Substance Amendments,4,Passed,2013-03-22,Governor Signed in ELTGOV,2013-03-22,2013 General Session,89,strong,https://legiscan.com/UT/bill/SB0270/2013,via LegiScan (CC BY 4.0)
UT,SB0317,Opioid Terminology Amendments,6,Failed,2026-03-06,Senate/ filed in Senate file for bills not passed,2026-03-06,2026 General Session,67,contextual,https://legiscan.com/UT/bill/SB0317/2026,via LegiScan (CC BY 4.0)
VA,HB1077,Drug Control Act; adds certain chemical substances to Schedule I.,4,Passed,2016-03-01,Governor: Acts of Assembly Chapter text (CHAP0103),2016-03-01,2016 Regular Session,92,strong,https://legiscan.com/VA/bill/HB1077/2016,via LegiScan (CC BY 4.0)
VA,HB1112,"Controlled substance analogs; regulation by Board of Pharmacy, synthetic cannabinoids, penalties.",4,Passed,2014-04-06,Governor: Acts of Assembly Chapter text (CHAP0674),2014-04-06,2014 Regular Session,67,contextual,https://legiscan.com/VA/bill/HB1112/2014,via LegiScan (CC BY 4.0)
VA,HB1194,Schedule I controlled substances; adds various drugs to list.,4,Passed,2018-03-19,Governor: Acts of Assembly Chapter text (CHAP0372),2018-03-19,2018 Regular Session,91,strong,https://legiscan.com/VA/bill/HB1194/2018,via LegiScan (CC BY 4.0)
VA,HB1263,Drug Control Act; adds certain chemicals to Schedule I of Act.,4,Passed,2020-03-03,Governor: Acts of Assembly Chapter text (CHAP0101),2020-03-03,2020 Regular Session,90,strong,https://legiscan.com/VA/bill/HB1263/2020,via LegiScan (CC BY 4.0)
VA,HB1333,"Drug Control Act; adds certain chemicals to Schedules I, II, IV, and V of Act.",4,Passed,2024-03-08,Governor: Acts of Assembly Chapter text (CHAP0062),2024-03-08,2024 Regular Session,85,strong,https://legiscan.com/VA/bill/HB1333/2024,via LegiScan (CC BY 4.0)
VA,HB1347,Psilocybin; Board of Pharmacy to reschedule upon federal scheduling changes.,4,Passed,2026-04-06,Acts of Assembly Chapter text (CHAP0305),2026-04-06,2026 Regular Regular Session,99,title,https://legiscan.com/VA/bill/HB1347/2026,via LegiScan (CC BY 4.0)
VA,HB1423,"Marijuana, synthetic; penalties for possession, intent to sell, distribute, etc.",1,Introduced,2010-10-26,House: Incorporated by Courts of Justice (HB1434-Garrett) by voice vote,2011-01-31,2011 Regular Session,87,strong,https://legiscan.com/VA/bill/HB1423/2011,via LegiScan (CC BY 4.0)
VA,HB1427,"Marijuana, synthetic; penalties for possession, intent to sell, distribute, etc.",1,Introduced,2010-10-28,House: Incorporated by Courts of Justice (HB1434-Garrett) by voice vote,2011-01-31,2011 Regular Session,87,strong,https://legiscan.com/VA/bill/HB1427/2011,via LegiScan (CC BY 4.0)
VA,HB1434,"Cannabinoids, synthetic; penalties for transport, possession, sale, or distribution, etc.",4,Passed,2011-03-23,Governor: Acts of Assembly Chapter text (CHAP0384),2011-03-23,2011 Regular Session,71,contextual,https://legiscan.com/VA/bill/HB1434/2011,via LegiScan (CC BY 4.0)
VA,HB1440,Schedule I and Schedule II drugs; adds various drugs to lists.,2,Engrossed,2018-02-12,Failed to pass,2018-03-10,2018 Regular Session,85,strong,https://legiscan.com/VA/bill/HB1440/2018,via LegiScan (CC BY 4.0)
VA,HB1450,"Drug Control Act; adds certain chemicals to Schedules I, II, IV, and V of Act.",1,Introduced,2024-01-18,Incorporated by Health and Human Services ,2024-01-30,2024 Regular Session,80,strong,https://legiscan.com/VA/bill/HB1450/2024,via LegiScan (CC BY 4.0)
VA,HB1473,"Marijuana, synthetic; penalties for possession, intent to sell, distribute, etc.",1,Introduced,2010-12-07,House: Incorporated by Courts of Justice (HB1434-Garrett) by voice vote,2011-01-31,2011 Regular Session,87,strong,https://legiscan.com/VA/bill/HB1473/2011,via LegiScan (CC BY 4.0)
VA,HB1481,"Marijuana, synthetic; penalties for possession, intent to sell, distribute, etc.",1,Introduced,2010-12-10,House: Incorporated by Courts of Justice (HB1434-Garrett) by voice vote,2011-01-31,2011 Regular Session,87,strong,https://legiscan.com/VA/bill/HB1481/2011,via LegiScan (CC BY 4.0)
VA,HB1513,"Psilocybin; possession or distribution for certain medical purposes permitted, penalty.",1,Introduced,2023-01-04,Left in Courts of Justice,2023-02-07,2023 Regular Session,98,title,https://legiscan.com/VA/bill/HB1513/2023,via LegiScan (CC BY 4.0)
VA,HB1564,Schedule I drugs; adding several substances to list.,4,Passed,2015-04-15,Governor: Acts of Assembly Chapter text (CHAP0726),2015-04-15,2015 Regular Session,93,strong,https://legiscan.com/VA/bill/HB1564/2015,via LegiScan (CC BY 4.0)
VA,HB1587,Drug Control Act; Schedule I; Schedule IV.,4,Passed,2025-03-19,Acts of Assembly Chapter text (CHAP0118),2025-03-19,2025 Regular Session,76,strong,https://legiscan.com/VA/bill/HB1587/2025,via LegiScan (CC BY 4.0)
VA,HB1610,Drug Control Act; Schedule I.,4,Passed,2017-03-13,Governor: Acts of Assembly Chapter text (CHAP0414),2017-03-13,2017 Regular Session,91,strong,https://legiscan.com/VA/bill/HB1610/2017,via LegiScan (CC BY 4.0)
VA,HB1762,"Schedule I; adds 5-methoxy-N,N-dimethyltryptamine to list.",1,Introduced,2011-01-11,House: Left in Appropriations,2011-02-08,2011 Regular Session,87,strong,https://legiscan.com/VA/bill/HB1762/2011,via LegiScan (CC BY 4.0)
VA,HB1778,"Marijuana, synthetic; penalties for possession, intent to sell, distribute, etc.",1,Introduced,2011-01-11,House: Incorporated by Courts of Justice (HB1434-Garrett) by voice vote,2011-01-31,2011 Regular Session,87,strong,https://legiscan.com/VA/bill/HB1778/2011,via LegiScan (CC BY 4.0)
VA,HB1803,Controlled substances; adds certain chemicals to Schedule I and Schedule II.,4,Passed,2019-02-21,Governor: Acts of Assembly Chapter text (CHAP0085),2019-02-21,2019 Regular Session,90,strong,https://legiscan.com/VA/bill/HB1803/2019,via LegiScan (CC BY 4.0)
VA,HB1839,Industrial hemp; federal Farm Bill.,4,Passed,2019-03-21,Governor: Acts of Assembly Chapter text (CHAP0653),2019-03-21,2019 Regular Session,73,contextual,https://legiscan.com/VA/bill/HB1839/2019,via LegiScan (CC BY 4.0)
VA,HB1843,"Cannabinoids, research chemicals, synthetic; penalties.",1,Introduced,2013-01-08,Incorporated by Courts of Justice ,2013-01-25,2013 Regular Session,86,strong,https://legiscan.com/VA/bill/HB1843/2013,via LegiScan (CC BY 4.0)
VA,HB1878,"Marijuana, synthetic; penalties for possession, intent to sell, distribute, etc.",1,Introduced,2011-01-11,House: Incorporated by Courts of Justice (HB1434-Garrett) by voice vote,2011-01-31,2011 Regular Session,87,strong,https://legiscan.com/VA/bill/HB1878/2011,via LegiScan (CC BY 4.0)
VA,HB193,Drug Control Act; adds certain chemicals to the Act.,4,Passed,2022-04-06,Governor: Acts of Assembly Chapter text (CHAP0114),2022-04-06,2022 Regular Session,87,strong,https://legiscan.com/VA/bill/HB193/2022,via LegiScan (CC BY 4.0)
VA,HB1941,"Cannabinoids, research chemicals, synthetic; penalties. Emergency.",4,Passed,2013-03-13,Governor: Acts of Assembly Chapter text (CHAP0295),2013-03-13,2013 Regular Session,92,strong,https://legiscan.com/VA/bill/HB1941/2013,via LegiScan (CC BY 4.0)
VA,HB1973,"Industrial hemp; selling or offering for sale a topical hemp product, etc.",6,Failed,2023-02-25,Failed to pass in House,2023-02-25,2023 Regular Session,62,contextual,https://legiscan.com/VA/bill/HB1973/2023,via LegiScan (CC BY 4.0)
VA,HB2049,"Marijuana, synthetic; penalties for possession, intent to sell, distribute, etc.",1,Introduced,2011-01-11,House: Left in Courts of Justice,2011-02-08,2011 Regular Session,87,strong,https://legiscan.com/VA/bill/HB2049/2011,via LegiScan (CC BY 4.0)
VA,HB2078,Industrial hemp; updates laws to address the new hemp producer license.,4,Passed,2021-03-12,Governor: Acts of Assembly Chapter text (CHAP0110),2021-03-12,2021 Special I,78,strong,https://legiscan.com/VA/bill/HB2078/2021/X1,via LegiScan (CC BY 4.0)
VA,HB2078,Industrial hemp; updates laws to address the new hemp producer license.,2,Engrossed,2021-02-04,"Continued to 2021 Sp. Sess. 1 in Agriculture, Conservation and Natural Resources (14-Y 0-N)",2021-02-05,2021 Regular Session,77,strong,https://legiscan.com/VA/bill/HB2078/2021,via LegiScan (CC BY 4.0)
VA,HB2265,Industrial hemp; increases maximum THC concentration.,1,Introduced,2023-01-11,Left in General Laws,2023-02-07,2023 Regular Session,75,strong,https://legiscan.com/VA/bill/HB2265/2023,via LegiScan (CC BY 4.0)
VA,HB2294,"Industrial hemp; regulated hemp products, etc.",4,Passed,2023-04-12,Governor: Acts of Assembly Chapter text (CHAP0794),2023-04-12,2023 Regular Session,60,contextual,https://legiscan.com/VA/bill/HB2294/2023,via LegiScan (CC BY 4.0)
VA,HB2364,Drug Control Act; adds certain chemicals to Schedule I of Act.,4,Passed,2023-03-22,Governor: Acts of Assembly Chapter text (CHAP0188),2023-03-22,2023 Regular Session,88,strong,https://legiscan.com/VA/bill/HB2364/2023,via LegiScan (CC BY 4.0)
VA,HB508,"Cannabinoids, synthetic; amends provisions regarding criminalization.",4,Passed,2012-04-18,Governor: Acts of Assembly Chapter text (CHAP0762),2012-04-18,2012 Regular Session,92,strong,https://legiscan.com/VA/bill/HB508/2012,via LegiScan (CC BY 4.0)
VA,HB558,"Drug Control Act; adds certain chemicals to Schedule I, penalties.",4,Passed,2026-04-06,Acts of Assembly Chapter text (CHAP0171),2026-04-06,2026 Regular Regular Session,78,strong,https://legiscan.com/VA/bill/HB558/2026,via LegiScan (CC BY 4.0)
VA,HB897,Hemp products; regulation.,1,Introduced,2022-01-12,Left in General Laws,2022-02-15,2022 Regular Session,63,contextual,https://legiscan.com/VA/bill/HB897/2022,via LegiScan (CC BY 4.0)
VA,HB898,"Hallucinogens or psychoactive substances; possession, civil penalty.",1,Introduced,2022-01-12,Continued to 2023 in Courts of Justice by voice vote,2022-01-28,2022 Regular Session,92,strong,https://legiscan.com/VA/bill/HB898/2022,via LegiScan (CC BY 4.0)
VA,HB898,"Hallucinogens or psychoactive substances; possession, civil penalty.",1,Introduced,2022-01-12,Left in Courts of Justice,2022-11-22,2023 Regular Session,92,strong,https://legiscan.com/VA/bill/HB898/2023,via LegiScan (CC BY 4.0)
VA,HB972,"Marijuana; definitions, possession and consumption, civil penalties, report.",4,Passed,2020-05-21,Governor: Acts of Assembly Chapter text (CHAP1285),2020-05-21,2020 Regular Session,63,contextual,https://legiscan.com/VA/bill/HB972/2020,via LegiScan (CC BY 4.0)
VA,HB986,"Cannabinoids, synthetic; amends provisions regarding criminalization.",1,Introduced,2012-01-11,House: Left in Courts of Justice,2012-02-14,2012 Regular Session,86,strong,https://legiscan.com/VA/bill/HB986/2012,via LegiScan (CC BY 4.0)
VA,SB1057,"Industrial hemp; definition, exclusion from certain marijuana provisions.",1,Introduced,2018-12-06,Passed by indefinitely in Education and Health (11-Y 4-N),2019-01-31,2019 Regular Session,74,contextual,https://legiscan.com/VA/bill/SB1057/2019,via LegiScan (CC BY 4.0)
VA,SB1082,"Marijuana, synthetic; added to Schedule I, penalty for possession.",1,Introduced,2011-01-11,Senate: Incorporated by Courts of Justice (SB745-Herring) (15-Y 0-N),2011-01-26,2011 Regular Session,87,strong,https://legiscan.com/VA/bill/SB1082/2011,via LegiScan (CC BY 4.0)
VA,SB1083,"Cannabinoids, research chemicals, synthetic; penalties.",4,Passed,2013-04-03,Governor: Acts of Assembly Chapter text (CHAP0785),2013-04-03,2013 Regular Session,92,strong,https://legiscan.com/VA/bill/SB1083/2013,via LegiScan (CC BY 4.0)
VA,SB111,"Drug Control Act; adds certain chemicals to Schedules I, II, IV, and V of Act.",4,Passed,2024-03-28,Governor: Acts of Assembly Chapter text (CHAP0228),2024-03-28,2024 Regular Session,85,strong,https://legiscan.com/VA/bill/SB111/2024,via LegiScan (CC BY 4.0)
VA,SB1115,Industrial hemp; increases maximum THC concentration.,2,Engrossed,2021-01-29,Failed to pass,2021-03-01,2021 Special I,74,contextual,https://legiscan.com/VA/bill/SB1115/2021/X1,via LegiScan (CC BY 4.0)
VA,SB1115,Industrial hemp; increases maximum THC concentration.,2,Engrossed,2021-01-29,"Continued to Special Session 1 in Agriculture, Chesapeake and Natural Resources by voice vote",2021-02-08,2021 Regular Session,69,contextual,https://legiscan.com/VA/bill/SB1115/2021,via LegiScan (CC BY 4.0)
VA,SB1133,"Cannabis control; retail market, transitional sales, regulated hemp products, penalties.",2,Engrossed,2023-02-06,Left in General Laws,2023-02-22,2023 Regular Session,54,contextual,https://legiscan.com/VA/bill/SB1133/2023,via LegiScan (CC BY 4.0)
VA,SB1135,"Crystalline polymorph psilocybin; regulations for prescribing, etc.",5,Vetoed,2025-03-24,Senate sustained Governor's veto,2025-04-02,2025 Regular Session,99,title,https://legiscan.com/VA/bill/SB1135/2025,via LegiScan (CC BY 4.0)
VA,SB1186,"Marijuana, synthetic; penalties for possession, intent to sell, distribute, etc.",1,Introduced,2011-01-12,Senate: Incorporated by Courts of Justice (SB745-Herring) (15-Y 0-N),2011-01-26,2011 Regular Session,87,strong,https://legiscan.com/VA/bill/SB1186/2011,via LegiScan (CC BY 4.0)
VA,SB1318,"Cannabinoids, research chemicals, synthetic; penalties.",1,Introduced,2013-01-18,Incorporated by Courts of Justice ,2013-01-23,2013 Regular Session,86,strong,https://legiscan.com/VA/bill/SB1318/2013,via LegiScan (CC BY 4.0)
VA,SB1373,"Cannabinoids, synthetic; penalties for possession, sale, etc.",1,Introduced,2011-01-13,Senate: Incorporated by Courts of Justice (SB745-Herring) (15-Y 0-N),2011-01-26,2011 Regular Session,85,strong,https://legiscan.com/VA/bill/SB1373/2011,via LegiScan (CC BY 4.0)
VA,SB1380,Schedule I drugs.,4,Passed,2015-04-15,Governor: Acts of Assembly Chapter text (CHAP0757),2015-04-15,2015 Regular Session,93,strong,https://legiscan.com/VA/bill/SB1380/2015,via LegiScan (CC BY 4.0)
VA,SB1464,Drug Control Act; adds certain chemicals to Schedule I of Act.,4,Passed,2021-03-11,Governor: Acts of Assembly Chapter text (CHAP0073),2021-03-11,2021 Special I,89,strong,https://legiscan.com/VA/bill/SB1464/2021/X1,via LegiScan (CC BY 4.0)
VA,SB1464,Drug Control Act; adds certain chemicals to Schedule I of Act.,2,Engrossed,2021-02-01,"Continued to Special Session 1 in Health, Welfare and Institutions by voice vote",2021-02-08,2021 Regular Session,84,strong,https://legiscan.com/VA/bill/SB1464/2021,via LegiScan (CC BY 4.0)
VA,SB1546,Drug Control Act; adds certain chemical substances to Schedule I.,4,Passed,2017-03-13,Governor: Acts of Assembly Chapter text (CHAP0434),2017-03-13,2017 Regular Session,91,strong,https://legiscan.com/VA/bill/SB1546/2017,via LegiScan (CC BY 4.0)
VA,SB1692,Industrial hemp; federal Farm Bill.,4,Passed,2019-03-21,Governor: Acts of Assembly Chapter text (CHAP0654),2019-03-21,2019 Regular Session,74,contextual,https://legiscan.com/VA/bill/SB1692/2019,via LegiScan (CC BY 4.0)
VA,SB2,"Marijuana; definitions, possession and consumption, civil penalties, report.",4,Passed,2020-05-21,Governor: Acts of Assembly Chapter text (CHAP1286),2020-05-21,2020 Regular Session,65,contextual,https://legiscan.com/VA/bill/SB2/2020,via LegiScan (CC BY 4.0)
VA,SB223,"Cannabinoids, synthetic; amends provisions regarding criminalization.",1,Introduced,2012-01-10,Senate: Incorporated by Courts of Justice ,2012-01-23,2012 Regular Session,86,strong,https://legiscan.com/VA/bill/SB223/2012,via LegiScan (CC BY 4.0)
VA,SB262,"Psilocybin or psilocyn; possession, civil penalty.",1,Introduced,2022-01-11,Passed by indefinitely in Judiciary (8-Y 6-N 1-A),2022-01-31,2022 Regular Session,97,title,https://legiscan.com/VA/bill/SB262/2022,via LegiScan (CC BY 4.0)
VA,SB273,"Cannabinoids, synthetic; amends provisions regarding criminalization.",4,Passed,2012-04-18,Governor: Acts of Assembly Chapter text (CHAP0816),2012-04-18,2012 Regular Session,93,strong,https://legiscan.com/VA/bill/SB273/2012,via LegiScan (CC BY 4.0)
VA,SB379,Psilocybin; Board of Pharmacy to reschedule upon federal scheduling changes.,4,Passed,2026-04-06,Acts of Assembly Chapter text (CHAP0306),2026-04-06,2026 Regular Regular Session,99,title,https://legiscan.com/VA/bill/SB379/2026,via LegiScan (CC BY 4.0)
VA,SB408,Hashish oil; definition.,1,Introduced,2018-01-09,Passed by indefinitely in Finance (16-Y 0-N),2018-01-31,2018 Regular Session,75,strong,https://legiscan.com/VA/bill/SB408/2018,via LegiScan (CC BY 4.0)
VA,SB436,Schedule I drugs; classification for fentanyl derivatives.,1,Introduced,2018-01-09,Continued to 2019 in Finance (15-Y 0-N),2018-01-31,2018 Regular Session,85,strong,https://legiscan.com/VA/bill/SB436/2018,via LegiScan (CC BY 4.0)
VA,SB436,Schedule I drugs; classification for fentanyl derivatives.,1,Introduced,2018-01-09,Left in Finance,2018-11-30,2019 Regular Session,85,strong,https://legiscan.com/VA/bill/SB436/2019,via LegiScan (CC BY 4.0)
VA,SB480,Drug Control Act; Schedule 1.,4,Passed,2016-03-01,Governor: Acts of Assembly Chapter text (CHAP0112),2016-03-01,2016 Regular Session,92,strong,https://legiscan.com/VA/bill/SB480/2016,via LegiScan (CC BY 4.0)
VA,SB538,Drug Control Act; adds certain chemicals to Schedule I of Act.,4,Passed,2020-03-10,Governor: Acts of Assembly Chapter text (CHAP0229),2020-03-10,2020 Regular Session,90,strong,https://legiscan.com/VA/bill/SB538/2020,via LegiScan (CC BY 4.0)
VA,SB591,"Marijuana; shape productions, definitions.",3,Enrolled,2022-03-21,Left in Rehabilitation and Social Services,2022-04-28,2022 Regular Session,66,contextual,https://legiscan.com/VA/bill/SB591/2022,via LegiScan (CC BY 4.0)
VA,SB594,"Controlled substance analogs; regulation by Board of Pharmacy, synthetic cannabinoids, penalties.",4,Passed,2014-04-06,Governor: Acts of Assembly Chapter text (CHAP0719),2014-04-06,2014 Regular Session,67,contextual,https://legiscan.com/VA/bill/SB594/2014,via LegiScan (CC BY 4.0)
VA,SB745,"Cannabinoids, synthetic; penalties for transport, possession, sale, or distribution, etc.",4,Passed,2011-03-23,Governor: Acts of Assembly Chapter text (CHAP0410),2011-03-23,2011 Regular Session,71,contextual,https://legiscan.com/VA/bill/SB745/2011,via LegiScan (CC BY 4.0)
VA,SB746,"Marijuana, synthetic; penalties for possession, intent to sell, distribute, etc.",1,Introduced,2010-10-29,Senate: Stricken at the request of Patron in Courts of Justice (14-Y 0-N),2011-01-24,2011 Regular Session,87,strong,https://legiscan.com/VA/bill/SB746/2011,via LegiScan (CC BY 4.0)
VA,SB748,"Marijuana, synthetic; penalties for possession, intent to sell, distribute, etc.",1,Introduced,2010-11-01,Senate: Incorporated by Courts of Justice (SB745-Herring) (15-Y 0-N),2011-01-26,2011 Regular Session,87,strong,https://legiscan.com/VA/bill/SB748/2011,via LegiScan (CC BY 4.0)
VA,SB749,"Marijuana, synthetic; penalties for possession, intent to sell, distribute, etc.",1,Introduced,2010-11-02,Senate: Incorporated by Courts of Justice (SB745-Herring) (15-Y 0-N),2011-01-26,2011 Regular Session,87,strong,https://legiscan.com/VA/bill/SB749/2011,via LegiScan (CC BY 4.0)
VA,SB759,Drug Control Act; adds certain chemicals to the Act.,4,Passed,2022-04-06,Governor: Acts of Assembly Chapter text (CHAP0115),2022-04-06,2022 Regular Session,86,strong,https://legiscan.com/VA/bill/SB759/2022,via LegiScan (CC BY 4.0)
VA,SB894,Drug Control Act; adds certain chemicals to Schedule I of Act.,4,Passed,2023-03-22,Governor: Acts of Assembly Chapter text (CHAP0189),2023-03-22,2023 Regular Session,89,strong,https://legiscan.com/VA/bill/SB894/2023,via LegiScan (CC BY 4.0)
VA,SB903,"Industrial hemp; regulated hemp products, etc.",4,Passed,2023-04-12,Governor: Acts of Assembly Chapter text (CHAP0744),2023-04-12,2023 Regular Session,62,contextual,https://legiscan.com/VA/bill/SB903/2023,via LegiScan (CC BY 4.0)
VA,SB926,"Marijuana, synthetic; penalties for possession, intent to sell, distribute, etc.",1,Introduced,2011-01-10,Senate: Incorporated by Courts of Justice (SB745-Herring) (15-Y 0-N),2011-01-26,2011 Regular Session,85,strong,https://legiscan.com/VA/bill/SB926/2011,via LegiScan (CC BY 4.0)
VA,SB932,"Virginia Psilocybin Advisory Board; established, report.",2,Engrossed,2023-02-06,Tabled in Rules (13-Y 5-N),2023-02-14,2023 Regular Session,98,title,https://legiscan.com/VA/bill/SB932/2023,via LegiScan (CC BY 4.0)
VT,H0125,An act relating to boards and commissions,4,Passed,2023-05-12,"House message: Governor approved bill on June 8, 2023",2023-05-12,2023-2024 Session,62,contextual,https://legiscan.com/VT/bill/H0125/2023,via LegiScan (CC BY 4.0)
VT,H0189,An act relating to funding support services for persons who use drugs and eliminating misdemeanor criminal penalties for possessing or dispensing a personal use drug supply,1,Introduced,2025-02-11,Read first time and referred to the Committee on Judiciary,2025-02-11,2025-2026 Session,79,strong,https://legiscan.com/VT/bill/H0189/2025,via LegiScan (CC BY 4.0)
VT,H0309,"An act relating to decriminalizing certain chemical compounds found in plants and fungi that are commonly used for medicinal, spiritual, religious, or entheogenic purposes",1,Introduced,2021-02-23,Read First Time and referred to the Committee on Judiciary,2021-02-23,2021-2022 Session,95,title,https://legiscan.com/VT/bill/H0309/2021,via LegiScan (CC BY 4.0)
VT,H0371,"An act relating to removal of criminal penalties for possessing, dispensing, or selling psilocybin and establishment of the Psychedelic Therapy Advisory Working Group",1,Introduced,2023-02-24,Read first time and referred to the Committee on Judiciary,2023-02-24,2023-2024 Session,99,title,https://legiscan.com/VT/bill/H0371/2023,via LegiScan (CC BY 4.0)
VT,H0387,An act relating to dispensing ibogaine for substance abuse treatment,1,Introduced,2015-03-10,Read First Time and Referred to the Committee on Human Services,2015-03-10,2015-2016 Session,99,title,https://legiscan.com/VT/bill/H0387/2015,via LegiScan (CC BY 4.0)
VT,H0422,An act relating to decriminalizing possession and dispensing of a personal use supply of regulated drugs,1,Introduced,2021-03-10,Read First Time and referred to the Committee on Human Services,2021-03-10,2021-2022 Session,83,strong,https://legiscan.com/VT/bill/H0422/2021,via LegiScan (CC BY 4.0)
VT,H0423,An act relating to a public health response to drug use,1,Introduced,2023-02-28,Read first time and referred to the Committee on Judiciary,2023-02-28,2023-2024 Session,80,strong,https://legiscan.com/VT/bill/H0423/2023,via LegiScan (CC BY 4.0)
VT,H0439,"An act relating to decriminalizing certain chemical compounds found in plants and fungi that are commonly used for medicinal, spiritual, religious, or entheogenic purposes",1,Introduced,2023-03-01,Read first time and referred to the Committee on Judiciary,2023-03-01,2023-2024 Session,95,title,https://legiscan.com/VT/bill/H0439/2023,via LegiScan (CC BY 4.0)
VT,H0452,An act relating to decriminalization of psilocybin-containing mushrooms and the establishment of the Psilocybin Therapeutic Consultation Program,1,Introduced,2025-02-28,Read first time and referred to the Committee on Human Services,2025-02-28,2025-2026 Session,98,title,https://legiscan.com/VT/bill/H0452/2025,via LegiScan (CC BY 4.0)
VT,H0501,An Act Relating To Operating A Motor Vehicle Under The Influence Of Alcohol Or Drugs,4,Passed,2014-05-10,"Signed by Governor on June 3, 2014",2014-05-10,2013-2014 Session,96,strong,https://legiscan.com/VT/bill/H0501/2013,via LegiScan (CC BY 4.0)
VT,H0644,An act relating to decriminalization of a personal use supply of a regulated drug,1,Introduced,2022-01-14,Read First Time and referred to the Committee on Judiciary,2022-01-14,2021-2022 Session,82,strong,https://legiscan.com/VT/bill/H0644/2021,via LegiScan (CC BY 4.0)
VT,H0741,An act relating to funding ibogaine clinical trials,1,Introduced,2016-01-28,Read First Time and Referred to the Committee on Human Services,2016-01-28,2015-2016 Session,98,title,https://legiscan.com/VT/bill/H0741/2015,via LegiScan (CC BY 4.0)
VT,H0843,An act relating to technical corrections,4,Passed,2018-05-01,"House message: Governor approved bill on May 1, 2018",2018-05-01,2017-2018 Session,62,contextual,https://legiscan.com/VT/bill/H0843/2017,via LegiScan (CC BY 4.0)
VT,H0859,An act relating to psychedelic therapy and clinical drug development trials,1,Introduced,2026-02-03,Read first time and referred to the Committee on Health Care,2026-02-03,2025-2026 Session,99,title,https://legiscan.com/VT/bill/H0859/2025,via LegiScan (CC BY 4.0)
VT,H0878,"An act relating to decriminalizing certain drugs commonly used for medicinal, spiritual, religious, or entheogenic purposes",1,Introduced,2020-01-22,Read First Time and Referred to the Committee on Judiciary,2020-01-22,2019-2020 Session,95,title,https://legiscan.com/VT/bill/H0878/2019,via LegiScan (CC BY 4.0)
VT,S0075,An Act Relating To Operating A Motor Vehicle Under The Influence Of Alcohol Or Drugs,1,Introduced,2011-02-18,Read 1st time & referred to Committee on Judiciary,2011-02-18,2011-2012 Session,93,strong,https://legiscan.com/VT/bill/S0075/2011,via LegiScan (CC BY 4.0)
VT,S0106,An act relating to continuing the Psychedelic Therapy Advisory Working Group,1,Introduced,2025-03-11,Read 1st time & referred to Committee on Health and Welfare,2025-03-11,2025-2026 Session,99,title,https://legiscan.com/VT/bill/S0106/2025,via LegiScan (CC BY 4.0)
VT,S0114,An act relating to the establishment of the Psychedelic Therapy Advisory Working Group,4,Passed,2024-05-10,"Senate Message:  Signed by Governor May 29, 2024",2024-05-10,2023-2024 Session,99,title,https://legiscan.com/VT/bill/S0114/2023,via LegiScan (CC BY 4.0)
VT,S0119,An act relating to a public health response to drug use,1,Introduced,2023-03-02,Read 1st time & referred to Committee on Judiciary,2023-03-02,2023-2024 Session,81,strong,https://legiscan.com/VT/bill/S0119/2023,via LegiScan (CC BY 4.0)
VT,S0120,An act relating to funding support services for persons who use drugs and eliminating misdemeanor criminal penalties for possessing or dispensing a personal use drug supply,1,Introduced,2025-03-13,Read 1st time & referred to Committee on Judiciary,2025-03-13,2025-2026 Session,79,strong,https://legiscan.com/VT/bill/S0120/2025,via LegiScan (CC BY 4.0)
VT,S0226,An Act Relating To Combating Illegal Diversion Of Prescription Opiates And Increasing Treatment Resources For Opiate Addiction,4,Passed,2012-05-05,"Signed by Governor on May 9, 2012",2012-05-05,2011-2012 Session,92,strong,https://legiscan.com/VT/bill/S0226/2011,via LegiScan (CC BY 4.0)
VT,S0300,An act relating to funding support services for persons who use drugs and eliminating misdemeanor criminal penalties for possessing or dispensing a personal use drug supply,1,Introduced,2024-01-18,Read 1st time & referred to Committee on Judiciary,2024-01-18,2023-2024 Session,80,strong,https://legiscan.com/VT/bill/S0300/2023,via LegiScan (CC BY 4.0)
WA,HB1140,Revised for 1st Substitute: Making 2023-2025 fiscal biennium operating appropriations and 2021-2023 fiscal biennium second supplemental operating appropriations.Original: Making 2023-2025 fiscal biennium operating appropriations.,1,Introduced,2023-01-09,"House Rules ""X"" file.",2024-01-08,2023-2024 Regular Session,54,contextual,https://legiscan.com/WA/bill/HB1140/2023,via LegiScan (CC BY 4.0)
WA,HB1141,Making 2021-2023 fiscal biennium second supplemental operating appropriations.,1,Introduced,2023-01-09,"By resolution, reintroduced and retained in present status.",2024-01-08,2023-2024 Regular Session,74,contextual,https://legiscan.com/WA/bill/HB1141/2023,via LegiScan (CC BY 4.0)
WA,HB1197,Making 2023-2025 fiscal biennium second supplemental operating appropriations.,1,Introduced,2025-01-13,"By resolution, reintroduced and retained in present status.",2026-01-12,2025-2026 Regular Session,55,contextual,https://legiscan.com/WA/bill/HB1197/2025,via LegiScan (CC BY 4.0)
WA,HB1281,Making technical corrections and removing obsolete language from the Revised Code of Washington pursuant to RCW 1.08.025.,4,Passed,2025-04-16,Effective date 7/27/2025*.,2025-04-16,2025-2026 Regular Session,70,contextual,https://legiscan.com/WA/bill/HB1281/2025,via LegiScan (CC BY 4.0)
WA,HB1285,Regulating synthetic cannabinoids.,1,Introduced,2011-01-18,"By resolution, reintroduced and retained in present status.",2012-04-11,2011-2012 Regular Session,85,strong,https://legiscan.com/WA/bill/HB1285/2011,via LegiScan (CC BY 4.0)
WA,HB1401,Concerning hemp production.,2,Engrossed,2019-03-08,"House Rules ""X"" file.",2020-01-21,2019-2020 Regular Session,87,strong,https://legiscan.com/WA/bill/HB1401/2019,via LegiScan (CC BY 4.0)
WA,HB1433,Concerning access to psychedelic substances.,1,Introduced,2025-01-20,"By resolution, reintroduced and retained in present status.",2026-01-12,2025-2026 Regular Session,99,title,https://legiscan.com/WA/bill/HB1433/2025,via LegiScan (CC BY 4.0)
WA,HB1550,"Regulating the production, distribution, and sale of cannabis.",1,Introduced,2011-01-25,"By resolution, reintroduced and retained in present status.",2012-04-11,2011-2012 Regular Session,53,contextual,https://legiscan.com/WA/bill/HB1550/2011,via LegiScan (CC BY 4.0)
WA,HB1552,Concerning industrial hemp.,1,Introduced,2015-01-22,"By resolution, reintroduced and retained in present status.",2016-03-10,2015-2016 Regular Session,86,strong,https://legiscan.com/WA/bill/HB1552/2015,via LegiScan (CC BY 4.0)
WA,HB1578,Responding to the State v. Blake decision.,1,Introduced,2021-04-15,"By resolution, reintroduced and retained in present status.",2022-01-10,2021-2022 Regular Session,82,strong,https://legiscan.com/WA/bill/HB1578/2021,via LegiScan (CC BY 4.0)
WA,HB2104,Making 2023-2025 fiscal biennium supplemental operating appropriations.,1,Introduced,2024-01-08,Referred to Rules 2 Review.,2024-02-24,2023-2024 Regular Session,54,contextual,https://legiscan.com/WA/bill/HB2104/2023,via LegiScan (CC BY 4.0)
WA,HB2136,Relating to comprehensive marijuana market reforms to ensure a well-regulated and taxed marijuana market in Washington state.,4,Passed,2015-06-30,Effective date 7/1/2015*.,2015-06-30,2015-2016 Regular Session,57,contextual,https://legiscan.com/WA/bill/HB2136/2015,via LegiScan (CC BY 4.0)
WA,HB2281,Concerning psilocybin services.,1,Introduced,2024-01-10,"First reading, referred to Health Care & Wellness.",2024-01-10,2023-2024 Regular Session,99,title,https://legiscan.com/WA/bill/HB2281/2023,via LegiScan (CC BY 4.0)
WA,HB2401,Legalizing marijuana.,1,Introduced,2010-01-11,"By resolution, reintroduced and retained in present status.",2010-03-15,2009-2010 Regular Session,63,contextual,https://legiscan.com/WA/bill/HB2401/2009,via LegiScan (CC BY 4.0)
WA,HB2443,Conforming the uniform controlled substances act to existing state and federal law.,4,Passed,2010-03-23,Effective date 6/10/2010.,2010-03-23,2009-2010 Regular Session,85,strong,https://legiscan.com/WA/bill/HB2443/2009,via LegiScan (CC BY 4.0)
WA,HB2466,Creating the Washington state board of governors for licensed social workers.,1,Introduced,2026-01-14,"First reading, referred to Health Care & Wellness.",2026-01-14,2025-2026 Regular Session,91,strong,https://legiscan.com/WA/bill/HB2466/2025,via LegiScan (CC BY 4.0)
WA,SB5101,Placing certain synthetic cannabinoids into schedule I of the uniform controlled substances act.,1,Introduced,2011-01-13,"By resolution, reintroduced and retained in present status.",2012-04-11,2011-2012 Regular Session,92,strong,https://legiscan.com/WA/bill/SB5101/2011,via LegiScan (CC BY 4.0)
WA,SB5166,Making 2023-2025 fiscal biennium second supplemental operating appropriations.,1,Introduced,2025-01-13,"By resolution, reintroduced and retained in present status.",2026-01-12,2025-2026 Regular Session,55,contextual,https://legiscan.com/WA/bill/SB5166/2025,via LegiScan (CC BY 4.0)
WA,SB5187,Revised for 1st Substitute: Making 2023-2025 fiscal biennium operating appropriations and 2021-2023 fiscal biennium second supplemental operating appropriations.Original: Making 2023-2025 fiscal biennium operating appropriations.,4,Passed,2023-05-16,Effective date 5/16/2023.,2023-05-16,2023-2024 Regular Session,66,contextual,https://legiscan.com/WA/bill/SB5187/2023,via LegiScan (CC BY 4.0)
WA,SB5188,Making 2021-2023 fiscal biennium second supplemental operating appropriations.,1,Introduced,2023-01-09,"By resolution, reintroduced and retained in present status.",2024-01-08,2023-2024 Regular Session,74,contextual,https://legiscan.com/WA/bill/SB5188/2023,via LegiScan (CC BY 4.0)
WA,SB5201,Concerning access to psychedelic substances.,1,Introduced,2025-01-13,"By resolution, reintroduced and retained in present status.",2026-01-12,2025-2026 Regular Session,99,title,https://legiscan.com/WA/bill/SB5201/2025,via LegiScan (CC BY 4.0)
WA,SB5204,Concerning ibogaine-assisted therapy.,1,Introduced,2025-01-13,"By resolution, reintroduced and retained in present status.",2026-01-12,2025-2026 Regular Session,98,title,https://legiscan.com/WA/bill/SB5204/2025,via LegiScan (CC BY 4.0)
WA,SB5263,Concerning access to psilocybin services by individuals 21 years of age and older.,4,Passed,2023-05-09,Effective date 7/23/2023*.,2023-05-09,2023-2024 Regular Session,99,title,https://legiscan.com/WA/bill/SB5263/2023,via LegiScan (CC BY 4.0)
WA,SB5276,Authorizing hemp production in conformance with the agriculture improvement act of 2018.,4,Passed,2019-04-26,Effective date 4/26/2019.,2019-04-26,2019-2020 Regular Session,87,strong,https://legiscan.com/WA/bill/SB5276/2019,via LegiScan (CC BY 4.0)
WA,SB5434,Placing certain synthetic cannabimimetics into schedule I of the uniform controlled substances act.,1,Introduced,2015-01-21,"By resolution, reintroduced and retained in present status.",2016-03-10,2015-2016 Regular Session,87,strong,https://legiscan.com/WA/bill/SB5434/2015,via LegiScan (CC BY 4.0)
WA,SB5476,"Addressing the State v. Blake decision. (REVISED FOR ENGROSSED: Responding to the State v. Blake decision by addressing justice system responses and behavioral health prevention, treatment, and related services. )",4,Passed,2021-05-13,Effective date 7/25/2021*.,2021-05-13,2021-2022 Regular Session,68,contextual,https://legiscan.com/WA/bill/SB5476/2021,via LegiScan (CC BY 4.0)
WA,SB5598,"Regulating the production, distribution, and sale of cannabis.",1,Introduced,2011-01-31,"By resolution, reintroduced and retained in present status.",2012-04-11,2011-2012 Regular Session,53,contextual,https://legiscan.com/WA/bill/SB5598/2011,via LegiScan (CC BY 4.0)
WA,SB5660,Concerning access to psilocybin services by individuals 21 years of age and older.,1,Introduced,2022-01-10,Public hearing in the Senate Committee on Health & Long Term Care at 8:00 AM.,2022-02-02,2021-2022 Regular Session,99,title,https://legiscan.com/WA/bill/SB5660/2021,via LegiScan (CC BY 4.0)
WA,SB5673,Concerning the distribution of synthetic cannabinoids and bath salts.,2,Engrossed,2015-03-04,"By resolution, reintroduced and retained in present status.",2016-03-10,2015-2016 Regular Session,92,strong,https://legiscan.com/WA/bill/SB5673/2015,via LegiScan (CC BY 4.0)
WA,SB5693,Making 2021-2023 fiscal biennium supplemental operating appropriations.,4,Passed,2022-03-31,Effective date 3/31/2022.,2022-03-31,2021-2022 Regular Session,69,contextual,https://legiscan.com/WA/bill/SB5693/2021,via LegiScan (CC BY 4.0)
WA,SB5719,Concerning hemp production.,1,Introduced,2019-01-29,"By resolution, reintroduced and retained in present status.",2020-01-13,2019-2020 Regular Session,81,strong,https://legiscan.com/WA/bill/SB5719/2019,via LegiScan (CC BY 4.0)
WA,SB5743,Designating kratom as a controlled substance.,1,Introduced,2022-01-10,"First reading, referred to Law & Justice.",2022-01-10,2021-2022 Regular Session,87,strong,https://legiscan.com/WA/bill/SB5743/2021,via LegiScan (CC BY 4.0)
WA,SB5921,Concerning psilocybin.,1,Introduced,2026-01-12,Referred to Ways & Means.,2026-02-04,2025-2026 Regular Session,99,title,https://legiscan.com/WA/bill/SB5921/2025,via LegiScan (CC BY 4.0)
WA,SB5950,Making 2023-2025 fiscal biennium supplemental operating appropriations.,4,Passed,2024-03-29,Effective date 3/29/2024.,2024-03-29,2023-2024 Regular Session,53,contextual,https://legiscan.com/WA/bill/SB5950/2023,via LegiScan (CC BY 4.0)
WA,SB5954,Placing certain synthetic cannabimimetics into schedule I of the uniform controlled substances act.,1,Introduced,2011-05-03,"By resolution, reintroduced and retained in present status.",2012-04-11,2011-2012 Regular Session,87,strong,https://legiscan.com/WA/bill/SB5954/2011,via LegiScan (CC BY 4.0)
WA,SB5957,Moving marijuana to Schedule II under the uniform controlled substances act.,1,Introduced,2011-05-11,"By resolution, reintroduced and retained in present status.",2012-04-11,2011-2012 Regular Session,87,strong,https://legiscan.com/WA/bill/SB5957/2011,via LegiScan (CC BY 4.0)
WA,SB5977,Concerning psilocybin services.,1,Introduced,2024-01-08,"First reading, referred to Health & Long Term Care.",2024-01-08,2023-2024 Regular Session,99,title,https://legiscan.com/WA/bill/SB5977/2023,via LegiScan (CC BY 4.0)
WA,SB6007,Placing certain synthetic cannabimimetics and certain substituted cathinones into schedule I of the uniform controlled substances act.,1,Introduced,2012-01-09,"By resolution, reintroduced and retained in present status.",2012-04-11,2011-2012 Regular Session,87,strong,https://legiscan.com/WA/bill/SB6007/2011,via LegiScan (CC BY 4.0)
WA,SB6059,Creating the Washington state board of governors for licensed social workers.,1,Introduced,2026-01-12,"First reading, referred to Health & Long-Term Care.",2026-01-12,2025-2026 Regular Session,91,strong,https://legiscan.com/WA/bill/SB6059/2025,via LegiScan (CC BY 4.0)
WA,SB6136,Concerning comprehensive marijuana market reforms to ensure a well-regulated and taxed marijuana market in Washington state.,1,Introduced,2015-06-19,"By resolution, reintroduced and retained in present status.",2016-03-10,2015-2016 Regular Session,66,contextual,https://legiscan.com/WA/bill/SB6136/2015,via LegiScan (CC BY 4.0)
WA,SB6224,Conforming the uniform controlled substances act to existing state and federal law.,2,Engrossed,2010-02-11,"By resolution, reintroduced and retained in present status.",2010-03-15,2009-2010 Regular Session,84,strong,https://legiscan.com/WA/bill/SB6224/2009,via LegiScan (CC BY 4.0)
WA,SB6232,Creating the Washington state board of licensed mental health counselors.,1,Introduced,2026-01-20,"First reading, referred to Health & Long-Term Care.",2026-01-20,2025-2026 Regular Session,92,strong,https://legiscan.com/WA/bill/SB6232/2025,via LegiScan (CC BY 4.0)
WI,AB1061,"Legalizing the possession of cannabis; medical cannabis; expunging or adjusting past convictions for marijuana-related crimes; regulating the production, processing, transportation, testing, and sale of cannabis; granting rule-making authority; provi",6,Failed,2026-03-23,Fiscal estimate received,2026-03-24,2025-2026 Regular Session,86,strong,https://legiscan.com/WI/bill/AB1061/2025,via LegiScan (CC BY 4.0)
WI,AB1207,Decriminalizing 28 grams or less of marijuana. (FE),6,Failed,2024-04-15,Failed to pass pursuant to Senate Joint Resolution 1,2024-04-15,2023-2024 Regular Session,87,strong,https://legiscan.com/WI/bill/AB1207/2023,via LegiScan (CC BY 4.0)
WI,AB220,"Marijuana possession, regulation of marijuana distribution and cultivation, medical marijuana, operating a motor vehicle while under the influence of marijuana, requiring the exercise of rule-making authority, granting rule-making authority, making a",6,Failed,2020-04-01,Failed to pass pursuant to Senate Joint Resolution 1,2020-04-01,2019-2020 Regular Session,82,strong,https://legiscan.com/WI/bill/AB220/2019,via LegiScan (CC BY 4.0)
WI,AB224,"Marijuana possession, regulation of marijuana distribution and cultivation, medical marijuana, operating a motor vehicle while under the influence of marijuana, making appropriations, requiring the exercise of rule-making authority, and providing cri",6,Failed,2016-04-13,Failed to pass pursuant to Senate Joint Resolution 1,2016-04-13,2015-2016 Regular Session,86,strong,https://legiscan.com/WI/bill/AB224/2015,via LegiScan (CC BY 4.0)
WI,AB246,Possession of 25 grams or less of marijuana and distribution and delivery of marijuana. (FE),6,Failed,2016-04-13,Failed to pass pursuant to Senate Joint Resolution 1,2016-04-13,2015-2016 Regular Session,87,strong,https://legiscan.com/WI/bill/AB246/2015,via LegiScan (CC BY 4.0)
WI,AB357,"Manufacturing, distributing, or delivering fentanyl or fentanyl analogs and providing a penalty.",6,Failed,2022-03-15,Failed to pass pursuant to Senate Joint Resolution 1,2022-03-15,2021-2022 Regular Session,93,strong,https://legiscan.com/WI/bill/AB357/2021,via LegiScan (CC BY 4.0)
WI,AB406,"Controlled substances, and providing a penalty. (FE)",6,Failed,2014-04-08,Failed to pass pursuant to Senate Joint Resolution 1,2014-04-08,2013-2014 Regular Session,93,strong,https://legiscan.com/WI/bill/AB406/2013,via LegiScan (CC BY 4.0)
WI,AB482,"Marijuana possession, regulation of marijuana distribution and cultivation, medical marijuana, operating a motor vehicle while under the influence of marijuana, making appropriations, requiring the exercise of rule-making authority, and providing cri",6,Failed,2018-03-28,Failed to pass pursuant to Senate Joint Resolution 1,2018-03-28,2017-2018 Regular Session,85,strong,https://legiscan.com/WI/bill/AB482/2017,via LegiScan (CC BY 4.0)
WI,AB506,"Legalizing the possession of marijuana; medical marijuana; regulating the production, processing, and sale of marijuana; expunging or redesignating past convictions for marijuana-related crimes; equity grants; making an appropriation; and providing a",6,Failed,2024-04-15,Failed to pass pursuant to Senate Joint Resolution 1,2024-04-15,2023-2024 Regular Session,89,strong,https://legiscan.com/WI/bill/AB506/2023,via LegiScan (CC BY 4.0)
WI,AB57,Certain controlled substances and providing a penalty. (FE),6,Failed,2012-03-23,Failed to pass pursuant to Senate Joint Resolution 1,2012-03-23,2011-2012 Regular Session,93,strong,https://legiscan.com/WI/bill/AB57/2011,via LegiScan (CC BY 4.0)
WI,AB624,Increasing the maximum penalty for certain controlled substances offenses if the violation occurs near a homeless shelter and providing a penalty.,6,Failed,2026-03-23,Failed to pass pursuant to Senate Joint Resolution 1,2026-03-23,2025-2026 Regular Session,87,strong,https://legiscan.com/WI/bill/AB624/2025,via LegiScan (CC BY 4.0)
WI,AB753,Creating a medicinal psilocybin treatment fund and a pilot program to study the effects of medicinal psilocybin treatment on patients with post-traumatic stress syndrome at the University of Wisconsin-Madison and making an appropriation. (FE),6,Failed,2024-04-15,Failed to pass pursuant to Senate Joint Resolution 1,2024-04-15,2023-2024 Regular Session,99,title,https://legiscan.com/WI/bill/AB753/2023,via LegiScan (CC BY 4.0)
WI,AB810,"Marijuana possession, regulation of marijuana distribution, operating a motor vehicle while under the influence of marijuana, making an appropriation, requiring the exercise of rule-making authority, and providing penalties. (FE)",6,Failed,2014-04-08,Fiscal estimate received,2014-04-08,2013-2014 Regular Session,88,strong,https://legiscan.com/WI/bill/AB810/2013,via LegiScan (CC BY 4.0)
WI,AB812,"Penalties for possession of marijuana, employer liability for not drug testing employees and prospective employees, and providing a penalty. (FE)",6,Failed,2022-03-15,Failed to pass pursuant to Senate Joint Resolution 1,2022-03-15,2021-2022 Regular Session,91,strong,https://legiscan.com/WI/bill/AB812/2021,via LegiScan (CC BY 4.0)
WI,AB846,"Legalizing recreational marijuana, granting rule-making authority, making an appropriation, and providing a penalty. (FE)",6,Failed,2022-03-15,Failed to pass pursuant to Senate Joint Resolution 1,2022-03-15,2021-2022 Regular Session,90,strong,https://legiscan.com/WI/bill/AB846/2021,via LegiScan (CC BY 4.0)
WI,AB861,"Penalties for possession of marijuana, employer liability for not drug testing employees and prospective employees, and providing a penalty. (FE)",6,Failed,2024-04-15,Failed to pass pursuant to Senate Joint Resolution 1,2024-04-15,2023-2024 Regular Session,91,strong,https://legiscan.com/WI/bill/AB861/2023,via LegiScan (CC BY 4.0)
WI,AB930,Decriminalizing 28 grams or less of marijuana. (FE),6,Failed,2020-04-01,Failed to pass pursuant to Senate Joint Resolution 1,2020-04-01,2019-2020 Regular Session,87,strong,https://legiscan.com/WI/bill/AB930/2019,via LegiScan (CC BY 4.0)
WI,SB1045,"Legalizing the possession of cannabis; medical cannabis; expunging or adjusting past convictions for marijuana-related crimes; regulating the production, processing, transportation, testing, and sale of cannabis; granting rule-making authority; provi",6,Failed,2026-03-23,Failed to pass pursuant to Senate Joint Resolution 1,2026-03-23,2025-2026 Regular Session,86,strong,https://legiscan.com/WI/bill/SB1045/2025,via LegiScan (CC BY 4.0)
WI,SB1113,Decriminalizing 28 grams or less of marijuana. (FE),6,Failed,2024-04-15,Failed to pass pursuant to Senate Joint Resolution 1,2024-04-15,2023-2024 Regular Session,87,strong,https://legiscan.com/WI/bill/SB1113/2023,via LegiScan (CC BY 4.0)
WI,SB167,Possession of 25 grams or less of marijuana and distribution and delivery of marijuana. (FE),6,Failed,2016-04-13,Failed to pass pursuant to Senate Joint Resolution 1,2016-04-13,2015-2016 Regular Session,87,strong,https://legiscan.com/WI/bill/SB167/2015,via LegiScan (CC BY 4.0)
WI,SB325,"Controlled substances, and providing a penalty. (FE)",4,Passed,2014-04-24,Published 4-24-2014,2014-04-24,2013-2014 Regular Session,95,strong,https://legiscan.com/WI/bill/SB325/2013,via LegiScan (CC BY 4.0)
WI,SB352,"Manufacturing, distributing, or delivering fentanyl or fentanyl analogs and providing a penalty.",4,Passed,2022-03-16,Published 3-17-2022,2022-03-16,2021-2022 Regular Session,97,strong,https://legiscan.com/WI/bill/SB352/2021,via LegiScan (CC BY 4.0)
WI,SB377,"Marijuana possession, regulation of marijuana distribution and cultivation, medical marijuana, operating a motor vehicle while under the influence of marijuana, requiring the exercise of rule-making authority, granting rule-making authority, making a",6,Failed,2020-04-01,Failed to pass pursuant to Senate Joint Resolution 1,2020-04-01,2019-2020 Regular Session,82,strong,https://legiscan.com/WI/bill/SB377/2019,via LegiScan (CC BY 4.0)
WI,SB486,"Legalizing the possession of marijuana; medical marijuana; regulating the production, processing, and sale of marijuana; expunging or redesignating past convictions for marijuana-related crimes; equity grants; making an appropriation; and providing a",6,Failed,2024-04-15,Failed to pass pursuant to Senate Joint Resolution 1,2024-04-15,2023-2024 Regular Session,89,strong,https://legiscan.com/WI/bill/SB486/2023,via LegiScan (CC BY 4.0)
WI,SB54,Certain controlled substances and providing a penalty. (FE),4,Passed,2011-06-27,Published 7-11-2011,2011-07-07,2011-2012 Regular Session,96,strong,https://legiscan.com/WI/bill/SB54/2011,via LegiScan (CC BY 4.0)
WI,SB545,"Legalizing recreational marijuana, granting rule-making authority, making an appropriation, and providing a penalty. (FE)",6,Failed,2022-03-15,Failed to pass pursuant to Senate Joint Resolution 1,2022-03-15,2021-2022 Regular Session,90,strong,https://legiscan.com/WI/bill/SB545/2021,via LegiScan (CC BY 4.0)
WI,SB577,Decriminalizing 28 grams or less of marijuana. (FE),6,Failed,2020-04-01,Failed to pass pursuant to Senate Joint Resolution 1,2020-04-01,2019-2020 Regular Session,87,strong,https://legiscan.com/WI/bill/SB577/2019,via LegiScan (CC BY 4.0)
WI,SB610,Increasing the maximum penalty for certain controlled substances offenses if the violation occurs near a homeless shelter and providing a penalty.,5,Vetoed,2026-03-27,Failed to pass notwithstanding the objections of the Governor pursuant to Joint Rule 82,2026-05-13,2025-2026 Regular Session,87,strong,https://legiscan.com/WI/bill/SB610/2025,via LegiScan (CC BY 4.0)
WI,SB692,Listing of carfentanil under the Uniform Controlled Substances Act and providing a penalty.,4,Passed,2026-03-13,Published 3-14-2026,2026-03-13,2025-2026 Regular Session,96,strong,https://legiscan.com/WI/bill/SB692/2025,via LegiScan (CC BY 4.0)
WI,SB727,Creating a medicinal psilocybin treatment fund and a pilot program to study the effects of medicinal psilocybin treatment on patients with post-traumatic stress syndrome at the University of Wisconsin-Madison and making an appropriation. (FE),6,Failed,2024-04-15,Failed to pass pursuant to Senate Joint Resolution 1,2024-04-15,2023-2024 Regular Session,99,title,https://legiscan.com/WI/bill/SB727/2023,via LegiScan (CC BY 4.0)
WI,SB790,"Penalties for possession of marijuana, employer liability for not drug testing employees and prospective employees, and providing a penalty. (FE)",6,Failed,2022-03-15,Failed to pass pursuant to Senate Joint Resolution 1,2022-03-15,2021-2022 Regular Session,91,strong,https://legiscan.com/WI/bill/SB790/2021,via LegiScan (CC BY 4.0)
WV,HB114,"Decriminalizing and permitting personal use, growth and possession of certain amounts of marihuana by persons over the age of twenty-one",1,Introduced,2016-05-24,Motion to table discharge from Health and Human Resources committee adopted (Roll No. 690),2016-06-01,2016 1st Special Session,75,strong,https://legiscan.com/WV/bill/HB114/2016/X1,via LegiScan (CC BY 4.0)
WV,HB2019,Making Delta-8 and Delta-7 controlled substances,1,Introduced,2023-01-11,To House Judiciary,2023-02-03,2023 Regular Session,78,strong,https://legiscan.com/WV/bill/HB2019/2023,via LegiScan (CC BY 4.0)
WV,HB2071,Authorizing the medical use of cannabis based pharmaceutical products,1,Introduced,2017-02-08,To House Prevention and Treatment of Substance Abuse,2017-02-08,2017 Regular Session,81,strong,https://legiscan.com/WV/bill/HB2071/2017,via LegiScan (CC BY 4.0)
WV,HB2291,Relating to state certification of industrial hemp and medical cannabis seed,1,Introduced,2023-01-11,To House Agriculture and Natural Resources,2023-01-11,2023 Regular Session,80,strong,https://legiscan.com/WV/bill/HB2291/2023,via LegiScan (CC BY 4.0)
WV,HB2329,"Prohibiting the production, manufacture or possession of fentanyl",4,Passed,2017-05-23,"Chapter 38, Acts, Regular Session, 2017",2017-05-23,2017 Regular Session,77,strong,https://legiscan.com/WV/bill/HB2329/2017,via LegiScan (CC BY 4.0)
WV,HB2505,Adding synthetic cannabinoids and hallucinogens and stimulants to the Schedule I list of controlled substances (K2),4,Passed,2011-05-04,"Chapter 29, Acts, 2011",2011-05-04,2011 Regular Session,91,strong,https://legiscan.com/WV/bill/HB2505/2011,via LegiScan (CC BY 4.0)
WV,HB2526,"Classifying additional drugs to Schedules I, II, IV and V of controlled substances",4,Passed,2017-05-23,"Chapter 39, Acts, Regular Session, 2017",2017-05-23,2017 Regular Session,82,strong,https://legiscan.com/WV/bill/HB2526/2017,via LegiScan (CC BY 4.0)
WV,HB2685,Relating to state certification of industrial hemp and medical cannabis seed,1,Introduced,2021-02-23,To House Agriculture and Natural Resources,2021-02-23,2021 Regular Session,80,strong,https://legiscan.com/WV/bill/HB2685/2021,via LegiScan (CC BY 4.0)
WV,HB2685,Relating to state certification of industrial hemp and medical cannabis seed,1,Introduced,2022-01-12,To House Agriculture and Natural Resources,2022-01-12,2022 Regular Session,80,strong,https://legiscan.com/WV/bill/HB2685/2022,via LegiScan (CC BY 4.0)
WV,HB2700,Exempting industrial hemp from being a Schedule I drug,1,Introduced,2017-02-24,To House Health and Human Resources,2017-02-24,2017 Regular Session,83,strong,https://legiscan.com/WV/bill/HB2700/2017,via LegiScan (CC BY 4.0)
WV,HB2854,Removing certain drugs from schedule one,1,Introduced,2025-02-24,To House Health and Human Resources,2025-02-24,2025 Regular Session,93,strong,https://legiscan.com/WV/bill/HB2854/2025,via LegiScan (CC BY 4.0)
WV,HB2878,Relating to updating the controlled substances listed on schedule one,2,Engrossed,2019-02-13,To Judiciary,2019-03-01,2019 Regular Session,81,strong,https://legiscan.com/WV/bill/HB2878/2019,via LegiScan (CC BY 4.0)
WV,HB2931,Adding drugs to the classification of schedule I drugs,4,Passed,2015-04-15,"Chapter 66, Acts, Regular Session, 2015",2015-04-15,2015 Regular Session,80,strong,https://legiscan.com/WV/bill/HB2931/2015,via LegiScan (CC BY 4.0)
WV,HB2951,Removing certain drugs from schedule one,1,Introduced,2023-01-24,To House Health and Human Resources,2023-01-24,2023 Regular Session,94,strong,https://legiscan.com/WV/bill/HB2951/2023,via LegiScan (CC BY 4.0)
WV,HB2999,Relating to state certification of industrial hemp and medical cannabis seed,1,Introduced,2019-02-12,To House Agriculture and Natural Resources,2019-02-12,2019 Regular Session,79,strong,https://legiscan.com/WV/bill/HB2999/2019,via LegiScan (CC BY 4.0)
WV,HB2999,Relating to state certification of industrial hemp and medical cannabis seed,1,Introduced,2020-01-08,To House Agriculture and Natural Resources,2020-01-08,2020 Regular Session,79,strong,https://legiscan.com/WV/bill/HB2999/2020,via LegiScan (CC BY 4.0)
WV,HB3106,Add Kratom to list of schedule I controlled substances,1,Introduced,2023-01-27,To House Prevention and Treatment of Substance Abuse,2023-01-27,2023 Regular Session,83,strong,https://legiscan.com/WV/bill/HB3106/2023,via LegiScan (CC BY 4.0)
WV,HB3108,Relating to the normalization of cannabis laws,1,Introduced,2019-02-12,To House Health and Human Resources,2019-02-12,2019 Regular Session,78,strong,https://legiscan.com/WV/bill/HB3108/2019,via LegiScan (CC BY 4.0)
WV,HB3113,Removing certain drugs from schedule 1,1,Introduced,2021-03-12,To House Health and Human Resources,2021-03-12,2021 Regular Session,92,strong,https://legiscan.com/WV/bill/HB3113/2021,via LegiScan (CC BY 4.0)
WV,HB3113,Removing certain drugs from schedule 1,1,Introduced,2022-01-12,To House Health and Human Resources,2022-01-12,2022 Regular Session,92,strong,https://legiscan.com/WV/bill/HB3113/2022,via LegiScan (CC BY 4.0)
WV,HB3343,Relating to drugs and adding a provision relating to the scheduling of crystalline polymorph psilocybin approved by the Food and Drug Administration,2,Engrossed,2025-03-26,To Health and Human Resources,2025-03-27,2025 Regular Session,96,title,https://legiscan.com/WV/bill/HB3343/2025,via LegiScan (CC BY 4.0)
WV,HB3344,Relating to the establishment of a grant program to fund the United States Food and Drug Administration’s drug development trials with ibogaine,2,Engrossed,2025-03-26,Laid over on 3rd reading 4/11/2025,2025-04-11,2025 Regular Session,99,title,https://legiscan.com/WV/bill/HB3344/2025,via LegiScan (CC BY 4.0)
WV,HB3434,Relating to the controlled substance schedules and to clean-up errors identified in the code sections,4,Passed,2025-04-25,Approved by Governor 4/25/2025 - Senate Journal,2025-04-12,2025 Regular Session,79,strong,https://legiscan.com/WV/bill/HB3434/2025,via LegiScan (CC BY 4.0)
WV,HB4003,Reducing the use of certain prescription drugs,1,Introduced,2018-01-12,To House Health and Human Resources,2018-01-12,2018 Regular Session,56,contextual,https://legiscan.com/WV/bill/HB4003/2018,via LegiScan (CC BY 4.0)
WV,HB4195,Normalization of Cannabis Act,1,Introduced,2020-01-14,To House Health and Human Resources,2020-01-14,2020 Regular Session,78,strong,https://legiscan.com/WV/bill/HB4195/2020,via LegiScan (CC BY 4.0)
WV,HB4208,Banning synthetic hallucinogens,4,Passed,2014-04-10,"Chapter 23, Acts, Regular Session, 2014",2014-04-10,2014 Regular Session,74,contextual,https://legiscan.com/WV/bill/HB4208/2014,via LegiScan (CC BY 4.0)
WV,HB4240,Regulating synthetic marijuana and other synthetic drugs as Schedule I drugs,1,Introduced,2014-01-21,To House Health and Human Resources,2014-01-21,2014 Regular Session,80,strong,https://legiscan.com/WV/bill/HB4240/2014,via LegiScan (CC BY 4.0)
WV,HB4263,Reducing the use of opiates,1,Introduced,2018-01-23,To House Prevention and Treatment of Substance Abuse,2018-01-23,2018 Regular Session,54,contextual,https://legiscan.com/WV/bill/HB4263/2018,via LegiScan (CC BY 4.0)
WV,HB4336,Updating the schedule of controlled substances,4,Passed,2018-04-16,"Chapter 47, Acts, Regular Session, 2018",2018-04-16,2018 Regular Session,82,strong,https://legiscan.com/WV/bill/HB4336/2018,via LegiScan (CC BY 4.0)
WV,HB4459,Relating to Kratom,1,Introduced,2026-01-16,To House Health and Human Resources,2026-02-18,2026 Regular Session,80,strong,https://legiscan.com/WV/bill/HB4459/2026,via LegiScan (CC BY 4.0)
WV,HB4473,Removing certain drugs from schedule one,1,Introduced,2024-01-10,To House Health and Human Resources,2024-01-10,2024 Regular Session,94,strong,https://legiscan.com/WV/bill/HB4473/2024,via LegiScan (CC BY 4.0)
WV,HB4625,Relating to the normalization of cannabis laws,1,Introduced,2020-01-31,To House Health and Human Resources,2020-01-31,2020 Regular Session,78,strong,https://legiscan.com/WV/bill/HB4625/2020,via LegiScan (CC BY 4.0)
WV,HB4626,Relating to the establishment of a grant program to fund the United States Food and Drug Administration’s drug development trials with ibogaine,5,Vetoed,2026-03-14,Vetoed by Governor 4/1/2026 - House Journal,2026-03-14,2026 Regular Session,99,title,https://legiscan.com/WV/bill/HB4626/2026,via LegiScan (CC BY 4.0)
WV,HB4640,Relating to drugs and adding a provision relating to the scheduling of crystalline polymorph psilocybin approved by the Food and Drug Administration,1,Introduced,2026-01-21,"On 1st reading, House Calendar",2026-02-02,2026 Regular Session,95,title,https://legiscan.com/WV/bill/HB4640/2026,via LegiScan (CC BY 4.0)
WV,HB4712,Relating to permitted use and possession of marihuana,1,Introduced,2016-02-23,To House Health and Human Resources,2016-02-23,2016 Regular Session,75,strong,https://legiscan.com/WV/bill/HB4712/2016,via LegiScan (CC BY 4.0)
WV,HB4713,Authorizing the medical use of cannabis based pharmaceutical products,1,Introduced,2016-02-23,To House Health and Human Resources,2016-02-23,2016 Regular Session,81,strong,https://legiscan.com/WV/bill/HB4713/2016,via LegiScan (CC BY 4.0)
WV,HB4721,Relating to drugs and adding a provision relating to the scheduling of crystalline polymorph psilocybin approved by the Food and Drug Administration,1,Introduced,2026-01-22,To House Health and Human Resources,2026-01-22,2026 Regular Session,96,title,https://legiscan.com/WV/bill/HB4721/2026,via LegiScan (CC BY 4.0)
WV,HB4858,"Classifying ""marihuana"" and tetrahydrocannabinols as a Schedule IV controlled substance",1,Introduced,2020-02-11,To House Health and Human Resources,2020-02-11,2020 Regular Session,81,strong,https://legiscan.com/WV/bill/HB4858/2020,via LegiScan (CC BY 4.0)
WV,HB5074,Relating to changing the allocation of proceeds in the Medical Cannabis Program Fund.,5,Vetoed,2026-03-14,Vetoed by Governor 4/1/2026 - House Journal,2026-03-14,2026 Regular Session,90,strong,https://legiscan.com/WV/bill/HB5074/2026,via LegiScan (CC BY 4.0)
WV,HB5146,Relating to drug scheduling,1,Introduced,2026-02-03,To House Health and Human Resources,2026-02-03,2026 Regular Session,93,strong,https://legiscan.com/WV/bill/HB5146/2026,via LegiScan (CC BY 4.0)
WV,HB5588,Establish a regulated framework for the medical use of psilocybin to treat post-traumatic stress disorder (PTSD),1,Introduced,2026-02-16,To House Health and Human Resources,2026-02-16,2026 Regular Session,100,title,https://legiscan.com/WV/bill/HB5588/2026,via LegiScan (CC BY 4.0)
WV,SB1,Modifying controlled substances schedules and prescriptive authority,1,Introduced,2014-01-08,To Judiciary,2014-01-29,2014 Regular Session,73,contextual,https://legiscan.com/WV/bill/SB1/2014,via LegiScan (CC BY 4.0)
WV,SB11,Relating to schedules of controlled substances,2,Engrossed,2013-03-25,To House Health and Human Resources,2013-03-26,2013 Regular Session,74,contextual,https://legiscan.com/WV/bill/SB11/2013,via LegiScan (CC BY 4.0)
WV,SB143,Reducing criminal penalties and criminalization of marijuana,1,Introduced,2019-01-09,To Judiciary,2019-01-09,2019 Regular Session,79,strong,https://legiscan.com/WV/bill/SB143/2019,via LegiScan (CC BY 4.0)
WV,SB179,Relating to controlled substances schedule,1,Introduced,2023-01-13,To Health and Human Resources,2023-01-13,2023 Regular Session,77,strong,https://legiscan.com/WV/bill/SB179/2023,via LegiScan (CC BY 4.0)
WV,SB2,Reducing use of opiates,1,Introduced,2018-01-10,To Health and Human Resources,2018-01-10,2018 Regular Session,58,contextual,https://legiscan.com/WV/bill/SB2/2018,via LegiScan (CC BY 4.0)
WV,SB225,Banning sale of Kratom in WV,1,Introduced,2023-01-16,To Judiciary,2023-01-16,2023 Regular Session,83,strong,https://legiscan.com/WV/bill/SB225/2023,via LegiScan (CC BY 4.0)
WV,SB276,Criminalizing sale and use of synthetic cannabinoids,1,Introduced,2011-01-26,To Judiciary,2011-01-26,2011 Regular Session,83,strong,https://legiscan.com/WV/bill/SB276/2011,via LegiScan (CC BY 4.0)
WV,SB329,"Addressing increase of fentanyl, fentanyl derivatives and analogs in state",1,Introduced,2017-02-16,To Judiciary,2017-02-16,2017 Regular Session,79,strong,https://legiscan.com/WV/bill/SB329/2017,via LegiScan (CC BY 4.0)
WV,SB422,Relating to Uniform Controlled Substances Act,1,Introduced,2017-02-23,To Health and Human Resources,2017-02-23,2017 Regular Session,83,strong,https://legiscan.com/WV/bill/SB422/2017,via LegiScan (CC BY 4.0)
WV,SB546,Adding and removing certain compounds from controlled substance list,4,Passed,2023-05-01,"Chapter 76, Acts, Regular Session, 2023",2023-05-01,2023 Regular Session,82,strong,https://legiscan.com/WV/bill/SB546/2023,via LegiScan (CC BY 4.0)
WV,SB593,Reducing criminal penalties and criminalization of marijuana,1,Introduced,2018-02-19,To Judiciary,2018-02-19,2018 Regular Session,78,strong,https://legiscan.com/WV/bill/SB593/2018,via LegiScan (CC BY 4.0)
WV,SB63,Relating to Board of Pharmacy and controlled substances,2,Engrossed,2011-02-02,To House Judiciary,2011-02-03,2011 Regular Session,88,strong,https://legiscan.com/WV/bill/SB63/2011,via LegiScan (CC BY 4.0)
WV,SB666,Adding Kratom and Delta-8 THC to list of Schedule 1 controlled substances,1,Introduced,2022-02-17,To Health and Human Resources,2022-02-17,2022 Regular Session,83,strong,https://legiscan.com/WV/bill/SB666/2022,via LegiScan (CC BY 4.0)
WV,SB667,Updating WV schedules of controlled substances,1,Introduced,2012-02-20,To Judiciary,2012-02-22,2012 Regular Session,74,contextual,https://legiscan.com/WV/bill/SB667/2012,via LegiScan (CC BY 4.0)
WV,SB703,Relating to controlled substances schedule,2,Engrossed,2022-03-02,To House Judiciary,2022-03-04,2022 Regular Session,77,strong,https://legiscan.com/WV/bill/SB703/2022,via LegiScan (CC BY 4.0)
WV,SB809,Rescheduling cannabis from Schedule 1 to Schedule 3,1,Introduced,2026-02-06,To Health and Human Resources,2026-02-06,2026 Regular Session,78,strong,https://legiscan.com/WV/bill/SB809/2026,via LegiScan (CC BY 4.0)
WV,SB847,Updating controlled substance lists in Schedules I and V,2,Engrossed,2020-02-26,To House Health and Human Resources,2020-02-27,2020 Regular Session,83,strong,https://legiscan.com/WV/bill/SB847/2020,via LegiScan (CC BY 4.0)
WV,SB858,Relating to controlled substance schedules and to clean-up errors identified in code sections,1,Introduced,2025-03-20,To Judiciary,2025-03-20,2025 Regular Session,76,strong,https://legiscan.com/WV/bill/SB858/2025,via LegiScan (CC BY 4.0)
WV,SB906,Permitting lawful prescription of crystalline polymorph psilocybin under FDA recommendations,4,Passed,2026-03-14,Approved by Governor 3/27/2026 - Senate Journal,2026-03-14,2026 Regular Session,95,title,https://legiscan.com/WV/bill/SB906/2026,via LegiScan (CC BY 4.0)
