openalex_id,name,orcid,latest_institution,works,citations,first_author,senior_author,latest_year
A5038609897,Robin Carhart‐Harris,0000-0002-6062-7150,"University of California, San Francisco",239,28685,31,76,2026
A5002583244,Roland R. Griffiths,0000-0001-5185-7854,Johns Hopkins University,119,21254,9,64,2025
A5030387003,Matthew W. Johnson,0000-0001-7068-0513,Johns Hopkins University,108,16931,18,33,2026
A5086283052,Franz X. Vollenweider,0000-0001-9053-6164,University of Zurich,126,16618,15,66,2026
A5016082897,David Nutt,0000-0002-1286-1401,Imperial College London,130,16235,17,35,2026
A5071962736,Matthias E. Liechti,0000-0002-1765-9659,University of Basel,230,14636,25,110,2026
A5071332026,Amanda Feilding,0000-0002-1329-1893,Beckley Foundation,72,13283,1,2,2025
A5044907549,David Erritzøe,0000-0002-7022-6211,Imperial College London,167,13005,16,34,2026
A5020826324,Leor Roseman,0000-0001-9990-6029,University of Exeter,140,11828,15,15,2026
A5007856961,Bryan L. Roth,0000-0002-0561-6520,University of North Carolina at Chapel Hill,115,11000,14,52,2026
A5101815306,David E. Nichols,0000-0002-1129-1697,University of North Carolina at Chapel Hill,110,10995,33,45,2025
A5019717586,Mendel Kaelen,0000-0002-6987-9346,Imperial College London,52,9499,6,2,2026
A5101507504,David Nutt,0000-0002-1286-1401,Imperial College London,91,8597,8,11,2026
A5041566460,Jordi Riba,0000-0002-9375-8421,Centro de Investigación Biomédica en Red de Salud Mental,58,8171,13,22,2022
A5005540871,Frederick S. Barrett,0000-0001-7443-3237,Johns Hopkins University,70,7965,16,12,2026
A5086133175,Carlos A. Zarate,0000-0003-4442-7412,National Institutes of Health,82,7713,3,32,2026
A5034576114,Mark A. Geyer,0000-0001-6137-9331,University of California San Diego,65,6975,17,36,2023
A5072682798,Robin Carhart‐Harris,0000-0002-6062-7150,"University of California, San Francisco",136,6920,10,38,2026
A5007616376,Robert Leech,0000-0002-5801-6318,King's College London,23,6870,0,1,2026
A5029257842,Wayne Curtis Drevets,0000-0002-5097-3930,Johnson & Johnson (United States),59,6752,2,17,2026
A5039889194,William A. Richards,0000-0003-0730-9249,Johns Hopkins University,32,6703,13,3,2026
A5040977207,Katrin H. Preller,0000-0003-0413-7672,University of Zurich,120,6685,18,28,2026
A5073080173,Mark Bolstridge,,Imperial College London,19,6494,2,0,2020
A5102785969,Jaime E. C. Hallak,0000-0002-8784-0189,Universidade de São Paulo,117,6454,0,40,2026
A5066585857,Rick Doblin,0000-0001-7361-8168,Multidisciplinary Association for Psychedelic Studies,57,6434,7,34,2024
A5103446078,Richard B. Rothman,,National Institutes of Health,63,6358,7,14,2014
A5038141719,Alan K. Davis,0000-0003-4770-8893,The Ohio State University,94,6329,27,30,2026
A5023527028,Jaskaran B. Singh,0000-0001-8466-0994,Janssen Research & Development (United States),62,6106,3,32,2024
A5103004624,Husseini K. Manji,0009-0007-1679-8749,Johnson & Johnson (United States),28,6033,0,2,2022
A5087857627,Rafael de la Torre,0000-0002-6765-1866,Hospital del Mar Research Institute,95,6019,12,47,2022
A5009073724,Richard A. Glennon,0000-0002-3600-9045,Virginia Commonwealth University,95,5837,46,33,2026
A5033539160,Magı́ Farré,0000-0001-8338-7543,Universitat Autònoma de Barcelona,96,5800,6,17,2025
A5009408147,Michael C. Mithoefer,0000-0002-4267-6135,Multidisciplinary Association for Psychedelic Studies,60,5782,16,6,2026
A5037185919,Gerard Sanacora,0000-0003-3722-8829,Yale University,47,5739,2,9,2026
A5058075680,Rafael G. dos Santos,0000-0003-2388-4745,Conselho Nacional de Desenvolvimento Científico e Tecnológico,123,5657,50,24,2026
A5025469924,Mary P Cosimano,,Johns Hopkins University,10,5547,1,0,2025
A5109191684,George A. Ricaurte,,Johns Hopkins University,79,5531,10,55,2014
A5091766408,Pilar Lim,,Janssen Research & Development (United States),29,5444,0,0,2021
A5109951279,George K. Aghajanian,,Yale University,50,5340,20,24,2016
A5061200799,H. Valerie Curran,0000-0001-6011-6978,University College London,49,5271,7,21,2025
A5113712322,Rick J. Strassman,,University of New Mexico,37,5228,15,9,2026
A5109293494,Rosanne Lane,0009-0005-3373-3985,Johnson & Johnson (United States),34,5193,0,0,2025
A5037853531,Todd D. Gould,0000-0003-1511-7183,"University of Maryland, Baltimore",52,5152,5,32,2026
A5039047137,Berra Yazar‐Klosinski,0000-0001-5972-006X,Edisto Island Historic Preservation Society,42,5124,2,5,2026
A5024651565,Kim P. C. Kuypers,0000-0001-7634-3809,Maastricht University,121,5111,36,31,2026
A5086692011,Michael P. Bogenschutz,0000-0003-4530-3470,NYU Langone Health,50,5044,15,16,2026
A5108513619,Charles S. Grob,,UCLA Medical Center,75,5036,22,18,2026
A5051474045,David E. Olson,0000-0002-4517-0543,"University of California, Davis",51,4981,6,27,2026
A5024899439,Johannes G. Ramaekers,0000-0003-4553-376X,Maastricht University,134,4967,14,72,2026
A5108519769,Una D. McCann,,Johns Hopkins University,57,4959,22,7,2015
A5104068648,Andrew C. Parrott,,Swansea University,78,4943,46,24,2019
A5007445878,Stephen Ross,0000-0002-7807-3037,Multidisciplinary Association for Psychedelic Studies,38,4898,8,14,2025
A5103245108,Ella Daly,0000-0001-8380-1249,Janssen Research & Development (United States),47,4888,6,3,2024
A5036162393,Adam L. Halberstadt,0000-0001-5096-5829,University of California San Diego,69,4875,27,16,2026
A5042444567,James Rucker,0000-0003-4647-8088,King's College London,84,4844,18,25,2026
A5055329548,Christopher Timmermann,0000-0002-2281-377X,Universitat de València,105,4838,16,17,2026
A5043115868,David W. Hough,,Janssen Research & Development (United States),30,4802,0,1,2021
A5004773599,Michael H. Baumann,0000-0001-7758-1470,National Institute on Drug Abuse,73,4614,16,24,2026
A5091708678,Albert Garcia‐Romeu,0000-0003-2182-1644,Johns Hopkins University,69,4582,14,19,2026
A5076395304,Panos Zanos,0000-0002-1968-8648,University of Cyprus,36,4537,9,5,2026
A5032453300,Kenji Hashimoto,0000-0002-8892-0439,Chiba University,94,4525,28,44,2026
A5058986420,Enzo Tagliazucchi,0000-0003-0421-9993,Consejo Nacional de Investigaciones Científicas y Técnicas,61,4499,10,30,2026
A5000583874,Suresh Muthukumaraswamy,0000-0001-7042-3920,University of Auckland,69,4472,11,14,2026
A5024967956,Esther O’Shea,0000-0001-5008-882X,Universidad Complutense de Madrid,51,4464,8,4,2021
A5032347558,José Carlos Bouso,0000-0003-1115-9407,Universidade de São Paulo,112,4462,22,33,2026
A5006188744,Dráulio Barros de Araújo,0000-0002-6934-2485,Universidade Federal do Rio Grande do Norte,72,4429,3,18,2026
A5089436626,Xi‐Ping Huang,0000-0002-2585-653X,University of North Carolina at Chapel Hill,18,4425,2,0,2023
A5068850044,Roger S. McIntyre,0000-0003-4733-2523,University of Toronto,106,4408,15,52,2026
A5110662235,Rosalind Watts,,Imperial College London,17,4187,4,1,2026
A5021802006,Michael Kometer,,University of Zurich,23,4093,5,2,2024
A5058457121,Francisco Silveira Guimarães,0000-0003-4092-7778,Universidade de Ribeirão Preto,30,4044,1,11,2025
A5011459975,Ruin Moaddel,0000-0002-6812-0127,National Institutes of Health,44,4014,7,1,2026
A5034785335,Brian D. Richards,,Maryland Oncology Hematology,7,4007,0,0,2023
A5045818277,Daniel C. Javitt,0000-0003-2711-8239,Nathan Kline Institute for Psychiatric Research,10,4005,7,2,2015
A5050740394,Joshua D. Rosenblat,0000-0002-4773-2191,University Health Network,93,3991,6,27,2026
A5045362944,Erich Seifritz,0000-0002-7311-4426,University of Zurich,56,3951,0,2,2026
A5033877107,Amy Emerson,0009-0001-5459-6538,Public Service Electric and Gas (United States),28,3921,1,2,2024
A5001318454,Stephen R. Zukin,0000-0002-4607-1176,,6,3897,2,3,1994
A5047587284,Javier González‐Maeso,0000-0003-3105-3204,Virginia Commonwealth University,47,3892,7,31,2026
A5012319228,Lisa Jerome,0000-0001-6209-8750,Public Service Electric and Gas (United States),35,3889,5,2,2024
A5080962550,Stephen J. Peroutka,0000-0003-3333-4819,VA Palo Alto Health Care System,23,3885,9,13,1994
A5035496277,Thomas Edward Prisinzano,0000-0002-0649-8052,University of Kentucky,93,3800,4,46,2025
A5015678331,James W. Murrough,0000-0001-6286-1242,James J. Peters VA Medical Center,14,3768,0,3,2025
A5037628078,Guy M. Goodwin,0000-0002-1426-2816,Pathfinder International,39,3738,20,9,2026
A5041698353,Gabrielle Agin-Liebes,0000-0002-9754-229X,Yale University,27,3681,8,0,2026
A5061472267,Bruna Giribaldi,,Imperial College London,24,3658,1,1,2025
A5101579525,Tom A. Williams,0000-0003-1072-0223,Imperial College London,9,3601,0,0,2021
A5026405762,Jeffrey Guss,,University Health Network,25,3595,4,6,2025
A5020208893,Solomon H. Snyder,0000-0002-6818-7022,Johns Hopkins University,24,3588,15,9,2019
A5109366794,Camilla Day,,King's College London,6,3526,0,0,2021
A5058414502,Allan H. Young,0000-0003-2291-6952,Imperial College London,68,3490,15,14,2026
A5057824637,Kevin Murphy,0000-0002-6516-313X,Cardiff University,7,3488,0,0,2020
A5072565784,Kenner C. Rice,0000-0002-1147-9147,National Institute on Drug Abuse,39,3462,0,4,2023
A5045516878,Yasmin Schmid,0000-0002-3618-584X,University Hospital of Basel,59,3408,10,4,2026
A5083747055,Torsten Passie,0000-0002-6143-0560,Medizinische Hochschule Hannover,58,3384,33,10,2026
A5010294016,Richard C. Shelton,0000-0002-3806-4208,University of Alabama at Birmingham,15,3357,1,1,2026
A5056016180,Hannes Kettner,0000-0001-9482-0998,Imperial College London,67,3353,7,8,2026
A5081426855,Madhukar H. Trivedi,0000-0002-2983-1110,The University of Texas Southwestern Medical Center,16,3352,0,3,2026
A5033767146,Euphrosyne Gouzoulis‐Mayfrank,0000-0003-0632-4578,LVR-Klinik Köln,60,3349,28,20,2026
A5061374713,Felix Müller,0000-0002-4582-6610,University of Basel,47,3344,11,1,2026
A5087382833,Sarah E. Mennenga,,Arizona State University,16,3308,1,2,2026
A5015895924,Gitte M. Knudsen,0000-0003-1508-6866,University of Copenhagen,85,3279,3,28,2026
A5078706372,Fabrizio Schifano,0000-0002-4178-5401,University of Hertfordshire,55,3269,27,17,2026
A5112014625,Gary A. Gudelsky,0000-0003-2552-8592,University of Cincinnati,52,3267,7,29,2025
A5049197736,John D. McCorvy,0000-0001-7555-9413,Medical College of Wisconsin,36,3247,2,6,2026
A5085107940,Michael E. Thase,0000-0002-6403-0861,Philadelphia VA Medical Center,19,3241,3,2,2026
A5026062012,Félix Carvalho,0000-0003-3858-3494,Universidade do Porto,77,3233,1,23,2022
A5050356892,Charles B. Nemeroff,0000-0001-7867-1160,The University of Texas at Austin,23,3223,4,11,2026
A5041055116,Natasha L. Mason,0000-0001-7115-0389,Maastricht University,85,3218,17,7,2026
A5109983260,M. Isabel Colado,,Universidad Complutense de Madrid,26,3212,6,13,2014
A5056087421,Lindsay P. Cameron,0000-0002-8420-7898,Stanford University,14,3192,8,0,2026
A5042693752,Bryan K. Yamamoto,0000-0001-8101-7733,University of Toledo,35,3175,5,18,2016
A5054036019,José Alexandre S. Crippa,0000-0001-9520-6746,Conselho Nacional de Desenvolvimento Científico e Tecnológico,31,3161,1,2,2025
A5052009573,Iain S. McGregor,0000-0002-9307-7159,The University of Sydney,52,3139,9,32,2025
A5009419179,Brian K. Shoichet,0000-0002-6098-7367,"University of California, San Francisco",9,3134,0,0,2025
A5028081191,Friederike Holze,0000-0003-3143-1519,University Hospital of Basel,66,3113,19,3,2026
A5015516801,Anthony P. Bossis,,University of Ottawa,17,3087,1,2,2025
A5063898329,Patrick C. Dolder,0000-0002-0952-3356,University of Basel,37,3081,11,0,2024
A5056888000,Tomáš Páleníček,0000-0002-3109-9539,Charles University,74,3078,11,33,2026
A5061776312,Nathan D. Sepeda,0009-0006-4819-0722,Johns Hopkins University,35,3063,1,0,2026
A5058082561,Michael Bloomfield,0000-0002-1972-4610,University College Hospital,13,3053,2,2,2023
A5052799526,Ann T. Mithoefer,,Medical University of South Carolina,14,3043,0,0,2024
A5028162083,Scott M. Thompson,0000-0001-9844-9049,University of Colorado Anschutz,24,3020,4,6,2026
A5004506349,Peter S. Hendricks,0009-0004-8642-9584,University of Alabama at Birmingham,74,3009,13,33,2026
A5028449685,Scott Hamilton,0000-0002-1692-2814,Stanford University,13,3008,0,0,2024
A5073267357,Irving W. Wainer,0000-0003-1643-5845,Cooper Medical School of Rowan University,23,2973,0,14,2021
A5026333926,Flávia de Lima Osório,0000-0003-1396-555X,Universidade de São Paulo,25,2965,2,1,2026
A5075157980,Peter John Hellyer,0000-0002-5139-3401,King's College London,8,2950,1,0,2026
A5081065269,Ben Sessa,0000-0002-1212-6060,Imperial College London,50,2924,34,6,2025
A5022321374,Maria de Lourdes Bastos,0000-0001-9895-503X,Universidade Federal do Ceará,63,2922,1,14,2024
A5111100175,Maggie M Fedgchin,,Janssen Research & Development (United States),23,2911,2,0,2024
A5032613018,Rodrigo B. Mansur,0000-0002-3968-3297,University Health Network,40,2908,0,0,2026
A5110887388,Katherine A. MacLean,,Imperial College London,15,2862,4,0,2025
A5081627106,Rudolf Brenneisen,,University of Bern,18,2846,2,5,2014
A5043044020,Christopher R. Nicholas,0000-0002-0599-4046,University of Wisconsin–Madison,24,2835,5,0,2026
A5000955196,Fernanda Palhano-Fontes,0000-0002-1612-6703,Universidade Federal do Rio Grande do Norte,53,2815,8,6,2026
A5058017696,Stuart C. Sealfon,0000-0001-5791-1217,Icahn School of Medicine at Mount Sinai,10,2809,0,6,2013
A5113450236,Manel J. Barbanoj,,Universitat Autònoma de Barcelona,19,2782,1,10,2012
A5082087722,Alexander Belser,,University Health Network,14,2769,2,3,2025
A5012476234,John S. Partilla,0000-0003-1023-5631,National Institute on Drug Abuse,29,2718,1,2,2026
A5078935928,Hans H. Maurer,0000-0003-4579-4660,Saarland University,42,2715,5,28,2020
A5065550029,James A. Rickard,0000-0003-4907-6025,Barts Health NHS Trust,3,2686,0,0,2021
A5071981428,Alex Gamma,0000-0002-7450-6544,University Hospital Zurich,18,2684,6,0,2012
A5052975669,Daniel Wacker,0000-0003-4951-7230,Icahn School of Medicine at Mount Sinai,9,2660,3,2,2025
A5059929148,Richard G. Wise,0000-0003-1700-2144,University of Chieti-Pescara,6,2639,0,0,2026
A5008494200,John Evans,0000-0002-6619-4245,Cardiff University,5,2639,0,0,2020
A5101826991,Joshua Woolley,0000-0001-6753-2093,San Francisco VA Medical Center,27,2631,0,21,2025
A5108632424,Dennis J. McKenna,,University of Minnesota,26,2629,15,4,2016
A5073219694,Vincent Setola,0000-0002-9791-2270,West Virginia University,22,2611,5,3,2026
A5078895766,Luís Fernando Tófoli,0000-0003-2262-8272,Universidade Estadual de Campinas (UNICAMP),53,2605,2,16,2026
A5015501263,Stephen M. Stahl,0000-0002-6536-6973,University of California San Diego,22,2605,5,7,2026
A5014436895,David Taylor,0000-0002-2557-1710,South London and Maudsley NHS Foundation Trust,5,2589,0,0,2024
A5054443093,Allison A. Feduccia,0000-0002-6918-0738,Multidisciplinary Association for Psychedelic Studies,25,2585,8,3,2026
A5062759333,Roger Ho,0000-0001-9629-4493,National University of Singapore,27,2571,1,1,2026
A5041945807,Harriet de Wit,0000-0002-7211-8994,University of Chicago,74,2567,19,39,2026
A5039060911,Marius C. Hoener,0000-0001-6510-6250,Roche (Switzerland),23,2530,0,0,2025
A5061926369,Eduard Vieta,0000-0002-0548-0053,Centro de Investigación Biomédica en Red de Salud Mental,21,2528,4,4,2026
A5045877490,Siegfried Kasper,0000-0001-8278-191X,Medical University of Vienna,23,2525,4,7,2026
A5014278257,Craig J. Thomas,0000-0001-9386-9001,National Institutes of Health,22,2507,0,3,2026
A5085899840,Patrick J. Morris,0000-0003-2380-4178,National Institutes of Health,19,2498,3,0,2024
A5069665617,Matthew B. Wall,0000-0002-0493-6274,Hammersmith Hospital,39,2495,11,4,2026
A5046150668,Peter Gasser,,Schweizerische Ärztegesellschaft für Psycholytische Therapie,22,2493,4,6,2026
A5002538047,Pierre Ulrich Blier,0000-0003-1881-2421,University of Ottawa,17,2469,5,8,2019
A5055656960,Jordi Ortuño,0000-0002-2010-5403,Universitat Autònoma de Barcelona,25,2466,1,0,2005
A5013653469,Jay A. Gingrich,0000-0002-7890-0389,Columbia University,5,2450,0,1,2009
A5034486320,Barbara Kasprzyk‐Hordern,0000-0002-6809-2875,University of Bath,29,2437,5,13,2026
A5111877567,Steven A. Barker,0000-0002-5755-3496,Louisiana State University,30,2401,13,6,2025
A5056637382,Boadie W. Dunlop,0000-0002-4653-0483,Emory University,26,2398,0,3,2025
A5072909845,Tara C. Malone,,NYU Langone Health,5,2396,1,0,2021
A5081904403,Stefan Borgwardt,0000-0002-5792-3987,University of Lübeck,34,2384,0,22,2025
A5079835073,Felix Hasler,,University of Zurich,20,2372,6,0,2013
A5063138903,Sandra J. Hufeisen,,University of North Carolina at Chapel Hill,6,2371,1,0,2019
A5042455955,Peter Hobden,,Cardiff University,4,2366,0,0,2020
A5086852785,Karl Friston,0000-0001-7984-8909,UCL Queen Square Institute of Neurology,10,2359,1,3,2026
A5071605998,Randall Brown,0000-0002-5445-8119,University of Wisconsin–Madison,8,2358,1,1,2023
A5009505500,Jordi Camı́,0000-0002-5720-769X,Universitat Pompeu Fabra,15,2358,2,7,2015
A5111650258,U. McCann,,Johns Hopkins University,10,2351,3,4,2014
A5054940302,Eyal Vardy,,University of North Carolina at Chapel Hill,21,2351,4,3,2020
A5076305088,Antonio Verdejo‐García,0000-0001-8874-9339,Monash University,13,2349,2,4,2024
A5088679759,João Paulo Maia‐de‐Oliveira,0000-0002-7637-2498,Universidade Federal do Rio Grande do Norte,12,2340,0,0,2022
A5045573039,Linda D. Simmler,0000-0003-3512-4057,University of Basel,23,2337,8,1,2026
A5074995610,Margaret A. Klinedinst,,Johns Hopkins University,4,2325,0,1,2016
A5078452831,Jennifer Mitchell,0000-0002-7567-8129,"University of California, San Francisco",25,2286,8,5,2026
A5039486115,David B. Yaden,0000-0002-9604-6227,University of Pennsylvania,72,2286,19,35,2026
A5045811374,William E. Fantegrossi,0000-0001-9964-1593,University of Arkansas for Medical Sciences,57,2275,26,22,2026
A5041005999,Nicole Leite Galvão‐Coelho,0000-0002-4887-8635,Universidade de São Paulo,39,2272,2,13,2026
A5008318044,Rafael Faria Sanches,0000-0002-6746-8404,Instituto Nacional de Ciência e Tecnologia Translacional em Medicina,9,2271,1,0,2020
A5047762877,John W. Olney,,Washington University in St. Louis,4,2270,2,1,2016
A5086067811,Polymnia Georgiou,0000-0003-3171-9993,University of Wisconsin–Milwaukee,12,2266,2,1,2025
A5109994707,Peixiong Yuan,,National Institute of Mental Health,16,2259,0,0,2026
A5037184848,Nicholas V. Cozzi,0000-0001-7593-6063,Alexander Shulgin Research Institute,21,2252,5,3,2026
A5043559110,Morten L. Kringelbach,0000-0002-3908-6898,Aarhus University,55,2244,2,19,2026
A5036831245,Marta Torrens,0000-0001-6222-4761,Universitat de Vic - Universitat Central de Catalunya,43,2229,0,9,2025
A5071695786,Wim van den Brink,0000-0001-8301-0121,Amsterdam Neuroscience,33,2228,0,16,2025
A5020659258,Ashleigh Murphy-Beiner,,Imperial College London,16,2222,1,0,2026
A5003963348,Colleen Loo,0000-0003-3267-0554,Black Dog Institute,23,2220,4,9,2026
A5067738102,Adam Winstock,0000-0001-7854-8015,University College London,51,2217,9,20,2026
A5071039477,John H. Krystal,0000-0001-6952-1726,Yale University,30,2206,4,8,2026
A5062966169,Charles D. Nichols,0000-0002-0615-0646,Louisiana State University Health Sciences Center New Orleans,58,2206,11,33,2026
A5005457342,Simon D. Brandt,0000-0001-8632-5372,Liverpool John Moores University,56,2195,23,9,2025
A5038134435,Jordi Segura,0000-0002-2463-752X,Universitat Pompeu Fabra,22,2178,0,1,2007
A5102947423,John Archibald Browne Gray,0000-0002-7287-0748,"University of California, Davis",8,2175,3,0,2025
A5087298757,Elizabeth M. Nielson,0000-0003-2294-4558,Woodstock Union High School & Middle School,11,2163,3,1,2025
A5111691188,Lewis S. Seiden,,University of Chicago,20,2140,3,17,1999
A5020498855,Fernando E. Rosas,0000-0001-7790-6183,University of Sussex,46,2121,1,0,2026
A5075574900,Alyssa A. Forcehimes,,University of New Mexico,5,2116,0,1,2022
A5110317265,John McGonigle,0000-0001-6670-8181,Hammersmith Hospital,6,2116,0,0,2020
A5051293419,Alicia Danforth,0000-0001-8726-046X,"University of California, Los Angeles",13,2114,4,1,2025
A5113802049,Elizabeth O’Hearn,,Johns Hopkins University,11,2105,7,0,2004
A5109089709,Edson Xavier Albuquerque,,University of North Carolina at Chapel Hill,8,2103,0,1,2020
A5057713670,Glen R. Hanson,,University of Utah,33,2095,4,10,2013
A5054045417,John J. Irwin,0000-0002-1195-6417,"University of California, San Francisco",4,2089,0,0,2024
A5034712307,Erich Studerus,0000-0003-4233-0182,University of Basel,9,2085,5,0,2024
A5060037439,George Greer,,Heffter Research Institute,8,2068,3,2,2021
A5066391491,Kelan Thomas,0000-0003-2818-270X,Touro University California,9,2067,4,2,2025
A5065486287,J.C. Winter,,,58,2063,26,25,2020
A5109091157,Mark T. Wagner,,Medical University of South Carolina,8,2049,1,0,2024
A5084723460,Deborah C. Mash,0000-0002-1352-7851,University of Miami,37,2045,14,17,2025
A5009565241,Noelia Weisstaub,0000-0003-3444-1915,New York State Psychiatric Institute,3,2039,0,0,2008
A5056104796,Ming‐Ming Zhou,0000-0002-7049-0573,Columbia University,3,2039,0,0,2008
A5110173883,J. Martin Elliott,,De Montfort University,15,2032,0,5,2012
A5015960673,David Michael Wood,0000-0002-7826-7237,King's College London,31,2026,10,8,2026
A5009222806,Thomas Pokorny,0000-0001-8185-8874,University of Zurich,17,2023,4,0,2019
A5036560266,Jonny Martell,0000-0002-4194-7669,Imperial College London,10,2017,0,1,2026
A5058521600,Patricio Molero,0000-0002-9287-9635,Clinica Universidad de Navarra,14,2011,5,1,2026
A5078217449,Muhammad Ishrat Husain,0000-0001-5771-5750,University of Ottawa,39,1999,3,7,2025
A5103588042,Pere Nolasc Roset,,Universitat Autònoma de Barcelona,14,1996,0,0,2015
A5012463698,Eline Haijen,0000-0002-1110-1486,Maastricht University,22,1994,5,1,2026
A5058910529,Richard B. Westkaemper,,Virginia Commonwealth University,12,1978,1,2,2021
A5047963275,Gustavo Deco,0000-0002-8995-7583,Institució Catalana de Recerca i Estudis Avançats,46,1956,2,13,2026
A5042119216,Jörg Daumann,0000-0002-6310-1787,University of Cologne,38,1916,15,17,2015
A5043245878,Maurı́cio Yonamine,0000-0002-4615-1088,Universidade de São Paulo,52,1909,0,15,2026
A5004005182,Annis O. Mechan,,Johns Hopkins University,12,1909,5,0,2011
A5048935006,Joseph J. Palamar,0000-0002-8565-9415,New York University,71,1901,52,14,2026
A5021466863,Atheir I. Abbas,0000-0002-7080-3509,Oregon Health & Science University,6,1896,2,2,2026
A5032022972,Vsevolod Katritch,0000-0003-3883-4505,University of Southern California,12,1888,0,0,2024
A5113469684,Alexander T. Shulgin,,Alexander Shulgin Research Institute,39,1886,19,10,2019
A5081207461,Thomas Kræmer,0000-0002-3283-606X,University of Zurich,29,1885,1,12,2023
A5001042943,Andrew Winokur,0000-0003-2859-9361,University of Connecticut,6,1879,0,0,2026
A5042960436,John H. Halpern,0000-0002-1006-7220,Harvard University,30,1871,14,2,2017
A5071295954,Boris B. Quednow,0000-0001-7933-2865,University of Zurich,51,1865,7,23,2026
A5040929530,Sandeep M. Nayak,0000-0002-6832-0639,Johns Hopkins University,72,1864,16,6,2026
A5057457740,Marcela Ot’alora G.,,Bluewater International (United States),9,1853,1,2,2024
A5014962738,Christina M. Dersch,,National Institute on Drug Abuse,27,1851,0,0,2013
A5090329856,N. Singh,0000-0003-0419-0684,National Institutes of Health,9,1849,2,0,2020
A5013730095,Niels Jensen,0000-0001-8171-3333,University of North Carolina at Chapel Hill,5,1842,3,0,2019
A5109317552,Manickavasagom Alkondon,,"University of Maryland, Baltimore",5,1840,0,0,2020
A5083198014,Yena Lee,0000-0003-0629-9456,University Health Network,16,1838,0,0,2022
A5048498728,Dan Vlad Iosifescu,0000-0002-2512-2835,Nathan Kline Institute for Psychiatric Research,7,1836,1,1,2022
A5023739443,Carla M. Canuso,0000-0001-6817-9105,Johnson & Johnson (United States),27,1824,5,9,2025
A5075764403,Arnold E. Ruoho,0000-0003-3050-7614,University of Wisconsin–Madison,14,1820,0,10,2017
A5090128248,Eduardo Ekman Schenberg,0000-0001-7111-9891,Harvard University,30,1815,20,2,2026
A5000016116,Marilyn Ann Huestis,0000-0003-2137-4645,Thomas Jefferson University,47,1815,3,23,2024
A5016572108,Samuel T. Wilkinson,0000-0002-3483-9168,Yale University,30,1814,8,12,2026
A5048292874,Natalie Gukasyan,0000-0003-3567-1421,Columbia University Irving Medical Center,33,1810,11,3,2026
A5078882374,Michael Berk,0000-0002-5554-6946,Deakin University,11,1806,1,3,2026
A5007388845,Daniel J. Siebert,,National Institutes of Health,12,1805,2,1,2013
A5109998387,H. M. Emrich,,Medizinische Hochschule Hannover,4,1803,0,3,2008
A5103850534,Kimberly Cooper,,Janssen Research & Development (United States),11,1797,0,0,2023
A5061940307,Monica J. Barratt,0000-0002-1015-9379,UNSW Sydney,51,1793,17,9,2026
A5102445514,Luke T. J. Williams,,Imperial College London,11,1793,0,0,2023
A5046590180,John R. Kelly,0000-0002-9545-0615,Trinity College Dublin,21,1784,6,5,2026
A5012699156,Dennis S. Charney,0000-0003-0610-3433,Icahn School of Medicine at Mount Sinai,6,1780,0,2,2026
A5058372793,John Corkery,0000-0002-3849-817X,University of Hertfordshire,32,1776,2,7,2026
A5025692890,Jacob S. Aday,0000-0003-0578-8530,University of Michigan,58,1768,29,3,2026
A5087460181,María Isabel Colado,,Universidad Complutense de Madrid,31,1767,11,13,2021
A5111666675,Roberta Murphy,,Imperial College London,6,1765,1,0,2024
A5023301996,Patrick Vizeli,0000-0002-5954-4446,University Hospital of Basel,42,1763,12,0,2026
A5076172097,Heather J. Pribut,0000-0002-3166-6409,"University of Maryland, Baltimore",5,1754,0,1,2020
A5012875826,Julie B. Wang,0000-0001-7039-6061,Public Service Electric and Gas (United States),14,1749,1,0,2024
A5083967444,Daniel Hell,,University of Zurich,13,1733,0,3,2008
A5068301672,Hiroyuki Inoue,0000-0002-5879-9826,National Research Institute of Police Science,11,1732,0,7,2012
A5048838123,J. Frank Nash,0000-0001-6133-9639,Procter & Gamble (United States),18,1729,12,3,1996
A5007416915,Leanna M.W. Lui,0000-0002-0148-5455,University Health Network,17,1728,0,0,2022
A5017664220,Tanja Mletzko,0000-0002-8900-9698,Multidisciplinary Association for Psychedelic Studies,5,1727,0,0,2025
A5021085020,Patrick M. Fisher,0000-0002-8115-0611,University of Copenhagen,54,1724,1,25,2026
A5113990642,Stanley D. Glick,,Albany Medical College,40,1721,12,21,2019
A5017648766,Raymond C. Stevens,0000-0002-4522-8725,University of Southern California,8,1710,0,2,2020
A5018236114,Jonathan M. Fischell,,"University of Maryland, Baltimore",5,1709,0,0,2020
A5064966055,Philipp Stämpfli,0000-0003-1684-2416,University of Zurich,21,1705,0,0,2026
A5024461249,Glenn E. Hunt,0000-0002-8088-9406,The University of Sydney,24,1704,1,3,2011
A5050503083,Milan Scheidegger,0000-0003-1313-2208,University of Zurich,54,1701,3,20,2026
A5064457148,Scott T. Aaronson,0000-0001-7616-8801,Sheppard Pratt Health System,20,1701,4,4,2025
A5048534479,Allan Blemings,,Imperial College London,5,1698,0,0,2026
A5055877835,Michelle Baker-Jones,,Imperial College London,4,1697,0,0,2023
A5019447625,Paul Ivor Dargan,0000-0002-3433-9622,King's College London,32,1695,1,15,2024
A5065680812,Monnica T. Williams,0000-0003-0095-3277,California Wellness Foundation,41,1694,6,24,2026
A5021720240,Valerie H. Curran,0000-0001-6041-5214,University College London,7,1692,0,1,2023
A5080462431,Lindsey Marwood,0000-0002-5818-2199,Pathfinder International,14,1691,1,0,2026
A5063337848,Patrick H. Finan,0000-0002-7525-4801,Johns Hopkins University,4,1687,0,1,2025
A5016425494,Liesbeth Reneman,0000-0002-5912-9971,Amsterdam UMC Location University of Amsterdam,26,1682,18,2,2024
A5072331204,Katina S. S. Dossou,,National Institutes of Health,5,1681,0,0,2020
A5032300121,Csaba Orbán,0000-0001-9133-3561,Imperial College London,7,1677,0,0,2020
A5108850316,Sunil Mistry,,Pathfinder International,9,1674,0,0,2025
A5051497543,Lee E. Dunlap,0000-0002-9365-8025,University of California System,13,1671,3,0,2026
A5024133720,Urs Duthaler,0000-0002-7811-3932,University of Basel,24,1661,0,7,2024
A5032693937,Gregory I. Elmer,0000-0002-1483-3690,"University of Maryland, Baltimore",6,1660,2,1,2020
A5110364496,Barry L. Jacobs,,Princeton University,19,1659,4,14,1994
A5053883062,Cheryl L. Mayo,,"University of Maryland, Baltimore",5,1657,0,0,2020
A5006357330,Susan Schenk,0000-0002-7786-8313,Victoria University of Wellington,46,1656,18,24,2023
A5052160307,Anne Eckert,0000-0002-9341-3669,University of Basel,25,1655,0,0,2026
A5016694325,Jeanine Kamphuis,0009-0005-7934-7596,University Medical Center Groningen,24,1652,0,3,2026
A5018641310,Nimmy Varghese,0000-0001-8598-0535,University of Basel,17,1648,0,0,2024
A5059733767,Yuhong Fang,0000-0001-6742-5677,National Institutes of Health,4,1640,0,0,2020
A5090076956,Miguel Ángel Alcázar‐Córcoles,0000-0003-1650-2606,Universidad Autónoma de Madrid,25,1635,0,7,2025
A5087737932,Elaine Sanders‐Bush,,Vanderbilt University,26,1628,4,18,2010
A5108543341,Cédric M. Hysek,,Swiss Academy for Development,22,1620,9,0,2025
A5053212432,Simona Pichini,0000-0002-6347-0750,University of North Carolina at Chapel Hill,41,1620,7,5,2024
A5077633598,Philip D. Mosier,0000-0003-0964-3806,Virginia Commonwealth University,14,1619,1,1,2021
A5048687842,David J. Hellerstein,0000-0002-8031-4354,New York State Psychiatric Institute,21,1609,2,2,2026
A5038113594,Philip Gorwood,0000-0003-1845-3676,Inserm,13,1588,1,3,2026
A5021739634,Brice Ozenne,0000-0001-9694-2956,University of Copenhagen,34,1587,0,0,2026
A5055497986,Sanjay J. Mathew,0000-0002-2715-6641,Texas A&M University,16,1584,3,9,2026
A5076689506,UD McCann,,Johns Hopkins University,4,1583,3,0,2008
A5070312407,Giovanni Martinotti,0000-0002-7292-2341,University of Chieti-Pescara,64,1582,6,21,2026
A5077833960,Fernando Remião,0000-0003-1382-5119,Universidade do Porto,25,1582,0,0,2025
A5000063591,David Feifel,0000-0002-8185-0220,University of California San Diego,11,1580,1,0,2026
A5010253672,A. Richard Green,,University of Nottingham,19,1575,7,7,2014
A5058235132,Celia J. A. Morgan,0000-0002-8858-4906,University of Exeter,34,1572,5,10,2025
A5053590250,James M. Stone,0000-0003-3051-0135,Brighton and Sussex Medical School,8,1570,1,2,2025
A5014605321,Alex C. Kwan,0000-0003-2169-1667,Cornell University,34,1568,2,25,2026
A5053085754,J. C. Callaway,,University of Eastern Finland,10,1564,8,0,2006
A5041180330,Ido Hartogsohn,0000-0002-7906-3682,Bar-Ilan University,17,1560,15,0,2026
A5003956314,Eduarda G. R. Fernandes,0000-0001-6424-0976,Universidade do Porto,43,1557,0,0,2022
A5010580951,Gabriella Gobbi,0000-0003-4124-9825,McGill University,44,1555,6,29,2026
A5034093325,Adrienne Carol Lahti,0000-0002-5565-7662,"University of Maryland, Baltimore",6,1555,4,2,2000
A5001698290,Emma Hapke,,University Health Network,14,1552,1,3,2026
A5011897192,Stéphanie Knatz Peck,0000-0001-9421-9158,UC San Diego Health System,13,1551,7,1,2026
A5010956542,Kenneth W. Tupper,,University of British Columbia,26,1551,11,5,2021
A5046725775,Calvin Ly,,"University of California, Davis",4,1551,1,0,2021
A5020131072,Veronica O’Keane,0000-0002-1519-099X,Tallaght University Hospital,9,1550,0,4,2023
A5068560390,Alberdina de Boer,,M.C. Townsend Associates (United States),6,1549,0,1,2024
A5110194384,Bruce M. Cohen,0000-0002-8861-6285,Harvard University,25,1548,3,16,2020
A5074723102,James W. Gibb,,University of Utah,24,1543,2,14,2002
A5021214721,Luke A. Jelen,0000-0001-6398-5239,King's College London,10,1542,2,0,2026
A5000008388,Scott Shannon,,Integrative Medicine Institute,8,1541,1,3,2025
A5056216903,Alia Lilienstein,,Multidisciplinary Association for Psychedelic Studies,5,1539,0,0,2023
A5010694619,Cole J. Marta,,Multidisciplinary Association for Psychedelic Studies,4,1534,1,0,2023
A5023487694,Danilo De Gregorio,0000-0002-8623-0661,Vita-Salute San Raffaele University,28,1531,8,1,2025
A5112171700,Daniel X. Freedman,,University of Chicago,25,1531,10,12,1992
A5077395539,Casey Paleos,,Nautilus (United States),5,1525,0,0,2025
A5015494091,Gemma Knight,,King's College London,4,1525,0,0,2022
A5045215746,Maxemiliano V. Vargas,0000-0002-3637-1896,"University of California, Davis",8,1525,3,0,2026
A5045658428,Sarah E. Kleiman,,Multidisciplinary Association for Psychedelic Studies,4,1522,0,0,2024
A5046249452,Kelly Parker-Guilbert,,Multidisciplinary Association for Psychedelic Studies,4,1522,0,0,2024
A5032847710,Sylvestre Quevedo,,"University of California, San Francisco",4,1522,0,0,2024
A5025046094,Bessel van der Kolk,,Multidisciplinary Association for Psychedelic Studies,5,1522,1,0,2024
A5091372564,Keren Tzarfaty,,Roche (Israel),6,1522,0,0,2026
A5017818645,Yevgeniy Gelfand,,Multidisciplinary Association for Psychedelic Studies,4,1522,0,0,2024
A5004791170,Dea Siggaard Stenbæk,0000-0002-5439-4637,University of Copenhagen,46,1521,5,6,2025
A5065724982,Theo Huber,,University of Zurich,6,1521,0,3,2019
A5033191459,Catherine Bird,0000-0002-8656-6931,King's College London,15,1519,1,0,2026
A5113636502,D.J. Nutt,,Imperial College London,7,1519,1,1,2025
A5080134259,Wael Garas,,Multidisciplinary Association for Psychedelic Studies,4,1517,0,1,2026
A5089781286,G. Beverly Wells,0000-0003-0902-5282,Multidisciplinary Association for Psychedelic Studies,3,1517,0,0,2023
A5027133033,Revital Amiaz,0000-0001-9744-4625,Multidisciplinary Association for Psychedelic Studies,3,1517,0,0,2023
A5041612290,Ray Worthy,,Multidisciplinary Association for Psychedelic Studies,3,1517,0,0,2023
A5019677862,Yair Wallach,0000-0002-2009-3975,Multidisciplinary Association for Psychedelic Studies,3,1517,0,0,2023
A5082804242,Charles V. Vorhees,0000-0003-3558-8812,Cincinnati Children's Hospital Medical Center,28,1509,6,13,2014
A5049619754,Jon E. Sprague,0000-0003-0349-5072,Bowling Green State University,42,1508,13,21,2024
A5024726266,Charles L. Raison,0000-0001-6687-0066,University of Wisconsin–Madison,35,1503,4,12,2026
A5084261335,Manoj K. Doss,0000-0003-2939-2522,The University of Texas at Austin,36,1503,16,3,2026
A5056271117,Rafael Lancelotta,0000-0002-7789-3463,The Ohio State University,31,1496,5,4,2026
A5108727800,Robin J. Tyacke,,Imperial College London,6,1496,0,0,2025
A5058412566,Dong‐Jing Fu,0000-0001-6829-0743,Johnson & Johnson (United States),32,1487,3,10,2026
A5006709429,Fabrício A. Moreira,0000-0002-0824-7302,Universidade Federal de Minas Gerais,8,1484,1,2,2025
A5102971924,Vanina Popova,0000-0002-9687-2238,Johnson & Johnson (United States),30,1483,3,0,2025
A5007139726,Bruno Lobão‐Soares,0000-0003-4564-2288,Universidade Federal do Rio Grande do Norte,17,1482,1,0,2026
A5005684789,João Paulo Capela,0000-0003-2607-1264,Fernando Pessoa University,27,1480,8,7,2022
A5015373046,Darrick G. May,,Johns Hopkins University,3,1479,0,0,2020
A5111637695,G. Curzon,,UCL Queen Square Institute of Neurology,15,1471,3,12,1989
A5109157841,G.A. Ricaurte,,Johns Hopkins University,16,1469,9,4,2014
A5065551357,Anna Rickli,,University of Basel,15,1465,7,0,2019
A5113653285,S.D. Glick,,Albany Medical College,22,1464,8,11,2000
A5102828957,Laura Ley,0009-0003-9881-4693,University of Basel,37,1460,2,0,2026
A5081806198,Deepak Cyril D’Souza,0000-0003-3141-1462,Yale University,26,1451,1,17,2026
A5048426077,Sidarta Ribeiro,0000-0001-9325-9545,Universidade Federal do Rio Grande do Norte,27,1447,2,9,2024
A5081814425,Jessica L. Maples‐Keller,0000-0003-4768-7332,Emory University,21,1446,5,4,2026
A5110059978,Bridget F. Grant,,National Institutes of Health,4,1444,1,2,2015
A5079069147,Malin V. Uthaug,0000-0001-7903-1325,Maastricht University,27,1441,11,1,2026
A5042151214,Kelley C. O’Donnell,0000-0001-9983-2699,New York University,16,1431,6,2,2026
A5018309446,William M. McDonald,0000-0002-7187-5424,Emory University,9,1428,0,4,2025
A5030536201,Diane Bemis Miller,0000-0002-7899-3490,Centers for Disease Control and Prevention,14,1428,4,8,2014
A5026147993,Jordan K. Zjawiony,0000-0001-5242-2799,University of Mississippi,56,1426,3,21,2023
A5083338138,Krish D. Singh,0000-0002-3094-2475,Cardiff University,3,1418,0,0,2020
A5044021265,Andrew M. Perez,,Icahn School of Medicine at Mount Sinai,3,1418,0,0,2014
A5009512673,J.F.W. Deakin,0000-0002-2750-962X,University of Manchester,5,1410,2,2,2002
A5081492597,Lubertus Bijlsma,0000-0001-7005-8775,Universitat Jaume I,20,1409,7,3,2026
A5108405510,Graham Lappin,,University of Lincoln,26,1404,16,4,2017
A5026731726,Ingmar Gorman,0000-0003-4674-2969,University Medical Center Groningen,13,1402,2,0,2025
A5054234763,André Schmidt,0000-0001-6055-8397,University of Basel,15,1402,6,1,2025
A5003877429,James Patrick O'Callaghan,0000-0001-8497-4598,Centers for Disease Control and Prevention,15,1398,5,4,2017
A5083415921,Theresa M. Carbonaro,0009-0000-6029-7078,United States Department of Justice,17,1394,10,1,2026
A5055133084,Kodo Kawase,0000-0003-3668-4865,Tohoku University,5,1391,4,0,2004
A5008998498,Yuichi Ogawa,0000-0002-2238-2615,RIKEN,3,1391,1,0,2004
A5077848496,Antônio Waldo Zuardi,0000-0002-0479-6670,Conselho Nacional de Desenvolvimento Científico e Tecnológico,16,1390,1,4,2025
A5006192103,Felix J. Hernández,0000-0003-1268-3083,Universitat Jaume I,17,1384,0,4,2024
A5022694095,Teri Suzanne Krebs,,Norwegian University of Science and Technology,9,1377,8,1,2015
A5078179953,Pål-Ørjan Johansen,,,8,1375,1,7,2015
A5072542113,Ursula Scheffel,,Johns Hopkins University,16,1375,5,1,2002
A5073964938,Matthew M. Nour,0000-0003-0858-6184,University of Oxford,10,1373,3,0,2026
A5027984186,Yuichi Sugiyama,0000-0002-8452-8835,ShanghaiTech University,33,1372,3,18,2024
A5083653322,Rasmus Wentzer Licht,0000-0001-8095-3490,Aalborg University Hospital,5,1369,0,0,2026
A5020313596,Bruce Poulter,0000-0002-0489-2806,Multidisciplinary Association for Psychedelic Studies,8,1366,0,0,2026
A5031562832,Oscar Alvarez,,Sant Joan de Déu Research Foundation,4,1366,0,0,2025
A5030186541,Charles DeBattista,,Stanford University,4,1366,0,0,2025
A5109843219,Robert L. Jesse,,Johns Hopkins University,4,1365,0,1,2025
A5043772835,Jean Lud Cadet,0000-0001-5635-3524,United States Department of Health and Human Services,17,1364,7,8,2022
A5066753955,Christoph Ort,0000-0001-9950-2286,Swiss Federal Institute of Aquatic Science and Technology,13,1364,0,2,2025
A5018617121,Marta Valle,0000-0002-3515-251X,Universitat Autònoma de Barcelona,12,1357,3,0,2021
A5084154686,Jeffrey F. DiBerto,0000-0002-8227-2071,University of North Carolina at Chapel Hill,13,1356,1,0,2026
A5013936218,Jerome Sarris,0000-0001-9287-8854,Florey Institute of Neuroscience and Mental Health,33,1355,8,11,2025
A5091597046,Tao Che,0000-0002-1620-3027,University of Health Sciences and Pharmacy,5,1355,0,1,2023
A5042123511,Adrian Covaci,0000-0003-0527-1136,University of Antwerp,20,1355,0,2,2026
A5013055423,Sys Stybe Johansen,0000-0002-9555-5134,Alabama Department of Forensic Sciences,28,1352,4,2,2026
A5101512125,Syed F. Ali,0000-0002-4896-8075,National Center for Toxicological Research,48,1351,11,19,2016
A5018186009,Ede Frecska,0000-0002-1931-6975,University of Debrecen,37,1348,18,7,2026
A5036871354,George Hatzidimitriou,,Johns Hopkins University,14,1337,2,0,2012
A5084876348,Foon Yin Lai,0000-0001-8996-6714,Swedish University of Agricultural Sciences,20,1335,6,1,2021
A5024383091,William A. Carlezon,0000-0002-4162-3947,Harvard University,23,1334,3,3,2025
A5041100881,Jan Booij,0000-0001-6378-7638,Amsterdam UMC Location University of Amsterdam,19,1334,0,3,2016
A5109948655,Nele Samyn,,Institut National de Criminalistique et de Criminologie,26,1334,6,8,2024
A5073647450,Alexander L.N. van Nuijs,0000-0002-9377-6160,University of Antwerp,23,1333,2,6,2026
A5088272154,Mario de la Fuente Revenga,0000-0003-0456-4922,Virginia Commonwealth University,17,1332,7,0,2026
A5100356861,Yun Zhang,0009-0008-2921-8739,Janssen Research & Development (United States),6,1332,0,0,2021
A5006306835,Kátia C. Andrade,0000-0003-4413-1144,Universidade Federal do Rio Grande do Norte,3,1329,0,0,2018
A5065585524,Márcia Carvalho,0000-0001-9884-4751,Fernando Pessoa University,18,1327,6,7,2020
A5033235412,Allison R. Coker,0000-0001-5353-4653,Multidisciplinary Association for Psychedelic Studies,15,1325,0,0,2026
A5090253811,Stefan W. Toennes,0000-0002-1774-3201,Goethe University Frankfurt,29,1324,1,1,2026
A5023035416,Paulo César Ribeiro Barbosa,0000-0001-9714-8391,Universidade Estadual de Feira de Santana,19,1317,8,0,2026
A5015218090,Frank T. Peters,0000-0003-1951-5664,Friedrich Schiller University Jena,19,1313,5,1,2010
A5070309082,Lea J. Mertens,0000-0003-4415-3941,Central Institute of Mental Health,30,1311,8,5,2026
A5113153562,Rainer Krähenmann,,University of Zurich,16,1307,4,3,2026
A5077603374,Albert Dahan,0000-0003-3161-3945,Centre for Human Drug Research,27,1305,5,11,2026
A5065813510,Linda L. Carpenter,0000-0002-9651-3307,Texas Health and Science University,9,1304,0,4,2025
A5111895520,Claude de Montigny,,McGill University,12,1299,2,6,1999
A5010113440,Mitona Pujadas,0000-0002-0506-3030,Hospital Del Mar,22,1297,1,0,2018
A5110607035,Tammy Miller,,Sheppard Pratt Health System,6,1294,0,0,2025
A5086794252,Frederico Guilherme Graeff,0000-0002-0746-3118,Universidade de São Paulo,6,1292,3,1,2025
A5074982613,Shannon Carlin,,Multidisciplinary Association for Psychedelic Studies,4,1283,0,0,2023
A5089868900,Gary Rudnick,0000-0002-7622-4110,Yale University,12,1281,3,6,2024
A5033607923,John Aaron Henry,0000-0002-7650-0963,St Mary's Hospital,12,1276,2,6,2008
A5083505605,Giuseppe Battaglia,0000-0001-7571-3417,Istituto Neurologico Mediterraneo,6,1274,1,0,2008
A5050298685,Michael Winkelman,0000-0002-9936-348X,Arizona State University,26,1270,18,6,2025
A5078916012,Marieke Niesters,0009-0002-2822-7509,Leiden University Medical Center,20,1270,4,3,2026
A5111420415,Laurence John Reed,,,4,1270,1,0,2012
A5006572902,Deborah S. Hasin,0000-0002-6533-7021,Columbia University,9,1267,2,6,2024
A5024198476,J. Javier Meana,0000-0002-7913-6714,University of the Basque Country,14,1266,1,3,2025
A5109053923,Isabelle M. Maisonneuve,,Albany Medical College,27,1264,3,7,2008
A5047194230,Tom P. Freeman,0000-0002-5667-507X,University of Bath,29,1262,1,3,2025
A5049230775,Daniel Perkins,0000-0002-2055-1649,The University of Melbourne,38,1261,12,11,2025
A5019579801,Mehala Subramaniapillai,0000-0002-6917-3984,Brain and Cognition Discovery Foundation,8,1261,0,0,2022
A5005967499,Markus R. Meyer,0000-0003-4377-6784,Saarland University,35,1255,10,14,2026
A5042485864,John Henry Gaddum,,University of Edinburgh,5,1254,5,0,1997
A5084865612,Martin Kuchař,0000-0002-7616-6352,"University of Chemistry and Technology, Prague",40,1252,0,4,2026
A5080845833,Saul Maayani,,The University of Texas at San Antonio Health Science Center,10,1252,1,5,1998
A5113590009,B. Moreno Esteban,,Universidad Complutense de Madrid,12,1247,1,0,2002
A5060157509,Olivia Carter,0000-0001-7708-6154,The University of Melbourne,23,1244,8,1,2026
A5000949886,Richard J. Zeifman,0000-0003-3478-4483,New School,51,1239,16,6,2026
A5000203733,M. Madsen,0000-0001-8836-1844,Copenhagen University Hospital,34,1239,10,2,2026
A5001115050,Allan V. Kalueff,0000-0002-7525-1950,St Petersburg University,20,1238,2,18,2024
A5101545087,Gabriela de Oliveira Silveira,0000-0003-2875-8764,Universidade de São Paulo,20,1237,5,0,2024
A5026480246,Robert A. Schoevers,0000-0003-0760-9866,University Medical Center Groningen,49,1237,0,25,2026
A5060728653,Herbert Y. Meltzer,0000-0003-4901-8845,Vanderbilt University,23,1236,10,10,2008
A5040746759,Eric Vermetten,0000-0003-0579-4404,Leiden University Medical Center,29,1232,4,6,2025
A5053953317,Olaf H. Drummer,0000-0001-8953-0312,Victorian Institute of Forensic Medicine,22,1231,7,8,2025
A5009894617,Raimondo Bruno,0000-0001-6673-833X,University of Tasmania,37,1231,5,5,2025
A5110786270,Dawn Flosnik Ionescu,,Janssen Research & Development (United States),7,1231,1,0,2023
A5072668978,Alessandro Colasanti,0000-0001-6017-801X,Brighton and Sussex Medical School,4,1226,0,3,2026
A5010598070,Raphaël Gaillard,0000-0002-1297-4369,Institut Pasteur,17,1225,0,2,2026
A5080146983,Jordan Sloshower,0000-0001-7709-5931,Yale University,17,1221,6,4,2025
A5014583967,Tibor M. Brunt,0000-0001-5337-9649,Amsterdam University Medical Centers,21,1219,7,3,2026
A5061229287,Attila Szabó,0000-0001-7833-8894,Oslo University Hospital,23,1218,8,2,2026
A5108740047,P. N. Roset,,Universitat Autònoma de Barcelona,13,1216,0,0,2012
A5009539274,Harry R. Sumnall,0000-0002-7841-9245,Liverpool John Moores University,12,1210,4,3,2025
A5051003442,Andrea Fagiolini,0000-0001-5827-0853,University of Siena,34,1207,0,8,2026
A5080326431,Massimiliano Donzelli,,University of Basel,8,1204,0,0,2014
A5034015135,Dino Luethi,0000-0003-0874-4875,University of Basel,42,1202,9,8,2026
A5081216750,Charlotte Harrison,0009-0004-4169-021X,Public Service Electric and Gas (United States),7,1201,0,0,2024
A5091337532,Luc Van Nueten,,Janssen (Belgium),3,1200,0,1,2017
A5001922046,Michael T. Williams,0000-0001-9841-9683,Cincinnati Children's Hospital Medical Center,23,1199,4,12,2014
A5053840112,Wayne Hall,0000-0003-1984-0096,The University of Queensland,29,1198,7,3,2026
A5017002427,Sukhpreet Klaire,0000-0002-9857-9916,Providence Health Care,5,1196,0,1,2024
A5034538984,Marcel E. Durieux,0000-0003-1479-7666,University of Virginia Health System,3,1192,0,2,2004
A5027181972,Eef L. Theunissen,0000-0002-6071-1758,Maastricht University,29,1191,2,2,2025
A5113560519,Elliot D. Luby,,Wayne State University,3,1191,3,0,1962
A5069190672,Christine Brennan,0000-0001-8904-439X,King's College London,3,1187,0,0,2022
A5102923565,Débora González,0000-0002-5353-4351,International Council for the Exploration of the Sea,24,1186,9,6,2026
A5045322314,Paolo Deluca,0000-0002-9511-7230,King's College London,9,1178,1,1,2023
A5052980069,Katherine Eisen,0000-0001-7064-4002,Stanford University,3,1177,0,0,2025
A5078628093,Melanie Lean,0000-0002-3654-9914,Stanford University,3,1177,0,0,2025
A5037603205,Ronit Kishon,0000-0003-4288-3860,Columbia University Irving Medical Center,3,1175,2,0,2025
A5111331171,Emerson Arcoverde,,Universidade Federal do Rio Grande do Norte,11,1174,0,0,2026
A5062931384,Acioly L.T. Lacerda,0000-0002-9370-0449,Universidade Federal de São Paulo,43,1173,1,8,2026
A5071185535,Kete Campbell‐Coker,,South London and Maudsley NHS Foundation Trust,6,1172,0,0,2026
A5001929138,Heloisa Onias,0000-0002-5615-5568,Universidade Federal do Rio Grande do Norte,9,1170,0,0,2023
A5067835811,Rebecca Matthews,,Multidisciplinary Association for Psychedelic Studies,4,1165,0,0,2023
A5001710309,Henrik Jungaberle,0000-0001-7634-4211,Mind Science Foundation,32,1165,2,13,2026
A5077423914,David Luke,0000-0003-2141-2453,Imperial College London,64,1165,27,10,2025
A5039463947,William Slikker,0000-0002-9616-9462,National Center for Toxicological Research,24,1163,4,11,2026
A5049815184,René Ernst Nielsen,0000-0002-7982-6352,Aalborg University Hospital,8,1161,0,0,2026
A5012996786,A. Becker,0000-0001-5308-7945,University Hospital of Basel,26,1161,3,0,2026
A5039143614,Eric Grouzmann,0000-0002-3224-2536,University of Basel,10,1158,0,1,2015
A5042616292,Kevin Joseph Tidgewell,0000-0002-0501-2604,University of Iowa,18,1158,5,0,2011
A5060013967,Phong Khanh Thai,0000-0003-0042-3057,The University of Queensland,19,1156,3,6,2025
A5076847254,Bruce E. Blough,0000-0003-3515-0896,RTI International,24,1154,1,0,2026
A5037818125,MacKenzie Forbes,,Sheppard Pratt Health System,3,1153,0,0,2023
A5090393080,Matthew J. Baggott,0000-0003-1000-194X,Peninsula HealthCare Connection,33,1151,17,2,2026
A5090242296,Joost J. Breeksema,0000-0002-8787-4610,University Medical Center Groningen,31,1149,13,4,2026
A5005998157,Harrison G. Pope,0000-0003-1298-6439,Harvard University,12,1149,1,8,2026
A5079264101,Harald H. Sitte,0000-0002-1339-7444,Al-Ahliyya Amman University,30,1144,0,16,2026
A5103384109,Julius Axelrod,,National Institutes of Health,10,1140,4,4,1973
A5070799330,Boris D. Heifets,0000-0003-1474-0379,Stanford Medicine,39,1139,7,15,2026
A5067505772,Robert J. Tombari,0000-0002-6561-8181,"University of California, Davis",7,1135,1,0,2026
A5073348808,Simon Amar,,Universidade Federal do Rio Grande do Norte,3,1131,0,0,2025
A5108197617,Mark E. Molliver,,Johns Hopkins University,7,1130,1,5,2002
A5111548142,G.A. Kennett,,UCL Queen Square Institute of Neurology,6,1130,4,0,1988
A5078174062,Kristían Línnet,0000-0001-6974-5535,University of Copenhagen,15,1127,0,6,2024
A5047319177,Leo E. Hollister,,United States Department of Veterans Affairs,29,1127,25,4,1999
A5076331964,Elisa Brietzke,0000-0003-2697-1342,Queen's University,15,1126,0,6,2026
A5088507656,Paul R. Hutson,0000-0002-6968-7096,University of Wisconsin System,12,1118,1,3,2026
A5010136022,Helena Carmo,0000-0002-6650-5285,Universidade do Porto,24,1118,2,6,2022
A5023252875,Carol A. Tamminga,0000-0002-6366-5697,"University of Maryland, Baltimore",9,1118,4,5,2000
A5004332028,Gerard J. Marek,0000-0001-8103-4306,Eli Lilly (United States),21,1116,14,4,2026
A5032404851,Leo Hermle,,Christophorus Kliniken,22,1113,8,2,2017
A5012791303,Ornella Corazza,0000-0001-7371-319X,University of Hertfordshire,9,1112,2,2,2025
A5060501027,Lysia Demetriou,0000-0001-5249-0900,Imperial College London,8,1110,0,0,2025
A5045597067,Juan F. López‐Giménez,0000-0003-3021-6200,Consejo Superior de Investigaciones Científicas,5,1110,1,2,2026
A5009587541,Jason B. Luoma,0000-0002-3601-7037,Oregon Clinic,44,1109,19,8,2026
A5109101921,I.M. Maisonneuve,,Albany Medical College,15,1106,5,1,2000
A5044810280,Marije aan het Rot,0000-0001-6761-7513,University of Groningen,8,1102,1,0,2024
A5085437430,Joop van Gerven,0000-0002-1444-7415,Centre for Human Drug Research,22,1100,0,6,2026
A5085144166,Mark S. Sonders,,New York Psychoanalytic Society and Institute,7,1099,0,0,2025
A5023321407,Sâmia Joca,0000-0003-0255-5889,Aarhus University,17,1098,2,8,2025
A5064339250,Nadia R. P. W. Hutten,0000-0003-0033-8119,Maastricht University,17,1093,6,0,2025
A5064460981,Danuta Marona‐Lewicka,,Purdue University West Lafayette,22,1093,7,0,2014
A5110474335,Verònica Gálvez,,Corporació Sanitària Parc Taulí,8,1090,1,1,2024
A5109954701,Karl‐Artur Kovar,,University of Tübingen,21,1087,0,7,2007
A5010399208,Michael T. Lynskey,0000-0001-9989-737X,King's College London,10,1087,4,0,2020
A5059914871,Jie Yuan,0000-0002-5142-5039,Johns Hopkins University,16,1085,2,0,2012
A5029480768,David Pubill,0000-0002-6627-4501,Institut de Biomedicina de la Universitat de Barcelona,35,1078,4,7,2025
A5009158490,Elena Escubedo,0000-0002-5078-366X,Institut de Biomedicina de la Universitat de Barcelona,34,1078,2,18,2025
A5084024326,Maurizio Fava,0000-0002-4635-0458,Massachusetts General Hospital,13,1076,3,2,2026
A5013809289,Roberta Pacifici,,Istituto Superiore di Sanità,27,1076,10,2,2019
A5066262562,Pasha A. Davoudian,0000-0002-5096-7610,Yale University,19,1075,4,0,2026
A5085625764,Cécile Béguin,,Harvard University,14,1075,6,1,2020
A5070339940,Wiesław Jerzy Cubała,0000-0001-6343-8454,Gdańsk Medical University,46,1074,2,33,2026
A5025551503,Lindsey T. Owens,0000-0001-7955-5209,New York University,9,1072,1,0,2026
A5087594298,Ronald S. Duman,0000-0001-8690-8439,Yale University,17,1070,3,9,2022
A5062559490,Johannes T. Reckweg,0000-0001-7916-6334,Maastricht University,30,1067,7,0,2026
A5007299700,John J. Turner,0000-0001-8074-017X,University of East London,22,1065,2,4,2016
A5023606467,Ellen Bradley,0000-0001-6787-1490,San Francisco VA Medical Center,23,1064,3,0,2026
A5108749540,Christopher J. Schmidt,,National Institutes of Health,14,1064,10,1,2012
A5084593654,Chun Yang,0000-0003-1540-4385,Jiangsu Province Hospital,12,1064,5,5,2026
A5012893465,Jiřı́ Horáček,0000-0003-0114-7306,Charles University,35,1062,0,16,2026
A5082919402,Samantha K. Podrebarac,,Multidisciplinary Association for Psychedelic Studies,10,1059,1,0,2026
A5008408107,Beatriz Caiuby Labate,0000-0002-9795-0859,Graduate Theological Union,67,1058,43,16,2025
A5103435980,Randall L. Morrison,0009-0006-9681-8780,Johnson & Johnson (United States),8,1058,3,0,2025
A5086059379,Neşe Devenot,0000-0003-0561-0935,University Medical Center Groningen,18,1057,7,4,2025
A5004268427,M. F. I. Vollenweider-Scherpenhuyzen,,Klinik Hirslanden,3,1052,1,1,2003
A5002580794,Thomas Cody Swift,,River Styx Foundation,8,1050,2,1,2026
A5045479268,Philip R. Corlett,0000-0002-5368-1992,Yale University,13,1046,3,3,2024
A5062872027,Lee‐Yuan Liu‐Chen,0000-0001-5206-9497,Temple University,24,1045,1,6,2025
A5024434180,István Bitter,0000-0002-9464-4709,Semmelweis University,13,1045,1,2,2026
A5048775903,F. Ivy Carroll,0000-0001-9510-765X,RTI International,3,1044,0,0,2012
A5010276985,Richard Bade,0000-0003-2724-9183,The University of Queensland,16,1043,6,1,2026
A5009662036,B. Anderson,0000-0001-5023-660X,"University of California, San Francisco",37,1042,6,10,2025
A5040959992,Andrew B Scholey,0000-0003-4484-5462,Swinburne University of Technology,22,1042,4,7,2015
A5002931647,Pim de Voogt,0000-0001-9065-9797,KWR Water Research Institute,16,1041,1,5,2024
A5108400030,John A. Rosecrans,,Virginia Commonwealth University,23,1040,2,11,1990
A5053249557,Matilde Elices,0000-0002-7034-4242,Universitat Autònoma de Barcelona,9,1038,0,0,2021
A5036812133,Gillinder Bedi,0000-0002-6718-0099,Orygen Youth Health,39,1038,12,13,2026
A5020131207,Kenneth Alper,0000-0002-7014-1445,New York University,13,1037,11,2,2023
A5026571067,Kuglae Kim,0000-0001-6660-8738,University of North Carolina at Chapel Hill,6,1037,1,0,2026
A5056450962,Alan F. Schatzberg,0000-0001-9421-8278,Stanford Medicine,7,1035,4,2,2025
A5083907557,Maurice H. Seevers,,Medical College of Wisconsin,5,1031,0,5,1973
A5031704402,Kathryn A. Cunningham,0000-0002-4257-1739,The University of Texas Medical Branch at Galveston,39,1026,9,14,2026
A5061850330,David Y.W. Lee,0000-0002-8045-4656,Harvard University,16,1026,7,5,2015
A5113658560,Michael J. Kuhar,,Johns Hopkins University,3,1023,0,0,1994
A5044522468,Laura Kärtner,,Heidelberg University,12,1019,0,0,2026
A5060360807,Michael Freissmuth,0000-0001-9398-1765,Medical University of Vienna,23,1019,2,1,2025
A5055894819,Raphaël Millière,0000-0001-6965-6073,University of Oxford,8,1010,2,2,2026
A5048458525,Kjell Fuxé,0000-0001-8491-4288,Karolinska Institutet,17,1009,7,5,2025
A5054111926,Gerard J. den Heeten,,Amsterdam UMC Location University of Amsterdam,15,1009,0,7,2006
A5055290548,Michael E. Trulson,,Texas A&M University,20,1007,17,1,1986
A5103467502,Donna M. Stone,,University of Utah,10,1003,6,0,1992
A5084081435,Nancy E. Brutsché,,National Institutes of Health,5,1002,0,0,2014
A5010592951,Dirk Hoffmeister,0000-0002-5302-6461,Leibniz-Institut für Naturstoff-Forschung und Infektionsbiologie e. V. - Hans-Knöll-Institut (HKI),30,1001,0,24,2026
A5045863654,Joël Bockaert,0000-0001-8226-9529,Centre National de la Recherche Scientifique,21,999,6,5,2025
A5086522629,Terrence J. Monks,,Eugene Applebaum College of Pharmacy and Health Sciences,21,999,2,14,2019
A5034353079,Kevin Kratiuk,0000-0002-6204-2148,,5,998,0,0,2024
A5081119774,Harold A. Abramson,,Cold Spring Harbor Laboratory,54,998,35,9,1980
A5083171935,Eduardo R. Butelman,0000-0003-4376-0117,Rockefeller University,17,995,10,0,2023
A5082582136,Ligia Ribeiro Horta de Macedo,,Hospital Universitário da Universidade de São Paulo,3,994,0,0,2015
A5087393240,Jörg Huwyler,0000-0003-1748-5676,University of Basel,4,993,0,1,2019
A5021781906,Evgeny Krupitsky,0000-0002-0529-4525,First Pavlov State Medical University of St. Petersburg,10,992,5,2,2026
A5057308016,Alline C. Campos,0000-0003-4258-3198,Universidade de São Paulo,8,987,2,3,2024
A5022110262,Paul Glue,0000-0002-7305-2800,University of Otago,16,987,5,4,2026
A5076066190,K. Paul Kirkbride,0000-0001-7666-4039,Flinders University,19,986,0,2,2025
A5070480197,Wayne Wesley Harding,0000-0002-1866-3553,City University of New York,21,985,4,2,2010
A5035238538,Glacus S. Brito,,,5,982,0,0,2005
A5011961838,Kenneth S. Kendler,0000-0001-8689-6570,Virginia Commonwealth University,11,982,3,5,2022
A5019608736,Hartej Gill,0000-0002-3568-8816,University Health Network,14,981,2,0,2024
A5008613169,Dorit Ron,0000-0001-5161-967X,"University of California, San Francisco",6,978,0,4,2020
A5003980225,Joana Cabral,0000-0002-6715-0826,University of Oxford,11,976,0,2,2024
A5056007582,H. Kalant,,Centre for Addiction and Mental Health,4,976,3,0,2010
A5087296622,Martin I. Sereno,0000-0002-7598-7829,University College London,4,973,0,0,2020
A5026599997,Richard E. Daws,0000-0002-6639-5768,Wellcome Centre for Human Neuroimaging,5,970,2,0,2023
A5050966346,Paul Expert,0000-0002-5016-4623,University College London,6,968,0,2,2025
A5101657672,Qiang Zhou,0000-0001-7172-2500,Peking University,4,968,0,2,2025
A5112233207,Charles Alexander Marsden,,University of Nottingham,21,968,1,14,2012
A5100686019,Andrew C. Heath,0000-0002-9414-6857,Washington University in St. Louis,4,964,0,3,2006
A5034870861,Kathleen Keenan Bucholz,0000-0003-3794-0736,Washington University in St. Louis,4,964,0,0,2006
A5011336941,Pamela A. F. Madden,0000-0001-8987-7439,Washington University in St. Louis,4,964,0,0,2006
A5070310084,Timothy Nest,,Université de Montréal,4,956,0,0,2026
A5034406366,Jack E. Henningfield,0000-0001-8387-0041,Johns Hopkins University,18,955,5,8,2026
A5042916368,Pierre Esseiva,0000-0003-1933-2788,University of Lausanne,13,952,0,6,2021
A5072823665,Earth Erowid,,Applied Design Labs (United States),15,951,0,0,2026
A5020790730,Jason Wallach,0000-0002-2467-5761,University of the Sciences,14,947,4,0,2025
A5026780897,Nieves Pizarro,0000-0003-2671-7184,Universitat Autònoma de Barcelona,16,947,5,0,2017
A5062608070,Selen Atasoy,0000-0002-8213-8462,Aarhus University,20,944,5,0,2025
A5071578213,Fire Erowid,,Applied Design Labs (United States),14,944,0,1,2026
A5068713188,Ouliana Panova,0000-0002-5089-620X,Stanford University,6,939,1,0,2024
A5039188699,Alpay B. Seven,0000-0001-6212-9908,Stanford Medicine,5,939,0,0,2024
A5021875597,Matthew P. Bradstreet,,Johns Hopkins University,5,937,1,0,2016
A5076249181,Michael J. Robertson,0000-0003-2610-680X,Stanford Medicine,3,937,0,0,2022
A5029581589,Georgios Skiniotis,0000-0003-0238-7846,Stanford Medicine,5,937,0,0,2024
A5110263166,Mireia Segura,,Universitat Pompeu Fabra,8,937,2,0,2007
A5112603217,Zach Walsh,,"University of British Columbia, Okanagan Campus",21,936,2,9,2026
A5089181636,Lewis S. Nelson,0000-0001-9551-3922,"Rutgers, The State University of New Jersey",7,932,0,2,2022
A5025322992,Mauro Pettorruso,0000-0002-4164-3040,University of Chieti-Pescara,30,930,5,3,2026
A5019744869,Eero Ċastrén,0000-0002-1402-2791,University of Helsinki,19,930,1,12,2025
A5018142239,Ling-Xiao Shao,,Cornell University,10,929,4,0,2025
A5034201027,Jennifer L. Cornish,0000-0002-9754-8069,Macquarie University,16,927,1,4,2011
A5039487284,Mary Jeanne Kreek,0000-0001-8562-9091,Rockefeller University,18,923,0,13,2019
A5056238262,Brian Pittman,0000-0002-0353-5604,Yale University,13,922,0,0,2025
A5107600706,Sara Kristiansen,,Rigshospitalet,7,921,0,0,2021
A5015770508,Michael A. Taffe,0000-0001-9827-1738,Scripps Research Institute,25,921,7,17,2021
A5103116082,Leslie A. King,0000-0003-2413-5770,Imperial College London,7,921,4,0,2014
A5055349297,Bita Moghaddam,0000-0002-5205-417X,Oregon Health & Science University,11,918,1,10,2026
A5065722206,Jason Ferris,0000-0001-7474-0173,The University of Queensland,31,918,0,2,2026
A5069335170,Joaquim Soler,0000-0001-8077-3641,Universitat Autònoma de Barcelona,9,916,3,0,2021
A5045819737,George I. Papakostas,0000-0002-8886-1416,Harvard University,7,916,2,4,2026
A5021706269,Jason M. White,0000-0001-6750-1078,University of South Australia,20,915,1,7,2024
A5031084817,Bernhard Theodor Baune,0000-0001-6548-426X,The University of Melbourne,13,915,1,6,2026
A5108234269,Christine Mazzucco,,Janssen Canada (Canada),3,915,0,0,2019
A5047580809,Malek Bajbouj,0000-0002-0073-3322,Charité - Universitätsmedizin Berlin,3,915,0,0,2019
A5027493113,Carol Arlene Prescott,0000-0002-1216-8586,University of Southern California,8,913,0,3,2009
A5035477202,Collin Reiff,0000-0001-6678-1354,New York University,7,909,3,0,2024
A5017210619,Martin E. Kuehne,,University of Vermont,14,909,0,1,2013
A5003092221,Francisco Moreno,0000-0002-9492-6108,University of Arizona,4,907,1,2,2025
A5054838334,Pedro L. Delgado,0000-0002-9183-841X,The University of Texas at San Antonio Health Science Center,3,904,2,1,2006
A5055613877,Fiona Catherine Measham,0000-0002-9322-1931,University of Liverpool,16,904,5,4,2025
A5047740107,João Carlos Alchieri,0000-0002-4150-8519,Universidade Federal do Rio Grande do Norte,3,900,0,0,2018
A5064169821,R. Andrew Sewell,,Yale University,8,900,1,1,2024
A5061881230,Jane R. Taylor,0009-0008-5831-8595,Yale University,7,900,1,2,2016
A5113563373,Rodney James Irvine,,The University of Adelaide,21,898,3,10,2013
A5084596637,Antonio Inserra,0000-0002-7261-5659,University of Chieti-Pescara,32,897,15,0,2026
A5029982811,Alexander M. Sherwood,0000-0003-0895-0791,Usona Institute,35,896,7,3,2026
A5015600817,Brandon Weiss,0000-0003-2989-2981,Johns Hopkins University,36,896,12,2,2026
A5074022923,Nolan Williams,0000-0003-4368-3203,Stanford Medicine,14,895,1,11,2026
A5088825358,David A. Luckenbaugh,,National Institutes of Health,5,894,2,0,2017
A5088468671,Sérgio Mota‐Rolim,0000-0003-0196-5421,Universidade Federal do Rio Grande do Norte,6,893,0,1,2025
A5034932513,Adam Janik,,Johnson & Johnson (United States),10,892,3,0,2025
A5103471015,Michael John Morgan,0000-0002-6687-1269,University of Sussex,7,891,3,4,2018
A5007777156,Lucas C. Quarantini,0000-0002-8807-8464,Universidade Federal da Bahia,28,888,0,24,2025
A5038330684,Clara Liao,0000-0003-2734-8202,Yale University,16,887,4,0,2026
A5041759678,Sidney H. Kennedy,0000-0001-5339-7185,University of Toronto,9,887,0,0,2026
A5011571754,Richard J. Young,0000-0002-1409-4584,Virginia Commonwealth University,31,884,7,4,2024
A5037726967,Mohini Ranganathan,0000-0002-8412-2923,Yale University,16,883,4,5,2026
A5022798675,Anees Bahji,0000-0002-3490-314X,University of Calgary,13,881,10,0,2025
A5086397597,Pedro Ruiz,0000-0001-6194-672X,Baylor College of Medicine,3,878,1,0,2019
A5020961257,Nelson B. Rodrigues,0000-0002-8128-5612,University of Windsor,15,875,0,0,2026
A5052884442,David Castle,0000-0002-3075-1580,University of Tasmania,23,875,1,8,2025
A5025030452,Meg J. Spriggs,0000-0002-7800-1586,Imperial College London,25,875,5,3,2025
A5091793322,Orly Lipsitz,0000-0001-9110-7951,University of Toronto,16,874,2,0,2026
A5078629975,Sheng Wang,0000-0003-4176-8844,Chinese Academy of Sciences,8,874,0,3,2026
A5081858471,John Zajecka,0000-0001-8398-636X,Rush University Medical Center,9,874,0,2,2025
A5063133386,F.X. Vollenweider,,,25,872,8,13,2016
A5001584082,Harris Isbell,,University of Kentucky,11,872,6,2,1964
A5061860701,Karsten Heekeren,0000-0001-5105-1922,University of Cologne,15,871,3,1,2009
A5103246131,James David Jentsch,0000-0002-6483-8844,"University of California, Los Angeles",7,870,4,1,2014
A5084274787,Anil K. Seth,0000-0002-1421-6051,University of Sussex,15,869,0,5,2026
A5021278348,Ekaterina Malievskaia,,United BioSource Corporation (United Kingdom),16,869,0,8,2026
A5084177711,Rainer Thomasius,0000-0002-2819-069X,University Medical Center Hamburg-Eppendorf,10,869,4,3,2006
A5055334509,Lisa M. Monteggia,0000-0003-0018-501X,The University of Texas Southwestern Medical Center,6,869,0,5,2017
A5088135455,Gustavo Carneiro-Gomes Leal,0000-0001-5447-025X,Universidade Federal da Bahia,23,868,4,0,2025
A5015994033,Claus Svarer,0000-0001-7811-1825,Copenhagen University Hospital,15,867,0,1,2025
A5071885471,Gilberto Gerra,0000-0002-4987-6818,,10,867,6,2,2004
A5043075118,Paul Charles Fletcher,0000-0001-8257-1517,University of Cambridge,5,867,0,5,2016
A5070456193,Michael Schartner,0000-0002-4854-3034,University of Geneva,7,865,3,0,2020
A5065731165,Jéssica Andrade Pessoa,,Universidade Federal do Rio Grande do Norte,3,864,0,0,2025
A5081566415,Neil K. Savalia,0000-0003-2262-4466,Yale University,14,862,3,0,2026
A5087770071,Maj Vinberg,0000-0002-5982-1335,University of Copenhagen,4,862,1,0,2026
A5024273811,Zoe Davey,0000-0002-4583-3714,King's College London,3,861,0,0,2011
A5084374822,Will Lawn,0000-0002-0143-2724,King's College London,18,860,8,2,2026
A5065775735,Royce Lee,0000-0003-3095-860X,University of Chicago,13,860,0,2,2024
A5087169589,William Lee Hearn,,Dade County Medical Examiner Department,11,859,1,3,2013
A5110948308,Benjamin Kelmendi,0000-0002-3141-1326,Yale University,30,858,3,10,2026
A5031320300,Juan Carlos Pascual,0000-0001-8039-9346,Instituto de Salud Carlos III,9,858,0,2,2026
A5038013112,Daniel Burmester,0000-0001-7215-4269,Copenhagen University Hospital,9,857,1,0,2022
A5006651985,Carla Pallavicini,0000-0001-9589-7735,Centre National de la Recherche Scientifique,32,856,7,2,2026
A5056919069,Ioline D. Henter,0000-0002-2379-2413,National Institutes of Health,18,853,2,0,2026
A5082713646,Bronwyn Maree Kivell,0000-0001-9699-553X,Victoria University of Wellington,20,853,5,9,2023
A5013369674,Dartiu Xavier da Silveira,0000-0001-9264-904X,Universidade Federal de São Paulo,17,851,1,10,2026
A5019664768,William C. Wetsel,0000-0002-3592-7397,Duke University,17,851,0,5,2026
A5111539776,Norberto Aguirre,,Universidad de Navarra,24,851,5,16,2015
A5062913423,Yukihiko Shirayama,0000-0002-8911-1684,Chiba University,6,851,2,1,2020
A5075934495,Alfred André Hofmann,,Sandoz Group AG (Switzerland),10,850,7,1,1961
A5083705224,S.Y. Yeh,0000-0002-6837-9921,National Institutes of Health,7,850,5,0,1999
A5086885720,Erika Castrignanò,0000-0002-5555-9894,King's College London,9,848,3,0,2020
A5023821492,Miren López de Alda,0000-0002-9347-2765,Consejo Superior de Investigaciones Científicas,10,848,0,2,2021
A5107849323,Adam Stewart,0009-0009-9508-051X,,10,847,2,0,2015
A5111986826,Thomas Heffernan,,Northumbria University,13,847,3,0,2012
A5083331003,Jonathan Ling,0000-0003-2932-4474,Keele University,12,847,0,2,2010
A5066745245,Jacqui Rodgers,0000-0002-1759-316X,University of Newcastle Australia,14,847,2,4,2010
A5017398137,Manesh Girn,0000-0003-0455-4273,"University of California, San Francisco",20,846,8,2,2026
A5071953736,Robbert J. Verkes,0000-0002-3278-305X,Radboud University Nijmegen,12,842,1,5,2024
A5112160876,Matthew G. Kirkpatrick,,University of Southern California,15,842,8,0,2026
A5012652688,Nicholas G. Martin,0000-0003-4069-8020,QIMR Berghofer Medical Research Institute,6,842,0,1,2023
A5053850619,Andrew Penn,0000-0001-5552-7078,"University of California, San Francisco",23,841,3,2,2026
A5084314803,Philip K. McGuire,0000-0003-4381-0532,King's College London,17,841,4,4,2021
A5086978778,Rainer Kraehenmann,0000-0003-1218-0726,University Hospital Zurich,7,840,3,0,2018
A5033849687,Francesc Artigas,0000-0002-5880-5720,Instituto de Salud Carlos III,27,839,7,8,2023
A5071604102,Flávia Vieira,0000-0001-5987-2450,Universidade Federal da Bahia,19,839,1,0,2024
A5103496736,Errol B. De Souza,,National Institute on Drug Abuse,6,838,1,4,1991
A5084057094,Sara Castiglioni,0000-0002-7313-8495,Mario Negri Institute for Pharmacological Research,16,838,2,3,2026
A5063481873,Fernanda S. Correia‐Melo,0000-0002-0954-6590,Universidade Federal da Bahia,17,838,4,0,2023
A5073532676,M.A. Aguilar,0000-0002-1935-6619,Universitat de València,39,837,2,19,2022
A5015102333,R. Hamish McAllister‐Williams,0000-0001-9966-1834,Cumbria Northumberland Tyne and Wear NHS Foundation Trust,4,835,0,1,2025
A5013567557,Yoshito Kumagai,0000-0003-4523-8234,Kitasato University East Hospital,9,835,2,0,2011
A5089520065,Jochen F. Mueller,0000-0002-0000-1973,The University of Queensland,20,834,0,12,2024
A5111742150,John Smythies,,University of California San Diego,30,832,21,5,1999
A5053936847,Bashkim Kadriu,0000-0002-3809-9451,National Institute of Mental Health,19,831,3,0,2026
A5041538919,Edward Thomas Bullmore,0000-0002-8955-8283,GlaxoSmithKline (United Kingdom),4,830,0,0,2016
A5035769308,Koen Demyttenaere,0000-0001-5331-487X,KU Leuven,7,829,0,2,2026
A5044192353,Gustavo Vázquez,0000-0002-2918-3336,Queen's University,19,826,4,9,2025
A5044463060,R Granados,0009-0001-1931-5040,Universidad Complutense de Madrid,7,826,0,0,1999
A5088150924,Elliot C. Nelson,0000-0002-3037-3962,Washington University in St. Louis,4,825,1,0,2006
A5037119438,Laura Orsolini,0000-0002-6882-3770,Marche Polytechnic University,17,824,9,1,2022
A5032384847,Jung Goo Lee,0000-0003-3393-2667,Inje University,4,824,0,1,2026
A5089332899,Sheldon Preskorn,,University of Kansas,10,823,5,0,2024
A5026643169,Norbert Scherbaum,0000-0003-1759-6990,University of Duisburg-Essen,17,822,4,2,2026
A5022129555,Jerrold S. Meyer,0000-0002-8382-7075,University of Massachusetts Amherst,24,822,7,16,2014
A5059395438,Ege T. Kavalali,0000-0003-1777-227X,The University of Texas Southwestern Medical Center,5,822,3,0,2017
A5008572001,Adelaida Morte,0000-0002-3897-8966,,4,821,0,0,2004
A5031465129,Emma Gracia‐Lor,0000-0001-7256-652X,Universidad Complutense de Madrid,9,821,2,3,2025
A5072332368,Kayla M. Teopiz,0000-0001-8429-6563,University of Toronto,35,820,1,0,2026
A5059128688,Norman E. Zinberg,,,7,820,6,1,2010
A5006160867,Pablo Friedländer,,Universitat Autònoma de Barcelona,6,819,2,0,2017
A5071706891,Rodrigo Paixão Mello,0000-0002-1809-088X,Universidade Federal da Bahia,20,818,1,0,2025
A5034172336,Jon C. Cole,0000-0003-3515-0183,University of Liverpool,11,817,7,2,2020
A5106133187,George Battaglia,,National Institute on Drug Abuse,6,817,4,0,1991
A5088955793,José Miñarro,0000-0002-5731-7821,Universitat de València,32,816,1,10,2018
A5036462139,Irwin Lucki,0000-0001-8801-7840,Uniformed Services University of the Health Sciences,15,816,3,8,2026
A5049632289,Russell E. Poland,0000-0003-4395-5811,"University of California, Los Angeles",7,815,2,3,2003
A5052718703,Plinio Cabrera Casarotto,0000-0002-1090-4631,University of Helsinki,15,815,3,0,2023
A5036364090,Per Svenningsson,0000-0001-6727-3802,Karolinska Institutet,18,814,3,5,2026
A5056299996,Kim van Oorsouw,0000-0001-9148-5282,Maastricht University,17,813,2,1,2026
A5065185423,Gül Dölen,0000-0003-1780-995X,Johns Hopkins University,5,812,1,4,2026
A5001380819,Larry D Alphs,0000-0001-9991-6905,Janssen Scientific Affairs (United States),6,812,0,1,2020
A5103852699,Zhongze Ma,,Harvard University,14,810,4,0,2015
A5086951861,Charles Roberts Schuster,,Wayne State University,6,810,2,1,2006
A5087208177,Luís Eduardo Luna,,Fundação de Amparo à Pesquisa e Inovação do Estado de Santa Catarina,14,809,4,8,2023
A5001289811,E B De Souza,0000-0002-8777-2059,National Institutes of Health,4,808,0,4,1991
A5037805233,Micaela Morelli,0000-0003-0394-5782,University of Cagliari,30,807,2,20,2026
A5081138340,Igor Dórea Bandeira,0000-0002-6714-2658,Universidade Federal da Bahia,19,807,1,0,2025
A5113692411,M.E. Molliver,,Johns Hopkins University,5,806,0,3,2004
A5021803422,Robert F. Dannals,0000-0002-5483-5914,Johns Hopkins University,8,806,0,0,2015
A5002760041,R. Colin Garner,,,12,805,3,5,2014
A5016666014,Barbara G. Myerhoff,,,8,803,4,4,2024
A5035860870,Rupert H. McShane,0000-0002-3272-5984,Oxford Health NHS Foundation Trust,14,803,3,2,2023
A5007245676,Chad J. Reissig,,Center for Drug Evaluation and Research,13,800,5,1,2022
A5109050852,Serrine S. Lau,,Eugene Applebaum College of Pharmacy and Health Sciences,17,800,0,2,2019
A5004186550,Tehseen Noorani,0000-0002-4185-0218,University of Auckland,34,799,14,3,2026
A5084456660,Jeannie‐Marie Leoutsakos,0000-0002-1010-1046,Johns Hopkins University,3,798,0,0,2016
A5085368538,B. Krumm,0000-0001-6039-4767,University of North Carolina at Chapel Hill,4,796,0,0,2025
A5072251228,Marta Rodríguez‐Arias,0000-0002-1121-8879,Universitat de València,34,796,6,6,2025
A5003407293,Alan Anticevic,0000-0002-4324-0536,Yale University,13,792,0,4,2024
A5003404779,Andrew T. Kicman,,King's College London,14,792,0,3,2013
A5103778123,Verónica Sánchez,,Universidad Complutense de Madrid,9,792,1,0,2006
A5042812626,Seetal Dodd,0000-0002-7918-4636,Deakin University,7,791,4,0,2026
A5037124206,Antoni Rodríguez‐Fornells,0000-0002-3249-6931,Institució Catalana de Recerca i Estudis Avançats,5,791,0,0,2015
A5110079696,Warren E. Foote,,Massachusetts General Hospital,4,791,2,0,1982
A5079810332,Federico Turkheimer,0000-0002-3766-3815,King's College London,5,790,1,0,2025
A5022624402,Pau Celada,0000-0002-3893-9000,Consejo Superior de Investigaciones Científicas,16,789,4,6,2020
A5084245539,Giacomo d’Andrea,0000-0002-6808-3960,University of Chieti-Pescara,28,788,10,0,2026
A5041846479,Z Szabò,0009-0003-8524-4994,Johns Hopkins University,4,788,0,0,2000
A5087632545,Nicola Mastroianni,,Consejo Superior de Investigaciones Científicas,10,788,4,0,2020
A5044568755,Ana Paula Jesus‐Nunes,0000-0002-0389-1940,Universidade Federal da Bahia,16,788,1,0,2023
A5050912858,Frederic M. Béen,0000-0001-5910-3248,KWR Water Research Institute,13,787,3,2,2026
A5077197149,Christopher S. Stauffer,0000-0002-0888-095X,Oregon Health & Science University,33,785,5,11,2026
A5055068028,Karolina E. Kolaczynska,0000-0003-1714-0758,University of Basel,14,785,5,0,2025
A5111479164,Manfred Spitzer,0000-0002-3219-6306,Universität Ulm,11,785,3,4,2023
A5080490976,Lin Tian,0000-0001-7012-6926,"University of California, Davis",5,785,0,2,2025
A5079605376,Jacqueline Lovett,,National Institutes of Health,12,784,0,0,2024
A5007695195,Sergio Abanades,0009-0001-2493-740X,Universitat Autònoma de Barcelona,6,783,0,0,2008
A5030330229,A. David Smith,0000-0002-1095-6722,University of Oxford,11,782,6,3,2002
A5112218365,Jack D. Cowan,,University of Chicago,3,779,1,0,2002
A5008430945,Charles H. Savage,,Johns Hopkins University,17,777,11,2,2006
A5075172997,G.A. Ricaurte,,Johns Hopkins University,7,773,2,3,2007
A5111898203,J.A. Henry,,St Mary's Hospital,3,773,2,1,2000
A5089004514,Maria Victoria Puig,0000-0002-1490-4153,Barcelona Biomedical Research Park,7,773,2,2,2021
A5113222830,J. B. Appel,,Western Michigan University,20,772,5,11,1995
A5046057419,Janis Fricke,0000-0002-6443-3185,Leibniz-Institut für Naturstoff-Forschung und Infektionsbiologie e. V. - Hans-Knöll-Institut (HKI),15,770,7,0,2024
A5074754048,Josephine Cruzat,0000-0002-3252-8657,Universitat Pompeu Fabra,5,770,2,0,2022
A5038101237,Michael B. Gatch,0000-0003-3474-211X,University of North Texas Health Science Center,27,770,12,14,2026
A5078386067,Frederick J. Monsma,0000-0002-5711-5883,Roche (Switzerland),4,770,0,0,1998
A5061474054,Lisa Evans,0000-0001-6997-4143,Imperial College London,3,769,0,0,2018
A5050012189,Juliet Kinyua,0000-0002-6700-6613,University of Antwerp,8,769,0,0,2017
A5031527996,Carolyn I. Rodríguez,0000-0001-6697-1692,VA Palo Alto Health Care System,10,768,0,0,2025
A5049098570,Joanna C. Neill,0000-0002-2717-9739,University of Manchester,14,767,2,4,2026
A5114107372,Emilie I. Anderson,,Medical College of Wisconsin,4,766,0,0,2023
A5069070940,Isabelle Straumann,0009-0008-2952-586X,University of Basel,27,766,7,0,2026
A5022631404,Adam K. Klein,0000-0002-1640-9324,University of San Diego,11,764,1,0,2026
A5007542404,Emmanuel A. Stamatakis,0000-0001-6955-9601,University of Cambridge,15,764,0,10,2026
A5015734192,Emily K. Bloesch,0000-0002-9623-0497,Central Michigan University,12,764,0,2,2024
A5061477502,Christopher C. Davoli,,Central Michigan University,12,764,0,9,2024
A5068068147,James B. Potash,0000-0002-5802-8079,Johns Hopkins University,4,764,0,2,2025
A5088403251,Glen B. Baker,0000-0003-1581-6486,Conselho Nacional de Desenvolvimento Científico e Tecnológico,15,762,0,3,2022
A5005602721,Hayden T. Ravert,0000-0002-5076-8961,Johns Hopkins University,8,761,0,0,2008
A5008431826,Lawrence T. Park,0000-0002-6570-686X,National Institutes of Health,11,761,1,1,2023
A5038063554,Miguel Pérez-Garcı́a,0000-0003-4775-7556,Universidad de Granada,4,760,0,1,2012
A5003815380,Laura Bohn,0000-0002-6474-8179,University of South Florida,19,760,2,4,2026
A5087349635,Oliver Fiehn,0000-0002-6261-8928,University of California System,7,759,0,1,2026
A5067193315,Romy Lorenz,0000-0002-7742-3162,Imperial College London,4,759,0,0,2018
A5057382778,Jianjun Yang,0000-0001-6785-9627,First Affiliated Hospital of Zhengzhou University,28,759,0,10,2026
A5113517318,John H. Kehne,,Hoechst Marion Roussel (United States),8,759,4,2,1996
A5004953156,Oliver Langer,0000-0002-4048-5781,Medical University of Vienna,21,759,3,13,2026
A5044249369,Manuel E. Tancer,,Wayne State University,11,758,5,3,2013
A5068264001,Derek K. Tracy,0000-0002-3609-9407,Oxleas NHS Foundation Trust,5,757,2,3,2020
A5037043016,Ana Teresa Caliman‐Fontes,0000-0003-4675-5268,Universidade Federal da Bahia,16,755,3,0,2025
A5004461160,Alik S. Widge,0000-0001-8510-341X,Texas Health and Science University,5,754,0,0,2025
A5035932793,Philippe Lucas,0000-0003-1948-3842,University of Michigan,21,754,1,13,2026
A5050099735,Chris Letheby,0000-0002-6293-7873,The University of Western Australia,33,754,26,3,2025
A5082500003,Kevin C.F. Fone,0000-0001-8760-2167,University of Nottingham,18,753,5,9,2016
A5037778348,Stephen C. Wall,,Yale University,3,751,0,2,1993
A5017518419,Evan J. Kyzar,0000-0002-7688-0281,University of Illinois Chicago,11,750,5,0,2018
A5111648291,James B. Appel,,University of South Carolina,26,747,3,22,2008
A5029413844,Robin M. Murray,0000-0003-0829-0519,King's College London,18,746,4,3,2026
A5023159660,Steven Laureys,0000-0002-3096-3807,Université Laval,11,745,0,2,2026
A5015213864,Timothy D. Brewerton,0000-0001-9655-3600,Medical University of South Carolina,7,744,3,2,2026
A5062057624,Chunyang Dong,0000-0002-4820-4454,"University of California, Davis",3,742,2,0,2023
A5065637165,Tomislav Majić,0000-0003-2950-6673,Humboldt-Universität zu Berlin,41,739,10,16,2026
A5006008438,Laura M. Karkowski,,Virginia Commonwealth University Medical Center,4,739,2,0,2000
A5031304754,Georgetta Vosmer,,University of Chicago,6,738,0,0,1996
A5049554476,Siddharth Gaikwad,0000-0001-6437-7016,Tulane University,7,737,0,0,2012
A5079398127,Jie Lisa Ji,0000-0002-6280-9070,Yale University,7,736,0,0,2022
A5024452548,John D. Murray,0000-0003-4115-8181,Yale University,7,736,0,3,2022
A5032741510,Lutz Jäncke,0000-0003-2110-9067,University of Zurich,4,735,1,0,2023
A5086954262,José Luiz Costa,0000-0001-9607-3391,Universidade Estadual de Campinas (UNICAMP),32,735,4,7,2025
A5035256189,Jorge Camarasa,0000-0002-8490-4466,Institut de Biomedicina de la Universitat de Barcelona,18,735,2,1,2016
A5069591665,Snehal Bhatt,0000-0003-0004-7987,University of New Mexico,3,734,1,0,2025
A5070434156,Otto Simonsson,0000-0003-4197-7566,Karolinska Institutet,39,734,21,4,2026
A5053763901,Jonathan L. Katz,0000-0002-1068-1159,National Institute on Drug Abuse,6,732,0,1,2013
A5010643468,Wilson M. Compton,0000-0003-3108-5118,National Institutes of Health,7,731,4,3,2026
A5012854051,Henry James Haigler,,Emory University,6,730,3,2,1979
A5032347926,Li-Tzy T. Wu,0000-0002-5909-2259,Duke University,13,729,10,3,2021
A5112950198,David Lodge,,University of Bristol,5,729,1,2,2020
A5083050291,Erwin Krediet,,Leiden University Medical Center,9,727,1,0,2026
A5110128661,Marlene Dobkin de Ríos,,"University of California, Irvine",21,726,14,3,2010
A5039842235,Josep María Fábregas,,,8,725,1,3,2013
A5112329648,Vicki L. Taylor,,,12,725,0,8,1992
A5111620863,Raymond J.M. Niesink,,Trimbos Institute,11,724,1,5,2017
A5044888240,Alexander V. Lebedev,0000-0002-0319-2357,Karolinska Institutet,4,722,4,0,2023
A5023437507,Matthew L. Banks,0000-0003-4949-5246,Virginia Commonwealth University,19,720,7,1,2025
A5104357571,Marta Más,,Universitat Autònoma de Barcelona,4,719,1,0,2000
A5028562939,Jorge Camarero,,Universidad Complutense de Madrid,7,719,1,0,2006
A5072841040,Ralph Buchert,0000-0002-0945-0724,University Medical Center Hamburg-Eppendorf,6,718,2,0,2006
A5030037858,Mireia Ventura,0000-0003-1133-6872,Centro de Investigación y Desarrollo,26,717,1,2,2025
A5091244320,Efrain C. Azmitia,0000-0002-8806-1064,New York University,15,717,4,10,2020
A5020855452,Maƚgorzata Dukat,0000-0003-4349-1615,Virginia Commonwealth University,23,717,1,6,2026
A5047448447,Christian P. Müller,0000-0002-5325-9900,Friedrich-Alexander-Universität Erlangen-Nürnberg,4,717,3,1,2017
A5025182463,Eva Marie Sevick-Muraca,0000-0002-8152-4847,Brown Foundation Institute of Molecular Medicine for the Prevention of Human Diseases,9,717,1,8,2025
A5015252123,Ulrike Grimberg,,Psychiatrische Universitätsklinik Zürich,4,716,0,0,2007
A5088469510,John C. Rasmussen,0000-0002-0557-6899,The University of Texas Health Science Center at Houston,7,716,2,0,2023
A5003785730,Ethan Hurwitz,0000-0001-5788-9291,University of California San Diego,6,715,1,0,2026
A5052217844,H. Eric Xu,0000-0002-6829-8144,Nanjing University of Chinese Medicine,6,715,0,0,2026
A5012044574,Filip Tylš,0000-0002-8337-6999,Charles University,30,714,10,1,2026
A5080365267,Anya K. Bershad,0000-0002-3011-3730,VA Greater Los Angeles Healthcare System,28,714,15,3,2026
A5046411688,John E. Fisk,0000-0002-2981-0870,University of Lancashire,24,714,4,6,2017
A5008745650,Martin Lövdén,0000-0001-7530-2028,Stockholm University,3,712,0,0,2021
A5004497618,Michiel van Elk,0000-0002-7631-3551,Leiden University,39,712,11,14,2026
A5052825834,Paul Greengard,0000-0002-4437-0893,Rockefeller University,6,710,0,6,2016
A5045310170,Milt Teitler,,Albany Medical College,9,709,2,2,2011
A5061322136,Ron O. Dror,0000-0002-6418-2793,Stanford University,6,708,0,1,2026
A5108377271,C J Schmidt,,,4,707,3,1,1992
A5088047399,Edna F. R. Pereira,0000-0003-0399-762X,"University of Maryland, Baltimore",10,707,1,0,2025
A5109289995,Christine Pinter,0009-0003-7362-1828,Yale University,3,707,0,0,2019
A5111380005,Paul F. Daley,,Alexander Shulgin Research Institute,8,706,0,3,2026
A5111796495,R.A. Rabin,,"University at Buffalo, State University of New York",18,706,1,9,2007
A5111821114,Robert Howard Roth,,Yale University,10,706,0,7,2009
A5090372502,Ian Gregg,0000-0002-7075-3169,Yale University,6,704,0,0,2023
A5070763532,Rosa María Antonijoan,,Universitat Autònoma de Barcelona,7,704,0,0,2021
A5081129089,Reid Robison,0000-0001-6784-9568,Draper Laboratory,12,703,2,4,2025
A5069827169,Laurent Karila,0000-0001-7061-4954,Université Paris-Sud,11,702,6,0,2021
A5101705364,Wei Yao,0000-0002-5728-1304,Intra Cellular Therapies (United States),4,702,0,0,2025
A5015157511,Lindsay Worth,,University of New Mexico,3,700,1,1,2026
A5026746931,Geoffrey T. Tucker,0000-0002-6400-9333,University of Sheffield,8,700,2,0,2010
A5073245719,Rama Melkote,,Janssen Research & Development (United States),4,699,0,0,2021
A5072753262,Julie Holland,,,10,698,1,3,2024
A5041705984,Stefania Chiappini,0000-0002-6810-1540,Saint Camillus International University of Health and Medical Sciences,21,698,3,0,2026
A5077756645,Jose Antonio Baz‐Lomba,0000-0002-4923-3337,Norwegian Institute of Public Health,8,697,1,0,2024
A5004395530,Kirsten C. Morley,0000-0002-0868-9928,The University of Sydney,15,696,6,3,2026
A5015194593,Kay Uwe Petersen,0000-0001-5111-7506,University Medical Center Hamburg-Eppendorf,7,695,0,0,2006
A5043809071,Giulia Costa,0000-0002-0815-9652,University of Cagliari,20,695,14,1,2026
A5109933001,Chris‐Ellyn Johanson,,Wayne State University,7,693,1,3,2009
A5084953630,Joshua B. Burt,0000-0002-5605-2091,Yale University,6,692,3,0,2021
A5069928870,Rafael Moliner,0000-0002-7392-0460,University of Helsinki,10,692,2,1,2024
A5007780345,Joseph J. Hennessey,0000-0003-0981-4695,Medical College of Wisconsin,6,692,0,0,2026
A5065968159,Andrea I. Luppi,0000-0002-3461-6431,Montreal Neurological Institute and Hospital,21,691,8,2,2025
A5109178041,Robert F. Dannals,,Johns Hopkins University,5,691,0,0,1999
A5049219398,John P. Pablo,,University of Miami,12,690,2,0,2001
A5110777262,Zsolt Roland Szabó,0000-0002-7835-8075,Johns Hopkins University,9,690,2,1,2008
A5062641627,Hannah N. Saeger,0000-0002-3055-5547,"University of California, Davis",4,690,1,0,2025
A5101530811,Min Ma,0000-0002-4203-5215,Chiba University,3,690,0,0,2019
A5048583007,Federico Zamberlán,,Tilburg University,15,689,1,0,2026
A5069165736,E.A. Carlini,0000-0002-9181-6659,Centro de Estudos em Psicologia da Saúde,18,689,7,8,2021
A5073200940,Joseph P. Barsuglia,0000-0001-7337-9486,New School,10,688,2,2,2023
A5074280948,Pedro A. M. Mediano,0000-0003-1789-5894,Imperial College London,31,687,2,1,2026
A5043330161,Yi Zuo,0000-0001-9020-0003,"University of California, Santa Cruz",6,687,0,3,2026
A5082408715,Susan Amara,0000-0001-8914-1106,National Institutes of Health,6,687,0,4,2025
A5018003707,Argel Aguilar‐Valles,0000-0002-2272-1138,Carleton University,14,685,2,5,2026
A5101589470,Philip Bowden Mitchell,0000-0002-7954-5235,UNSW Sydney,7,684,0,1,2023
A5001094886,Christopher Pittenger,0000-0003-2117-9321,Yale University,25,682,2,4,2026
A5003880874,Daniel M. Blumberger,0000-0002-8422-5818,Centre for Addiction and Mental Health,17,682,0,6,2025
A5082938857,Cobus Gerber,0000-0001-9070-843X,Adelaide University,16,682,0,8,2026
A5074851624,A. Y. Grinenko,,First Pavlov State Medical University of St. Petersburg,4,681,0,4,2007
A5021170956,Aaron Klaiber,0009-0004-5199-7004,University of Basel,17,678,3,0,2025
A5069610539,Sam Gandy,0000-0002-2877-6244,Market Harborough Hospital,15,678,5,1,2025
A5014348945,Samantha S. Silva,,Universidade Federal da Bahia,10,678,0,0,2024
A5062318456,Ned H. Kalin,0000-0003-1184-0868,University of Wisconsin–Madison,6,677,2,2,2025
A5088287018,Tom Buchanan,0000-0002-8994-2939,University of Westminster,11,677,0,0,2010
A5107413168,Francis J. White,,University of Illinois Urbana-Champaign,12,676,9,0,1986
A5016691908,Jesper L. Kristensen,0000-0002-5613-1267,University of Copenhagen,26,675,1,13,2026
A5058078419,Michael G. Bankson,,Boston University,7,675,3,1,2006
A5070858256,Genís Oña,0000-0003-2741-2876,Sociedad Española de Medicina Interna,43,674,18,2,2026
A5005802064,Philip M. Seeman,0000-0002-6947-1236,University of Toronto,9,674,4,3,2016
A5101731083,Chao Dong,0000-0003-4612-5127,Chiba University,3,674,0,0,2020
A5013656947,Timo Torsten Schmidt,0000-0003-1612-1301,Humboldt-Universität zu Berlin,29,673,4,18,2026
A5082805935,Barry Kerr Logan,0000-0003-2400-4711,Fredric Rieders Family Foundation,14,671,4,7,2024
A5038223318,Cory R. Weissman,0000-0002-5087-8263,University of California San Diego,16,670,0,7,2026
A5081841945,Sabine Himmelseher,,Technical University of Munich,10,669,6,2,2026
A5049402654,Jim Grigsby,0009-0008-1002-9807,University of Colorado Denver,5,668,0,0,2026
A5065638265,Andreas Meisel,0000-0001-7233-5342,Charité - Universitätsmedizin Berlin,9,668,0,0,2012
A5007290128,Louisa J Degenhardt,0000-0002-8513-2218,UNSW Sydney,14,668,5,0,2026
A5022694312,Arun Ravindran,0000-0002-1655-2753,Centre for Addiction and Mental Health,4,667,0,1,2022
A5050841742,LaRonda L. Morford,,University of Cincinnati,4,667,1,0,2003
A5110135395,Leon P.H.J. Aarts,,Leiden University Medical Center,8,667,0,0,2021
A5064958219,Mark J. Niciu,0000-0002-5612-3021,University of Iowa,6,666,0,2,2026
A5057059425,Manuel López‐Rivadulla,0000-0003-4233-1679,Universidade de Santiago de Compostela,13,666,0,3,2016
A5009668672,Lynnette A. Averill,0000-0002-8985-9975,Michael E. DeBakey VA Medical Center,21,665,1,4,2026
A5079729783,Ai‐Ming Yu,0000-0003-1441-4012,University of California Davis Medical Center,15,665,3,9,2020
A5030827457,Barbara Jacquelyn Sahakian,0000-0001-7352-1745,University of Cambridge,11,665,3,6,2023
A5057843592,William B. Mathews,0000-0001-8001-416X,Johns Hopkins University,6,664,0,0,2008
A5037897982,Rafaël Maldonado,0000-0002-4359-8773,Universitat Pompeu Fabra,24,663,1,6,2014
A5075615465,Olof Beck,0000-0002-3546-8872,Karolinska Institutet,14,662,2,4,2024
A5031439771,Erik Emke,0000-0002-8441-1709,KWR Water Research Institute,18,662,2,0,2026
A5000780851,George G. Nomikos,0000-0003-2846-1426,Eli Lilly (United States),7,662,0,0,2007
A5076878455,Requa Tolbert,,,3,661,0,3,1998
A5089688722,Kazuya Maeda,0000-0002-9174-5213,The University of Tokyo,14,661,3,0,2019
A5033294466,Wendy S. Slutske,0000-0003-4502-6936,University of Wisconsin–Madison,3,660,0,2,2023
A5109233990,Edward Mills,,The University of Texas at Austin,13,658,2,4,2016
A5010028133,Glenn Dumont,0000-0002-9973-6901,Amsterdam UMC Location University of Amsterdam,18,658,14,1,2021
A5068000809,Fernanda Borges,0000-0003-1050-2402,Universidade do Porto,14,658,0,3,2025
A5064978695,Paula Guedes de Pinho,0000-0002-7395-5700,Universidade do Porto,18,657,0,6,2025
A5090658899,Raymond W. Lam,0000-0001-7142-4669,University of British Columbia,6,657,0,1,2025
A5053529456,Mariaelvina Sala,0000-0001-9310-958X,National Research Council,16,657,2,11,2024
A5062393785,Ian Creese,,University of California San Diego,4,656,0,2,1985
A5067066181,Willy E. Lambert,0000-0002-8712-9709,Ghent University,18,656,0,2,2010
A5011474946,Paul D. Callaghan,0000-0002-8831-8923,Australian Nuclear Science and Technology Organisation,14,656,4,1,2015
A5014370221,Harel Weinstein,0000-0003-3473-9818,Cornell University,20,655,8,4,2018
A5081339058,Gerhard Gründer,0000-0001-7868-3903,Heidelberg University,27,653,8,10,2026
A5111961366,Sidney Cohen,,"University of California, Los Angeles",12,653,9,2,1981
A5027581435,Ewa Wajs,,Janssen (Belgium),17,653,2,0,2022
A5012017884,Rotem Petranker,0000-0001-6354-0109,McMaster University,27,651,9,7,2026
A5020658677,Piotr Popik,0000-0003-0722-1263,Maj Institute of Pharmacology,15,649,10,4,2024
A5042592266,Maimon M. Cohen,,Hebrew University of Jerusalem,7,649,6,1,1977
A5061203019,Daniela Braida,0000-0002-5867-1902,University of Milan,15,649,6,2,2020
A5040947556,Milt Titeler,,Albany Medical College,5,649,1,2,1990
A5084255529,Vera Marisa Costa,0000-0002-0471-2756,Universidade do Porto,9,649,0,0,2018
A5021561903,Swarajya Lakshmi Vattem Venkata,,National Institutes of Health,4,649,0,0,2012
A5061159311,Robert S. Gable,,Claremont Graduate University,3,647,3,0,2006
A5034307156,Elisabet Domínguez‐Clavé,0000-0001-6528-0064,Hospital de Sant Pau,8,646,3,0,2026
A5040935225,Philip N. Murphy,0000-0001-7478-2170,Edge Hill University,27,646,8,10,2025
A5008089947,Aline Dumuis,,Centre National de la Recherche Scientifique,3,646,2,0,2011
A5009413771,A.R. Green,,University of Oxford,9,646,3,5,1986
A5086078170,Harris L. Friedman,0000-0003-0940-4338,University of Florida,10,645,1,4,2026
A5003380925,Jennifer R. Havens,0000-0002-1753-7280,University of Kentucky,4,645,1,0,2016
A5038870286,Ethan H. McIlhenny,,Louisiana State University,8,644,4,0,2014
A5063775365,Timothy A. Troppoli,,"University of Maryland, Baltimore",3,643,0,0,2021
A5056189740,Cristiane Tacla,,Universidade Federal de São Paulo,4,643,0,0,2005
A5087345721,Kevin S. Murnane,0000-0002-8143-0541,Louisiana State University,28,642,10,7,2026
A5111663649,Milton V. Marshall,,The University of Texas Health Science Center at Houston,4,642,1,0,2011
A5006415677,Kristen E. Adams,,The University of Texas Health Science Center at Houston,3,642,0,0,2011
A5018646315,Stefano Comai,0000-0002-5686-7194,University of Padua,27,641,0,5,2026
A5062354189,Nicola Simola,0000-0001-7296-3197,University of Cagliari,22,641,4,3,2026
A5110843475,Annette E. Fleckenstein,0000-0002-3872-8932,University of Utah,7,641,1,5,2013
A5111810673,José Alexandre S. Crippa,,Conselho Nacional de Desenvolvimento Científico e Tecnológico,6,640,0,0,2021
A5037360534,Kristina Delagarza,,Yale University,3,639,0,0,2023
A5013871544,Simon B. Goldberg,0000-0002-6888-0126,University of Wisconsin–Madison,16,639,2,5,2025
A5107654812,Bruce M. Baron,,Scripps Research Institute,3,639,0,0,1996
A5111380508,Barry W. Siegel,,Scripps Research Institute,3,639,0,0,1996
A5113481835,Michael H. Sheard,,Yale University,9,638,1,4,1981
A5059707548,Karen E. Sabol,0000-0002-6883-7144,University of Mississippi,6,638,3,1,1998
A5024096347,Nuno Milhazes,0000-0002-5171-0454,Universidade do Porto,9,638,3,0,2009
A5032136657,Michael R. Liebowitz,0000-0002-8990-8845,Medical Research Network,3,637,0,1,2020
A5081137194,Anthony G. Phillips,0000-0002-4077-5471,University of British Columbia,5,636,0,2,2026
A5024517119,Alan Frazer,0000-0003-1525-9974,The University of Texas at San Antonio Health Science Center,10,636,1,7,2021
A5040427737,René Hen,0000-0002-7763-4162,New York Psychoanalytic Society and Institute,9,635,0,3,2025
A5006306099,Ben A. Schmand,0000-0002-2610-4938,Amsterdam UMC Location University of Amsterdam,5,635,0,1,2007
A5000349869,Rachel Ochs-Ross,,Janssen Research & Development (United States),12,635,7,0,2024
A5022569893,Erika Dyck,0000-0002-2745-6695,University of Saskatchewan,39,634,31,3,2026
A5044658660,Giordano Novak Rossi,0000-0002-1952-1207,Universidade de São Paulo,35,633,11,0,2026
A5103850665,Leonard L. Howell,,Emory University,22,633,0,18,2019
A5014623484,Abdol R. Hajipour,0000-0002-7737-0558,Isfahan University of Technology,3,633,0,0,2014
A5045144853,Rüssel S. Falck,,Wright State University,15,633,6,1,2012
A5066436685,Yavin Shaham,0000-0002-8242-3319,National Institute on Drug Abuse,9,632,0,5,2022
A5036732582,Brendan Adkinson,0000-0003-3196-8674,Yale University,4,630,0,1,2025
A5063201290,Grega Repovš,0000-0003-1837-3879,University of Ljubljana,3,630,0,0,2020
A5060828084,Helena Pontes,,Universidade do Porto,8,629,5,0,2012
A5075343216,Joshua S. Siegel,0000-0002-5752-3641,Nathan Kline Institute for Psychiatric Research,25,628,8,4,2026
A5026176242,John E. Mendelson,0000-0002-9596-8377,Friends Research Institute,12,628,2,8,2019
A5026892753,Seona D. Patel,0000-0001-8947-4533,"University of California, Davis",3,627,0,0,2025
A5001270419,Charles M. Cleland,0000-0002-6931-9904,NYU Langone Health,18,626,0,11,2026
A5072287046,Laura A. Mamounas,,Johns Hopkins University,3,626,1,0,1990
A5057778218,David Menon,0000-0002-3228-9692,University of Cambridge,10,625,0,0,2024
A5088467690,Anthony J. Cleare,0000-0002-6990-939X,King's College London,19,624,1,1,2026
A5002872494,Francesco Paolo Busardò,0000-0002-3082-4532,Marche Polytechnic University,23,624,4,8,2026
A5081719098,Simon Ruffell,0000-0002-8250-4426,University of Exeter,25,623,8,1,2026
A5066776465,Xavier Fernández,0000-0003-1818-2116,,4,623,2,0,2013
A5072107327,Judith R. Homberg,0000-0002-7621-1010,Radboud University Nijmegen,4,622,1,2,2016
A5101690099,Sergio Romero,0000-0002-8627-543X,"Biomedical Research Networking Center in Bioengineering, Biomaterials and Nanomedicine",5,622,0,1,2021
A5052806674,R. Suzanne Zukin,,Albert Einstein College of Medicine,3,622,1,1,1988
A5110061565,K.‐A. Kovar,,University of Tübingen,10,621,1,1,2008
A5002125925,Oliver G. Bosch,0000-0002-5807-0859,University of Zurich,7,619,3,0,2022
A5027557843,John D. Elsworth,0000-0002-0323-0886,"University of California, Los Angeles",5,619,1,0,2014
A5006602823,Alexander Stratford,,Synapse (Netherlands),21,617,0,0,2025
A5001459260,Ricardo Jorge Dinis‐Oliveira,0000-0001-7430-6297,Universidade do Porto,18,616,4,7,2026
A5011025474,Robert Gideon Carlson,0000-0002-4244-0173,Wright State University,16,615,7,3,2012
A5041433900,Kelly A. Berg,0000-0003-2977-6411,The University of Texas at San Antonio Health Science Center,5,615,2,1,2022
A5010795947,William P. Clarke,0000-0002-8861-8256,The University of Texas at San Antonio Health Science Center,5,615,0,4,2022
A5029670056,Diana Dias da Silva,0000-0002-7331-9157,Universidade do Porto,23,614,7,8,2025
A5091830833,Jonathan Cachat,0000-0002-6504-0869,,8,614,5,0,2015
A5052907307,Amy J. Eshleman,0000-0001-7030-557X,Oregon Health & Science University,8,614,3,1,2023
A5030480720,Massimo Clerici,0000-0001-8769-6474,Istituti di Ricovero e Cura a Carattere Scientifico,16,614,0,2,2026
A5013791504,Edward M. Sellers,0000-0002-0669-2373,Stornoway Diamond (Canada),16,613,4,9,2026
A5062368666,Uriel Heresco‐Levy,0000-0002-7405-9692,Hebrew University of Jerusalem,9,613,3,1,2025
A5059241194,Sean P. Barrett,0000-0002-9495-8265,Dalhousie University,8,613,4,1,2016
A5031457016,Lijia Chang,0000-0001-6461-0834,Chiba University,11,613,4,0,2024
A5023409251,Tomás Herraiz,0000-0003-3682-9227,Instituto de Ciencia y Tecnología de Alimentos y Nutrición,4,612,2,0,2017
A5059030677,Kong M. Li,0000-0003-2709-0344,The University of Sydney,8,611,0,0,2005
A5032084209,James Sexton,0000-0002-3402-2748,Imperial College London,5,610,2,0,2022
A5002734035,James R. Docherty,0000-0001-7192-6685,Royal College of Surgeons in Ireland,20,610,7,13,2021
A5076568360,Michel Johnson,,University of Utah,15,609,7,2,1993
A5083373223,Clara Pérez‐Mañá,0000-0001-6343-6918,Universitat Autònoma de Barcelona,23,608,0,4,2025
A5112819777,John Douglas Pettigrew,,The University of Queensland,8,608,0,2,2010
A5110458388,Ann‐Kathrin McCall,0000-0002-2503-064X,Swiss Federal Institute of Aquatic Science and Technology,3,608,1,0,2017
A5078283504,Andrew J. Hoffman,0000-0002-7358-0785,Purdue University West Lafayette,7,607,1,0,1989
A5100418041,Yu‐Lin Wang,0000-0002-4791-936X,Temple University,9,606,2,0,2008
A5081736253,Martin P. Paulus,0000-0002-0825-3606,Laureate Institute for Brain Research,11,606,3,4,2022
A5033314729,Gary Tarpley,,Usona Institute,3,605,0,1,2023
A5023659439,Emmanuelle A. D. Schindler,0000-0001-7962-0365,Yale University,22,605,17,1,2026
A5043556762,Jaclyn N. Highland,0000-0002-9600-2830,"University of Maryland, Baltimore",11,605,4,0,2024
A5113643584,GÖSTA JONSSON,,Karolinska Institutet,13,603,0,5,1989
A5034582602,Robert A. Oberlender,,Purdue University West Lafayette,17,603,5,4,1995
A5009324756,Marco Di Nicola,0000-0001-7457-0426,Università Cattolica del Sacro Cuore,20,602,2,3,2026
A5074154350,Dominique Fontanilla,,University of Wisconsin–Madison,3,602,1,0,2010
A5113686491,Abdol Hamid Ghodse,,"St George's, University of London",5,602,1,3,2013
A5079472589,Ju Lu,0000-0002-7010-3799,"University of California, Santa Cruz",4,601,1,1,2026
A5025676162,Peter Oehen,0000-0001-7966-523X,,9,599,2,0,2026
A5020523652,Joel E. Kleinman,0000-0002-4210-6052,United States Department of Health and Human Services,3,599,0,1,2007
A5023240794,Aline S. Sampaio,0000-0001-5568-6167,Universidade Federal da Bahia,12,599,0,1,2024
A5053954553,Krystyna Gołembiowska,0000-0002-5018-1394,Maj Institute of Pharmacology,26,598,5,18,2025
A5081182943,Gregor Hasler,0000-0002-8311-0138,University of Freiburg,20,598,4,14,2026
A5087545785,Gabriele Duccio Papanti,,University of Hertfordshire,6,598,0,0,2024
A5002118289,Gustavo Turecki,0000-0003-4075-2736,Douglas Mental Health University Institute,7,598,0,0,2025
A5072435082,Olivier Delémont,0000-0002-4122-7231,University of Lausanne,7,597,0,1,2020
A5056026158,Joseph T. Coyle,0000-0002-0702-1395,Harvard University,4,597,1,2,2013
A5030764396,Helena Aicher,0000-0001-5915-7086,University of Zurich,34,595,10,3,2026
A5049579478,Brooke L Short,0000-0001-5773-5508,St Vincent's Hospital Sydney,3,595,1,0,2024
A5085397064,John Leyden,0000-0002-3913-5960,Royal North Shore Hospital,5,595,0,0,2023
A5035542356,Adèle Lafrance,0000-0002-4935-7786,ClearMotion (United States),20,594,5,6,2026
A5086758510,Michele R. Richards,0000-0002-1973-5678,Harvard University,5,594,0,0,2008
A5068995258,Susan B. Powell,0000-0002-7474-9300,University of California San Diego,8,594,1,4,2020
A5029378428,Donald Eugene Redmond,,"University of California, Los Angeles",4,594,0,0,2014
A5075470113,Jake William O'Brien,0000-0001-9336-9656,The University of Queensland,16,593,0,1,2024
A5100607262,Guoliang Zhang,0000-0003-3731-1999,"University of California, Davis",4,592,1,0,2025
A5024277256,Stefano L. Sensi,0000-0002-0710-2574,University of Chieti-Pescara,18,592,0,4,2026
A5057074546,Thomas Steele,,Johns Hopkins University,8,591,7,0,1994
A5044827754,Christopher R. McCurdy,0000-0001-8695-2915,University of Mississippi,7,591,1,1,2012
A5066744149,Angelines Cruz,0000-0003-1382-4546,Universidade de Santiago de Compostela,10,591,0,2,2016
A5020019418,Kevin Victor Thomas,0000-0002-2155-100X,The University of Queensland,11,591,0,3,2023
A5045981641,Adeel Razi,0000-0002-0779-9439,Monash University,27,590,2,21,2026
A5059945544,David Cowan,0000-0001-6407-1113,King's College London,11,590,0,3,2021
A5019478535,Pamela J. Lein,0000-0001-7665-7584,"University of California, Davis",3,589,0,1,2023
A5088313350,Marta Cutchet,,,5,589,0,0,2013
A5023888505,Chris Frith,0000-0002-8665-0690,Wellcome Centre for Human Neuroimaging,4,589,2,0,2009
A5113598285,Erica M. Richards,,National Institutes of Health,3,589,0,0,2016
A5053042113,Catharine Montgomery,0000-0003-2805-5807,Liverpool John Moores University,29,588,9,11,2021
A5033133499,Rocío Martín‐Santos,0000-0003-4150-4726,Centro de Investigación Biomédica en Red de Salud Mental,6,588,1,0,2018
A5082063863,Thomas Anderson,0000-0002-2387-5219,University of Toronto,14,586,4,2,2026
A5074391821,Sabela Fondevila,0000-0003-4004-2320,,5,585,0,0,2015
A5008122514,Carlos J. E. Niemegeers,,Janssen (Belgium),7,585,1,0,1992
A5111802189,Michelle Wareing,,Liverpool John Moores University,13,585,7,1,2011
A5101697819,Patricia Robledo,0000-0002-7941-0939,Universitat Pompeu Fabra,26,585,5,13,2018
A5076048806,Giorgio Di Lorenzo,0000-0002-0576-4064,University of Rome Tor Vergata,21,584,0,0,2026
A5032017100,Marta Concheiro,0000-0002-3858-1280,John Jay College of Criminal Justice,11,583,6,3,2025
A5054430055,Arian  C. van Asten,0000-0001-5392-3982,University of Amsterdam,13,583,0,9,2024
A5001450333,Edward J. Miner,,National Institute of Mental Health,7,582,0,3,1964
A5059769528,Timothy I. Michaels,0000-0002-3048-6860,Northwell Health,5,581,2,1,2022
A5110173049,Peter C. Whybrow,,"University of California, Los Angeles",3,581,0,0,2020
A5062035071,Nikos K. Logothetis,0000-0001-7728-4118,University of Manchester,3,581,0,0,2020
A5045470389,Abram Hoffer,0000-0002-1013-9263,University of Saskatchewan,11,581,7,3,2016
A5053797637,Yukihiro Goda,0000-0001-5617-3670,National Institute of Health Sciences,20,581,0,16,2011
A5032496940,Kelly J. Clemens,0000-0003-2709-218X,The University of Sydney,10,581,5,0,2007
A5018163150,Daan Johannes Touw,0000-0002-1429-4789,University Medical Center Groningen,19,581,0,3,2026
A5068139431,Keith G. Heinzerling,0000-0001-9746-5821,Global Brain Health Institute,6,578,1,2,2026
A5032084583,Michael P. Johnson,0000-0001-6164-3569,Hoechst Marion Roussel (United States),9,578,5,1,1996
A5027936174,Cecilia Anna Brunello,0000-0002-0301-8965,University of Helsinki,4,578,1,0,2024
A5075166971,Kelsey Lenoch,,Usona Institute,3,577,0,1,2023
A5089827696,Andrew A. Somogyi,0000-0003-4779-0380,The University of Adelaide,9,577,0,0,2025
A5021387325,Bing Cao,0000-0001-5963-2676,Southwest University,14,577,1,0,2025
A5041650155,Rajiv Radhakrishnan,0000-0002-8220-655X,Yale University,10,577,1,4,2024
A5091490351,Richard Ian Dafters,,University of Glasgow,11,577,9,2,2005
A5115598575,Elaine Aparecida Del Bel,0000-0002-4158-7376,Universidade de São Paulo,3,577,0,0,2025
A5011396262,Pierce V. Kavanagh,0000-0002-1613-3305,St. James's Hospital,27,576,2,1,2025
A5059963495,Victoria Eligulashvili,,Johns Hopkins University,3,576,0,0,2000
A5108443525,James Henry Woods,,University of Michigan,8,576,0,4,2005
A5090899159,Jeffrey M. Witkin,0000-0002-9048-148X,St Vincent Hospital,12,574,7,3,2024
A5040325195,Thomas Anthony Munro,0000-0002-3366-7149,Harvard University,12,574,8,0,2013
A5007712662,Andrew Harkin,0000-0001-9734-216X,Trinity College Dublin,22,573,0,13,2026
A5002224998,Neiloufar Family,0000-0002-0201-7119,University of Kaiserslautern,8,573,3,0,2023
A5041494494,Mark John Millan,0000-0002-6253-0301,Institut de Recherches Internationales Servier (France),5,573,1,1,2017
A5108374586,John F. W. Keana,,University of Oregon,5,573,0,1,1995
A5058976475,Robin von Rotz,0000-0003-4087-3650,Winterthur Museum Garden and Library,18,572,2,0,2026
A5065769580,Aaron J. Janowsky,0000-0002-9221-3841,Oregon Health & Science University,8,572,1,3,2023
A5039142254,Anna Neukirch,,University of Cologne,8,571,0,0,2009
A5113598755,Ian Irwin,,California Institute for Medical Research,6,571,0,0,1990
A5075233599,Gert De Boeck,,Institut National de Criminalistique et de Criminologie,9,571,0,2,2009
A5077001178,S. William Tam,0009-0003-5362-2022,DuPont (United States),3,571,2,1,1994
A5037006099,Murray E. Jarvik,,"University of California, Los Angeles",24,570,8,6,2017
A5100674659,Ginger E. Nicol,0000-0001-5823-6129,Washington University in St. Louis,19,569,1,4,2026
A5066155034,Daniel F. Kelly,0000-0002-8358-056X,Global Brain Health Institute,5,568,1,1,2026
A5019453524,Berta Lasheras,,Universidad de Navarra,13,568,0,2,2008
A5025219247,Ana de Castro,0000-0002-9832-012X,Universidade de Santiago de Compostela,9,568,1,2,2016
A5040898333,Geoff J. Bathje,0000-0002-5053-0910,Adler University,6,567,3,0,2022
A5005591219,Marcus Herdener,0000-0001-5830-1971,University of Zurich,16,567,0,0,2026
A5070667520,Luke A. Downey,0000-0001-5670-3192,Swinburne University of Technology,20,567,4,4,2024
A5000029714,Samuel J. Carter,0000-0002-2276-4373,University of California System,5,567,0,0,2026
A5055967067,Anna Forsyth,0000-0002-3283-2691,University of Auckland,20,567,0,0,2026
A5027768537,David Dupuis,0000-0001-7074-6658,Inserm,23,567,12,2,2026
A5111993795,Kyle A. B. Lapidus,,Northwell Health,3,567,1,0,2023
A5018028836,Brian S. Barnett,0000-0002-8963-5701,Cleveland Clinic,51,566,30,13,2026
A5024578974,Yossef Itzhak,,University of Miami,16,566,12,4,2005
A5033448684,Daniel E. Rusyniak,0000-0002-6199-0840,Indiana University Indianapolis,18,566,10,4,2015
A5035033638,Taylor Lyons,0000-0002-3118-7344,Imperial College London,19,565,2,2,2026
A5076880355,David R. Sibley,0000-0002-0624-962X,National Institute of Neurological Disorders and Stroke,5,565,1,1,2022
A5089316966,Breno Souza‐Marques,0000-0002-3431-7888,Universidade Federal da Bahia,17,565,5,0,2025
A5059556945,Richard Phillip Mattick,,UNSW Sydney,5,564,0,3,2024
A5027928063,Kim Wolff,0000-0001-9080-4720,King's College London,18,563,4,3,2021
A5064526353,Cassio Santos‐Lima,0000-0002-7685-9829,Universidade Federal da Bahia,10,561,0,0,2023
A5014410380,Lisa E. Baker,0000-0002-6780-5570,National Institute on Drug Abuse,25,560,5,18,2024
A5089267199,Serdar Dursun,0000-0001-9943-851X,Conselho Nacional de Desenvolvimento Científico e Tecnológico,10,559,1,3,2024
A5090865614,Jamie Peters,0000-0002-7573-6384,University of Colorado Anschutz,5,558,2,2,2024
A5012720030,Adam B. Barrett,0000-0003-4174-7779,University of Sussex,4,557,0,1,2024
A5086112575,Abigail E. Calder,0000-0001-9528-404X,University of Fribourg,16,557,12,0,2026
A5045562763,Alberto Salomone,0000-0002-8501-4799,University of Turin,14,556,2,5,2025
A5055799927,Darryle D. Schoepp,,Eli Lilly (United States),4,556,1,2,2006
A5110707086,Muhammad Chatha,,University of California San Diego,8,554,0,0,2020
A5103557898,Udo Schneider,,Medizinische Hochschule Hannover,3,554,0,0,2005
A5086541043,Walter Sandtner,0000-0003-3637-260X,Medical University of Vienna,16,553,2,6,2025
A5068068737,Senem Merve Fred,0000-0003-1992-5014,University of Helsinki,5,553,4,0,2023
A5008298741,Meghan Hibicke,0000-0002-9394-9789,Louisiana State University Health Sciences Center New Orleans,12,552,6,0,2025
A5007398138,Dimitri Gerostamoulos,0000-0002-7958-8235,Victorian Institute of Forensic Medicine,19,552,1,6,2025
A5064949711,Bernardo Maria Dell’Osso,0000-0001-9370-5365,University of Milan,32,551,1,9,2026
A5112296460,Neus Pizarro,,Universitat Autònoma de Barcelona,4,550,0,0,2017
A5039702966,María José Fernández-Serrano,,Universidad de Jaén,4,550,3,0,2012
A5007109732,Ileana Andriola,0000-0001-5023-5287,University of Bari Aldo Moro,11,550,0,0,2025
A5036536506,Benny Shanon,,Hebrew University of Jerusalem,23,548,23,0,2013
A5057598537,Agnete Dyssegaard,,Copenhagen University Hospital,3,547,0,0,2019
A5088559880,Markku T Varjosalo,0000-0002-1340-9732,University of Helsinki,3,547,0,0,2023
A5026360123,Raíssa Nóbrega de Almeida,0000-0003-3687-8790,Universidade de São Paulo,14,546,2,0,2025
A5058384218,Esther Papaseit,0000-0003-2620-4274,Universitat Autònoma de Barcelona,24,546,11,3,2025
A5069304796,Hannah C. Kinney,0000-0001-5199-279X,Harvard University,6,546,1,4,2004
A5109537475,Leander J. Valdés,,University of Michigan,8,545,5,2,2005
A5007784331,Noelia Granado,,Consejo Superior de Investigaciones Científicas,6,545,4,0,2015
A5012345334,Rosario Moratalla,0000-0002-7623-8010,Consejo Superior de Investigaciones Científicas,6,545,1,4,2015
A5074415210,Cecilia Cannarozzo,0000-0002-5676-3619,University of Helsinki,7,545,5,0,2024
A5038868423,Liwen Xi,,Janssen Research & Development (United States),3,544,0,0,2018
A5085214868,Andrea Eva Steuer,0000-0001-8983-2353,University of Zurich,27,543,13,3,2026
A5090995674,Aino Kankaanpää,0000-0003-2272-5726,Finnish Institute for Health and Welfare,7,543,2,0,2026
A5108073747,Martin S Lennard,,University of Sheffield,5,543,0,0,2007
A5003866204,‪Damià Barceló,0000-0002-8873-0491,Consejo Superior de Investigaciones Científicas,8,543,0,4,2020
A5019533016,Enric Álvarez,0000-0002-5180-5541,Universitat Autònoma de Barcelona,4,542,0,0,2021
A5083234375,Robert O. Pihl,,McGill University,6,541,0,5,2014
A5028491207,Clifton W. Callaway,0000-0002-3309-1573,University of California San Diego,6,541,5,0,1993
A5075794355,Max Wolff,0000-0001-6896-9633,Charité - Universitätsmedizin Berlin,22,538,8,4,2026
A5061014418,Hiroyuki Kusuhara,0000-0002-3641-8746,The University of Tokyo,8,538,3,0,2020
A5108225286,Jack DeRuiter,,Auburn University,28,536,1,7,2023
A5028208209,Juan Sanchez‐Ramos,0000-0002-3391-7857,University of South Florida,5,536,0,5,2013
A5103427054,Paul A. J. Janssen,,Janssen (Belgium),8,534,2,6,1994
A5045721609,Michael Wagner,0000-0003-2589-6440,,7,533,1,3,2016
A5014779572,Esa R. Korpi,0000-0003-0683-4009,University of Helsinki,9,533,0,5,2024
A5020230004,Barbara Jones Ebersole,,Columbia University,4,533,1,0,2003
A5082806271,Lukasz Smigielski,0000-0002-7428-7644,University of Zurich,8,532,4,0,2025
A5054206531,Gregory M. Miller,0009-0005-7397-9277,Harvard University,5,532,1,2,2011
A5077589131,Mykhailo Girych,0000-0002-6046-518X,University of Helsinki,3,532,1,0,2024
A5071907355,Lauri V. Elsilä,0000-0002-9744-4753,University of Helsinki,8,531,4,1,2024
A5033112119,Bruno Nebeling,,University Medical Center Hamburg-Eppendorf,3,530,0,0,2006
A5024224931,Youge Qu,0000-0002-3579-8628,Chiba University,12,530,3,0,2024
A5011137443,Lester Grinspoon,,,8,528,6,1,2020
A5110294102,G Dowling,,,3,528,3,0,1990
A5047606282,Robert David Rogers,0000-0001-5010-069X,Bangor University,5,528,0,1,2014
A5062083026,Toh‐Seok Kam,0000-0002-4910-6434,University of Malaya,19,528,8,9,2022
A5022192518,Rosilla F. Bachmann,,University of Zurich,3,526,0,0,2012
A5063416686,Lily R. Aleksandrova,0000-0003-3697-8775,University of British Columbia,5,525,4,0,2026
A5112309968,Gary A. Gudelsky,,University of Cincinnati,4,524,2,2,1998
A5084430370,David C. Steffens,0000-0001-6626-7398,University of Connecticut,3,524,0,0,2021
A5066382427,James Fadiman,,Sofia University,11,523,5,1,2019
A5011602888,Anette Kjellgren,0000-0002-5668-0469,Karlstad University,10,522,6,3,2025
A5090080959,Daniel Bourquin,,University of Bern,5,522,0,0,2002
A5016600715,Timothy C. McCloskey,,Hoechst Marion Roussel (United States),4,522,0,0,1996
A5078147373,Wei Xu,0000-0002-7261-9203,Temple University,13,521,0,0,2015
A5002421240,Manoela V. Fogaça,0000-0003-4212-7424,University of Rochester Medicine,5,521,0,1,2026
A5005031483,Jolien K. E. Veraart,0000-0002-9075-4804,University Medical Center Groningen,27,520,8,0,2026
A5062341762,Luı́sa M. Ferreira,0000-0001-8474-3925,Universidade Federal do Rio Grande do Norte,18,520,0,0,2025
A5110903473,Mary L. Forsling,,King's College London,11,520,4,2,2012
A5062292173,Alberto Celma,0000-0001-9763-8737,Universitat Jaume I,8,520,1,0,2026
A5053095971,Eric J. Lenze,0000-0002-0471-9368,Washington University in St. Louis,13,518,1,5,2025
A5045686739,Vince Polito,0000-0003-3242-9074,Macquarie University,23,518,11,9,2026
A5032320430,Harry W. Broening,0000-0002-3622-5653,University of Cincinnati,7,518,5,0,2003
A5069659493,Marco Vincenti,0000-0002-6275-7194,University of Turin,9,518,0,5,2024
A5110839567,E Weber,,Oregon Health & Science University,4,518,1,3,1989
A5023503185,Esther Menoyo,,Universitat Autònoma de Barcelona,6,517,0,0,2002
A5061618985,Jessica E. Malberg,0000-0002-4031-2629,University of Chicago,3,517,2,0,1998
A5043437185,Guy Wallis,0000-0003-1601-1540,The University of Queensland,5,517,0,0,2010
A5003770233,Jochen Gartz,,Leipzig University,19,516,14,2,2015
A5020804367,Philip B. Bradley,,University of Birmingham,5,516,4,0,1989
A5033252353,Paula S. Branco,0000-0002-7312-8596,LAQV Requimte,17,516,0,1,2023
A5014105973,Subhash C. Pandey,0000-0001-7139-8464,University of Illinois Chicago,10,516,3,0,2010
A5074540721,Debra A. Schmitz,,"University of California, Los Angeles",7,516,0,0,1997
A5077085798,Ettore Zuccato,0000-0003-2094-2305,Mario Negri Institute for Pharmacological Research,10,515,1,3,2021
A5075947367,Gerd Mikus,0000-0003-1783-133X,Heidelberg University,42,515,5,15,2025
A5044093065,Joseph E. Rittiner,0000-0003-3592-6500,University of North Carolina at Chapel Hill,4,514,0,0,2020
A5011868161,Anna Rubiolo,0000-0002-1073-3676,University of Helsinki,5,514,0,0,2023
A5050105328,Nathalie M. Rieser,0000-0002-5804-1409,University of Zurich,26,513,8,1,2026
A5091090436,Harvey Alan Siegal,,Wright State University,9,513,0,6,2006
A5010093730,Giovanni Laviola,0000-0003-0388-0835,Istituto Superiore di Sanità,7,513,2,2,2004
A5007545883,Sagnik Bhattacharyya,0000-0002-8688-8025,King's College London,16,512,1,11,2021
A5037985605,Shakila Meshkat,0000-0002-7010-1785,University of Toronto,24,511,11,0,2026
A5002663392,Luke Mitcheson,0000-0003-0107-0070,King's College London,6,511,0,1,2026
A5020143742,Ronald L. Cowan,0000-0002-0041-0670,Vanderbilt University,18,511,9,8,2015
A5063328366,Yvan Beaussant,0000-0003-3716-6736,Dana-Farber Cancer Institute,32,510,10,12,2026
A5088907157,Ramona M. Rodriguiz,0000-0002-4680-9425,Duke University,9,510,3,0,2023
A5080313345,Amira Guirguis,0000-0001-8255-0660,Swansea University,16,510,1,3,2026
A5049968178,Tracey K. Murray,,,4,510,1,0,1997
A5073240173,Chandni Hindocha,0000-0003-1692-7401,Beckley Psytech Limited (United Kingdom),12,507,4,0,2024
A5081964520,Mahalakshmi Shankaran,0000-0001-9138-9610,University of Cincinnati,7,507,6,0,2002
A5103485459,Andy C. Parrott,,Swansea University,11,507,6,0,2009
A5073832678,Jeffrey N. Carlson,,Albany Medical College,3,505,0,3,1994
A5006499745,Fuhai Ji,0000-0001-6649-665X,Soochow University,27,505,0,5,2026
A5056032971,Caleb M. Adler,0000-0003-2889-7764,University of Cincinnati,5,505,0,0,2019
A5033402368,Sandra Poudevida,,Municipal Institute for Medical Research,8,504,0,0,2009
A5065089135,Jose Luis Moreno,0000-0003-1851-925X,Virginia Commonwealth University,9,504,6,0,2020
A5058166923,Matthias Forstmann,0000-0001-5253-183X,University of Zurich,16,503,13,2,2026
A5039652605,KATHARINA M. RENTSCH,0000-0002-6585-9778,University of Basel,7,503,0,2,2017
A5110722366,Sheila L. Handley,,Aston University,6,503,0,5,2002
A5062957500,Desmond H. Y. Tse,0000-0003-2559-7707,Maastricht University,6,502,0,0,2023
A5063703477,Nadia Solowij,0000-0002-5222-5637,University of Wollongong,6,502,4,2,2017
A5111719933,S. Wynne Ellis,,Royal Hallamshire Hospital,3,502,0,0,2004
A5002604166,Philip W. Meilman,,,3,502,2,0,1999
A5038312444,Balwinder Singh,0000-0001-7062-8192,Mayo Clinic,27,501,12,12,2026
A5013749395,Sara Karolak,0000-0002-0904-3459,Université Paris-Sud,4,501,1,0,2020
A5110151201,Stephen L. Dickinson,,UCL Queen Square Institute of Neurology,3,501,1,0,1985
A5068349486,Su‐Xia Li,0000-0002-0781-0300,North China University of Science and Technology,5,499,3,0,2024
A5088998003,James B. Bakalar,,,8,499,2,5,2020
A5102826521,Martin Schechter,0000-0002-0797-4997,Northeast Ohio Medical University,15,498,11,4,1998
A5088811388,Felix Blei,0009-0004-3190-8684,Friedrich Schiller University Jena,11,496,4,0,2026
A5111726730,Sam Williams,,Pathfinder International,5,496,0,0,2025
A5039823028,Juliana Mendes Rocha,0000-0003-0477-2852,Universidade de São Paulo,17,496,6,0,2023
A5024527571,Zsolt Demetrovics,0000-0001-5604-7551,Eötvös Loránd University,6,495,0,4,2024
A5010533046,Vladimir M. Pogorelov,,Duke University,7,495,3,0,2023
A5027917089,Rodney J. Croft,0000-0002-5986-9136,Swinburne University of Technology,3,495,2,0,2004
A5009988293,Rodrigo Machado‐Vieira,0000-0002-4830-1190,The University of Texas Health Science Center at Houston,9,494,0,4,2026
A5079646930,David E. Smith,0000-0002-6301-7737,OASIS Clinic,24,494,9,10,2022
A5075445771,David A. Gorelick,0000-0003-1389-1394,"University of Maryland, Baltimore",19,494,3,4,2013
A5083130842,Els A. De Letter,,Ghent University,14,494,9,0,2010
A5108532076,Richard W. Keller,,Albany Medical College,5,493,0,1,1994
A5043887039,John K. Fallon,0000-0003-1848-0121,King's College London,9,492,4,0,2002
A5037798281,David J. Heal,0000-0002-6128-9632,University of Bath,19,491,10,5,2025
A5042202392,Willy Pedersen,0000-0003-4802-950X,University of Oslo,5,489,3,2,2021
A5064919243,David F. Aberle,,,6,489,3,3,1993
A5108422231,David W. Holt,0000-0002-6258-5716,"St George's, University of London",7,489,0,2,2010
A5042524932,Kwonmok Ko,0000-0001-5160-7767,King's College London,5,487,5,0,2025
A5048503833,Ana Margarida Araújo,0000-0002-4073-2121,Universidade do Porto,9,487,6,0,2020
A5022322707,Jeremy Green,0000-0002-6102-2620,,7,487,1,0,2015
A5091103743,Donald M. Kuhn,0000-0002-8546-9507,Wayne State University,9,487,2,4,2023
A5035447753,Lloyd D. Johnston,0000-0001-7254-7935,University of Michigan,84,487,77,2,2024
A5073102129,Patrick M. O’Malley,0000-0001-9000-2824,University of Michigan,84,487,2,12,2024
A5046497020,Marion Holy,,Institute of Pharmacology,12,486,0,0,2026
A5024625204,Audrey Vanhaudenhuyse,0000-0002-4288-9237,University of Liège,8,486,0,0,2025
A5109802057,Asbjørg S. Christophersen,,Norwegian Institute of Public Health,6,486,2,3,2020
A5109443217,Malcolm B. Bowers,,Yale University,10,485,9,1,2001
A5050672651,Murray R. Thompson,,The University of Sydney,10,484,4,2,2015
A5032942211,Patricia Duerler,0000-0002-1068-3234,University Hospital Zurich,9,482,4,0,2023
A5072905253,F. Troxler,,Sandoz Group AG (Switzerland),4,482,1,3,1959
A5054444045,Ricarda Evens,0000-0002-2834-2171,Humboldt-Universität zu Berlin,24,481,8,5,2026
A5025278655,Charles R. Clark,0000-0002-4063-605X,Auburn University,23,481,1,11,2019
A5012188709,Jan F. Van Bocxlaer,,Ghent University,9,481,0,0,2006
A5108869425,Humphry Osmond,,Saskatchewan Hospital,5,481,2,2,2016
A5052594877,Luca Posa,0000-0002-6464-1961,McGill University,6,480,0,0,2021
A5048289354,Vassilis Martiadis,0000-0002-3344-1000,Regione Campania,35,480,10,4,2026
A5012844446,Evan D. Kharasch,0000-0002-6613-922X,Duke University,4,480,0,0,2021
A5111641644,Piergiorgio Zuccaro,,Istituto Superiore di Sanità,8,479,0,1,2008
A5110588033,Malcolm Rowland,,University of Manchester,10,479,4,1,2020
A5091662459,Ioannis Pappas,0000-0002-0168-7014,University of Southern California,5,479,0,0,2023
A5086473480,Ján Kehr,0000-0002-2410-124X,Karolinska Institutet,3,478,1,0,2025
A5083051973,Pahnke Wn,,,5,478,4,1,1972
A5076471785,AJ Venkatakrishnan,0000-0003-2819-3214,Nference (United States),3,478,0,0,2026
A5004751576,Zafiris J. Daskalakis,0000-0001-9502-0538,University of California San Diego,4,477,0,1,2026
A5031884954,Brian J. Piper,0000-0002-2295-445X,Geisinger College of Health Sciences,20,476,11,4,2023
A5030212190,Paul Liknaitzky,0000-0001-5690-2263,Australian Regenerative Medicine Institute,44,475,3,18,2026
A5038555339,Adam Hampshire,0000-0002-5176-5420,King's College London,5,475,0,3,2026
A5035147009,Lakshmi N. Yatham,0000-0002-7405-0954,University of British Columbia,5,475,1,1,2025
A5025373685,Eugene A. Kiyatkin,0000-0002-3744-0873,National Institutes of Health,13,475,10,3,2023
A5049436470,Berend Oosterhuis,,PRA Health Sciences,5,475,1,0,2011
A5047008189,Manish K. Jha,0000-0002-2764-2391,The University of Texas Southwestern Medical Center,16,474,4,2,2026
A5105885645,G.H.N. Towers,,University of British Columbia,3,474,0,1,1985
A5083754022,Suzanne L. Verheyden,,University College London,7,474,5,1,2004
A5019711791,S. C. Stansfield,,Pathfinder International,4,473,0,0,2025
A5044593952,Ruri Kikura‐Hanajiri,0000-0002-4251-1664,National Institute of Health Sciences,24,473,5,7,2026
A5016185694,Yuko Togawa Iwata,0000-0003-2432-5179,National Research Institute of Police Science,21,473,1,3,2026
A5073527004,Daniel Rosenbaum,0000-0002-4846-9380,University Health Network,12,472,6,1,2026
A5108407655,Larry C. Schmued,0009-0001-3666-7099,,5,472,2,1,2010
A5079628307,Eleni T. Tzavara,,Centre National de la Recherche Scientifique,3,472,0,0,2026
A5026298510,Brian N. Mathur,0000-0003-2912-8625,"University of Maryland, Baltimore",4,471,0,2,2025
A5043521470,Allan J. Barnes,0000-0001-7780-3504,National Institutes of Health,15,471,2,0,2019
A5026857245,Christopher Mark Milroy,0000-0003-1522-1423,University of Ottawa,6,471,4,1,2024
A5113623662,Arthur S. Keats,,Texas Medical Center,5,471,3,2,1984
A5080287940,George A. Mashour,0000-0001-5457-5932,University of Michigan,38,470,5,11,2026
A5013055368,Flora Nasri,0000-0002-0627-3558,University Health Network,7,470,0,0,2022
A5063194004,Robert M. Virus,,University of Chicago,3,470,1,0,1990
A5041585906,Robert C. Malenka,0000-0002-5428-5211,Stanford University,18,469,0,10,2025
A5111404993,William L. Woolverton,,University of Mississippi Medical Center,4,469,0,1,2014
A5032363288,Karine M. Clauwaert,,Ghent University,10,469,3,0,2003
A5082332915,Daphne Voineskos,0000-0002-7450-4434,Centre for Addiction and Mental Health,7,468,2,0,2025
A5007077090,Andrea Cipriani,0000-0001-5179-8321,Warneford Hospital,10,468,1,4,2026
A5060876549,Jeffrey T. Parsons,0000-0002-6875-7566,City University of New York,10,467,4,6,2014
A5111810915,Katherine M. Wolfrum,,Oregon Health & Science University,5,467,0,0,2023
A5086630833,Kyle T. Greenway,0000-0002-7829-493X,Jewish General Hospital,27,466,3,5,2026
A5026445952,Craig A. Kovera,,University of Miami,4,466,0,0,2001
A5103073952,Jichuan Wang,0000-0001-8414-9432,Wright State University,9,466,1,1,2008
A5073642716,Jakub Vohryzek,0000-0003-0994-5054,Universitat Pompeu Fabra,38,465,10,2,2026
A5005857896,Margaret C. Wardle,0000-0001-6071-6105,University of Illinois Chicago,8,465,2,0,2020
A5081473144,Matthew R. Skelton,0000-0003-4941-3546,Cincinnati Children's Hospital Medical Center,17,465,6,0,2014
A5007260974,Olivier Cottencin,0000-0003-3663-1405,Inserm,5,465,1,0,2023
A5008819108,Walter E. Haefeli,0000-0003-0672-6876,Heidelberg University,30,465,0,15,2025
A5105303824,John W. Daly,,National Institutes of Health,4,464,2,1,2005
A5023209431,Philip J. Cowen,0000-0001-5518-6138,University of Oxford,9,463,2,1,2021
A5084887124,Eva Grasa,0000-0003-1100-7489,Centro de Investigación Biomédica en Red de Salud Mental,3,463,0,0,2011
A5052423481,Karel Brookhuis,0000-0001-5124-437X,University of Groningen,14,463,2,2,2017
A5074739579,Maria Huerta‐Fontela,0000-0002-4722-4381,Agbar (Spain),3,463,3,0,2012
A5111902275,Maria Teresa Galceran,,Universitat de Barcelona,3,463,0,1,2012
A5046320864,Roberta Ferrari Marback,0000-0003-3870-8963,Universidade Federal da Bahia,7,463,0,0,2023
A5085028754,Balázs Szigeti,0000-0003-3809-6442,"University of California, San Francisco",19,462,14,1,2025
A5024836160,Amine Benyamina,0000-0003-2408-8927,Université Paris-Saclay,18,462,1,12,2025
A5039716184,Norman R. Farnsworth,,University of Illinois Chicago,7,462,2,4,2005
A5002707539,Ester López‐García,0000-0001-9002-1099,Consejo Superior de Investigaciones Científicas,5,462,1,0,2021
A5056471512,Chadi G. Abdallah,0000-0001-5783-6181,Michael E. DeBakey VA Medical Center,9,461,6,3,2023
A5036630051,Francina Fonseca,0000-0002-0779-6545,Universitat Pompeu Fabra,9,461,0,0,2023
A5049876579,Carleigh E. Jenne,,"University of Maryland, Baltimore",4,461,0,0,2022
A5073033580,Shaun L. Greene,0000-0002-7423-2467,The University of Melbourne,13,460,4,3,2026
A5044474920,Leon  Patrick Barron,0000-0001-5986-3853,National Institute for Health and Care Research,4,460,0,1,2026
A5013920207,Anuradha Ramamoorthy,0000-0002-3207-0391,National Institutes of Health,4,460,0,0,2016
A5090796568,Robert B. Kargbo,0000-0002-5539-6343,Oldham Council,58,459,42,9,2026
A5054428473,Howard S. Lotsof,,,5,459,2,0,2016
A5053916099,Bruno Mégarbane,0000-0002-2522-2764,OLVG,16,459,1,0,2026
A5075451917,Kent L. Rossman,0000-0002-4386-0751,Albany Medical College,5,459,0,0,1993
A5071781942,Henry Sershen,0000-0002-7922-2217,Nathan Kline Institute for Psychiatric Research,13,458,9,1,2023
A5023065580,Folker Westphal,0000-0003-0452-7814,Clinical Research Center Kiel,17,458,1,0,2025
A5052734672,Daniel Umbricht,0000-0003-0272-2157,,4,458,3,0,2025
A5074806044,James I. Hudson,0000-0003-3999-8931,Harvard University,3,458,0,1,2005
A5016184892,Ke Peng,0000-0003-2879-1759,Soochow University,23,458,0,17,2026
A5101579278,Christopher J. Collins,0000-0002-4398-6055,Tulane University,5,457,0,0,2018
A5089390698,Philip G. Janicak,0000-0002-0585-8888,University of Illinois Chicago,4,457,0,1,2003
A5075795856,Richard B. Mailman,0000-0003-1353-2738,University of North Carolina at Chapel Hill,5,457,0,1,1998
A5026359984,Angelo Giovanni Icro Maremmani,0000-0001-7728-3705,University of Pisa,5,457,4,0,2025
A5022877230,R. Koller,,University Hospital Zurich,3,456,0,2,2003
A5111957779,Rebecca A. Wright,,Eli Lilly (United States),3,456,0,0,2006
A5111930866,Richard A. Rabin,,"University at Buffalo, State University of New York",16,455,5,3,2008
A5020403359,Renyu Liu,0000-0001-9335-8981,University of Pennsylvania,20,455,1,12,2022
A5080895600,Anne Katrin Schlag,0000-0003-2074-1917,Imperial College London,12,454,1,3,2026
A5038702122,I. Fornís,0000-0001-8804-3256,Centro de Investigación y Desarrollo,10,454,0,1,2020
A5018374651,Iria González‐Mariño,0000-0002-2846-8380,Universidad de Salamanca,7,454,4,0,2023
A5113594246,Ernst A. Singer,,Medical University of Vienna,4,454,1,0,2005
A5047360352,PETER D. FELGATE,,,7,453,0,0,2012
A5054817345,ROGER N. WALSH,0000-0002-7677-7583,"University of California, Los Angeles",7,453,3,2,2006
A5048002241,William Walter Blessing,0000-0002-9251-6666,Flinders University,11,453,7,4,2008
A5080214769,Pasquale De Fazio,0000-0001-5375-3565,Magna Graecia University,10,453,0,1,2026
A5015335889,Eugénia Gallardo,0000-0002-1802-8998,University of Beira Interior,25,452,0,12,2026
A5103336813,Thomas J. Connor,,Trinity College Dublin,11,452,8,3,2010
A5039880169,O. Quintela,0000-0002-4583-4127,Instituto Nacional de Toxicología y Ciencias Forenses,6,452,0,0,2011
A5031336844,John P. Kelly,0000-0001-5548-2738,Ollscoil na Gaillimhe – University of Galway,12,452,0,3,2004
A5066934485,Broc A. Pagni,0000-0002-9496-7604,Multidisciplinary Association for Psychedelic Studies,21,451,7,1,2026
A5013063447,Sergio Barlati,0000-0002-1784-3915,Azienda Socio Sanitaria Territoriale degli Spedali Civili di Brescia,9,451,0,0,2025
A5008038011,Chad E. Groer,0000-0002-8589-9304,University of Kansas,6,450,1,0,2014
A5041446287,Sidney Udenfriend,,National Institutes of Health,3,450,0,3,1962
A5023740747,Lívia N. F. Guerreiro‐Costa,0000-0002-2367-0870,Universidade Federal da Bahia,8,450,0,0,2023
A5018056534,Jürgen Burhenne,0000-0002-2190-1698,Heidelberg University,35,449,0,3,2025
A5081524344,David Chen‐Li,0000-0002-0546-9954,University Health Network,8,448,0,0,2025
A5037098623,Silvia Saboia Martins,0000-0003-3059-9993,Johns Hopkins University,12,448,7,4,2018
A5101537816,Mohamed Sherif,0000-0002-8951-1645,Brown University,7,447,2,0,2022
A5081076088,Paul R. Hartig,,Johns Hopkins University,12,447,3,5,1991
A5071052081,Jesús Joglar,0000-0002-3391-1682,Consejo Superior de Investigaciones Científicas,10,447,0,1,2012
A5016028146,Arpana Agrawal,0000-0002-0313-793X,Washington University in St. Louis,9,447,3,1,2026
A5013302415,Achim Schmoldt,,University Medical Center Hamburg-Eppendorf,4,445,0,3,2006
A5080980894,Hans‐Ulrich Wïttchen,0000-0002-6311-7711,Max Planck Institute of Psychiatry,8,445,0,6,2011
A5030095177,Robert L. Fitzgerald,0000-0001-6050-8525,UC San Diego Health System,4,444,2,1,2014
A5036067658,Gongliang Zhang,0000-0003-2559-4282,Anhui Medical University,3,444,3,0,2017
A5021170166,Keith E Hawton,0000-0003-4985-5715,University of Oxford,4,444,0,1,2021
A5032837183,HANS CORRODI,,Karolinska Institutet,4,443,0,0,1974
A5106129609,Michael J. Forster,0000-0002-3284-2558,University of North Texas Health Science Center,22,442,0,11,2026
A5043780817,Gerald Thomas,0000-0002-8825-0228,University of Victoria,3,441,1,0,2021
A5016544125,Mitul A. Mehta,0000-0003-1152-5323,King's College London,21,441,1,11,2025
A5037251930,Silvia Bacciardi,,University of Pisa,4,441,0,0,2025
A5017240100,Matteo Marcatili,0000-0002-1436-1961,Istituti di Ricovero e Cura a Carattere Scientifico,15,441,2,1,2026
A5011290197,Julane Andries,,"Lesbian, Gay, Bisexual and Transgender Community Center",5,440,0,0,2023
A5025741148,Jean‐Michel Gaulier,0000-0003-1111-4671,Centre Hospitalier Universitaire de Lille,34,440,2,16,2025
A5058340620,Stefan Peter Brugger,0000-0002-2608-8173,University of Bristol,5,440,0,0,2022
A5017549255,Garry D. Honey,,Roche (Switzerland),3,440,1,0,2016
A5111920610,Piergiorgio Zuccaro,,Istituto Superiore di Sanità,9,439,0,0,2008
A5062790531,Terrell D. Holloway,0000-0002-7908-8417,Icahn School of Medicine at Mount Sinai,6,439,2,0,2016
A5087077311,Steven E. J. Bell,0000-0003-3767-8985,Queen's University Belfast,6,438,5,1,2011
A5063348128,Ximena Barros-Álvarez,0000-0001-6678-9436,Stanford Medicine,4,438,0,0,2024
A5109251570,Roselind Lieb,0000-0002-2039-2262,University of Basel,6,438,0,0,2011
A5047739702,Elisabeth Leere Øiestad,0000-0003-0781-6865,Oslo University Hospital,9,437,2,1,2026
A5025782892,Oliver Robinson,0000-0002-6758-2223,Regent's University London,20,437,3,10,2026
A5111939119,Andrew J. Hutt,,King's College London,4,437,0,2,2002
A5003284672,David Gittings,,Victoria University of Wellington,6,437,0,0,2012
A5008603341,Robert S. Goodwin,,National Institutes of Health,10,437,0,0,2013
A5036734827,Antonio Vita,0000-0002-3621-6394,Azienda Socio Sanitaria Territoriale degli Spedali Civili di Brescia,9,437,0,0,2025
A5071518287,Ibrahim Turkoz,0000-0003-1891-2297,Johnson & Johnson (United States),19,437,5,0,2026
A5112596459,R. L. Foltz,,University of Utah,10,436,0,5,1999
A5012761331,John Rhead,,,10,436,8,0,2018
A5072937937,L. Taylor Flynn,,Yale University,6,435,1,0,2024
A5086791023,I. V. Dunaevsky,,First Pavlov State Medical University of St. Petersburg,3,435,0,0,2007
A5006143104,David N. Potter,,Harvard University,5,434,1,0,2015
A5108799262,Andrew Parrott,,Swansea University,12,434,7,3,2020
A5040179370,Robert Arnold Johnson,0000-0002-0574-6683,Portland VA Medical Center,5,434,0,0,2018
A5053407427,Luciana Maria Sarin,,Universidade Federal de São Paulo,12,434,0,0,2022
A5022130020,Robert H. Howland,0000-0002-6533-6010,,4,433,3,0,2016
A5103266566,Masayuki Hiramatsu,0000-0003-3723-310X,Meijo University,10,433,4,4,2025
A5077805522,Tag E. Mansour,,Stanford Medicine,14,433,4,10,1990
A5110129884,Hitoshi Tsuchihashi,,Osaka Prefectural Police Department,18,433,0,12,2012
A5083608744,Juan M. Saavedra,0000-0002-7238-9647,National Institute of Mental Health,7,433,3,4,1989
A5039689547,Joseph R. Moskal,0000-0002-4813-3297,Northwestern University,3,433,1,0,2016
A5077418201,Jérôme Jeanblanc,0000-0003-0353-2777,Inserm,9,432,2,0,2026
A5012998089,Aviva Berkovich‐Ohana,0000-0003-2549-0168,University of Haifa,14,432,1,7,2026
A5107863701,Robert L. Balster,,Virginia Commonwealth University,7,432,2,0,2010
A5103554454,David L. Nelson,,Eli Lilly (United States),7,432,2,0,1999
A5053630827,Lakshmi A. Devi,0000-0002-2179-2874,Albert Einstein College of Medicine,4,432,0,3,2024
A5055088191,Benjamin Malcolm,0000-0002-9293-9036,Western University of Health Sciences,7,431,3,1,2022
A5039021133,Shigeyuki Chaki,0000-0003-4444-2911,Taisho Pharmaceutical (Japan),10,431,6,1,2022
A5045156614,Hamideh Safi-Aghdam,,Yale University,4,430,0,0,2024
A5009127344,Undine E. Lang,0000-0002-3585-6533,University of Basel,11,430,0,3,2026
A5067585567,Victoria B. Risbrough,0000-0001-8347-3820,University of California San Diego,6,430,1,1,2022
A5016070090,Charles H. Schleifer,0000-0001-8411-0968,Yale University,3,430,0,0,2018
A5041229784,Monique van Velzen,0000-0002-0289-6432,Leiden University Medical Center,13,429,2,0,2026
A5007039126,Johannes B. Reitsma,0000-0003-4026-4345,Amsterdam UMC Location University of Amsterdam,3,429,0,0,2004
A5112204309,MACIEJ J. BOGUSZ,,RWTH Aachen University,5,429,5,0,2000
A5033335673,Molly Lennard-Jones,,University of San Diego,5,428,0,0,2025
A5068365509,Martha López-Canul,,McGill University,6,428,0,0,2025
A5069959118,Jolanta Barbara Zawilska,0000-0002-3696-2389,Medical University of Lodz,9,428,7,2,2026
A5033416284,Lobna A. Ibrahim,,National Institutes of Health,3,428,1,0,2012
A5005534645,Reid H. J. Olsen,0000-0003-4621-949X,University of North Carolina at Chapel Hill,4,427,0,0,2020
A5111663231,Markus L Heinrichs,0000-0001-5662-0266,University of Freiburg,4,427,0,0,2023
A5068213226,Marc Wittmann,0000-0002-4483-7334,Institute for Frontier Areas of Psychology and Mental Health,7,427,4,2,2026
A5010261582,Elena H. Chartoff,0000-0002-1657-694X,Harvard University,8,427,3,3,2024
A5001848993,Jean-Daniel Berset,0000-0002-5337-7798,University of Bern,3,427,1,0,2020
A5076220949,Nikhita Singhal,0000-0001-9535-8870,University of Toronto,7,426,0,0,2023
A5060841302,Rachel F. Tyndale,0000-0003-1297-2053,Centre for Addiction and Mental Health,8,426,0,1,2026
A5048421494,Remco H.S. Westerink,0000-0003-4948-2007,Utrecht University,14,426,0,10,2020
A5056388274,Ana Cecília de Menezes Galvão,0000-0003-0073-877X,Universidade Federal do Rio Grande do Norte,5,425,2,0,2022
A5078839381,Lucas Oliveira Maia,0000-0002-9931-1938,Universidade Estadual de Campinas (UNICAMP),27,425,4,11,2026
A5027824996,Peter H. Addy,,United States Department of Veterans Affairs,7,425,4,1,2016
A5109849428,George K. W. Yim,,Purdue University West Lafayette,7,425,0,6,1991
A5023542053,Steve Carter,,Queensland Health,5,425,0,1,2016
A5072386193,Richard Thomas Layer,,National Institutes of Health,4,424,1,0,1996
A5064359385,Amy W.M. Ewald,,Victoria University of Wellington,8,424,2,0,2023
A5012165158,Viviane Yargeau,0000-0002-7332-276X,McGill University,6,424,1,2,2026
A5103816856,Joyce Tsai,,Pathways Behavioral Services,7,423,0,0,2026
A5066674976,Grant Jones,0000-0002-2426-310X,Harvard University,25,423,20,2,2026
A5041661036,Ryan H. Gumpper,0000-0003-1309-3069,University of North Carolina at Chapel Hill,11,423,7,1,2026
A5023059397,Lê-Anh Dinh-Williams,0000-0002-5486-7756,Jewish General Hospital,7,422,0,1,2025
A5041908209,Tatsuyuki Kanamori,0000-0001-7570-0720,National Research Institute of Police Science,20,422,1,0,2026
A5103918701,Paul D. Morrison,0009-0006-8805-766X,Argyll and Bute Hospital,6,421,1,0,2021
A5078455513,Joel Frohlich,0000-0001-8382-4344,BG Klinik Tübingen,9,421,3,0,2026
A5059319160,John Christie McGrath,0000-0002-5276-0381,University of Glasgow,7,421,3,4,1979
A5037827678,Marc C. Torjman,0000-0002-9880-4327,Thomas Jefferson University,6,421,0,0,2021
A5031618523,Felix Betzler,0000-0002-1389-4870,Humboldt-Universität zu Berlin,16,420,5,7,2026
A5113577428,André P. De Leenheer,,Ghent University,6,420,0,5,2003
A5084579010,Violeta Schubert,0000-0001-7756-2843,Western Sydney University,9,419,0,2,2024
A5037175471,Rosalind McAlpine,0000-0002-9435-0655,University College London,22,419,7,3,2026
A5025445328,Samuel T. Slocum,0000-0001-5942-4367,University of North Carolina at Chapel Hill,6,419,1,0,2026
A5104000741,Yuji Nakahara,,National Institute of Health Sciences,12,419,6,2,1999
A5034829199,Phil Skolnick,0000-0002-2646-815X,Eli Lilly (United States),6,419,2,3,2001
A5016151535,Kenji Tsujikawa,0000-0003-1380-9565,National Research Institute of Police Science,20,419,9,0,2026
A5035637104,Antonio Plumitallo,,University of Cagliari,9,419,0,0,2017
A5074977948,Gianluca Serafini,0000-0002-6631-856X,Ospedale Policlinico San Martino,11,419,2,5,2026
A5023235716,Josep Antoni Ramos‐Quiroga,0000-0003-1622-0350,Universitat Autònoma de Barcelona,9,419,1,2,2025
A5030406378,Hollie Simmons,,Pathfinder International,7,418,0,0,2026
A5089197450,Daniël Hoyer,0000-0002-1405-7089,Scripps Research Institute,7,418,3,0,2025
A5072218538,Megan Croal,0000-0002-3286-1003,Pathfinder International,10,417,0,0,2026
A5064300685,Drummond E-Wen McCulloch,0000-0001-6360-5224,Rigshospitalet,27,417,15,1,2026
A5084805118,Mariana V.F. Echegaray,0000-0002-4891-2354,Universidade Federal da Bahia,9,417,1,0,2023
A5024126991,Charlotte Martial,0000-0001-6291-3460,University of Liège,15,416,3,2,2026
A5006634903,Nicole Lee,0000-0003-3101-4969,Curtin University,4,416,1,2,2019
A5110271359,Jeremy Stewart,,University of Mississippi,4,416,0,0,2008
A5073874110,Alain Verstraete,0000-0002-0956-3315,Ghent University Hospital,15,416,3,9,2014
A5033669948,Marco Aurélio Tuena,,Universidade Federal de São Paulo,11,416,0,0,2022
A5019309575,Carolina Nakahira,0000-0002-0413-1847,Universidade Federal de São Paulo,11,416,0,0,2022
A5016717006,Trevor Sharp,0000-0001-7434-9713,University of Oxford,18,415,1,10,2026
A5076337761,E Rothlin,,University of Basel,8,415,4,2,1957
A5054283485,I‐Chih Tan,,Brown Foundation Institute of Molecular Medicine for the Prevention of Human Diseases,5,415,1,0,2015
A5061231710,Michael Ashton,0000-0001-9122-8294,University of Gothenburg,7,414,0,5,2023
A5040562059,Sara So,,Johns Hopkins University,4,413,0,0,2026
A5038025366,Franklin R. Schneier,0000-0002-2938-2693,Columbia University Irving Medical Center,4,413,2,2,2024
A5103404447,Kyle Brauer Boone,0000-0003-0233-5333,,3,413,0,1,2003
A5016435392,Christoph Kraus,0000-0002-7144-2282,National Institutes of Health,10,413,2,5,2026
A5055172170,Con K. K. Stough,0000-0002-3628-3220,Swinburne University of Technology,13,412,3,5,2019
A5063194367,Alex J. Krotulski,0000-0003-1775-1882,Fredric Rieders Family Foundation,12,412,3,4,2026
A5100410369,Hong Liu,0000-0003-3611-7131,University of California Davis Medical Center,13,412,0,0,2025
A5088057132,Jin-Jin Yang,,Zhengzhou University,3,412,0,0,2023
A5000572590,Stacy M. Fischer,0000-0003-2814-7576,University of Colorado Denver,8,411,2,1,2026
A5028783771,Patrick D. Skosnik,0000-0001-6093-2625,Yale University,7,411,1,1,2023
A5109447567,Harold Rosenberg,,Bowling Green State University,9,411,4,5,2020
A5025931560,Matthew D. Schmidt,,University of Iowa,8,411,3,0,2008
A5044408743,Franco Tagliaro,0000-0002-2187-9128,University of Verona,10,411,6,3,2023
A5067998723,Chris Kostakis,,,7,411,1,1,2018
A5004924384,Liangbao Yang,0000-0002-6559-6947,Chinese Academy of Sciences,3,411,0,0,2015
A5105408866,Jinhuai Liu,0000-0003-0827-050X,Chinese Academy of Sciences,3,411,0,3,2015
A5072014302,Lace Marie Riggs,0000-0003-4368-4089,"University of Maryland, Baltimore",10,411,6,0,2025
A5037492481,Eline Pottie,0000-0002-9077-4055,Ghent University,22,410,10,0,2026
A5027610541,Toby Lea,0000-0001-5942-0550,UNSW Sydney,6,410,4,0,2025
A5032525531,Laura Hondebrink,0000-0001-9823-008X,OLVG,19,410,9,4,2026
A5044170438,Helen C Fox,0000-0002-3607-439X,Stony Brook University,9,410,2,4,2017
A5051022673,Michel H A Piette,,Ghent University,15,410,0,9,2010
A5102173742,Hu Zhu,,University of North Carolina at Chapel Hill,3,410,1,0,2020
A5070009979,Daniel J. Urban,0000-0002-2672-8468,University of North Carolina at Chapel Hill,3,410,0,0,2020
A5053454511,Jason C. Slot,0000-0001-6731-3405,Multidisciplinary Association for Psychedelic Studies,22,409,2,6,2026
A5069077328,Eloísa Dutra Caldas,0000-0002-7197-6807,Universidade de Brasília,13,409,0,12,2025
A5025381036,Pascal Kintz,0000-0002-4174-5362,Institut de Médecine et d'Epidémiologie Africaines,33,409,12,15,2025
A5061852319,David B. Repke,,,11,409,10,0,1994
A5046946887,Beth Ann Toth,,Organix (United States),4,409,0,0,2005
A5075208609,Jonathon Carl Arnold,0000-0002-0159-9997,The University of Sydney,4,409,0,0,2012
A5038902424,Anne Catherine Wagner,0000-0002-6261-0133,Metropolitan University,11,408,3,4,2025
A5106733342,Norman Stanley Miller,,University of Illinois Chicago,7,408,6,1,1997
A5073548953,Rosa Hoshi,0000-0002-3367-2327,University College London,11,408,7,0,2010
A5049381557,Icro Maremmani,0000-0002-6324-0576,University of Pisa,5,408,1,4,2025
A5021110985,Merle G. Paule,0000-0002-2051-6923,National Center for Toxicological Research,8,407,0,5,2016
A5103835983,Jacques Glowinski,,Inserm,3,407,1,1,1991
A5015645245,Walter Osika,0000-0002-1583-7319,Karolinska Institutet,14,406,0,3,2026
A5076431340,David A. Fiellin,0000-0002-4006-010X,Yale University,4,406,0,1,2025
A5074254172,Jonathan F. Fay,0000-0003-1822-2384,,7,406,0,0,2026
A5000739239,Carsten Stock,,RWTH Aachen University,3,406,0,0,2008
A5051971848,Lucas Araújo-de-Freitas,,Universidade Federal da Bahia,6,406,1,0,2021
A5005093083,Anja Loizaga-Velder,0000-0001-9523-3023,Universidad Nacional Autónoma de México,14,405,4,2,2025
A5044621941,Vicente J. Arán,0000-0002-3390-7157,Instituto de Química Médica,3,404,0,0,2017
A5052805595,Erik Olofsen,0000-0001-5709-2063,Leiden University Medical Center,9,404,0,2,2024
A5069850414,Thomas W. Ullrich,0000-0002-7397-8734,National Institutes of Health,5,404,0,0,2005
A5106222594,John A. Harvey,,Drexel University,8,404,2,6,2011
A5057481961,LEWIS R. MANDEL,,"Merck & Co., Inc., Rahway, NJ, USA (United States)",12,404,4,0,1979
A5024243687,Edward V. Evarts,,National Institutes of Health,6,403,4,2,2003
A5013945938,Marcus W. Meinhardt,0000-0002-5103-0731,Central Institute of Mental Health,27,402,5,5,2026
A5033515965,David Baumeister,0000-0002-0272-8324,King's College London,3,402,2,1,2017
A5089696001,Patricia Acosta,,NYU Langone Health,14,402,0,3,2026
A5033330443,Ana María Peiró,0000-0002-2385-3749,Municipal Institute for Medical Research,7,402,2,0,2012
A5034653432,Pavlina Zapletalova,,University Medical Center Hamburg-Eppendorf,3,402,0,0,2006
A5078470376,Lutz Wartberg,0000-0003-4422-5730,University Medical Center Hamburg-Eppendorf,3,402,0,0,2006
A5101412810,Wolfgang Maier,0000-0003-1016-8539,University of Bonn,4,402,0,0,2013
A5086477556,Isabel Escobedo,,Universidad Complutense de Madrid,8,402,2,0,2009
A5089380473,Evgenia Fotiou,0000-0002-2410-0124,Kent State University,16,401,15,0,2025
A5016941251,Richard Evans Schultes,,Harvard University,25,401,25,0,2007
A5079444049,Tânia Araújo Viel,0000-0002-4015-785X,Universidade de São Paulo,8,401,1,3,2024
A5030555096,Hudson Sousa Buck,0000-0002-1867-2441,Universidade de São Paulo,8,401,0,4,2024
A5042867939,Jennifer Swainson,0000-0002-6071-1395,University of Alberta,27,400,6,6,2026
A5032342932,Bruno Roméo,0000-0003-3699-2024,Université Paris-Saclay,16,400,8,2,2026
A5072913395,Simon P Elliott,0000-0001-5219-1687,King's College London,15,400,2,2,2025
A5039317824,Patrick M. Beardsley,0000-0003-4670-759X,Virginia Commonwealth University,4,400,1,0,2021
A5059246864,Kevin M. Creehan,,Scripps Research Institute,7,400,1,0,2018
A5019346485,C. T. J. Lamers,,Maastricht University,10,400,6,0,2010
A5049209512,Laura Orío,0000-0002-9614-4062,Universidad Complutense de Madrid,8,400,2,0,2009
A5076556524,Rik C. Schoemaker,0000-0002-7538-3005,Centre for Human Drug Research,6,400,0,0,2011
A5065976774,Allison Carol Nugent,0000-0003-2569-2480,National Institute of Mental Health,5,400,0,0,2024
A5102872929,Anders A. Jensen,0000-0002-7927-5052,University of Copenhagen,17,399,4,0,2026
A5040351790,Jean‐Claude Alvarez,0000-0001-5344-9475,Hôpital Raymond-Poincaré,28,399,6,8,2026
A5079859892,Amanda L A Mohr,0000-0003-4685-9155,Fredric Rieders Family Foundation,6,399,3,0,2024
A5041625201,J.R. Eckler,,"University at Buffalo, State University of New York",6,399,1,0,2006
A5035079972,Carine Bécamel,0000-0001-7385-681X,Centre National de la Recherche Scientifique,9,398,1,3,2025
A5086829419,Jeremy Prichard,0000-0002-8481-7100,University of Tasmania,8,398,1,0,2023
A5011181373,György Bagdy,0000-0001-8141-3410,Semmelweis University,29,398,0,28,2018
A5072520790,Jules Evans,,University of London,11,397,4,1,2025
A5021452033,Dalibor Sameš,0000-0001-6911-2260,MIND Research Institute,19,396,0,9,2026
A5113614358,Randy L. Smith,,Vanderbilt University,6,396,0,1,2007
A5033646990,Gail D. Winger,,University of Michigan,6,396,2,3,2004
A5109320338,Naoe Yamane,,The University of Tokyo,8,396,4,0,2019
A5026913339,Tal Burt,0000-0002-5853-6110,Duke University,12,396,10,1,2024
A5029269080,Melissa B. Aldrich,0000-0002-8114-7607,Brown Foundation Institute of Molecular Medicine for the Prevention of Human Diseases,3,396,0,0,2015
A5086318602,Caroline E. Fife,0000-0001-7739-1722,Memorial Hermann,4,396,0,0,2015
A5002488707,Andrew J. Lawrence,0000-0001-6836-727X,The University of Melbourne,7,395,1,2,2026
A5071214414,Thomas R. Kosten,0000-0003-1505-555X,Baylor College of Medicine,6,395,0,3,2024
A5005797528,Antônio Egídio Nardi,0000-0002-2152-4669,Universidade Federal do Rio de Janeiro,10,395,0,4,2026
A5085921817,R. A. Sandison,,Worcestershire Acute Hospitals NHS Trust,6,395,6,0,2005
A5052394256,Marie Claire Van Hout,0000-0002-0018-4060,Liverpool John Moores University,5,395,3,0,2024
A5059881887,Vasilis Ntziachristos,0000-0002-9988-0233,Helmholtz Munich,25,395,0,4,2023
A5028689548,Gooitzen M. van Dam,0000-0002-7248-8696,University Medical Center Groningen,26,395,1,21,2024
A5086179765,Sophia Armand,0000-0001-6368-3329,University of Copenhagen,20,394,1,1,2026
A5089838749,Christophe P. Stove,0000-0001-7126-348X,Ghent University,25,394,2,9,2026
A5036508505,Kristoffer Andreas Aamodt Andersen,0000-0002-9313-4459,Oslo University Hospital,7,394,3,1,2025
A5069659750,Katrina Hui,0000-0002-5472-3779,University of Toronto,5,394,0,0,2020
A5062205416,Philippe Marin,0000-0002-5977-7274,Centre National de la Recherche Scientifique,10,394,1,2,2025
A5006198823,Alessia Zani,,University of Milan,3,394,0,0,2009
A5090611150,S. James Speers,0000-0003-2027-2241,,5,394,0,4,2007
A5060399787,Jerald G. Bachman,0000-0001-8280-5096,,82,394,4,0,2013
A5113521064,Brian L. Largent,,Johns Hopkins University,3,394,2,1,1989
A5078091210,Samuel Turton,0000-0003-2911-2375,Imperial College London,3,393,1,0,2019
A5085949775,Massimo Di Giannantonio,0000-0001-9681-8058,University of Chieti-Pescara,7,393,0,3,2022
A5056401598,Manuela Telles,,Universidade Federal da Bahia,6,393,0,0,2023
A5018311040,Carol Jamieson,0000-0001-9160-0746,Janssen Research & Development (United States),18,393,4,2,2023
A5090993398,Mitch Earleywine,0000-0002-6870-0623,"University at Albany, State University of New York",40,392,21,12,2026
A5002348397,Sean J. Belouin,0000-0002-6231-8992,United States Department of Health and Human Services,7,392,2,1,2023
A5039160884,Daniel Toker,0000-0003-0983-8937,"University of California, Los Angeles",6,392,5,0,2023
A5054067532,Martin M. Monti,0000-0001-5511-3780,"University of California, Los Angeles",7,392,0,5,2026
A5111641191,Ábel Lajtha,,Nathan Kline Institute for Psychiatric Research,11,392,1,10,2001
A5111632011,John Whitfield Phillis,,University of Manitoba,3,392,0,2,1972
A5046453645,Gianluca Rosso,0000-0002-2308-9146,University of Turin,9,392,1,0,2026
A5060147506,Marc Walter,0000-0002-2238-2017,University of Basel,6,391,1,0,2021
A5044222824,Shaul Lev‐Ran,0000-0002-4953-3276,Tel Aviv University,13,391,5,5,2026
A5051764131,Melissa Mertl,,National Institute of Mental Health,3,391,0,0,1999
A5109407248,Abraham Wikler,,United States Public Health Service,5,391,4,0,1980
A5113560202,B. Andresen,,University Medical Center Hamburg-Eppendorf,3,391,0,0,2006
A5034175033,Raffaella Margherita Milani,0000-0003-1683-2410,University of West London,6,391,4,0,2011
A5034300117,Bertha K. Madras,0000-0001-5971-2238,McLean Hospital,5,390,2,3,2022
A5020492413,David S. Mathai,0000-0001-9972-601X,Baylor College of Medicine,17,390,11,0,2026
A5104045132,David E. Nichols,,University of North Carolina at Chapel Hill,6,390,0,2,2025
A5089969011,Ivar Øye,,Uppsala University,3,390,0,2,1995
A5110741678,Sara Reed,,Imperial College London,7,389,0,0,2025
A5106037399,Robert W. Walker,,"Merck & Co., Inc., Rahway, NJ, USA (United States)",10,389,3,3,1979
A5004899435,Johannes Jungwirth,0009-0008-8142-5874,University of Zurich,5,388,3,1,2026
A5000122559,Dean F. Wong,0000-0001-9343-8367,Mallinckrodt (United States),5,388,1,1,2024
A5013789751,Bruno Spinosa De Martinis,0000-0002-2702-5190,Universidade de Ribeirão Preto,9,388,2,4,2026
A5039669321,Benjamin J. Tscharke,0000-0002-3292-3534,The University of Queensland,13,388,2,1,2026
A5038759638,Jianjun Cheng,0000-0001-6065-2682,ShanghaiTech University,7,387,0,3,2026
A5009741880,Jan G. Bruhn,,Uppsala University,9,387,8,1,2008
A5020022993,Rosa Montes,0000-0002-4154-3541,Universidade de Santiago de Compostela,6,387,0,1,2024
A5060759005,Roberta Bassetti,,Azienda Socio Sanitaria Territoriale Grande Ospedale Metropolitano Niguarda,5,387,0,0,2023
A5010417984,M.L. Williams,0000-0002-9483-3008,Swinburne University of Technology,17,386,3,1,2026
A5039127091,Alaina M. Jaster,0000-0002-3237-394X,Virginia Commonwealth University,16,386,9,0,2026
A5067748815,Amir H. Rezvani,0000-0003-2244-0851,Duke Medical Center,7,386,6,0,2019
A5106316772,Richard D. Morin,,University of Alabama at Birmingham,20,386,0,8,1983
A5036424310,Lynn T. Singer,0000-0003-2950-9460,Case Western Reserve University,16,386,11,4,2016
A5090507160,Michael F. Grunebaum,0000-0001-5940-3478,Columbia University Irving Medical Center,5,385,1,1,2024
A5023945761,Jong‐Woo Paik,0000-0002-1804-8497,Kyung Hee University,5,385,0,0,2025
A5074782402,Felicia Ceban,0000-0001-6815-7248,University Health Network,8,384,1,0,2022
A5033861613,Gina Martin,0000-0001-5295-316X,Athabasca University,3,384,0,1,2023
A5071035368,Manuel Daza‐Losada,,Universitat de València,12,384,6,0,2014
A5060366292,Lisa Luan,0000-0003-4773-029X,University of Exeter,11,383,3,0,2026
A5027407982,Arnt Schellekens,0000-0002-7715-5209,Radboud University Nijmegen,16,382,6,3,2026
A5088026153,Rachel Yehuda,0000-0001-8307-677X,James J. Peters VA Medical Center,21,382,4,12,2026
A5045797880,Tobias Buchborn,0000-0003-0538-5184,Heidelberg University,18,382,7,0,2026
A5103892265,Magí Farré,,Municipal Institute for Medical Research,4,382,1,0,2011
A5032284161,Jennifer L. Vande Voort,0000-0002-3630-4773,Mayo Clinic,17,382,0,5,2026
A5078854787,Brent W. Stewart,0000-0001-5737-8870,"University of Maryland, Baltimore",4,382,0,0,2022
A5061877530,Alba Franquesa,,Hospital de Sant Pau,5,381,2,0,2021
A5022056962,Michael P. Bremmer,0000-0003-2352-3691,University of Chicago,5,381,0,1,2022
A5113614843,L.E. DeLanney,,California Institute for Medical Research,3,381,0,0,1988
A5108214953,Dennis L. Murphy,,National Institutes of Health,7,381,1,3,2011
A5014176663,Manuela Pellegrini,0000-0003-3348-5297,Istituto Superiore di Sanità,10,381,2,1,2016
A5080762339,Trevor W. Robbins,0000-0003-0642-5977,University of Cambridge,18,380,3,1,2025
A5064438149,Linda B. Cottler,0000-0001-5643-8536,University of Florida,12,380,1,8,2025
A5028843093,Anne Mithoefer,,College of Charleston,3,379,0,0,2024
A5030055089,Ross J. Baldessarini,0000-0001-9718-8211,Harvard University,8,379,2,4,2025
A5018974380,James H. Heym,,Princeton University,5,379,2,0,1997
A5067913949,Johannes Kornhuber,0000-0002-8096-3987,Friedrich-Alexander-Universität Erlangen-Nürnberg,4,378,2,0,2017
A5011559531,Dongmei Cao,0000-0002-2115-8777,Chinese Academy of Sciences,4,378,1,0,2026
A5043620988,Isabel Wießner,0000-0003-1653-2565,Universidade Federal do Rio Grande do Norte,23,378,9,1,2026
A5066451732,Roberto Delsignore,,University of Parma,4,378,0,1,2002
A5004639113,Malcolm J. Reid,0000-0002-9988-4867,Norwegian Institute for Water Research,5,378,2,0,2021
A5072516779,James I. Koenig,0000-0003-1930-6870,Case Western Reserve University,4,378,0,0,1987
A5033271906,Sergio De Filippis,0000-0002-6521-3379,,10,378,0,3,2025
A5091490801,Yonatan Sanz Perl,0000-0002-1270-5564,Universitat Pompeu Fabra,28,377,0,3,2026
A5008932341,Nicole Amada,0000-0003-3017-5664,City University of New York,5,377,2,0,2022
A5065396462,Guillermo Cecchi,0000-0003-1013-8348,IBM Research - Thomas J. Watson Research Center,5,377,0,1,2020
A5091081896,A R Green,,De Montfort University,4,377,0,2,2002
A5089828912,Tori L. Schaefer,,Cincinnati Children's Hospital Medical Center,16,377,4,0,2013
A5005427567,Tommaso Barba,0000-0003-2565-4628,Imperial College London,15,376,2,1,2026
A5089893994,Paul H. Hoch,,New York State Psychiatric Institute,8,376,4,4,1960
A5111964912,Kora de Bruin,,Amsterdam UMC Location University of Amsterdam,4,376,0,0,2012
A5110641348,Eric L. Barker,,Purdue University West Lafayette,7,376,2,1,2017
A5089955461,Pierre‐Michel Llorca,0000-0001-7438-8990,Centre National de la Recherche Scientifique,15,376,2,2,2026
A5029512095,Tiziana Rubino,0000-0002-3128-6377,University of Insubria,7,375,0,4,2024
A5028716827,Gregorio Gómez-Jarabo,,Universidad Autónoma de Madrid,4,375,0,3,2008
A5036936464,Jonathan Paul Roiser,0000-0001-8269-1228,University College London,11,375,6,0,2016
A5022791089,Peter Roy‐Byrne,,University of Washington,7,375,6,1,2019
A5081969877,David A. Bender,0000-0001-9842-2110,Washington University in St. Louis,8,374,6,0,2025
A5002202404,Emma M. Bonniwell,0000-0001-5743-852X,Medical College of Wisconsin,7,374,1,0,2025
A5110110521,Ronald K. Siegel,,"University of California, Los Angeles",14,374,12,1,2017
A5011816558,Richard H. Rech,,Michigan State University,17,374,3,14,1989
A5113496726,Manfred R. Moeller,,Saarland University,4,374,3,0,2005
A5029101014,Stefan Boehm,0000-0002-0205-2459,Medical University of Vienna,6,373,0,0,2016
A5009149756,Jan K. Buitelaar,0000-0001-8288-7757,Radboud University Medical Center,5,373,0,0,2010
A5110273230,Thomas S. Ray,,University of Oklahoma,3,373,3,0,2015
A5021140380,Metten Somers,0000-0002-9381-5596,University Medical Center Utrecht,16,372,1,2,2026
A5044995419,Paul Cumming,0000-0002-0257-9621,University Hospital of Bern,35,372,4,19,2026
A5111529150,Reese T. Jones,,"University of California, San Francisco",3,372,1,1,2002
A5108383729,Richard Jed Wyatt,,St. Elizabeths Hospital,8,372,2,4,1978
A5075876888,William H. McGlothlin,,,10,372,10,0,1985
A5034947054,José Á. Morales-García,0000-0001-9008-0056,Universidad Complutense de Madrid,5,370,2,0,2022
A5003138870,Jessica R. Gilbert,0000-0002-4194-6172,National Institute of Mental Health,6,370,1,0,2026
A5103501601,Heng Xu,,National Institutes of Health,5,370,1,0,2008
A5014993648,Jost Obrocki,,,4,370,2,0,2004
A5049003115,Michael T. Bowen,0000-0002-8965-4136,The University of Sydney,3,370,0,1,2024
A5084830545,Didier Pinault,0000-0003-3807-4817,Inserm,8,370,3,5,2022
A5044825743,Danielle M. Gerhard,0000-0001-5936-2899,Yale University,4,370,0,0,2022
A5015648875,Shariful A. Syed,0000-0002-8636-8089,Yale University,3,369,0,0,2023
A5101494359,Javier Cuevas,0000-0003-0388-844X,University of South Florida,3,369,0,3,2006
A5038373769,Angela Rodayan,,McGill University,3,369,1,0,2013
A5015042398,Ji‐chun Zhang,0000-0001-6035-6867,Shandong First Medical University,4,369,1,1,2026
A5080826593,Joshua D. Di Vincenzo,0000-0002-5309-9871,University Health Network,11,368,0,0,2024
A5014569398,Luca Pani,0000-0001-9273-2839,University of Modena and Reggio Emilia,4,368,0,0,2023
A5042476399,Matteo Marti,0000-0001-8751-2882,University of Ferrara,12,368,1,8,2025
A5024806015,Euphrosyne Gouzoulis,,Universitätsklinikum Aachen,5,368,3,1,1994
A5112777829,Ara G. Paul,,University of Michigan,8,368,1,7,1983
A5020317078,Simon H. L. Thomas,0000-0002-0581-6389,Newcastle University,6,368,0,5,2022
A5082489677,Cristina Postigo,0000-0002-7344-7044,Consejo Superior de Investigaciones Científicas,5,368,0,0,2021
A5004525209,Peter James Goadsby,0000-0003-3260-5904,"University of California, Los Angeles",3,368,0,3,2024
A5062524931,Anna Schuldt,,University of Zurich,3,367,1,0,2025
A5068518210,Julia Schweiger,0000-0003-3824-6164,Washington University in St. Louis,5,367,0,0,2025
A5100777014,Wei Zheng,0000-0003-2371-4789,Guangzhou Medical University,10,367,5,3,2025
A5069429999,Albert B. Wolbach,,United States Public Health Service,3,367,2,0,1962
A5012406363,Jonathan A. Ellman,0000-0001-9320-5512,Yale University,3,367,0,2,2024
A5038507730,M. Hamon,0000-0002-6579-1849,Inserm,13,367,1,2,2008
A5110028201,Dao‐Yao He,,Ernest Gallo Clinic and Research Center,4,366,2,0,2010
A5059461366,Raffaele Capasso,0000-0002-3335-1822,University of Naples Federico II,7,366,3,2,2017
A5086116359,Angelo Antonio Izzo,0000-0002-8557-2133,University of Naples Federico II,7,366,0,3,2017
A5070959736,John Allen,0000-0002-6205-3031,The University of Texas Medical Branch at Galveston,5,366,1,2,2023
A5012993260,Claudio Vidal Giné,0000-0002-4936-007X,,9,366,4,0,2026
A5010595739,Kevin L. Klette,,Office of the Secretary of Defense,12,364,4,1,2015
A5040589469,Laura Aalberg,,National Bureau of Investigation,8,364,3,0,2008
A5050849997,Simonetta Di Carlo,,Istituto Superiore di Sanità,8,364,0,0,2004
A5061191525,William J. A. VandenHeuvel,,"Merck & Co., Inc., Rahway, NJ, USA (United States)",9,364,0,4,1979
A5031166283,Adam Bendrioua,,University of Gothenburg,3,364,0,0,2022
A5056904977,Christopher Gottschalk,0000-0002-1105-6910,Yale University,5,363,0,0,2025
A5053016815,Ali El‐Kasaby,,University of Vienna,11,363,3,0,2024
A5079864855,Samanta Yubero‐Lahoz,,Barcelona Biomedical Research Park,7,363,4,0,2014
A5061736916,Bart Ferguson,0000-0003-2507-8536,University Medical Center Utrecht,5,363,0,1,2020
A5007885245,Christine K. Black,,,6,363,0,0,1992
A5108459067,Billy R. Martin,,Virginia Commonwealth University,3,363,0,1,1995
A5003015735,Christoph Josef Schankin,0000-0003-4668-6098,University of Bern,3,363,1,0,2021
A5051515082,E. Costa,0000-0003-0792-5439,St. Elizabeths Hospital,5,362,2,3,1978
A5074725807,B. Thelen,,RWTH Aachen University,6,361,0,0,2002
A5050428979,Oliver Kudlacek,0000-0002-3086-8551,Medical University of Vienna,7,361,0,1,2024
A5054995632,Paul A. Kelly,0000-0001-6997-9788,Western General Hospital,13,361,1,4,2010
A5111338529,Douglas C. Jones,,University of Arizona,6,361,3,1,2005
A5008817922,María Jesús Andrés-Costa,0000-0002-3509-9739,Universitat de València,5,361,2,0,2020
A5013013472,Wolfgang Thormann,0000-0002-9762-1609,University of Bern,14,361,2,11,2025
A5028756547,Alexandre Rafael de Mello Schier,,,3,361,3,0,2014
A5063135046,Robert Krause,0000-0002-6916-5781,Yale University,4,360,0,0,2024
A5002412695,Hyun Kyoon Lim,0000-0001-6796-6721,University of Utah,8,360,4,1,1993
A5109383398,Alexander R.W. Forrest,0000-0003-0913-0111,Royal Hallamshire Hospital,3,360,1,2,2000
A5060626649,James A. Monn,,Eli Lilly (United States),3,360,0,0,2018
A5032763144,Albino J. Oliveira‐Maia,0000-0001-5071-3007,Champalimaud Foundation,22,359,5,6,2026
A5105885805,William L. Woolverton,,University of Mississippi Medical Center,7,359,0,4,2014
A5089494044,Francesco Fornai,0000-0002-3883-5084,University of Pisa,26,359,11,9,2008
A5059227320,James Christopher Anthony,0000-0001-7176-0929,Michigan State University,5,359,1,3,2017
A5083930144,Donel M Martin,0000-0002-8452-0390,Black Dog Institute,8,359,0,2,2026
A5045294044,Osamu Shirota,,Tokushima Bunri University,11,358,3,0,2017
A5077369578,Sonja Sučić,0000-0001-5136-8022,Medical University of Vienna,12,357,1,7,2026
A5083550855,Sandra M. Pearl,,Albany Medical College,7,357,4,1,1997
A5013343166,Munehiro Katagi,0000-0001-7405-3947,Osaka Prefectural Police Department,17,357,2,0,2012
A5035032001,Christine Darredeau,,Dalhousie University,3,357,0,1,2016
A5073232278,Isabel Dziobek,0000-0003-0150-5353,Humboldt-Universität zu Berlin,10,356,0,3,2026
A5026871690,Lisa Burback,0000-0001-9591-4355,University of Alberta,16,356,2,1,2026
A5053790926,Leandro J. Bertoglio,0000-0003-2876-1146,Universidade Federal de Santa Catarina,12,356,0,7,2026
A5015704931,Anthony Rodgers,0000-0003-1282-1896,UNSW Sydney,9,356,1,3,2026
A5042312408,A Cerletti,,Sandoz Group AG (Switzerland),15,356,6,7,1968
A5016888056,Timur A. Mavlyutov,,University of Wisconsin–Madison,6,356,2,0,2017
A5022179841,Kevin T. Ball,0000-0001-9322-0456,Bloomsburg University,12,356,11,1,2022
A5026837899,Abraham Z. Snyder,0000-0002-3379-9627,Washington University in St. Louis,10,355,0,0,2026
A5035094826,Janis Phelps,,California Institute of Integral Studies,8,355,3,0,2026
A5005354583,Camila Sanz,,Consejo Nacional de Investigaciones Científicas y Técnicas,7,355,5,0,2022
A5062268890,Domenico De Berardis,0000-0003-4415-5058,University of Teramo,20,355,1,7,2026
A5109917559,Kurt Rasmussen,,,9,355,6,0,2025
A5076203891,Chantal Moret,,Pierre Fabre (France),7,355,5,1,1993
A5108386707,Frederick Benington,,University of Alabama,25,355,13,1,1983
A5103140401,Paul T. Henderson,0000-0003-4238-0446,Accelerated Medical Diagnostics (United States),30,355,5,18,2023
A5102941606,Brian Pilecki,,Oregon Clinic,7,354,1,1,2024
A5103392574,Linda Chang,,"University of California, Los Angeles",3,354,1,0,2003
A5007616749,N. Narasimhachari,,Virginia Commonwealth University,20,354,11,3,1990
A5104582094,Edward F. Domino,,University of Michigan,5,354,0,5,1994
A5017606693,Teemu Gunnar,0000-0003-4304-8031,Finnish Institute for Health and Welfare,5,354,0,1,2026
A5004831559,Prerana Purohit,,United States Department of Veterans Affairs,3,354,0,0,2022
A5088266146,Marie Balı́ková,0000-0001-6334-1177,Charles University,12,353,0,2,2025
A5029010793,Olga Valverde,0000-0003-2264-7852,Universitat Pompeu Fabra,17,353,1,11,2020
A5071637884,David B. Wainscott,0000-0002-8790-1703,Eli Lilly (United States),5,352,0,0,1999
A5052344963,John M. Davis,0000-0003-3963-1654,University of Illinois Chicago,6,352,0,2,2025
A5073606057,Susan L. Rossell,0000-0002-7415-8252,Swinburne University of Technology,15,351,2,7,2026
A5082317510,Matthew K. Nock,0000-0001-6508-1145,Harvard University,10,351,0,10,2024
A5018321179,B. Rael Cahn,0000-0003-1949-0647,University of California San Diego,3,351,0,0,2010
A5026402806,Christopher D. Verrico,0000-0002-8272-0778,Harvard University,3,351,2,0,2008
A5112771448,Scott E. Lukas,0000-0001-5823-3833,Harvard University,10,351,0,1,2026
A5068351664,Nikiforos  A. Alygizakis,0000-0002-5727-4999,National and Kapodistrian University of Athens,3,351,0,0,2020
A5015637469,Gregory A. Fonzo,0000-0002-0213-1034,The University of Texas at Austin,19,350,4,6,2026
A5077685364,Sanne Y. Smith-Apeldoorn,0000-0002-9133-262X,University Medical Center Groningen,22,350,7,1,2026
A5030381992,Richard De La Garza,0000-0003-1943-4469,"University of California, Los Angeles",6,350,2,1,2018
A5109053415,Jochen Beyer,,Victorian Institute of Forensic Medicine,6,350,2,0,2011
A5113812200,BARRY S. LEVINE,,State of Maryland,8,349,2,2,2019
A5068288757,Daniela Parolaro,0000-0002-4341-5420,University of Insubria,5,349,1,1,2021
A5084868078,A.K. Cho,,"University of California, Los Angeles",4,349,0,3,1994
A5109004067,J H Woods,,University of Michigan,3,349,0,2,2007
A5060822247,Ivona Krizman-Matasic,,Ruđer Bošković Institute,5,349,1,0,2023
A5012709800,Andrea Alamia,0000-0001-9826-2161,Centre National de la Recherche Scientifique,3,349,2,0,2023
A5010376212,T. KATO,0000-0001-6166-2698,Sumitomo Dainippon Pharma (Japan),3,349,1,0,2019
A5005785269,Hanne D. Hansen,0000-0001-5564-7627,Harvard University,14,348,0,2,2024
A5084276313,Alistair Niemeijer,0000-0002-4893-7930,University of Humanistic Studies,4,348,0,0,2024
A5014654491,Pier Francesca Porceddu,0000-0002-7694-8004,University of Cagliari,7,348,2,0,2019
A5003232398,Guilherme Magnavita,0000-0002-2577-9896,Universidade Federal da Bahia,7,348,0,0,2023
A5025285333,Yuping Ning,0000-0002-5727-2782,Guangzhou Medical University,16,347,0,6,2026
A5077955988,Florence Noble,0000-0003-4497-0212,Centre National de la Recherche Scientifique,14,346,0,8,2010
A5009756113,Erik Alberto Maus,,Memorial Hermann,3,346,0,0,2011
A5070471172,Latisha A. Smith,,Memorial Hermann,3,346,0,0,2011
A5062641633,Thomas W. Flanagan,,Louisiana State University Health Sciences Center New Orleans,9,345,7,1,2024
A5091776135,Clinton E. Canal,0000-0002-7940-933X,Mercer University,8,345,3,4,2024
A5114047262,Maartje M. L. de Win,,Amsterdam UMC Location University of Amsterdam,6,345,4,0,2007
A5025006414,Danielle C. Ompad,0000-0003-0240-0393,Center for Drug Use and HIV Research,5,345,0,1,2022
A5027734406,Igor Bodı́k,0000-0002-7410-7789,Slovak University of Technology in Bratislava,4,345,0,0,2024
A5052673298,Andreas Reif,0000-0002-0992-634X,Fraunhofer Institute for Translational Medicine and Pharmacology,23,345,7,6,2026
A5056198822,Vittorio Fineschi,0000-0002-1686-3236,Sapienza University of Rome,13,344,4,8,2015
A5073770071,Antoni Camins,0000-0002-1229-5956,Biomedical Research Networking Center on Neurodegenerative Diseases,7,344,0,1,2019
A5053549595,Enrico Gerace,0000-0002-4499-4276,,5,344,2,0,2022
A5103403918,B.E. Leonard,,Ollscoil na Gaillimhe – University of Galway,7,344,3,4,2000
A5077949523,Leah E. Aluisio,,Janssen Research & Development (United States),6,344,2,0,2022
A5073782245,Athéna Demertzi,0000-0001-8021-3759,University of Liège,8,343,0,2,2025
A5023348721,Tiffany Farchione,,United States Food and Drug Administration,4,343,1,1,2026
A5112735855,Irvine H. Page,,Cleveland Clinic,10,343,0,8,1966
A5016178518,Jean‐Christophe Cassel,0000-0002-4490-9086,Centre National de la Recherche Scientifique,19,343,7,8,2020
A5056820903,Marielza Andrade Nunes,,Faculdade de Ciências Médicas da Santa Casa de São Paulo,4,343,4,0,2015
A5088146399,William Robert Martin,0000-0003-0616-0462,University of Kentucky,9,342,6,2,1986
A5051574547,Ester Heath,0000-0001-8754-6978,Jožef Stefan Institute,5,342,0,2,2024
A5027281573,Erick H. Turner,0000-0002-3522-3357,Oregon Health & Science University,8,342,2,1,2025
A5033567852,Shayam Suseelan,,King's College London,9,341,0,0,2026
A5015861287,Jerome Beck,,,5,341,2,1,2019
A5028698750,Vincent Cirimele,,ideXlab (France),12,341,1,5,2026
A5061628601,Bo R. Holmstedt,,Karolinska Institutet,8,341,3,1,1978
A5017959472,Giovanni Serpelloni,0000-0003-2616-5762,University of Verona,6,341,0,1,2022
A5035439810,Markus R. Baumgartner,0000-0002-0979-931X,University of Zurich,21,341,1,1,2026
A5008334479,Michelle M. Wood,0000-0002-9279-9993,Waters (United Kingdom),6,341,1,1,2017
A5000579005,Cheng‐Ta Li,0000-0002-0670-1153,National Yang Ming Chiao Tung University,4,341,0,1,2023
A5008623516,Jonathan A. Coleman,0000-0003-0001-6195,University of Pittsburgh,24,340,3,19,2024
A5086538803,Nicolas Garel,0000-0002-4031-9943,Stanford Medicine,17,340,5,3,2026
A5111848678,Enrique López,,"University of California, Los Angeles",5,340,0,0,2010
A5008157108,Luisa K. Alonso,,Universidade Católica de Brasília,4,340,0,0,2005
A5053566380,Evelyn Doering-Silveira,,Universidade Federal de São Paulo,5,340,3,2,2010
A5101832917,Ghanshyam N. Pandey,0000-0001-9253-4939,University of Illinois Chicago,5,340,2,3,2003
A5086275218,Eben Lloyd Rosenthal,0000-0003-0294-5203,Stanford Medicine,5,340,1,3,2023
A5013552947,Caroline A. Browne,0000-0001-7463-7870,Munster Technological University,10,340,1,2,2026
A5022851323,Emma I Kopra,0000-0003-4447-5393,King's College London,8,339,5,0,2025
A5038285386,Hana Šimonová,,IS practice,7,339,1,3,2023
A5085832078,Rachael L. Sumner,0000-0002-2652-4617,University of Auckland,23,339,3,5,2026
A5109176117,Audrey Hashim,,Nathan Kline Institute for Psychiatric Research,9,339,0,0,2001
A5035195756,Wendy M. Bosker,,Maastricht University,8,339,2,0,2015
A5052690715,Julia Lappin,0000-0001-5946-2144,UNSW Sydney,6,338,1,2,2026
A5055837884,Jonathan Ott,,,15,338,15,0,2011
A5074364653,Régis Grailhe,0000-0002-3249-4418,Columbia University,3,338,2,0,2001
A5035062742,Arthur K. Cho,,"University of California, Los Angeles",5,338,1,2,2013
A5101849902,Manish Kumar Jain,0000-0001-8173-3326,University of North Carolina at Chapel Hill,5,338,0,0,2025
A5055130836,Mason Marks,0000-0002-4310-9183,Florida State University,14,337,12,1,2025
A5039052371,Yuan‐Wei Zhang,0000-0002-4276-9251,Guangzhou University,4,337,1,1,2023
A5110073635,Samuel T. Christian,,University of Alabama at Birmingham,7,337,2,2,1984
A5079086679,Brian Ó. Mathúna,,Universitat Pompeu Fabra,6,337,0,0,2012
A5024309954,Charles B.L.M. Majoie,0000-0002-7600-9568,Amsterdam UMC Location University of Amsterdam,6,337,0,0,2011
A5102754615,Chris D. Metcalfe,0000-0002-6807-9048,Trent University,3,337,1,2,2018
A5039231830,Xaver Koenig,0000-0002-2423-4966,Medical University of Vienna,9,336,4,3,2021
A5051566641,Amin Rostami‐Hodjegan,0000-0003-3917-844X,University of Manchester,7,336,1,5,2024
A5049840520,Christine L. Duvauchelle,,The University of Texas at Austin,8,336,0,6,2013
A5001384972,Karl B. Scheidweiler,,National Institutes of Health,11,336,4,0,2013
A5060256835,Beatriz Goñi‐Allo,,Universidad de Navarra,12,336,6,0,2015
A5053114363,Domenica Nucifora,,University of Messina,4,336,0,0,2023
A5087804965,Erick Allan dos Santos Silva,0000-0002-3980-3105,Universidade Federal do Rio Grande do Norte,5,335,0,0,2019
A5033668229,Elena Argento,0000-0003-0405-0470,University of British Columbia,17,335,11,5,2025
A5038929743,Lisa H. Gold,0000-0002-2733-900X,University of California San Diego,6,335,4,0,1991
A5038540369,Andrew J. Sleight,,Roche (Switzerland),4,335,0,4,1998
A5101415681,A. Kovács,0000-0002-2957-3991,University of Debrecen,6,334,0,1,2022
A5088890098,Barry H. Rumack,0000-0003-2629-7896,University of Colorado Denver,3,334,1,1,2018
A5022674193,Derek N. Middlemiss,,MSD (UK) Limited (United Kingdom),4,334,0,2,1991
A5055934160,Hugo M. Neels,0000-0002-9034-168X,University of Antwerp,3,334,0,0,2018
A5071192697,Ichiro Ieiri,0000-0002-3543-2562,Kyushu University,7,334,3,0,2019
A5045306689,Michael Koslowski,0000-0001-8798-9875,Humboldt-Universität zu Berlin,14,333,2,1,2026
A5086746602,Federico Cavanna,0000-0001-8135-6479,Consejo Nacional de Investigaciones Científicas y Técnicas,23,333,6,0,2026
A5057847008,Devin B. Terhune,0000-0002-6792-4975,King's College London,18,333,2,12,2026
A5031815275,Randall L. Commissaris,0000-0002-0376-9064,Yale University,13,333,7,2,1985
A5110093727,James J. Filiano,,Dartmouth–Hitchcock Medical Center,4,333,0,1,2004
A5002127293,Frans H. L. Awouters,,Janssen (Belgium),7,333,2,2,1994
A5088478721,Ruri Kikura,,National Institute of Health Sciences,5,333,1,2,1998
A5061495577,Elisabeth G.E. de Vries,0000-0002-8949-7425,University Medical Center Groningen,25,333,0,0,2023
A5051454538,Bernard Lerer,0000-0002-9914-632X,Hadassah Medical Center,23,332,4,11,2025
A5054801512,Hannah M. Kramer,,Louisiana State University Health Sciences Center New Orleans,5,332,1,0,2025
A5013388478,Deborah Rudin,0000-0003-3069-9732,University of Basel,19,332,5,1,2026
A5045500471,Francis Chaouloff,0000-0001-9036-4067,Inserm,3,332,0,2,2003
A5014599111,Walter N. Pahnke,,Johns Hopkins University,6,332,4,0,2010
A5086686950,Martin Boorman,,Victoria Police,6,332,3,0,2013
A5049977439,Laetitia E. Lamberts,,University Medical Center Groningen,24,332,21,0,2023
A5104110458,Johannes S. de Jong,,University Medical Center Utrecht,24,332,0,0,2023
A5114045500,Arthur L.L. Adams,,University Medical Center Utrecht,24,332,0,0,2023
A5034861705,Jürgen Glatz,,Helmholtz Munich,24,332,0,0,2023
A5038974602,Mariëtte E.G. Kranendonk,0000-0001-9683-7494,University Medical Center Utrecht,24,332,0,0,2023
A5110338952,Anton G.T. Terwisscha van Scheltinga,,University Medical Center Groningen,24,332,0,0,2023
A5033364484,Liesbeth Jansen,0000-0002-5363-132X,University Medical Center Groningen,24,332,0,0,2023
A5007632268,Jakob de Vries,0000-0003-0710-7188,University Medical Center Groningen,24,332,0,0,2023
A5112284530,Marjolijn N. Lub–de Hooge,0000-0002-5390-2791,University Medical Center Groningen,24,332,0,0,2023
A5108528208,Carolien P. Schröder,,University Medical Center Groningen,24,332,0,0,2023
A5012154304,Annelies Jorritsma‐Smit,,University Medical Center Groningen,24,332,0,0,2023
A5017415110,Matthijs David Linssen,0000-0002-0492-066X,University Medical Center Groningen,24,332,0,0,2023
A5068359745,Esther de Boer,,University Medical Center Groningen,25,332,0,0,2023
A5009813954,Bert van der Vegt,0000-0002-2613-1506,University Medical Center Groningen,24,332,0,0,2023
A5017218126,Wouter Bastiaan Nagengast,0000-0002-6164-1536,University Medical Center Groningen,24,332,0,0,2023
A5076661327,Sjoerd Geert Elias,0000-0003-3903-4024,Utrecht University,24,332,0,0,2023
A5114377292,Sabrina Oliveira,0000-0002-6011-2122,University Medical Center Utrecht,24,332,0,0,2023
A5035925842,Arjen Joost Witkamp,0000-0002-0313-8844,University Medical Center Utrecht,24,332,0,0,2023
A5042145465,Willem P.Th.M. Mali,0000-0003-4391-0904,University Medical Center Utrecht,24,332,0,0,2023
A5090786009,Elsken van der Wall,0000-0003-2568-6937,Utrecht University,24,332,0,0,2023
A5034061890,P. J. van Diest,0000-0003-0658-2745,University Medical Center Utrecht,24,332,0,0,2023
A5113682973,Melanie Mueller,,Johns Hopkins University,15,331,11,0,2014
A5026290604,Klaus Langohr,0000-0001-7075-9192,Barcelona Biomedical Research Park,10,331,0,0,2014
A5085659267,José R. Almirall,0000-0002-5257-7499,Florida International University,5,331,0,4,2010
A5026407882,Arya Azinfar,,"University of California, Davis",3,331,0,0,2021
A5076599698,Hajime Miyaguchi,0000-0002-9768-196X,National Research Institute of Police Science,13,330,1,0,2012
A5071460745,Edward F. Domino,0000-0001-6358-5710,Wayne State University,8,330,3,5,2008
A5017059837,Valérie Compan,0000-0002-4634-2765,Inserm,4,330,1,3,2012
A5090564248,Donna M Papsun,0000-0002-1638-3259,NanoMedical Systems (United States),4,330,0,0,2022
A5064219832,Alain M. Gardier,0000-0002-0320-4880,Inserm,13,329,2,9,2025
A5100368358,Jianguo Li,0000-0001-8401-0035,Temple University,4,329,0,0,2006
A5060480219,Adenekan O. Oyefeso,,"St George's, University of London",6,329,0,1,2010
A5062592597,Leonora E. Long,0000-0002-1759-4138,UNSW Sydney,3,329,2,0,2012
A5072283411,Nikolaos I. Rousis,0000-0003-0127-7899,National and Kapodistrian University of Athens,5,329,2,0,2026
A5077296742,Petra Scholze,0000-0003-4984-6034,Medical University of Vienna,3,329,0,0,2005
A5001070586,Giuseppe Maina,0000-0002-2533-140X,Ospedale San Luigi Gonzaga,10,329,1,6,2026
A5109471978,Jordi Camarasa,,Universitat de Barcelona,13,328,3,1,2024
A5053826841,Justine P. Enns,0000-0001-6510-4060,McGill University Health Centre,3,328,0,0,2022
A5041340005,Amy Peacock,0000-0002-5705-2026,University of Tasmania,16,328,2,6,2026
A5043612087,Roland W. Freudenmann,0000-0003-1067-719X,Universität Ulm,6,328,4,1,2012
A5003663764,David C. Burr,0000-0003-1541-8832,Neuroscience Institute,4,328,0,0,2010
A5044281250,Sophia A. Vandewater,0000-0003-1584-4241,Scripps Research Institute,9,328,1,0,2021
A5109165423,James Peter Kutney,,University of British Columbia,16,328,15,0,1983
A5110819058,Edward J. Cone,,Johns Hopkins University,6,328,2,3,2014
A5058716290,Ahmad Hatim Sulaiman,0000-0002-8364-4594,University of Malaya,3,328,0,0,2023
A5090354886,Marcelo Falchi-Carvalho,0000-0002-7407-880X,Universidade Federal do Rio Grande do Norte,24,327,4,1,2026
A5048322609,Katherine R. Bonson,0000-0001-6821-7562,Center for Drug Evaluation and Research,8,327,7,0,2022
A5038172512,Peter A. G. M. De Smet,0000-0003-1762-6547,Radboud University Nijmegen,4,327,2,0,2005
A5044534806,Anthony Lozama,,University of Iowa,14,327,4,0,2013
A5006193222,Margherita Neri,0000-0002-6459-1669,University of Ferrara,11,327,1,0,2023
A5114083840,M.H. Sheard,,Yale University,3,327,1,2,1978
A5111409588,DeWitt C. Baldwin,,,4,327,3,0,1992
A5071787733,Michael J. Evans-Brown,0000-0002-2695-5740,European Monitoring Centre for Drugs and Drug Addiction,4,327,1,1,2018
A5085338188,Ronald M. Burch,,Northwestern University,3,327,0,1,2015
A5065234982,Zerrin Atakan,0000-0001-9209-3993,King's College London,3,327,0,0,2018
A5086663548,Laís F. Berro,0000-0003-4841-4117,University of Mississippi Medical Center,12,326,2,2,2024
A5012350581,Dimitris Repantis,0000-0001-5130-6286,Deutsches Zentrum für Psychische Gesundheit,22,326,1,9,2026
A5082113937,Jean‐Marie Launay,0000-0003-4809-1020,Inserm,3,326,0,0,2009
A5002820631,Andrew Weil,0000-0002-0377-7822,University of Arizona,10,326,8,2,1994
A5090535720,Juan V. Sancho,0000-0002-6873-4778,Universitat Jaume I,5,326,0,0,2021
A5082513269,Chrystalla Kyriakou,,Sapienza University of Rome,4,326,1,0,2016
A5083068952,Tim Read,0000-0002-9755-4848,Imperial College London,5,325,1,0,2023
A5069070306,Dominic Sisti,0000-0002-2282-9253,University of Pennsylvania,15,325,1,10,2025
A5034836859,E.A.V. Marinho,0000-0002-3179-2819,Universidade Estadual de Santa Cruz,9,325,1,5,2024
A5042072283,Markus Rezk,,RWTH Aachen University,4,325,0,0,2006
A5075655112,Karenza Moore,0000-0002-6048-222X,Newcastle University,5,325,2,1,2022
A5044682974,Pedram Ramin,0000-0001-7245-072X,Technical University of Denmark,4,325,1,0,2017
A5032606916,Gavin P. Reynolds,0000-0001-9026-7726,Queen's University Belfast,3,325,0,1,2010
A5111938589,A. A. Kurland,,,5,324,0,3,2017
A5001718803,Kenji Kuwayama,0000-0002-0782-8842,National Research Institute of Police Science,18,324,6,0,2026
A5033708203,Rachel Saylor Crowley,0000-0001-6366-5577,University of Kansas,11,324,1,0,2020
A5054574497,Anne Bannwarth,,University of Lausanne,3,324,1,0,2020
A5048043765,Lisa Benaglia,,University of Lausanne,4,324,2,0,2020
A5103029777,Raktim Pal,0000-0003-3961-8249,University of South Australia,4,324,4,0,2014
A5000851816,Mallavarapu Megharaj,0000-0002-6230-518X,University of South Australia,4,324,0,0,2014
A5002248149,Ravi Naidu,0000-0002-1520-2495,University of South Australia,4,324,0,3,2014
A5026013515,Emérita Sátiro Opaleye,0000-0002-0676-7881,Universidade Federal de São Paulo,8,323,1,0,2025
A5059664799,Harold E. Himwich,,,18,323,3,15,1975
A5055709689,Yang Qu,0000-0002-0847-7212,University of New Brunswick,8,323,3,5,2025
A5112287011,Steven B. Karch,,,8,323,4,1,2016
A5074186573,Maria Antonietta De Luca,0000-0002-2647-4859,University of Hertfordshire,8,323,1,3,2026
A5111522839,Raymond C. Rosen,,"University of California, San Francisco",6,322,0,0,2025
A5027516577,Éva Rajnavölgyi,,University of Debrecen,3,322,0,2,2016
A5003996185,Simon L. Hill,0000-0003-3010-8998,Newcastle University,4,322,2,1,2021
A5059785954,Martín Polanco,,CrossRoads Extremity Systems (United States),7,321,0,2,2023
A5089121796,Christopher Timmerman,,Imperial College London,5,321,0,0,2025
A5072363222,Taeho Greg Rhee,0000-0003-4961-3361,Yale University,33,321,3,9,2026
A5080334845,Marianna Graziosi,0000-0002-4177-3304,Hofstra University,9,321,4,0,2025
A5086130335,Ruben F. Kranenburg,0000-0003-1472-3739,Korps Landelijke Politiediensten,11,321,9,1,2025
A5103217720,Alison  J. Rodger,0000-0001-8817-4651,University College London,4,321,0,0,2026
A5079657912,Shinichi Nakao,0000-0001-9475-9963,Kansai Medical University,10,321,3,0,2006
A5058914493,Louis-David Lord,,Aarhus University,8,320,5,0,2024
A5047818988,Kirstie Soar,0000-0001-5557-0922,University of East London,7,320,6,1,2020
A5029869124,Hiltrud Lindenblatt,,University of Tübingen,4,320,1,0,1999
A5086829899,Gerald Zernig,0000-0002-1247-1024,Innsbruck Medical University,6,320,0,2,2007
A5029783232,R. D. Maier,,RWTH Aachen University,4,320,0,2,2000
A5050587724,Martin Bauer,0000-0003-4818-1560,Medical University of Vienna,10,320,6,1,2025
A5081281139,José Alberto Del-Porto,,Universidade Federal de São Paulo,4,320,0,0,2020
A5003615234,Licong He,0000-0002-4686-386X,Chinese Academy of Sciences,3,319,0,0,2026
A5108561769,H Osmond,,,5,319,2,2,1990
A5081079756,Sandra Alonso‐Gil,,Biomedical Research Networking Center on Neurodegenerative Diseases,5,318,0,0,2026
A5049432626,Ana Pérez‐Castillo,0000-0002-2632-5853,Biomedical Research Networking Center on Neurodegenerative Diseases,3,318,0,1,2021
A5012064066,Efrain E. Garcia,,Vanderbilt University,3,318,1,0,2007
A5010426642,Vincenzo De Luca,0000-0001-8925-9382,Brock University,6,318,0,3,2024
A5006890847,Eli Utterback,,Tulane University,3,318,0,0,2011
A5065558209,Julia E. Goodwin,,University of East London,14,318,0,0,2016
A5012038009,James P. Zacny,,University of Chicago,6,318,3,2,2000
A5088574776,Amit Khairnar,0000-0003-3375-774X,Central European Institute of Technology – Masaryk University,9,318,5,0,2015
A5113903988,Richard Saitz,0000-0002-2535-1427,,3,318,1,2,2009
A5005675665,Elizabeth D. Ballard,0000-0001-5304-0127,National Institutes of Health,7,318,0,1,2026
A5044401296,Kevin H. Yang,0000-0002-1451-258X,University of California San Diego,14,317,9,0,2026
A5069708182,Richard Chambers,0000-0003-0151-2270,Monash University,7,317,1,0,2026
A5078863520,Eirini K. Argyri,0000-0001-8456-1099,University of Exeter,10,317,3,0,2025
A5005838829,Hiroki Oguri,0000-0001-8007-1631,The University of Tokyo,7,317,0,6,2024
A5026182016,Shizhuang Weng,0000-0002-7147-8496,Anhui University,3,317,1,0,2017
A5089523890,Joseph Peill,0000-0003-0281-4617,Imperial College London,17,316,2,0,2026
A5068416781,Dimitri Daldegan‐Bueno,0000-0002-9352-2873,University of Auckland,19,316,9,1,2026
A5058289480,Byron C. Jones,0000-0002-4985-6729,University of Tennessee Health Science Center,15,316,1,5,2020
A5053969852,Óscar García‐Algar,0000-0001-5708-4362,Universitat de Barcelona,8,316,1,2,2022
A5087223465,Teodora Doherty,,Johnson & Johnson (United States),10,316,2,0,2026
A5019145772,Raúl López‐Arnau,0000-0001-8904-7398,Institut de Biomedicina de la Universitat de Barcelona,16,315,3,5,2026
A5063961231,Jamilah R. George,,University of Connecticut,3,315,1,1,2023
A5018962673,Karen Kathleen Szumlinski,0000-0003-1078-1077,Albany Medical College,11,315,8,3,2001
A5019957951,Nahum Sonenberg,0000-0002-4707-8759,McGill University,9,314,0,1,2025
A5100332004,Huan Wang,0000-0002-3816-9552,ShanghaiTech University,4,314,0,0,2026
A5080956663,S.R. White,,Washington State University,4,314,3,1,1996
A5027378505,Brian C. Kelly,0000-0003-2039-1347,Purdue University West Lafayette,5,314,1,2,2009
A5091856692,Richard Yensen,,University of British Columbia,5,314,2,0,2015
A5042265881,Vincent Bonhomme,0000-0001-6356-547X,University of Liège,11,313,1,0,2026
A5081482092,Émeline L. Maillet,0000-0003-0129-6328,University of Miami,8,313,3,3,2022
A5034075301,Mitchell B. Liester,0000-0003-4469-5185,University of Colorado Anschutz,9,313,6,3,2024
A5031160147,Meeyoung Oh Min,0000-0003-3584-6690,Case Western Reserve University,14,313,0,0,2016
A5059414275,Kiichi Ishiwata,0000-0001-5773-7992,Tokyo Metropolitan Institute of Gerontology,5,313,0,0,2014
A5100701393,Marta Di Forti,0000-0002-3218-6925,King's College London,7,313,0,5,2020
A5064302291,Patrice J. Mangin,0000-0002-9683-1866,University of Lausanne,4,313,0,4,2005
A5026609125,P. Jeffrey Conn,0000-0003-2363-0323,Vanderbilt University,4,313,0,2,2014
A5079660565,Adam Gazzaley,0000-0002-1232-9431,"University of California, San Francisco",15,312,0,0,2026
A5000395302,James J Gattuso,0000-0002-0543-8728,The University of Melbourne,16,312,13,0,2026
A5030307098,Emanuela Turillazzi,0000-0002-4067-542X,University of Pisa,8,312,1,3,2019
A5056262667,Dick de Bruin,,Centrum Verslavings Onderzoek,3,312,0,0,2010
A5044289910,Frank Romanelli,0000-0002-3792-7390,University of Kentucky,3,312,2,1,2003
A5004610453,Anneke Lubben,0009-0004-1800-5798,University of Bath,3,312,0,0,2016
A5001122545,Edith Pomarol‐Clotet,0000-0002-8159-8563,Instituto de Salud Carlos III,7,312,1,1,2024
A5090482548,Peter J. McKenna,0000-0001-5474-1144,Instituto de Salud Carlos III,7,312,0,4,2024
A5003647288,Kelly Jonkman,,Leiden University Medical Center,4,312,3,0,2020
A5042913979,Yitong Xin,0000-0001-5871-1137,University of Utah,14,311,4,2,2026
A5050578211,Jing Yu,0000-0001-7371-4512,Chinese Academy of Sciences,3,311,0,0,2026
A5112910328,Lingjie Tang,,Chinese Academy of Sciences,4,311,1,0,2026
A5105302520,Anna Maria Canudas,,Universitat de Barcelona,3,311,0,0,2008
A5005901915,Harry H. Pennes,,New York State Psychiatric Institute,4,310,2,2,1957
A5006189053,Gisela Skopp,0000-0003-0093-7744,Institut für Rechtsmedizin,13,310,3,6,2020
A5071507961,Amadeu Llebaria,0000-0002-8200-4827,Consejo Superior de Investigaciones Científicas,5,310,0,0,2003
A5068960790,Erin A Kolbrich,,National Institutes of Health,6,310,3,0,2009
A5050699823,Teodora Macchia,,Istituto Superiore di Sanità,6,310,0,3,2004
A5057183308,Matthias Georg Schwab,0000-0002-9984-075X,Dr. Margarete Fischer-Bosch-Institute of Clinical Pharmacology,5,309,1,0,2023
A5056414535,MARTIN H. KEELER,,University of North Carolina at Chapel Hill,8,309,7,1,1971
A5006946768,Jih‐Heng Li,0000-0003-4712-9517,Kaohsiung Medical University,9,309,1,3,2021
A5110162518,Gaylord D. Ellison,,"University of California, Los Angeles",5,309,2,2,1993
A5061363389,Paul Stamets,0000-0003-1319-6914,Washington Department of Natural Resources,12,308,2,0,2025
A5047041215,Nicolas Fabresse,0000-0001-9131-2306,Hôpital de la Timone,20,308,3,5,2026
A5026858849,Konstantine K. Zakzanis,0000-0001-7859-9701,University of Toronto,9,308,8,1,2013
A5000210550,Stephen J. Kish,0000-0003-0237-1756,Centre for Addiction and Mental Health,6,308,5,1,2009
A5109400840,Wayne D. Bowen,,National Institutes of Health,3,308,2,1,2001
A5030135921,Dieter Wilhelm Riemann,0000-0002-1968-6220,University of Freiburg,3,308,0,1,2021
A5077451608,Juan José Fuentes,0000-0003-1355-8444,Universitat Autònoma de Barcelona,4,307,1,0,2026
A5067372536,Chantelle Thomas,,University of Wisconsin–Madison,6,307,0,1,2025
A5083288942,Michael Scott-Ham,,,5,307,1,4,2025
A5086956327,Conan H. Kornetsky,,Boston University,7,307,1,3,1988
A5083744753,A.R Green,,De Montfort University,3,307,0,3,1999
A5021262299,Robert Klitzman,0000-0002-6827-8063,New York State Psychiatric Institute,3,307,3,0,2006
A5112089246,Richard J. Sundberg,,University of Virginia,11,307,11,0,2003
A5036827887,R. Graham Cooks,0000-0002-9581-9603,Purdue University West Lafayette,8,307,0,3,2025
A5040398033,Nicolas Singewald,0000-0002-0166-3370,Universität Innsbruck,3,307,1,1,2023
A5047700085,Herwig Just,,Medical University of Vienna,3,307,0,0,2010
A5089007961,Karl Peltzer,0000-0002-5980-0876,Human Sciences Research Council,3,307,3,0,2018
A5080186393,Katherine M. Keyes,0000-0002-5624-021X,Columbia University,10,306,2,6,2026
A5108083825,David G. Grahame‐Smith,,University of Oxford,4,306,0,3,2001
A5009105076,Bastian Thimm,,RWTH Aachen University,4,306,1,0,2006
A5081909420,Gernot Hensen,,RWTH Aachen University,3,306,0,0,2005
A5067587745,Adam Wojtas,0000-0001-7785-8396,Maj Institute of Pharmacology,13,305,6,0,2026
A5108388623,A. Horita,,University of Washington,6,305,6,0,1973
A5051062120,Stéphane Doly,0000-0002-3517-8605,Inserm,3,305,2,0,2018
A5043961554,Luc Maroteaux,0000-0002-9499-8603,Inserm,3,305,0,3,2018
A5076545471,Sarah E. Fulton,0000-0003-4390-9137,Case Western Reserve University,13,305,0,2,2016
A5113546779,Jenny Button,,"St George's, University of London",3,305,0,0,2010
A5043353145,Stéphane Potvin,0000-0003-1624-378X,Institut universitaire en santé mentale de Montréal,7,305,4,3,2023
A5007020829,Matthew Macaluso,0000-0001-6856-6236,University of Alabama at Birmingham,8,305,0,0,2025
A5112585788,Henry Lowe,,University of the West Indies System,3,303,2,0,2023
A5079526423,Justin Grant,0000-0002-9469-2209,University of Toronto,3,303,0,1,2023
A5067632920,Amza Ali,0000-0002-7750-7470,University of the West Indies System,3,303,1,0,2023
A5081500877,Lorenzo Gordon,,University of the Commonwealth Caribbean,3,303,0,1,2023
A5101992347,Dongxue Yang,0000-0001-7128-9831,Oregon Health & Science University,4,303,1,0,2019
A5088125571,Eric Gouaux,0000-0002-8549-2360,Oregon Health & Science University,5,303,0,4,2019
A5038910133,Thomas Stockner,0000-0002-7071-8283,Institute of Pharmacology,10,303,0,0,2026
A5019454541,Briony J. Catlow,,Lieber Institute for Brain Development,3,303,3,0,2013
A5011611617,Glenn D. Newport,,National Center for Toxicological Research,9,303,0,0,2003
A5109192522,M.H.T. Roberts,,University of Edinburgh,7,303,2,2,1974
A5109136513,Amir Zaimovic,,,5,303,0,0,2003
A5008169850,Paul Gee,0000-0003-1515-761X,Christchurch Hospital,5,303,4,1,2023
A5088638080,Kenta J. Yoshida,0000-0003-4967-3831,United States Food and Drug Administration,3,303,1,0,2016
A5083533154,Manish Agrawal,0000-0001-8208-0582,Vital Therapies (United States),9,302,3,3,2025
A5049519272,Madeleine V. King,0000-0001-9290-9024,University of Nottingham,7,302,0,4,2016
A5101721560,Joaquı́n Del Rı́o,0000-0002-5747-240X,Universidad de Navarra,7,302,0,3,2007
A5074978554,Mercè Pallàs,0000-0003-3095-4254,Instituto de Salud Carlos III,5,302,0,1,2025
A5019109448,María del Mar Ramírez Fernández,0000-0002-3955-054X,Institut National de Criminalistique et de Criminologie,5,302,3,0,2025
A5007279652,Miguel Ángel Mañanas,0000-0001-9836-6083,"Biomedical Research Networking Center in Bioengineering, Biomaterials and Nanomedicine",3,301,0,0,2021
A5005240419,Jie Shi,0000-0001-6567-8160,Peking University,3,301,0,0,2024
A5021654371,Nissar A. Darmani,0000-0003-0028-099X,Western University of Health Sciences,4,301,2,2,2023
A5109098190,Alan Cowan,,Reckitt Benckiser Health Limited (United Kingdom),3,301,1,0,2007
A5090549749,Jeffrey R. Idle,0000-0002-6143-1520,,3,301,0,0,2003
A5055183128,Rémi Quirion,,SUNY Downstate Health Sciences University,4,301,2,1,2020
A5103104115,Giuseppe Nicolò,0000-0002-9377-6881,ASL Roma,4,301,0,0,2023
A5054982285,Gabriele Sani,0000-0002-9767-8752,Agostino Gemelli University Polyclinic,17,300,0,6,2026
A5083021000,Sami Ben Hamida,0000-0001-9636-9432,Inserm,17,300,6,1,2026
A5091167530,Alessandro Emiliano Vento,0000-0001-6438-0645,Marconi University,8,300,0,5,2023
A5024033169,Luís Gutiérrez-Rojas,0000-0003-0082-2189,University Hospital Zurich,13,300,1,1,2026
A5083734796,Marco Solmi,0000-0003-4877-7233,University of Ottawa,14,299,1,7,2026
A5085397541,Karlheinz Hilber,0000-0002-3033-0874,Medical University of Vienna,8,299,0,4,2021
A5075535645,Ana Maqueda,,Hospital de Sant Pau,5,299,3,0,2018
A5059384703,Philip Gerrans,0000-0002-1755-8727,The University of Adelaide,7,299,5,2,2026
A5087383129,Krzysztof Jóźwiak,0000-0001-6018-5092,Medical University of Lublin,12,299,1,3,2016
A5049978963,Armin K. Thron,,Universitätsklinikum Aachen,7,299,0,0,2004
A5046524299,CORAL E. GARTNER,0000-0002-6651-8035,The University of Queensland,3,299,0,0,2016
A5108378855,Gerold F. Kauert,,Goethe University Frankfurt,7,299,1,5,2011
A5027527524,Jerry B. Richards,,"University at Buffalo, State University of New York",5,299,0,1,2005
A5026628346,Jonah A. Padawer-Curry,0000-0003-0275-1468,Washington University in St. Louis,6,298,3,0,2025
A5024114285,Nico U.F. Dosenbach,0000-0002-6876-7078,Multidisciplinary Association for Psychedelic Studies,6,298,0,1,2026
A5014876534,Nicolas Langlitz,0000-0002-5631-8494,New School,22,298,21,0,2026
A5017832945,Amna Majeed,0000-0002-9791-9608,University of Toronto,3,298,1,0,2021
A5020958403,Scott Helsley,,Duke Medical Center,12,298,9,0,2001
A5086604644,Luciano Chaves Arantes,0000-0003-1705-1974,Polícia Civil do Distrito Federal,14,298,0,0,2026
A5062358671,Ineke De Meer,,,3,298,0,0,2014
A5081809094,Cindy Achat‐Mendes,0000-0003-4660-1525,Harvard University,5,298,3,1,2011
A5017904119,Christian Grov,0000-0001-6871-3531,Brooklyn College,8,298,2,1,2016
A5005012813,Marc P. Augsburger,0000-0002-5606-3831,Centre Hospitalier Universitaire Vaudois,11,298,3,2,2024
A5048101320,Candice M. Monson,0000-0001-6179-0788,Toronto Metropolitan University,9,297,2,2,2026
A5080595856,Tomáš Novák,0000-0001-9156-9654,Charles University,5,297,0,0,2026
A5040720948,Océane Jaquet,0000-0002-6460-7982,University of Liège,5,297,0,0,2025
A5062003959,Mohamed Ali Bahri,0000-0002-6919-3360,University of Liège,5,297,0,0,2025
A5110621189,Sidnei Moura,0000-0003-1903-6735,Universidade de Caxias do Sul,4,297,1,2,2024
A5066757406,Douglas J. Sheffler,0000-0001-8270-6565,Case Western Reserve University,3,297,1,0,2005
A5038220909,M. Obradovic,,University of Tübingen,3,297,0,0,2007
A5038443322,Matthew P. Galloway,0000-0002-7856-9606,Wayne State University,5,297,0,3,2013
A5085962598,Branden John Cord,0000-0002-9120-5989,Johns Hopkins University,5,297,0,0,2003
A5061007785,Mimi Pham,0000-0002-1992-8402,Tulane University,3,297,0,0,2012
A5007047632,Yun‐Yee Low,0000-0002-7429-4238,University of Malaya,10,297,2,0,2022
A5106182451,Thomas R. Insel,0000-0001-5031-0160,National Institutes of Health,4,297,2,2,2026
A5068302859,Cristiano Chiamulera,0000-0001-5076-8518,University of Verona,6,297,1,1,2024
A5047173122,Elise Y. Sarton,0009-0007-4403-3815,Amsterdam UMC Location University of Amsterdam,6,297,0,1,2026
A5086891012,HV Curran,,University College London,16,296,8,6,2026
A5050623309,Samuel Landsman,,,3,296,0,0,2015
A5102882244,Carl L. Hart,0000-0002-9592-9052,New York State Psychiatric Institute,5,296,0,3,2018
A5006888475,Bruce Ladenheim,0000-0001-9124-6994,National Institutes of Health,7,296,0,0,2011
A5025366813,Lucia Frau,0000-0002-9795-7313,University of Cagliari,12,296,4,0,2017
A5056715107,Fengju Bai,,Eli Lilly (United States),4,296,2,0,2004
A5019513303,Amelia M. Arria,0000-0002-6360-9265,"University of Maryland, College Park",4,296,0,2,2013
A5110046266,J. Christian Gillin,,St. Elizabeths Hospital,10,295,2,3,1979
A5021652579,Suma Jacob,0000-0001-7434-7398,University of Illinois Chicago,3,295,0,2,2016
A5036424676,Kurt James Varner,0000-0001-5460-8044,Louisiana State University,9,295,1,7,2012
A5069572535,Zongqi Xia,0000-0003-1500-2589,National Institute of Mental Health,3,295,2,1,2004
A5042381817,Stevens K. Rehen,0000-0003-4216-9501,Universidade Federal do Rio de Janeiro,16,294,0,12,2026
A5031025442,Olav Spigset,0000-0001-7902-9014,Norwegian University of Science and Technology,13,294,6,1,2013
A5012680373,Ralph Metzner,,California Institute of Integral Studies,13,294,9,2,2017
A5008322371,Ingmar H. A. Franken,0000-0002-7853-2694,Erasmus University Rotterdam,3,294,2,1,2019
A5044227579,Roman Grabic,0000-0002-0935-2075,University of South Bohemia in České Budějovice,3,294,0,0,2020
A5030736037,Benedek Gy. Plósz,0000-0002-7081-7038,University of Bath,3,294,0,1,2017
A5111512595,Albert A. Kurland,,,9,294,2,3,2019
A5003486139,Graeme C. Young,0000-0003-1813-6072,GlaxoSmithKline Research & Development Limited (United Kingdom),8,294,1,0,2023
A5048178648,Trevor Archer,0000-0001-7651-3644,AstraZeneca (Sweden),14,293,8,4,1988
A5019337347,Edythe D. London,0000-0003-3577-7808,"University of California, Los Angeles",3,293,0,3,2008
A5091406235,José Benito Quintana,0000-0002-2566-8133,Universidade de Santiago de Compostela,9,293,0,3,2026
A5021438398,Rosario Rodil,0000-0002-7100-723X,Universidade de Santiago de Compostela,8,293,0,0,2026
A5072542414,Jeri D. Ropero‐Miller,0000-0002-0623-3644,RTI International,4,293,2,1,2022
A5108613802,C.M. Hysek,,University of Basel,10,292,7,1,2016
A5109993870,J. William Langston,,California Institute for Medical Research,4,292,0,4,1990
A5049198562,Sarah M. Zimmerman,0000-0003-3923-3963,University of Arkansas for Medical Sciences,4,292,0,0,2012
A5102756589,Yogesh Dwivedi,0000-0002-5359-4717,University of Alabama at Birmingham,4,292,0,1,2026
A5021097889,Tomoe Fujita,0009-0004-3161-8134,Kitasato University East Hospital,3,292,0,0,2011
A5017662956,Yordan Godinov,,Johnson & Johnson (United States),25,292,1,7,2026
A5011188240,Henry J. Olverman,,University of Edinburgh,9,291,0,2,2006
A5067306907,Jakub Fichna,0000-0002-8443-4417,Medical University of Lodz,12,291,7,3,2020
A5049540374,Kenneth J. Broadley,0000-0002-3339-2050,Cardiff University,3,291,2,1,2013
A5047493350,Laurie Higbed,,Imperial College London,5,290,1,0,2025
A5082192669,Jair C. Soares,0000-0002-5466-5628,The University of Texas Health Science Center at Houston,8,290,0,2,2025
A5063711942,Pablo Mallaroni,0000-0002-0959-2837,Maastricht University,29,290,8,0,2026
A5005182956,Vijay V. Upreti,0000-0003-1018-7166,"University of Maryland, Baltimore",6,290,3,0,2010
A5066332295,Natalie D. Eddington,,"University of Maryland, Baltimore",6,290,0,2,2010
A5109195052,Françis C. Colpaert,,Janssen (Belgium),6,290,3,1,2010
A5108932617,Denise S. Simpson,,University of Kansas,18,290,8,0,2014
A5033597650,Neil Hunt,0000-0003-3839-9865,London School of Hygiene & Tropical Medicine,3,290,0,0,2006
A5089995880,M.T.B. Schütz,,Universidade de São Paulo,3,290,1,2,1986
A5108752483,Koh Shingu,,Kansai Medical University,9,290,0,9,2006
A5064573822,Mitesh Sanghvi,,National Institutes of Health,4,290,0,0,2016
A5029590201,Ryan A. Shenvi,0000-0001-8353-6449,Scripps Research Institute,18,289,3,15,2026
A5057416043,Wallans Torres Pio dos Santos,0000-0001-6585-9930,University of Stuttgart,12,289,0,7,2025
A5068183096,Fred C.G.J. Sweep,0000-0003-1103-3070,Radboud University Nijmegen,4,289,0,0,2009
A5089855976,Robert E. Mogar,,SUNY Oneonta,8,289,4,1,1970
A5101198508,Maximillian Koch,,Helmholtz Munich,21,289,0,0,2023
A5022902859,Tijmen Bostoen,0009-0009-6395-4016,Leiden University Medical Center,7,288,1,0,2026
A5035970770,John A. Monti,,University of Alabama at Birmingham,6,288,0,2,1990
A5068956538,Christopher R. Brown,0000-0002-1998-2628,University of North Dakota,4,288,2,2,2018
A5108778722,Jean‐Michel Scherrmann,,Centre National de la Recherche Scientifique,10,288,0,3,2010
A5025692086,Kevin F. Boehnke,0000-0003-3696-3979,University of Michigan,27,287,4,16,2026
A5073706410,Jae Sevelius,0000-0002-8318-038X,Columbia University Irving Medical Center,6,287,1,2,2026
A5079148415,Ignacio Carrera,0000-0002-6053-3162,Universidad de la República de Uruguay,25,287,0,10,2026
A5004567087,Donata Favretto,0000-0003-2176-6876,University of Padua,7,287,4,2,2025
A5032360468,Paul J. Gresch,0000-0002-7020-010X,Vanderbilt University,4,287,3,0,2010
A5050626902,Kathryn S. Saadat,,De Montfort University,8,287,4,0,2006
A5084466438,Jorge M. P. J. Garrido,0000-0001-8981-231X,Polytechnic Institute of Porto,5,287,0,1,2024
A5080901408,Santo Davide Ferrara,,University of Padua,6,287,1,5,2011
A5016925888,Daniele Di Corcia,,,4,287,0,0,2023
A5083956843,Evangelia Liakoni,0000-0002-2239-1378,OLVG,9,286,3,2,2026
A5058639834,Rongjian Liu,0000-0003-4946-6859,Yale University,3,286,1,0,2025
A5081510526,Richard C. Stillman,,National Institute on Drug Abuse,6,286,2,0,1979
A5017953059,Elena Puerta,0000-0001-5695-5787,Universidad de Navarra,13,286,6,1,2015
A5005183232,Christophoros Christophoridis,0000-0003-2298-7136,Aristotle University of Thessaloniki,3,286,1,0,2021
A5111940989,K. Fytianos,,Aristotle University of Thessaloniki,3,286,0,1,2021
A5022470998,Jitender Sareen,0000-0001-8573-6495,University of Manitoba,4,285,0,1,2025
A5086015019,Ivan Senta,0000-0002-3308-5122,Ruđer Bošković Institute,5,285,2,0,2023
A5091503846,Radek Jurok,0000-0002-5379-1745,"University of Chemistry and Technology, Prague",8,284,0,0,2026
A5004120573,C Michael White,0000-0002-9367-4893,University of Connecticut,11,284,6,5,2023
A5000277095,Kateřina Hájková,0000-0002-5828-2472,"University of Chemistry and Technology, Prague",10,284,0,1,2026
A5090891106,Bart Ellenbroek,0000-0003-1996-4873,,19,284,4,6,2025
A5025785133,Joel Porfírio Pinto,0000-0001-6084-7818,Conselho Nacional de Desenvolvimento Científico e Tecnológico,3,284,0,0,2011
A5087533435,Ilkka Antero Ojanperä,0000-0001-5790-1473,University of Helsinki,8,284,2,5,2023
A5080409445,Joyce Colussi‐Mas,,Victoria University of Wellington,7,284,2,1,2013
A5030227504,Andrew C. Scallet,,National Center for Toxicological Research,7,284,2,1,2001
A5077970525,Frank C. Verhulst,0000-0003-4871-2210,Erasmus MC,4,284,0,2,2006
A5005373623,Clint G. Gurtman,,The University of Sydney,3,284,1,0,2003
A5021578255,Mark Tahtouh,,Australian Federal Police,7,284,0,0,2017
A5035602131,Francesco Saverio Romolo,0000-0002-5334-0960,University of Bergamo,3,284,0,2,2024
A5067273148,Clancy Cavnar,0009-0007-9790-3650,Institute of Plant Biology,20,283,4,9,2025
A5027095561,Wim J. Riedel,0000-0001-7264-4460,Maastricht University,5,283,0,2,2007
A5028283874,Daniel Martins,0000-0002-1317-2819,Universidade do Porto,8,283,2,0,2024
A5028913352,Nigel C. Jones,0000-0002-1080-8439,Monash University,4,283,1,0,2023
A5110050318,Benoît Rive,,Johnson & Johnson (France),11,283,0,1,2025
A5032850472,Juliana Nascimento,0000-0003-3126-4984,Universidade Estadual de Campinas (UNICAMP),10,282,0,0,2024
A5023435459,Luc de Haro,0000-0003-2250-6312,Hôpital Sainte-Marguerite,3,282,0,0,2018
A5031114197,J. D. A. Whitelaw,,Worcestershire Acute Hospitals NHS Trust,3,282,1,2,1959
A5062140023,Dick de Waard,0000-0003-0262-4573,University of Groningen,8,282,3,0,2011
A5056213580,Jeremy Coyle,0000-0002-9874-6649,Friends Research Institute,8,282,1,0,2019
A5052120353,Thomas L. ter Laak,0000-0002-6182-6004,KWR Water Research Institute,9,282,3,2,2026
A5039732137,HARRY O. J. COLLIER,,University College London,3,282,3,0,1961
A5063909726,Tobin J. Dickerson,0000-0002-2758-0661,Scripps Research Institute,5,282,0,1,2018
A5111889075,Susannah Davies,,"St George's, University of London",3,282,0,0,2013
A5042163606,John L. Waddington,0000-0003-3755-3373,Royal College of Surgeons in Ireland,3,282,0,2,2010
A5010403613,Luisa Prochazkova,0000-0002-7992-3603,Leiden University,8,281,6,0,2025
A5005748301,Bernhard Witkop,,National Institute of Mental Health,5,281,0,3,1970
A5038440185,Danica E. Johnson,0000-0003-2000-7691,University Health Network,16,280,3,0,2026
A5103234980,Subha Subramanian,0000-0002-9231-3922,Hadassah Medical Center,5,280,2,0,2025
A5089054969,Valeria Capurro,0000-0002-9740-1171,University of Milan,4,280,1,0,2011
A5048111329,Jan Meulenbelt,,Utrecht University,13,280,0,1,2016
A5112738877,Francisco Javier Carod-Artal,,Hospital Virgen de la Luz,3,280,3,0,2014
A5072029577,Cristina Gil,0000-0003-2237-5594,,7,280,0,0,2023
A5014860176,Oliver H. Jonas,0000-0003-2512-2007,Brigham and Women's Hospital,22,280,8,5,2026
A5050030727,Sara de la Salle,0000-0002-1698-5938,Jewish General Hospital,10,279,2,0,2026
A5061043962,Evan Wood,0000-0001-9412-6699,University of British Columbia,4,279,0,0,2018
A5067629656,Kern von Hungen,,"University of California, Los Angeles",3,279,3,0,1975
A5109891184,Sidney Roberts,,"University of California, Los Angeles",3,279,0,0,1975
A5109528692,Diane F. Hill,,"University of California, Los Angeles",3,279,0,3,1975
A5021792444,Deepshikha Angrish,,Scripps Research Institute,3,279,0,0,2012
A5000505037,Karen L. Houseknecht,0000-0002-6967-9299,University of New England,3,279,0,0,2012
A5057167933,Kenneth G. Furton,0000-0003-2941-2597,Florida International University,3,279,0,3,2011
A5060262643,Lene Lundgaard Donovan,,University of Copenhagen,4,278,1,0,2021
A5009347113,Devon Stoliker,0000-0001-6724-4497,Monash University,25,278,15,0,2026
A5109937222,F. C. Colpaert,,,4,278,2,2,1990
A5069738672,Klaus‐Peter Lesch,0000-0001-8348-153X,University of Würzburg,10,278,1,1,2014
A5054043854,Jack D. Henion,0000-0002-9271-6975,Q2 Solutions (United States),4,278,0,4,2016
A5067477649,Duncan Thorburn Burns,0000-0002-9233-8089,Queen's University Belfast,3,278,0,0,2003
A5103485619,Andrew C. Dennis,,Queen's University Belfast,3,278,0,0,2003
A5006631203,Stevan Nikolin,0000-0003-4440-9273,Black Dog Institute,6,278,3,0,2026
A5108956430,Demetrius Perry,,Washington University in St. Louis,4,277,0,0,2025
A5077116460,Timothy O. Laumann,0000-0002-0428-427X,Washington University in St. Louis,4,277,0,0,2025
A5037717667,Nicholas V. Metcalf,,Washington University in St. Louis,4,277,0,0,2025
A5037155904,Ravi V. Chacko,0000-0003-3559-4497,University of Chicago,4,277,0,0,2025
A5044121453,Christine Horan,,Miami VA Healthcare System,4,277,0,0,2025
A5012173155,Gregers Wegener,0000-0002-0081-0068,Aarhus University,9,277,0,2,2025
A5103771965,Siân E. Evans,,University of Bath,3,277,2,0,2016
A5076577417,Roger W. Byard,0000-0002-0524-5942,The University of Adelaide,8,277,4,4,2020
A5062307345,Ryan T. Strachan,0000-0002-7169-4156,University of North Carolina at Chapel Hill,3,277,0,0,2017
A5036627459,Kathleen T. Brady,0000-0002-3944-8051,Access Health Louisiana,4,277,2,1,2023
A5004273244,Alessandro Bertolino,0000-0002-1251-1380,University of Bari Aldo Moro,5,277,0,0,2023
A5045431137,Mário Barroso,0000-0001-8848-2734,National Legal Medicine Institute,13,276,0,1,2026
A5063782496,Pamela Kryskow,0000-0003-0310-0368,Vancouver Island University,30,276,1,8,2026
A5072468811,Thomas Zilker,,München Klinik,4,276,0,2,2018
A5104355183,Jan Ramaekers,,Maastricht University,7,276,1,4,2024
A5027758024,Teresa Summavielle,0000-0003-2548-6281,Universidade do Porto,9,276,2,4,2023
A5042378690,Jesse D Brodkin,0009-0009-4846-916X,Case Western Reserve University,3,276,1,1,1994
A5079262885,Dirk J. Korf,,University of Amsterdam,8,276,0,3,2024
A5012166135,Daniel J. Kruger,0000-0002-2757-7016,University of Michigan,29,275,12,2,2026
A5024610595,Christopher James Gordon,0000-0003-2698-4864,Environmental Protection Agency,3,275,2,1,2007
A5029883781,Justin M. Saunders,0000-0003-4131-9205,Virginia Commonwealth University,3,275,1,0,2021
A5109919120,S Grof,,,9,274,4,3,2017
A5063838454,Jan Thomann,0000-0003-3820-2671,University of Basel,12,274,4,0,2026
A5079005046,William A. Frosch,,Bellevue Hospital Center,4,274,3,1,1980
A5039905549,Michael Lyvers,0000-0002-8355-3182,Bond University,10,274,8,2,2016
A5102766986,Stuart A. Collins,0000-0003-0096-0119,University of Toledo,6,274,3,0,2016
A5049054862,Prem Narayan Yadav,0000-0002-5650-9311,Central Drug Research Institute,6,274,1,1,2016
A5073345392,Herriot Tabuteau,,Axsome Therapeutics (United States),5,274,1,1,2024
A5076070835,Eija Anneli Kalso,0000-0002-4899-605X,University of Helsinki,4,274,0,3,2018
A5020986794,Raffaella Zanardi,0000-0001-5941-5663,Vita-Salute San Raffaele University,10,274,0,3,2026
A5112591683,Nídia Fernandez Ros,,Copenhagen University Hospital,3,273,0,0,2021
A5114374166,Cynthia Marie‐Claire,0000-0002-2282-134X,Inserm,8,273,3,2,2021
A5078066729,Andrew J. Coop,0000-0002-4913-9447,"University of Maryland, College Park",4,273,0,0,2024
A5083516259,John W. Huffman,0000-0003-0289-2252,Clemson University,3,273,2,0,2010
A5022055752,Despo Fatta‐Kassinos,0000-0003-1173-0941,University of Cyprus,5,273,0,2,2026
A5046054678,Claire Mokrysz,0000-0002-1970-8530,University College London,9,273,2,0,2023
A5037169539,Nadav Liam Modlin,0000-0002-3900-4354,Kingston College,20,272,8,0,2026
A5077356873,Tzuri Lifschytz,,Hadassah Medical Center,22,272,0,10,2026
A5061157286,John Gordon,0000-0002-9781-9842,Birmingham Research Park,5,272,1,2,2025
A5102884365,Nicholas M. Barnes,0000-0003-4624-9672,University of Birmingham,6,272,1,2,2025
A5066489624,Lincoln S. Hely,,Victoria University of Wellington,4,272,1,0,2010
A5060700554,Elisabet Cuyàs,0000-0001-5353-440X,Barcelona Biomedical Research Park,8,272,2,0,2013
A5005413904,María Pilar García-Pardo,0000-0003-2730-0145,Universidad de Zaragoza,16,272,12,0,2022
A5040635164,George V. Rebec,0000-0003-4790-7796,Indiana University Bloomington,9,272,2,7,2010
A5002344568,Anders Helander,0000-0001-7480-8078,Karolinska Institutet,7,272,2,3,2021
A5076659088,George S. Yacoubian,,Pacific Institute For Research and Evaluation,15,272,13,1,2007
A5015054533,Alan George Ryder,0000-0002-3133-4340,Ollscoil na Gaillimhe – University of Galway,3,272,2,1,2006
A5062810092,Petter Grahl Johnstad,0000-0002-2528-3356,University of Bergen,8,271,8,0,2023
A5035572410,Laurent Rivier,0000-0003-1281-061X,Hôpital Riviera-Chablais,4,271,1,1,2024
A5043781819,Alexus N. Landry,,Louisiana State University Health Sciences Center New Orleans,4,271,0,0,2020
A5070326850,Fabrice Besacier,0000-0003-4990-8901,Institut National de Police Scientifique,5,271,0,0,2008
A5080116577,Jørgen G. Bramness,0000-0002-9250-3144,University of Oslo,10,271,0,1,2017
A5000342687,Thomas Néfau,,,11,271,1,0,2026
A5071231101,Cristina Miliano,0000-0002-4042-468X,Virginia Tech,5,271,2,0,2026
A5040839772,Surbhi Pathania,,Yale University,3,270,0,0,2024
A5069132288,Philip E. Wolfson,0000-0003-0867-0861,"Lesbian, Gay, Bisexual and Transgender Community Center",9,270,7,2,2023
A5023720185,Kangguang Lin,0000-0003-4027-5554,Guangzhou Medical University,4,270,0,0,2022
A5119161082,Mark S. Gold,0000-0003-4713-3751,Washington University in St. Louis,16,270,4,5,2025
A5043190410,María Rosa Ballester,0000-0002-0472-9558,Centro de Investigación Biomédica en Red de Salud Mental,5,270,0,0,2021
A5113621270,Kenneth J. Sufka,,University of Mississippi,3,270,1,0,2013
A5110298315,Kevin T. Finnegan,,United States Department of Veterans Affairs,6,270,4,1,1997
A5052374354,Michael A. Nader,0000-0001-5704-0247,Wake Forest University Health Sciences,8,270,1,7,2011
A5059277121,Jean Chen Shih,0000-0003-2952-3246,University of Southern California,7,270,2,5,2001
A5071014735,James F. Carter,0000-0002-2171-8631,Queensland Health,11,270,4,0,2022
A5026879845,Kazunori Takahashi,0000-0001-5418-0586,National Institute of Health Sciences,3,270,0,1,1998
A5029359145,Gina M. Abbate,,,4,270,0,0,1990
A5039199295,Corrado Barbui,0000-0003-1073-9282,University of Verona,9,270,0,4,2025
A5087949893,Aline Pic‐Taylor,0000-0002-5121-8814,Universidade de Brasília,7,269,2,1,2020
A5062202358,Lee Phan,0000-0001-8183-0265,Brain and Cognition Discovery Foundation,4,269,0,0,2025
A5111992224,Julie K. Staley,,University of Miami,3,269,1,0,1996
A5015255749,Heesun Chung,0000-0001-8900-091X,National Forensic Institute,9,269,1,3,2011
A5072622289,Miriam Olivola,0000-0003-0914-0539,University of Milan,26,269,7,9,2026
A5008233399,Kenneth Wayne Turteltaub,,Lawrence Livermore National Laboratory,30,269,0,4,2023
A5055661024,Tetsuro Ito,0000-0003-0802-638X,Janssen (United Kingdom),6,269,0,1,2025
A5068126136,Farhan Fancy,0000-0002-9638-6061,University Health Network,4,268,1,0,2023
A5066445037,Salvador Sierra,0000-0003-2758-8265,Virginia Commonwealth University,4,268,0,0,2022
A5103876089,Claudius Lenz,,Leibniz-Institut für Naturstoff-Forschung und Infektionsbiologie e. V. - Hans-Knöll-Institut (HKI),7,267,5,0,2022
A5089386600,Elvira M. Saraiva,0000-0002-6388-5286,Universidade Federal do Rio de Janeiro,4,267,0,3,2026
A5075971429,Shawn M. Aarde,0000-0003-0804-0659,Scripps Research Institute,8,266,5,0,2017
A5111531705,Mark A. Geyer,,University of California San Diego,5,266,0,1,2000
A5088203979,Jonathan I. Bisson,0000-0001-5170-1243,Cardiff University,4,265,1,1,2025
A5003870420,Jessica J. Walsh,0000-0001-8466-8451,University of North Carolina at Chapel Hill,9,265,1,1,2026
A5010151936,Cándido Hernández López,,Universitat Autònoma de Barcelona,3,265,1,0,2002
A5100829412,Arturo G. Lerner,,Tel Aviv University,10,265,8,2,2017
A5035456196,Emma Wan Distefano,,"University of California, Los Angeles",5,265,0,0,1996
A5008529198,M Liem-Moolenaar,,Centre for Human Drug Research,6,265,5,0,2012
A5025188018,Alex K. Gearin,0000-0002-1032-4928,University of Hong Kong,20,264,16,4,2026
A5049462296,Michael Lifshitz,0000-0002-7051-4248,Jewish General Hospital,9,264,1,1,2026
A5015094186,Karla A. Moore,,State of Maryland,4,264,2,0,2006
A5022859761,Jack W. Lipton,0000-0003-0991-8275,Rush University Medical Center,8,264,2,5,2011
A5012038460,G. Mion,0000-0001-8606-0415,Université Paris Cité,6,263,6,0,2026
A5079805249,Mitchell F. Roitman,0000-0003-3973-635X,University of Illinois Chicago,4,263,0,3,2015
A5002933742,Jules Lavalaye,0000-0001-7475-1489,Amsterdam UMC Location University of Amsterdam,3,263,0,0,2001
A5044660083,Laurence Dujourdy,0000-0001-8318-6979,Institut National de Police Scientifique,6,263,2,0,2014
A5091811334,Aashish S. Morani,,Victoria University of Wellington,8,263,6,0,2018
A5035878135,Hailey A. Bock,0000-0002-3457-9319,Medical College of Wisconsin,6,263,0,0,2024
A5113230946,Ed Prideaux,,,6,263,0,3,2026
A5031348440,Ana Cecília Lucchese,0000-0003-4093-4476,Universidade Federal de São Paulo,12,263,2,0,2023
A5035453363,Jennifer T. Wolstenholme,0000-0003-3812-9312,Virginia Commonwealth University,6,262,0,0,2026
A5028050006,Tiago Arruda Sanchez,0000-0002-2853-1490,Universidade Federal do Rio de Janeiro,5,262,1,1,2025
A5061764201,Daniel R. Wagner,0000-0002-6059-5507,University of Cologne,9,262,5,0,2015
A5022553846,Joseph H. Friedman,0000-0003-2534-4160,Brown University,5,262,2,0,2013
A5067331525,Piotr Adamowicz,0000-0002-7830-9329,,7,262,5,1,2022
A5002346096,Eulàlia Olesti,0000-0001-8677-9964,Hospital Clínic de Barcelona,7,261,1,0,2023
A5113592439,Kevin D. Burris,,Vanderbilt University,5,261,2,0,1992
A5112563927,F Jané,,Universitat Autònoma de Barcelona,3,261,0,0,2004
A5110064421,Rómeó D. Andó,,Semmelweis University,20,261,2,0,2018
A5039213851,Colleen Marie Niswender,0000-0001-6009-8212,Vanderbilt University,3,261,1,0,2014
A5070313557,Xiayun Wan,0000-0002-5173-2071,Chiba University,17,261,4,0,2026
A5049515279,Sebastian Leth‐Petersen,,University of Copenhagen,7,261,2,0,2020
A5110319706,Cam P. VanderMaelen,,Yale University,3,261,1,2,1986
A5037583749,Michel Sabé,0000-0002-8530-5596,University of Geneva,14,260,6,3,2026
A5049499127,Grant C. Glatfelter,0000-0003-1011-9083,National Institute on Drug Abuse,21,260,10,4,2026
A5016614292,Gary F. Egan,0000-0002-3186-4026,Monash University,12,260,0,0,2026
A5039504160,Björn Helm,0000-0003-4963-7523,Technische Universität Dresden,4,260,0,0,2023
A5016489626,Katrina Michelle,,New York University,4,260,0,0,2025
A5027917357,Justin C. Strickland,0000-0003-1077-0394,"University of Maryland, Baltimore",10,259,5,0,2026
A5026004959,Werner Schmidt,0000-0002-3088-8253,University of Tübingen,9,259,0,9,2006
A5066607789,Roberta Tittarelli,0000-0002-0561-3442,University of Rome Tor Vergata,4,259,2,1,2024
A5017490382,Mario Thevis,0000-0002-1535-6451,German Sport University Cologne,16,259,1,9,2026
A5074786702,Jozefien Buyze,0000-0001-6780-380X,Johnson & Johnson (United States),17,259,0,0,2026
A5111927895,Beng T. Ho,,The University of Texas Health Science Center at Houston,7,258,2,4,1980
A5085278505,Peter H. Hutson,,,8,258,1,1,2006
A5080801332,Norman A. S. Farb,0000-0002-8407-2938,University of Toronto,5,257,0,4,2025
A5086220813,Godehard Oepen,,Harvard University,3,257,1,0,1992
A5084454427,Bruce G. Minor,,AstraZeneca (Sweden),10,257,2,0,1988
A5005873522,Mase Lee,,Virginia Commonwealth University,3,257,0,0,2005
A5110576310,Eric S. Surrey,0000-0001-9518-1710,Colorado Center for Reproductive Medicine,3,257,1,0,2004
A5000306300,Timothy Furnish,0000-0002-4615-3366,University of San Diego,9,256,0,3,2026
A5100702058,Chang Lu,0000-0003-0181-5888,Virginia Tech,3,256,0,0,2025
A5004340821,Volker Auwärter,0000-0002-1883-2804,University of Freiburg,16,256,0,7,2026
A5043426788,Henry David Abraham,,Harvard University,9,256,5,4,2017
A5020846288,Insong James Lee,,Notre Dame of Maryland University,5,256,0,2,2010
A5085880411,Antonio Paparelli,,University of Pisa,23,256,0,17,2010
A5044953321,Santosh Pothula,0000-0002-8019-3396,Yale University,5,256,0,0,2020
A5003179564,Stephane Borentain,0000-0003-3312-1557,Janssen Scientific Affairs (United States),19,256,6,0,2023
A5037837514,Matthew Butler,0000-0002-9734-6539,Wellcome Centre for Human Neuroimaging,16,255,8,0,2025
A5041960695,Heith Copes,0000-0001-8029-1837,University of Alabama at Birmingham,16,255,6,0,2026
A5111856977,DANIEL J. LUCIANO,,NYU Langone Health,3,255,1,0,2000
A5063573432,José Francisco Navarro,0000-0002-5104-8974,Universidad de Málaga,19,255,4,13,2018
A5085276453,Arthur K. Cho,,"University of California, Los Angeles",4,255,0,4,1997
A5007516071,Elena Lendoiro,0000-0002-3414-0509,Universidade de Santiago de Compostela,5,255,4,0,2022
A5000344107,Albert Hofmann,,,3,255,2,1,1981
A5024537880,Sarah E. O’Connor,0000-0003-0356-6213,Max Planck Institute for Chemical Ecology,20,254,0,17,2026
A5049073682,J. G. Coen van Hasselt,0000-0002-1664-7314,Leiden University,11,254,0,2,2025
A5021017127,Olivia Gosseries,0000-0001-9011-7496,University of Liège,13,254,1,7,2025
A5017789225,David Martin,0000-0001-5783-7141,"University of Maryland, Baltimore",7,254,7,0,2024
A5054222581,Richard Laverty,,University of Otago,7,254,1,5,2001
A5024294784,María‐Paz Viveros,0000-0002-4119-4636,Universidad Complutense de Madrid,6,254,0,4,2015
A5110221984,Klaus-Dieter Krüger,,RWTH Aachen University,3,254,0,0,2000
A5043835106,Knut Erik Hovda,0000-0001-6341-8699,Oslo University Hospital,10,254,0,1,2026
A5047149020,Paul Dietze,0000-0001-7871-6234,Burnet Institute,6,254,1,0,2024
A5109153546,Ed J. M. Pennings,,,5,254,1,1,2021
A5101507985,Hongling Zhang,0000-0002-6182-0710,University of South Florida,3,254,3,0,2005
A5021921614,Kathrin Isabelle Foerster,0000-0001-8583-7181,Heidelberg University,20,254,1,1,2025
A5042996287,Daniel I. Sessler,0000-0001-9932-3077,The University of Texas Health Science Center at Houston,3,254,0,1,2026
A5025194246,Kristi W. Kaylo,,Usona Institute,5,253,0,0,2022
A5001590211,Monika Herian,0000-0002-7247-0322,University of Milan,10,253,8,0,2023
A5003584852,Claire J. Foldi,0000-0002-3293-8242,Discovery Institute,20,253,5,12,2026
A5109083060,Gantt P. Galloway,,Friends Research Institute,7,253,0,0,2019
A5044380883,Hiromitsu Takayama,0000-0003-3155-2214,Chiba University,10,253,2,3,2025
A5109171010,Pamela A. Pierce,,Stanford Medicine,4,253,2,0,1994
A5057349369,Wolfgang Wadsak,0000-0003-4479-8053,Center For Biomarker Research In Medicine,6,253,0,0,2020
A5089497655,Brian W. Pogue,0000-0002-9887-670X,Dartmouth College,13,253,3,4,2025
A5032024974,Émmanuel Stip,0000-0003-2859-2100,United Arab Emirates University,5,253,0,2,2023
A5033548247,Ginetta Collo,0000-0003-1888-5049,University of Brescia,6,253,4,2,2024
A5030315869,Emilio Merlo Pich,0000-0001-5478-235X,Takeda (Switzerland),6,253,0,4,2024
A5067273605,Sheldon B. Sparber,,University of Minnesota,11,252,4,7,1988
A5058415430,Sean B. Dolan,0000-0003-1828-9589,Johns Hopkins University,13,252,8,0,2021
A5049993782,Eric J. Nestler,0000-0002-7905-2000,The University of Texas Southwestern Medical Center,3,252,0,0,2010
A5006119780,Robert Kronstrand,0000-0002-4222-9597,Linköping University,8,252,3,0,2026
A5010247183,Elliot Marseille,0000-0001-8518-1143,"University of California, Berkeley",15,251,8,5,2026
A5091177873,Matthew B. Young,0000-0002-6077-3190,Pathways Behavioral Services,9,251,1,0,2026
A5014757039,Brian Rush,0000-0002-9289-6072,Centre for Addiction and Mental Health,18,251,2,9,2026
A5041146837,Christina Sagioglou,0000-0002-7085-789X,Universität Innsbruck,10,251,1,8,2025
A5103084900,Ian R. Brown,0000-0001-7109-6861,University of Toronto,12,251,0,12,2016
A5015948029,Shawn P. Vorce,,Armed Forces Institute of Pathology,4,251,1,0,2010
A5085870107,A. Richard Green,0000-0002-3075-5098,University of Nottingham,7,251,1,1,2016
A5109990219,Alphonse Poklis,,Virginia Commonwealth University,7,251,1,5,2016
A5027725389,Sarah C. E. Riley,0000-0001-6712-6976,University of Bath,3,251,3,0,2010
A5033990182,A.R. GREEN,,University of Oxford,3,251,1,1,1982
A5026299628,Jacob M. Hooker,0000-0002-9394-7708,Harvard University,12,250,3,4,2024
A5111683164,David H. Overstreet,,University of North Carolina at Chapel Hill,3,250,1,0,2006
A5075768239,James B. Koprich,0000-0001-9909-5991,Rush University Medical Center,5,250,2,0,2011
A5068647805,Antoine Tracqui,,Hôpital Saint-Jacques,5,250,0,0,2020
A5069161157,Daniel A. Burgard,0000-0003-2727-9307,University of Puget Sound,4,250,0,1,2026
A5054238301,Jin Young Kim,0000-0003-3187-2250,Supreme Prosecutors Office of the Republic of Korea,8,250,6,0,2019
A5004949292,Andrew B. Cao,,Medical College of Wisconsin,3,250,0,0,2023
A5034080368,Maggie M. Calkins,0000-0001-5639-0739,Medical College of Wisconsin,3,250,0,0,2023
A5012669016,Laura Alethia de la Fuente,0000-0002-5689-1709,Consejo Nacional de Investigaciones Científicas y Técnicas,13,249,0,0,2026
A5031966441,Hannah Douglass,0000-0002-4033-385X,University of Auckland,12,249,3,0,2026
A5085127841,Merve Atli,,Pathfinder International,6,249,0,0,2025
A5016767488,Frederick Sundram,0000-0002-6311-9856,University of Auckland,18,249,0,1,2026
A5033903495,Paul Fletcher,0000-0001-8906-2280,Centre for Addiction and Mental Health,5,249,4,1,2023
A5067902930,Mark D. Tricklebank,0000-0002-9949-6290,King's College London,6,249,2,2,2019
A5089787351,Sammanda Ramamoorthy,0000-0003-1093-7887,Virginia Commonwealth University,5,249,2,2,2014
A5100688431,Renata Silva,0000-0001-9962-7548,Universidade do Porto,13,249,0,3,2025
A5082432867,Xavier Declèves,0000-0002-9526-2294,Inserm,9,249,0,3,2015
A5106851215,L.Y. Lin,,"University of California, Los Angeles",3,249,3,0,1997
A5083047501,Prakash S. Masand,0000-0003-1973-9449,National University of Singapore,3,249,0,1,2022
A5072267838,Annette Johansen,0000-0003-0264-2368,Copenhagen University Hospital,12,248,0,0,2026
A5062999838,Betina Elfving,0000-0001-6939-5088,Aarhus University,8,248,0,2,2026
A5066308950,Bouwe Kuin,,University Medical Center Groningen,3,248,0,0,2023
A5009299826,Stéphane Pirnay,0000-0001-7985-8488,Centre National de la Recherche Scientifique,5,248,2,0,2009
A5063580811,Kjell A. Mortier,,Ghent University,5,248,2,0,2003
A5006286637,Gina M. Fadayel,0000-0003-2285-8262,,3,248,0,0,1992
A5028258664,Stefania Salvatore,0000-0003-1724-6181,University of Oslo,8,248,5,0,2017
A5046591925,Wojciech Lechowicz,0000-0002-5794-0373,,5,248,0,1,2022
A5017371111,Gérard Lachâtre,,Centre Hospitalier Universitaire de Limoges,6,248,0,4,2013
A5086522965,Michael Michaelides,0000-0003-0398-4917,National Institute on Drug Abuse,7,247,0,4,2025
A5001601365,Oliver Howes,0000-0002-2928-1972,King's College London,6,247,1,3,2023
A5110447298,Lynne M. Adams,,University of California San Diego,5,247,3,0,1985
A5057767291,Perry Franklin Renshaw,0000-0002-8888-4503,Harvard University,4,247,0,4,2007
A5002541055,Francesca Borrelli,0000-0002-2695-3294,University of Naples Federico II,4,247,0,0,2011
A5043867481,Gabriella Aviello,0000-0001-5301-5044,University of Naples Federico II,4,247,1,0,2012
A5056482015,Ira S. Lurie,0000-0003-3844-5120,Drug Enforcement Administration,7,247,5,2,2012
A5067679659,Mehdi Mehdizadeh,0000-0002-9268-7318,Iran University of Medical Sciences,23,247,4,12,2021
A5113456065,Kathy M. O’Boyle,,University College Dublin,4,247,0,2,2017
A5105357931,Alan A. Wilson,,Centre for Addiction and Mental Health,4,247,0,0,2009
A5062760806,Stephanie C. Dulawa,0000-0003-1281-782X,University of California San Diego,4,247,4,0,2000
A5070067902,J. Andrew Jones,0000-0002-9068-2126,Miami University,15,246,1,9,2025
A5023659704,Andrew Gaddis,0000-0002-1611-3726,Johns Hopkins University,4,246,3,0,2023
A5057324811,Mary Beth Nebel,0000-0003-0185-3382,Kennedy Krieger Institute,4,246,0,0,2023
A5047227576,Adam F. Cohen,0000-0001-7452-6222,Centre for Human Drug Research,3,246,0,3,2016
A5043839012,Virginia L. Masten,,University of California San Diego,3,246,0,0,2008
A5015610933,John T. Cody,,United States Air Force,10,246,8,2,2007
A5042966185,Frăncesca Brambilla,0000-0002-5100-5691,University of Milan,3,246,0,2,2003
A5053665043,Nuri B. Farber,0000-0003-3178-1877,Washington University in St. Louis,4,246,1,1,2022
A5053760337,Feng Yan,0000-0001-8663-6859,National Institute of Mental Health,5,245,2,1,2011
A5110190539,Tohru Kishi,,National Research Institute of Police Science,6,245,0,5,2007
A5007153887,Lucy Burns,0000-0003-3178-8091,UNSW Sydney,6,245,0,3,2017
A5013561498,Andreas Libonati Brock,0000-0002-3792-9572,Technical University of Denmark,3,245,0,0,2020
A5081973023,Grégory Conductier,0000-0003-0834-9154,Centre National de la Recherche Scientifique,3,245,2,0,2007
A5031847870,Siobhán Mulhern-Haughey,0000-0002-9708-4356,Janssen (Ireland),12,245,0,4,2025
A5012511332,S. Parker Singleton,0000-0002-7102-7820,University of Pennsylvania,9,244,8,0,2025
A5113976793,Frederick S. Barrett,,Johns Hopkins University,3,244,0,3,2023
A5058992555,Marsha Breeding,,Vanderbilt University,4,244,0,3,1991
A5059805587,David E. Presti,0000-0002-1756-449X,"University of California, Berkeley",5,244,2,2,2023
A5046933898,A.R. Green,,,3,244,0,3,1997
A5061683153,Michael J. Cima,0000-0003-2379-6139,Massachusetts Institute of Technology,4,244,0,1,2024
A5060553895,Di Qiu,,First Affiliated Hospital of Zhengzhou University,6,244,1,0,2026
A5079211767,Edward MacRae,0000-0002-2446-7145,,6,243,4,2,2016
A5063245678,Mourad Wahba,0000-0001-5019-6601,Cumbria Northumberland Tyne and Wear NHS Foundation Trust,6,243,1,0,2026
A5029766452,Mikael Palner,0000-0001-6014-2084,University of Southern Denmark,25,243,5,14,2026
A5029788021,Vibe G. Frøkjær,0000-0002-9321-2365,University of Copenhagen,9,243,1,0,2024
A5018558604,Alan D. Kaye,0000-0003-2464-0187,Louisiana State University,13,243,3,7,2026
A5080375606,Emmanuel Valjent,0000-0002-1034-606X,Centre National de la Recherche Scientifique,4,243,0,2,2022
A5088521919,J. H. Sklerov,,State of Maryland,4,243,3,1,2006
A5071802334,Neil S. Buckholtz,,National Institute of Mental Health,3,243,3,0,1990
A5022753411,Alan C. Swann,0000-0001-9879-6198,The University of Texas Health Science Center at Houston,6,243,1,0,2009
A5001753500,Sigrun Leonhardt,,Albany Medical College,3,243,0,0,1990
A5002420802,Emilia Marchei,0000-0002-7158-6032,Istituto Superiore di Sanità,6,243,0,0,2022
A5013602530,Giulio Mannocchi,0000-0002-3157-0968,University of Rome Tor Vergata,3,243,0,0,2024
A5061188066,Walter M. Lovenberg,,National Institutes of Health,4,243,0,4,1986
A5062401170,Kalpana Merchant,0000-0003-1118-9403,,3,243,0,0,1990
A5110093964,Hugo H. T. Kupferschmidt,,University of Zurich,5,243,1,1,2016
A5082517862,Andrzej Pilc,0000-0002-4045-0597,Maj Institute of Pharmacology,8,242,1,6,2025
A5066829283,Christopher L. Averill,0000-0001-7575-6142,Michael E. DeBakey VA Medical Center,3,242,0,0,2023
A5065391092,Graeme F. Mason,0000-0002-6573-5222,Yale University,4,242,0,2,2023
A5015687362,Fabio Centini,,University of Foggia,6,242,2,0,2010
A5040946738,Myron J. Stolaroff,,,4,242,1,1,1999
A5066890369,Ric Treble,,King's College London,5,242,0,1,2022
A5087793408,Johann Stanek,0000-0002-7269-8781,AIT Austrian Institute of Technology GmbH,5,242,0,0,2021
A5020144892,Alasdair Forsyth,,University of Auckland,4,241,3,0,2025
A5043820823,Ernest Wenkert,,Indiana University Bloomington,6,241,6,0,1978
A5010231291,Timothy A. Vortherms,,University of North Carolina at Chapel Hill,5,241,2,0,2021
A5076742256,Knut Einar Rasmussen,,University of Oslo,7,241,0,1,2011
A5026421739,Upul K. Bandarage,0000-0002-9456-6181,University of Vermont,5,241,1,0,2001
A5089387849,Tsutomu Kameyama,,Meijo University,10,241,0,7,1991
A5109509675,Rick Hermsen,,Radboud University Medical Center,3,241,0,0,2009
A5077617162,Elia E. Acevedo-Diaz,,National Institutes of Health,5,241,1,0,2023
A5052910579,Matthijs G. Bossong,0000-0001-7880-2300,Research International (United States),3,240,1,0,2025
A5034019966,Maurizio S. Riga,0000-0002-6192-1626,Centro Andaluz de Biología Molecular y Medicina Regenerativa,13,240,5,0,2023
A5068953983,W. I. Taylor,,,8,240,6,2,1968
A5101437550,Tooru Kamata,0000-0003-2921-6465,Osaka Prefectural Police Department,10,240,5,0,2011
A5061433350,Sabatino Maione,0000-0003-3850-6704,"University of Campania ""Luigi Vanvitelli""",4,240,0,1,2016
A5084902308,GARY L. BRAVO,,"University of California, Irvine Medical Center",8,240,1,3,2022
A5112099392,Mireia Ventura Vilamala,,,3,240,0,1,2017
A5016977611,Mario Amore,0000-0003-2927-2192,University of Genoa,7,240,1,1,2026
A5019387083,Won Chan Oh,0000-0001-5144-2616,University of Colorado Anschutz,3,240,0,1,2026
A5031732445,Amy Kuceyeski,0000-0002-5050-8342,Cornell University,7,239,0,6,2025
A5038288658,Terence H. W. Ching,0000-0002-8850-2237,Yale University,25,239,13,1,2026
A5022065603,Carmen Manzanedo,0000-0002-3887-9589,Universitat de València,7,239,1,0,2014
A5111718348,Jos�e E. Leysen,,Janssen (Belgium),4,239,2,1,2001
A5036502035,Per Kristian Eide,0000-0001-6881-9280,University of Bergen,8,239,8,0,1995
A5032233275,Ole Valente Mortensen,0000-0002-3487-8239,Drexel University,4,239,2,2,2013
A5011179840,Sina Nikayin,0000-0001-9024-038X,Yale University,11,239,4,2,2026
A5061410044,Deepak P. Srivastava,0000-0001-6512-9065,King's College London,4,239,0,1,2025
A5052308665,James G. Kahn,0000-0002-1259-7233,"University of California, Berkeley",8,238,0,4,2025
A5074585037,Edna Grünblatt,0000-0001-8505-7265,University of Zurich,7,238,0,1,2025
A5034491084,A.R. Chadeayne,0000-0003-0449-0337,CaaMTech (United States),14,238,2,0,2026
A5030447541,David R. Manke,0000-0002-2513-4801,University of Massachusetts Dartmouth,13,238,0,4,2026
A5061651506,Francesco Di Carlo,0000-0001-8058-3426,University of Chieti-Pescara,7,238,0,0,2025
A5034351718,Thomas Steinkellner,0000-0003-4591-4992,Medical University of Vienna,4,238,2,1,2026
A5073875210,Deborah M. Kurrasch‐Orbaugh,,Purdue University West Lafayette,5,238,0,0,2006
A5088890700,Marcello Chiarotti,,Università Cattolica del Sacro Cuore,6,238,0,4,2019
A5038460349,Jakub Wojcieszak,0000-0001-9903-7206,Medical University of Lodz,5,238,0,4,2024
A5071958702,Peter H. Boeijinga,,,4,238,0,0,2013
A5045174960,Steven Williams,0000-0003-4299-1941,King's College London,6,238,0,0,2020
A5008457324,Yanling Zhou,0000-0002-8741-9394,Guangzhou Medical University,11,238,3,4,2026
A5065349385,Sarah M. Clark,0000-0001-7328-0726,"University of Maryland, Baltimore",3,238,0,0,2022
A5076299270,Dylan Chou,0000-0001-8783-8495,Zunyi Medical University,8,238,3,4,2025
A5017119661,Ira Byock,0000-0002-3472-9567,,7,237,3,1,2024
A5006015276,Andreas Meyer‐Lindenberg,0000-0001-5619-1123,Heidelberg University,3,237,1,1,2025
A5029077541,Mohamed El-Ounsi,,Tulane University,3,237,0,0,2012
A5033552615,Ari Davis,,Tulane University,3,237,0,0,2012
A5023094324,Maarten van den Buuse,0000-0002-7555-3799,Mental Health Research Institute,12,237,3,6,2022
A5079016716,Kurt Lehner,0000-0001-7916-1357,University of Kansas,3,237,1,1,2014
A5083621146,Daniel José Barbosa,0000-0002-1726-6011,Cooperativa de Ensino Superior Politécnico e Universitário,14,237,9,1,2026
A5037220991,Arthur Guerra de Andrade,0000-0002-6856-8212,Universidade de São Paulo,9,237,0,5,2014
A5042597057,Róbert Langer,0000-0003-4255-0492,Massachusetts Institute of Technology,3,237,0,2,2016
A5087681699,Yerkebulan Kambarov,0000-0003-0362-8373,Johnson & Johnson (United States),4,237,0,0,2026
A5114093954,Christian von Holt,,Johnson & Johnson (Germany),14,237,0,1,2026
A5073440170,Phil Wolfson,,,6,236,5,1,2026
A5045365360,Márcia Renata Mortari,0000-0002-6849-6001,Universidade de Brasília,5,236,0,0,2021
A5071632293,Cathrin Rohleder,0000-0002-3559-1846,The University of Sydney,4,236,1,0,2023
A5027539660,Sebastian Dörner,,Leibniz-Institut für Naturstoff-Forschung und Infektionsbiologie e. V. - Hans-Knöll-Institut (HKI),7,236,1,0,2024
A5030544754,Justin L. Poklis,0000-0001-5470-5717,Virginia Commonwealth University,6,236,2,0,2025
A5010292106,Denis Hervé,0000-0003-1376-1522,Inserm,3,236,0,0,2009
A5113500242,M x E rcia Carvalho,0000-0002-7181-0540,Universidade do Porto,3,236,2,0,2004
A5080257551,Maria João Valente,0000-0001-6162-2426,Universidade do Porto,8,236,5,0,2021
A5115694811,Xingming Wang,0000-0001-6101-8165,Zhengzhou University,5,236,0,1,2025
A5091036093,John FitzGerald,0000-0002-8881-5698,The University of Melbourne,9,236,4,0,2023
A5027430079,Arabo A. Avanes,0000-0001-6211-7966,"University of California, Davis",7,235,1,2,2026
A5090150251,R. Adapa,0000-0002-9845-8532,University of Cambridge,6,235,0,0,2024
A5017769251,Chelsea A. Baylen,,United States Department of Veterans Affairs,3,235,1,1,2012
A5071681899,Joel Sales Giglio,,Universidade Estadual de Campinas (UNICAMP),3,235,0,0,2009
A5057149704,Richard A. Belliveau,,Harvard University,3,235,0,0,2004
A5077972365,Yolanda Picó,0000-0002-9545-0965,Consejo Superior de Investigaciones Científicas,7,235,0,5,2023
A5032158710,Samuli Kangaslampi,0000-0002-0480-9806,Tampere University,17,234,11,1,2026
A5065747481,John Clifton,,"University of Maryland, Baltimore",4,234,1,0,2022
A5110800175,Louis A. Faillace,,Johns Hopkins University,3,234,1,0,1968
A5047065171,Luc Mallet,0000-0001-8061-1167,University of Geneva,8,233,0,2,2025
A5058038900,Brian D. Earp,0000-0001-9691-2888,National University of Singapore,18,233,5,7,2026
A5044032618,Michael A. Benneyworth,0000-0001-9574-3939,Harvard University,4,233,4,0,2010
A5063658897,Lankupalle Damodara Jayanthi,0000-0002-2545-7045,Virginia Commonwealth University,3,233,2,0,2014
A5112426571,Janelle H. P. van Wel,,University of Antwerp,7,233,4,0,2016
A5077728218,Jenny L. Wiley,0000-0001-8489-2947,RTI International,6,233,3,2,2011
A5110866215,Maarten W.J. Koeter,,Amsterdam UMC Location University of Amsterdam,3,233,0,0,2015
A5110094442,Jane Carlisle Maxwell,,The University of Texas at Austin,4,233,4,0,2013
A5055103469,Hildegard Pfister,,Max Planck Institute of Psychiatry,3,233,0,0,2008
A5036346623,Katie Trinci,0000-0002-1776-2429,University College London,4,233,0,0,2023
A5034755480,Edward L. Spitznagel,,Washington University in St. Louis,3,233,0,0,2000
A5083718063,Felipe V. Gomes,0000-0003-1033-1850,Hebrew University of Jerusalem,4,233,1,1,2023
A5029099498,Yasco Aracava,,"University of Maryland, Baltimore",3,233,0,0,2022
A5046625827,Evangeline Daniela,,Victoria University of Wellington,3,232,1,2,2008
A5083358278,Céline Weyermann,0000-0002-3533-3919,University of Lausanne,4,232,1,0,2009
A5060677579,Christina Lynn Kiessel,,University of Michigan,3,232,0,0,2006
A5066657161,Isabelle Giraudon,0000-0003-4365-1404,European Monitoring Centre for Drugs and Drug Addiction,6,232,1,2,2021
A5102934409,João Felipe Nogueira Matias,0000-0001-6491-9073,European Medicines Agency,6,232,0,0,2025
A5037106755,Mani Yavi,0000-0001-8387-4720,National Institute of Mental Health,7,232,1,0,2025
A5016318094,Nakul Ravi Raval,0000-0001-5637-7219,Copenhagen University Hospital,6,231,3,0,2026
A5028037561,Carl‐Mikael Suomivuori,0000-0002-2445-8791,Stanford University,4,231,2,0,2026
A5056661855,Joji Suzuki,0000-0001-5659-6147,Brigham and Women's Hospital,19,231,1,7,2026
A5056689323,Geerte M. N. Frenken,,National Development and Research Institutes,3,231,1,0,2001
A5045146693,Siew‐Huah Lim,0000-0003-1488-1307,University of Malaya,9,231,0,2,2023
A5013680634,Prabhakar Reddy Polepally,,University of Michigan,19,231,12,1,2020
A5046856595,Nicolas Tournier,0000-0002-0755-2030,Centre National de la Recherche Scientifique,11,231,3,2,2026
A5066042763,Vanja Dakic,,Universidade Federal do Rio de Janeiro,5,230,5,0,2017
A5103441249,Renata de Moraes Maciel,,D’Or Institute for Research and Education,5,230,0,0,2017
A5062357784,Weston La Barre,,Duke University,11,230,11,0,1981
A5050854855,Hernán A. Navarro,,RTI International,8,230,0,0,2014
A5015614509,Edward J. Bilsky,0000-0002-4664-5256,University of Northern Colorado,4,230,4,0,1998
A5010185220,Brenda M. Gannon,0000-0003-1428-2400,University of Arkansas for Medical Sciences,12,230,4,2,2026
A5054111036,Shanlin Fu,0000-0002-6238-3612,University of Technology Sydney,10,230,0,5,2026
A5077781210,María Ibáñez,0000-0002-4930-8933,Universitat Jaume I,4,230,0,2,2024
A5077328267,Kalina Christoff,0000-0003-2841-8647,University of British Columbia,6,230,1,5,2026
A5080612471,GEORGE E. WOODY,0000-0003-2352-3800,Duke University,4,230,3,0,2010
A5026673722,Nige Netzband,,Universidad Nacional de la Amazonía Peruana,6,229,1,0,2024
A5055775612,Carl Roberts,0000-0003-4275-601X,University of Liverpool,14,229,7,6,2026
A5051907160,Tom ter Bogt,0000-0001-6819-4831,Utrecht University,3,229,3,0,2005
A5083448617,Rutger C. M. E. Engels,0000-0003-1944-9126,Radboud University Nijmegen,3,229,0,1,2005
A5089362417,Alois Saria,,Universität Innsbruck,6,229,0,3,2003
A5055488190,Karen L. Hanson,0000-0002-9354-8328,University of California San Diego,3,229,3,0,2009
A5027532580,Monica M. Luciana,0000-0002-8662-8151,University of Minnesota,3,229,0,2,2009
A5045225544,David A. Peters,0000-0002-2954-9000,University of Ottawa,5,229,5,0,1988
A5005425707,Laurence Lanfumey,0000-0002-4725-2737,Inserm,10,229,0,5,2013
A5103936755,James Haughton Woods,,University of Michigan,5,229,0,4,2010
A5066404161,Yūkō Fujita,0000-0002-0781-3237,Chiba University,7,229,0,0,2024
A5083864774,Cristan Farmer,0000-0001-6878-5199,National Institutes of Health,5,229,1,0,2023
A5075422198,Christina Chwyl,0000-0002-9257-6650,Portland Public Schools,20,228,12,0,2026
A5068746186,Sunjeev K. Kamboj,0000-0003-2197-0826,University College London,18,228,2,10,2026
A5058233169,Cecilia Scorza,0000-0002-8207-0146,Instituto de Investigaciones Biológicas Clemente Estable,12,228,0,1,2025
A5002090056,Edwin H. Cook,0000-0002-5848-5114,University of Illinois Chicago,3,228,2,0,2015
A5063159746,BENNETT L. LEVENTHAL,0000-0001-6985-3691,University of Illinois Chicago,3,228,0,2,2015
A5085091452,József Rácz,0000-0003-3354-1738,Semmelweis University,3,228,1,2,2013
A5047531759,Evelyn K. Lambe,0000-0002-5994-6090,Yale University,4,228,4,0,2008
A5101904087,Ann Berger,0000-0002-3764-0293,National Institutes of Health Clinical Center,5,227,0,1,2023
A5079412671,Roman Palitsky,0000-0002-0415-6411,Emory University,22,227,12,3,2026
A5014864277,Edward Jacobs,0000-0002-2622-7233,Johns Hopkins University,23,227,12,2,2026
A5030161632,Cullen L. Schmid,0000-0002-2882-1842,Scripps Research Institute,8,227,3,1,2017
A5012761158,Paul E. Mallet,0000-0003-3358-4180,University of New England,3,227,0,1,2005
A5019867617,Ana Maria Lobo,0000-0002-8941-9291,University of Lisbon,5,227,0,0,2007
A5004736498,Yolanda Valcárcel,0000-0001-5041-2204,Universidad Rey Juan Carlos,3,227,0,2,2021
A5048115716,Richard Sleeman,,Mass Spec Analytical (United Kingdom),6,227,0,4,2007
A5029871990,Robert M. Grant,0000-0002-0851-7085,"University of California, San Francisco",3,226,1,0,2023
A5011794985,Gabriel Thorens,0000-0002-3622-9179,University of Geneva,25,226,4,2,2025
A5081976341,Florian Naudet,0000-0003-3760-3801,Inserm,25,226,7,13,2026
A5042048224,Marc Galanter,0000-0002-1978-4453,New York University,6,226,3,0,2023
A5041138040,Austin Le,0000-0002-9093-5824,New York University,7,226,1,2,2023
A5000472540,Simona Zaami,0000-0001-5741-7139,Sapienza University of Rome,5,226,2,1,2020
A5053374025,Enrico Marinelli,0000-0002-7104-8744,Sapienza University of Rome,5,226,0,1,2020
A5109295872,Carolina Dizioli Rodrigues de Oliveira,,Universidade de São Paulo,7,226,4,0,2012
A5103389838,Marsha Rosenbaum,,,4,226,2,2,2010
A5021882439,Mark S. Schmidt,0000-0003-4593-4096,University of Iowa,4,226,1,0,2005
A5082380296,Daryl J. Murry,0000-0002-4169-5027,University of Iowa,4,226,0,1,2005
A5100317491,Andrew R. Green,0000-0002-0488-5913,University of Nottingham,4,226,3,0,2014
A5086487425,Thelma Schilt,0000-0002-1277-7613,Amsterdam Institute for Addiction Research,3,226,1,0,2007
A5110304903,Pirjo M. Lillsunde,,Finnish Institute for Health and Welfare,3,226,0,0,2011
A5055925937,Colin R. Garner,0000-0002-7439-7632,University of York,6,226,3,2,2015
A5063444845,Munehiro Masuzawa,,Kansai Medical University,6,226,2,0,2003
A5042656398,Dušan Hadži-Pavlović,0000-0002-2059-3865,UNSW Sydney,3,226,0,0,2023
A5021127724,Richard H. Frey,0000-0003-1816-6159,Medical University of Vienna,4,226,0,1,2025
A5060049643,Natasha Files,,Mental Health Research Canada,5,225,0,0,2022
A5052517556,Anna U. Odland,0000-0001-6464-4831,University of Copenhagen,7,225,5,0,2022
A5073349975,Stig Agurell,,Uppsala University,14,225,6,7,1975
A5044395226,Benjamin Becker,0000-0002-9014-9671,University of Bonn,11,225,2,2,2016
A5067369860,Prem C. Dandiya,,SMS Medical College,7,225,2,2,1971
A5108506985,Moon Kyo In,,Supreme Prosecutors Office of the Republic of Korea,8,225,0,6,2018
A5091366131,Joseph John Westermeyer,0000-0001-8794-4749,University of Minnesota,3,225,2,0,2012
A5031535053,Mauro Cavarra,0000-0002-5216-3157,Maastricht University,6,224,4,0,2026
A5027660601,Stephen J. Chapman,0000-0002-0617-4330,Isomer Design (Canada),8,224,3,1,2022
A5028323990,Nicolas G. Glynos,0000-0002-6952-131X,University of Michigan,19,224,10,0,2026
A5006609445,Dvora Shmulewitz,0000-0002-8297-6183,Columbia University,5,224,1,0,2024
A5085808647,Fernanda Fiel Peres,0000-0002-5361-5047,Universidade Federal de São Paulo,4,224,1,0,2025
A5016555206,Vanessa C. Abı́lio,0000-0002-4967-4765,Conselho Nacional de Desenvolvimento Científico e Tecnológico,4,224,0,3,2025
A5109707674,Richard H. Schwartz,,University of Virginia,4,224,4,0,1997
A5108451280,Claes Post,,AstraZeneca (Sweden),7,224,1,3,1986
A5102121362,Claudia Christina Wagner,,Medical University of Vienna,5,224,3,0,2010
A5014564946,Flavia Napoletano,0000-0002-6813-5281,East London NHS Foundation Trust,6,224,0,0,2020
A5081211693,Rebecca W. Gao,0000-0002-1047-0087,Stanford Medicine,3,224,3,0,2023
A5016830746,Nutte Tarn Teraphongphom,0000-0001-6390-6537,Stanford Medicine,3,224,0,0,2023
A5011570359,Nynke S. van den Berg,0000-0002-3315-2647,Stanford Medicine,3,224,0,0,2023
A5007851415,Brock A. Martin,0000-0001-8539-9556,Stanford University,3,224,0,0,2023
A5053679820,Nicholas J. Oberhelman,,Stanford Medicine,3,224,0,0,2023
A5059963442,Michael J. Kaplan,0000-0003-1541-767X,Stanford Medicine,3,224,0,0,2023
A5108514325,Steven Siying Hong,,Stanford Medicine,3,224,0,0,2023
A5057729645,Guolan Lu,0000-0002-5023-3465,Stanford Medicine,3,224,0,0,2023
A5074888499,Robert D. Ertsey,,Stanford Medicine,3,224,0,0,2023
A5046141954,Willemieke S. F. J. Tummers,0000-0003-1513-7037,Leiden University Medical Center,3,224,0,0,2023
A5010227472,Adam J. Gomez,0000-0002-3265-694X,Stanford University,3,224,0,0,2023
A5019035603,F. Christopher Holsinger,0000-0002-9594-1414,Stanford Medicine,3,224,0,0,2023
A5067230315,Christina S. Kong,0000-0003-2098-6842,Stanford University,3,224,0,0,2023
A5080553517,Jason M. Warram,0000-0001-5230-0011,University of Alabama at Birmingham,4,224,0,1,2023
A5027515817,Christine Ann Denny,0000-0002-6926-2020,Research Foundation For Mental Hygiene,10,224,0,5,2024
A5009904276,Jocelyn K. Tamura,0000-0002-0077-2057,University Health Network,3,224,0,0,2025
A5079442192,William Smith,0000-0001-6611-0817,University of North Carolina at Chapel Hill,6,223,3,3,2025
A5101853057,Ângelo Luís,0000-0003-0712-6522,University of Beira Interior,10,223,0,0,2024
A5075151552,Amit Lotan,0000-0001-7628-0975,Hadassah Medical Center,7,223,0,0,2024
A5080123719,Simon Reiche,0000-0001-7424-2262,Humboldt-Universität zu Berlin,9,223,2,0,2025
A5009535284,Saadet Inan,0000-0003-4510-392X,,4,223,2,0,2026
A5014724895,Kenneth G. Holden,,University of Iowa,5,223,1,0,2007
A5027162339,Evangelene Joy Kia Daniela,,Victoria University of Wellington,4,223,3,0,2007
A5022518166,Martin Storr,0000-0002-3444-6356,University of Mississippi,6,223,0,5,2014
A5074277610,Jennifer Paola Pascali,0000-0002-1363-3400,University of Bologna,7,223,0,1,2025
A5042620178,Markus Alexander Zeitlinger,0000-0002-1873-3953,Medical University of Vienna,10,223,0,1,2026
A5026004510,Mark F. Bear,0000-0002-9903-2541,Massachusetts Institute of Technology,3,223,0,3,2020
A5083159520,Paul B. Fitzgerald,0000-0003-4217-8096,Australian National University,11,222,1,5,2026
A5017285484,Nicholas Hoeh,0000-0002-8013-1208,University of Auckland,18,222,0,1,2026
A5005534334,Baptiste Fauvel,0000-0003-3525-3334,Université Paris Cité,15,222,6,0,2026
A5105215906,Volker Höllt,,Otto-von-Guericke-Universität Magdeburg,5,222,0,4,2014
A5066746003,Kuo‐Hsing Ma,0000-0001-8409-6828,National Defense Medical Center,14,222,1,7,2024
A5072158250,Tiziana Mennini,,Mario Negri Institute for Pharmacological Research,3,222,0,2,2006
A5085956924,Kavita M. Babu,0000-0002-2908-0468,University of Massachusetts Chan Medical School,6,222,1,5,2021
A5023301201,Robert Lew,,East Tennessee State University,3,222,2,0,1998
A5072986345,Markus Werner Hollmann,0000-0001-8248-0244,Amsterdam UMC Location University of Amsterdam,4,222,0,0,2025
A5089394793,Marc G. Blainey,,Luther University,11,221,4,0,2026
A5054349344,Venkat Bhat,0000-0002-8768-1173,St. Michael's Hospital,14,221,0,11,2026
A5089941210,Heidi Kaastrup Müller,0000-0002-9842-8114,Aarhus University,4,221,0,2,2024
A5025084207,Ioana A. Cristea,0000-0002-9854-7076,University of Padua,15,221,5,5,2025
A5056247058,Cornelis Kramers,0000-0001-5398-6414,Radboud University Nijmegen,10,221,0,2,2026
A5072298548,Alexander Botvinnik,0000-0002-6331-7174,Hadassah Medical Center,19,221,0,0,2026
A5109191193,Kent R. Olson,,"University of California, San Francisco",4,221,0,3,2014
A5090564020,Alice M. Holohean,,United States Department of Veterans Affairs,4,221,1,1,1995
A5021153019,Marco Gesi,0000-0002-7549-2500,University of Pisa,20,221,7,1,2010
A5110767128,Huang Xuemei,0009-0000-5822-0450,Purdue University West Lafayette,6,221,3,0,1994
A5048475007,Levente Móró,0000-0003-0804-3980,Semmelweis University,3,221,3,0,2017
A5081426311,Kathleen Hegadoren,0000-0001-5494-9658,University of Alberta,6,221,5,0,2004
A5103385690,Seoung‐Soo Hong,,Virginia Commonwealth University,3,221,2,0,2001
A5109440519,Shi‐Xian Deng,,Columbia University Irving Medical Center,6,221,0,0,2024
A5038241441,Sipan Haikazian,0000-0002-1325-1787,University Health Network,3,220,1,0,2023
A5032680919,Izabela Lomnicka,,Louisiana State University,4,220,0,0,2016
A5007696438,Marika Renelli,0000-0001-5715-6119,Laurentian University,5,220,3,0,2021
A5001198088,Lin Lü,0000-0001-5881-892X,Chinese Academy of Medical Sciences & Peking Union Medical College,3,220,0,2,2024
A5030809696,Frantisek Zrcek,,Police of the Czech Republic,4,220,0,2,2008
A5088205334,Caleb J. Banta‐Green,0000-0003-4084-6943,University of Washington,3,220,3,0,2016
A5050648353,Edurne Cenarruzabeitia,,Universidad de Navarra,5,220,0,2,2003
A5103541063,Daphne Simeon,,Icahn School of Medicine at Mount Sinai,3,220,3,0,2023
A5054898557,Donald W. Landry,0000-0003-4046-5665,Columbia University Irving Medical Center,5,220,0,0,2024
A5052731996,Marc Vogel,0000-0002-3088-0331,Spital Thurgau (Switzerland),3,219,2,1,2020
A5085922342,Mark A. Rizzacasa,0000-0002-7297-1303,The University of Melbourne,3,219,0,2,2005
A5039624261,Avraham Rosenberg,,National Institutes of Health,4,219,0,0,2012
A5082009756,Geoff Noller,0000-0002-5451-028X,University of Otago,9,218,1,3,2026
A5009772208,Jenna Fletcher,,Holistic Management International,5,218,0,0,2023
A5108519438,Charles D. Kaplan,,Maastricht University,3,218,1,2,2011
A5062630464,Aaron P. Monte,,University of North Carolina at Chapel Hill,5,218,5,0,1998
A5044255382,Fiona J. Couper,,University of Washington,4,218,1,3,2015
A5040066315,Arnold J. Friedhoff,,NYU Langone Health,11,218,6,4,1976
A5052657120,Christopher L. Ringwalt,0000-0001-9537-2066,Pacific Institute For Research and Evaluation,6,218,0,1,2009
A5080553084,Dan German Blazer,0000-0002-7261-9254,Duke University,5,218,0,5,2010
A5042641612,David J. Fiorella,0000-0002-2677-8780,"University at Buffalo, State University of New York",7,218,2,0,1999
A5104909539,Kenichiro Nakashima,,Nagasaki International University,11,218,1,10,2013
A5035523228,Sven Ove Ögren,0000-0003-2573-5276,Karolinska Institutet,5,218,0,0,2015
A5089455458,Hans Bräuner‐Osborne,0000-0001-9495-7388,University of Copenhagen,3,218,0,0,2020
A5070470554,Robert Hämmig,0000-0002-0956-5329,University of Bern,3,218,2,0,2016
A5108287306,Le T. Vuong,,,6,218,1,1,2018
A5018764701,Brendan D. Hare,0000-0002-6502-3188,Yale University,5,218,3,0,2020
A5102881486,Xiaoming Xu,0000-0003-4779-1316,Columbia University Irving Medical Center,5,218,0,0,2024
A5009897597,Jack Stroud,0000-0001-8534-4491,University College London,6,217,2,0,2025
A5113051781,Felix Mueller,,University Hospital of Basel,4,217,2,0,2026
A5054295807,Gilly Wolf,,Hadassah Medical Center,8,217,1,0,2024
A5083270296,Rhys Ponton,0000-0002-4833-2333,University of Auckland,11,217,0,3,2026
A5089076582,Tom H. Johnston,0000-0002-1537-8175,University Health Network,4,217,1,0,2012
A5018228116,Jonathan M. Brotchie,0000-0003-2337-0816,University Health Network,4,217,0,2,2012
A5060013080,H. J. Helmlin,,University of Bern,3,217,3,0,1996
A5030760434,Marijan Ahel,0000-0001-6923-8461,Ruđer Bošković Institute,4,217,0,1,2023
A5006323392,Senka Terzić,0000-0001-9351-3355,Ruđer Bošković Institute,4,217,0,3,2023
A5070981542,Donald W. Goodwin,,,3,217,3,0,1994
A5076810459,I. Glenn Cohen,0000-0002-0223-3305,Harvard University,7,216,1,5,2025
A5066763996,Timothy Amoroso,,Yale University,5,216,4,1,2020
A5017645194,Joel Castellanos,0000-0002-7365-7260,University of San Diego,11,216,2,5,2026
A5083360421,Charles Chavkin,0000-0001-8048-476X,University of Washington,4,216,1,3,2025
A5072980743,Hanson Gr,,University of Utah,3,216,0,2,1990
A5032710401,Patrick A. Hays,0009-0001-1861-1606,United States Department of Justice,4,216,1,0,2005
A5025821333,Emily Joy Jaehne,0000-0003-0532-1623,The University of Adelaide,6,216,5,0,2011
A5031126710,Stefano Gentili,,Istituto Superiore di Sanità,3,216,2,0,2004
A5011767068,Yeni Kim,0000-0002-2624-8026,Seoul National University,6,216,0,0,2006
A5084540916,Rebecca A. Brachman,0000-0002-1221-0414,Columbia University Irving Medical Center,5,216,0,0,2020
A5070761135,Laura Cavalleri,0000-0002-0072-9550,University of Brescia,4,216,2,0,2024
A5016315764,Rainer Spanagel,0000-0003-2151-4521,Central Institute of Mental Health,18,215,1,1,2026
A5056222921,Kate Godfrey,0000-0002-2578-2382,Imperial College London,12,215,0,0,2026
A5038029902,Kelly Francisco da Cunha,0000-0001-8078-3356,Universidade Estadual de Campinas (UNICAMP),10,215,4,1,2023
A5007704505,Amir Heydari,0000-0003-3850-053X,Urmia University,4,215,1,0,2014
A5067648153,Gary Chan,0000-0002-7569-1948,The University of Queensland,4,215,1,0,2024
A5007880527,Ymke Joline Evers,0000-0003-3859-0168,Maastricht University Medical Centre,7,215,6,0,2022
A5072287164,Christian J. P. A. Hoebe,0000-0003-1815-0974,Maastricht University Medical Centre,7,215,0,2,2022
A5016528391,Nicole H. T. M. Dukers–Muijrers,0000-0003-4896-758X,Maastricht University Medical Centre,7,215,0,3,2022
A5069564356,Dong‐Xin Wang,0000-0002-3205-1836,Peking University First Hospital,5,215,0,4,2026
A5053219186,Alexander C. McFarlane,0000-0002-3829-9509,The University of Adelaide,3,214,0,0,2025
A5003889702,Robert A. Soskin,,,5,214,1,0,2017
A5088088354,Uyen Bao Chu,,University of Wisconsin–Madison,4,214,3,0,2015
A5035413315,David Frederick,,National Center for Toxicological Research,5,214,4,0,2003
A5036555952,Peter Jenner,,King's College Hospital,4,214,3,0,1985
A5057186547,Rainer K.W. Schwarting,0000-0002-4686-3974,Philipps University of Marburg,7,214,1,4,2025
A5032829757,Yan‐Zin Chang,0000-0003-4686-9257,Chung Shan Medical University Hospital,5,214,0,4,2022
A5005611021,Akihiro Miki,0000-0002-5850-2412,Osaka Prefectural Police Department,11,214,1,0,2012
A5111428406,Lindsay B. Hough,,Albany Medical College,6,213,2,0,2000
A5078615009,Jan Copeland,0000-0002-6525-7929,UNSW Sydney,3,213,0,1,2010
A5113780044,P. C. Waldmeier,,Novartis (Switzerland),5,213,3,2,1981
A5008272720,Laurie J. Lynch,,Harvard University,3,213,0,0,2011
A5103005679,J. Michael Ramsey,0000-0002-5948-6813,"St George's, University of London",7,213,0,1,2024
A5001653266,Tsutomu Suzuki,0000-0002-9731-1731,Hoshi University,13,213,0,13,2020
A5008428607,Rafael Cela,0000-0003-3076-5007,Universidade de Santiago de Compostela,4,213,0,2,2022
A5001485089,Michael F. Weaver,0000-0001-9140-5799,,5,213,5,0,2018
A5067064957,Maria Bălăeţ,0000-0002-0562-6139,King's College London,13,213,8,3,2026
A5083921353,Mark E. Arnold,0000-0002-6961-433X,Bristol-Myers Squibb (United States),6,213,1,4,2014
A5008140765,Vladimir de Andrade Stempliuk,,Ministry of Justice and Public Security,6,213,1,0,2012
A5061848160,Lúcia Pereira Barroso,0000-0001-7929-1696,Universidade de São Paulo,6,213,1,0,2012
A5047161334,Susanne Eberl,0000-0002-6609-5888,Amsterdam UMC Location University of Amsterdam,4,213,4,0,2019
A5061105751,Lena Koers,0009-0005-2575-935X,Amsterdam UMC Location University of Amsterdam,4,213,0,0,2019
A5010634233,Edwin de Jong,,Amsterdam UMC Location University of Amsterdam,4,213,0,0,2019
A5002867682,Benedikt Preckel,0000-0003-4412-9183,Amsterdam University Medical Centers,5,213,0,5,2026
A5025821895,Ariandra Guerini Sartim,0000-0001-6383-4262,Universidade de São Paulo,5,213,3,0,2022
A5026954192,Paul Thambi,,Maryland Oncology Hematology,7,212,0,3,2023
A5024403583,Daniele Zullino,0000-0003-2468-8965,University of Geneva,25,212,4,6,2026
A5016408488,Ali John Zarrabi,0000-0002-0079-2250,Emory University,17,212,0,6,2026
A5028641420,Marcel·lí Carbó,0000-0001-7321-6732,Universitat de Barcelona,6,212,0,0,2022
A5101848770,Jenessa N. Johnston,0000-0003-2986-3179,National Institute of Mental Health,9,212,8,0,2026
A5044914417,Tetsukichi Niwaguchi,,National Research Institute of Police Science,25,212,10,4,1980
A5025852317,Omer C. Stewart,,Northern Arizona University,15,212,10,4,1998
A5049310652,Richard S. Cohen,,Fairleigh Dickinson University,3,212,3,0,1997
A5016891220,Ruth McNamara,,Trinity College Dublin,6,212,2,0,2012
A5091611892,Alison D. Beavis,0000-0001-6259-7699,University of Technology Sydney,4,212,0,0,2014
A5109226278,Walter Rudolf Jäger,,University of Vienna,4,212,0,0,2022
A5012793626,Jeremy Weleff,0000-0001-8071-7412,University of Alberta,27,211,9,10,2025
A5089773320,WaiFung Tsang,,King's College London,10,211,1,0,2025
A5010667154,Lana Strika-Bruneau,0000-0002-9434-6226,Université Paris-Saclay,14,211,2,0,2026
A5023565994,Elliot A. Stein,0000-0003-0593-0269,,4,211,0,1,2018
A5048125665,Helga Köhler,,University of Münster,7,211,0,5,2014
A5040176881,Eszter Kirilly,,Semmelweis University,20,211,5,0,2018
A5079291632,John P. Bagnall,,University of Bath,3,211,1,0,2017
A5074206527,Saskia N. de Wildt,0000-0002-0502-0647,Radboud University Nijmegen,9,211,0,5,2020
A5052144380,Josh Woolley,,San Francisco VA Medical Center,14,210,0,8,2026
A5071091088,Michael Ljuslin,0000-0002-2386-1749,University of Geneva,13,210,1,1,2025
A5033262858,Chittaranjan Andrade,0000-0003-1526-567X,National Institute of Mental Health and Neurosciences,6,210,3,3,2024
A5084519686,Steve O’Brien,0000-0002-9567-9997,Imperial College London,6,210,1,0,2026
A5077855950,Martin Brunovský,0000-0002-2483-0848,Charles University,17,210,1,1,2026
A5108663679,Bernd Schwarze,,Friedrich-Alexander-Universität Erlangen-Nürnberg,5,210,0,0,2021
A5006545419,Thibault Renoir,0000-0002-9262-3971,The University of Melbourne,24,210,6,15,2026
A5082005053,Rachel R. Horsley,0000-0003-2536-2465,National Institute of Mental Health,7,210,1,2,2026
A5046364376,Frank Tuchtenhagen,,RWTH Aachen University,5,210,2,0,2002
A5063879522,Zheng Ouyang,0000-0002-7932-0933,Tsinghua University,3,210,0,0,2026
A5063551205,Aline Viol,0000-0002-4740-3339,Scuola Internazionale Superiore di Studi Avanzati,7,209,5,0,2026
A5014553407,G. M. Viswanathan,0000-0002-2301-5593,Universidade Federal do Rio Grande do Norte,6,209,0,4,2023
A5012737033,Pascale Piolino,0000-0002-7787-924X,Université Paris Cité,13,209,0,5,2026
A5110321390,L. J. Weber,,University of Washington,3,209,0,3,1962
A5089685449,Judith A. Aldridge,0000-0002-9402-8682,University of Manchester,5,209,1,1,2024
A5039623481,Pierre K. Alexandre,0000-0001-6090-0607,Johns Hopkins University,5,209,0,3,2018
A5052030569,Facundo Carrillo,,Consejo Nacional de Investigaciones Científicas y Técnicas,6,208,1,0,2022
A5016908020,A. Pletscher,,Roche (Switzerland),7,208,1,5,1983
A5074465854,Stanley Krippner,0000-0003-0928-3564,Saybrook University,12,208,9,1,2016
A5038330222,Russell Newcombe,,Liverpool John Moores University,4,208,0,1,2005
A5047469664,Csaba Ádori,0000-0002-6084-5588,Semmelweis University,22,208,7,0,2018
A5036016819,P. Quintana,,Municipal Institute for Medical Research,7,208,0,0,2017
A5053858269,Moussa B. H. Youdim,0000-0002-1361-3872,Technion – Israel Institute of Technology,4,208,3,1,1985
A5038432008,Mollie Pleet,0000-0001-7786-4147,"University of California, San Francisco",7,207,1,0,2023
A5017096042,Ilana Berlowitz,0000-0001-6191-6934,University of Bern,9,207,6,2,2025
A5047896814,Bernhard Hommel,0000-0003-4731-5125,Shandong Normal University,5,207,0,5,2025
A5087899369,John D. Roache,0000-0002-7010-8119,The University of Texas at San Antonio Health Science Center,5,207,1,0,2022
A5111202344,Peng Huang,0000-0001-8413-3377,Temple University,3,207,0,1,2025
A5110155405,Raymond Marquis,,University of Lausanne,3,207,1,0,2008
A5088800178,Joseph S. Bozenko,0000-0003-1497-4677,Drug Enforcement Administration,3,207,0,1,2008
A5011872296,Alessandro Pirona,0000-0001-8997-284X,European Monitoring Centre for Drugs and Drug Addiction,3,207,0,1,2017
A5006430118,David N. Harper,0000-0002-7761-0179,Victoria University of Wellington,18,207,8,4,2020
A5040621617,Diana Frechilla,,Universidad de Navarra,5,207,0,3,2006
A5110279515,Laura J Hunter,,Guy's and St Thomas' NHS Foundation Trust,3,207,1,0,2014
A5054376326,P. B. Irénikatché Akponikpè,0000-0001-9195-6240,Université de Parakou,18,207,0,2,2026
A5056699828,Ira D. Hirschhorn,,Virginia Commonwealth University Medical Center,5,206,5,0,1976
A5108188555,S.E. Shortall,,University of Nottingham,6,206,3,0,2015
A5017818710,Eduardo  Mathias Richter,0000-0002-3840-8277,Universidade Federal de Uberlândia,8,206,0,0,2025
A5090011642,Rodrigo A.A. Muñoz,0000-0001-8230-5825,Universidade Federal de Uberlândia,8,206,0,2,2025
A5100750481,Cecília M. P. Rodrigues,0000-0002-4829-754X,University of Lisbon,4,206,0,0,2020
A5074132196,Youichirou Ootsuka,0000-0001-6478-5220,Flinders University,5,206,2,2,2008
A5082169798,Federica Bortolotti,0000-0002-9568-4585,University of Verona,3,206,0,1,2023
A5066595190,Lorenza S. Colzato,0000-0003-1735-1280,University of Kassel,3,206,0,1,2020
A5109165484,Natalia Pinho de Oliveira Ribeiro,,Universidade Federal do Rio de Janeiro,3,206,0,0,2012
A5064402442,Xi-sheng Shan,0000-0003-4779-1906,Soochow University,9,206,0,0,2026
A5037711388,Jiaqi Xiong,0009-0000-1623-7289,University of Toronto,3,206,1,0,2021
A5042350081,Andrea Miuli,0000-0003-2431-0460,University of Chieti-Pescara,10,205,0,0,2026
A5069086001,Stephen Bright,0000-0002-9001-032X,Edith Cowan University,18,205,6,6,2026
A5079700136,Emile Gluck‐Thaler,0000-0003-0438-7495,The Ohio State University,4,205,0,0,2019
A5068209735,Mark S. Gold,0000-0001-7138-8047,Washington University in St. Louis,8,205,0,4,2025
A5035841362,Juliana S. Salgado,0000-0002-3687-846X,Stanford Medicine,6,205,0,0,2026
A5063898483,Abraham Weizman,0000-0002-9765-8938,Tel Aviv University,7,205,0,4,2021
A5009579672,M.C.H. Oon,,Metropolitan Police Service,8,205,3,2,1993
A5066485439,Irene Riezzo,0000-0002-5490-8028,University of Foggia,6,205,2,1,2013
A5111621729,Larry D. Reid,,Rensselaer Polytechnic Institute,5,205,2,3,1996
A5110102593,JMA van Gerven,,Centre for Human Drug Research,8,205,0,3,2018
A5049030523,Christophe Soussan,,Karlstad University,3,205,2,1,2018
A5109469179,Naim Zaki,0009-0002-9695-2630,Johnson & Johnson (United States),4,205,2,0,2025
A5006190970,Chang-dong Feng,0009-0002-0231-2617,Soochow University,4,205,1,0,2023
A5076431705,Jimo Borjigin,0000-0001-7246-4232,University of Michigan,3,204,0,2,2023
A5023331122,Daniel F. Cardozo Pinto,0000-0002-6104-4643,Harvard University,5,204,0,0,2025
A5023998451,Richard W. Foltin,0000-0002-7847-7744,New York State Psychiatric Institute,4,204,0,0,2018
A5110597615,Alyson J. Bond,,,5,204,1,1,2010
A5027585283,Stephan V. Arndt,0000-0003-0783-8204,University of Iowa,4,204,1,1,2025
A5061128992,Jürgen T. Rehm,0000-0001-5665-0385,Centre for Addiction and Mental Health,7,204,1,3,2026
A5004716334,Bill Brennan,0000-0001-5140-461X,Fordham University,17,203,17,0,2025
A5015876222,Raul R. Gainetdinov,0000-0003-2951-6038,Skolkovo Institute of Science and Technology,3,203,0,0,2017
A5110825070,Stanislav Grof,,,7,203,3,2,2017
A5058476708,Marco Colizzi,0000-0001-6139-1920,University of Udine,11,203,8,0,2026
A5025021457,James W. Cosgrove,,University of Toronto,6,203,4,1,2016
A5048688457,Susan Helen Fox,0009-0004-7568-1645,University Health Network,3,203,0,1,2012
A5110011324,Kevin Lewellyn,,University of Mississippi,7,203,0,0,2020
A5061030501,Xiaodong Xu,0000-0003-4245-5989,Beijing University of Posts and Telecommunications,14,203,0,4,2026
A5045801598,Adrian Newman‐Tancredi,0000-0002-2923-5714,Neurolixis (United States),3,203,0,0,2025
A5057083182,Jens B. Aune,0000-0001-5270-1798,Norwegian University of Life Sciences,18,203,3,12,2025
A5069687057,Rosalba Carullo,,University of Chieti-Pescara,9,203,0,0,2025
A5061888683,W. Keith Campbell,0000-0002-4906-6663,University of Georgia,9,202,0,6,2025
A5049873413,Alexander R. D. Peattie,0000-0003-2115-7640,University of Cambridge,4,202,0,0,2023
A5061590526,Anne E. Manktelow,0000-0002-2319-1669,University of Cambridge,4,202,0,0,2023
A5072363065,Jan B. A. Habraken,0000-0002-1543-2485,Amsterdam UMC Location University of Amsterdam,4,202,0,0,2003
A5110041090,Vladimir I. Chefer,,National Institutes of Health,3,202,0,0,2014
A5045595920,Toni Shaun Shippenberg,,National Institutes of Health,3,202,0,3,2014
A5110415652,Ali Sf,,,3,202,0,0,1989
A5056111430,Norbert Naulet,,Centre National de la Recherche Scientifique,4,202,1,2,2007
A5108381559,José M. Musacchio,,New York University,4,202,3,1,1990
A5070784854,E. Maldonado,0000-0002-9481-8019,Universidad de Málaga,8,202,5,3,2004
A5043732841,Ken T. Wakabayashi,0000-0002-7518-572X,National Institutes of Health,4,202,0,0,2015
A5036348942,Vidita A. Vaidya,0000-0002-3907-8580,Tata Institute of Fundamental Research,7,202,0,6,2024
A5105886413,Giampietro Frison,0009-0007-6545-4109,University of Padua,4,202,2,0,2021
A5037100405,Mark Rowland Hutchinson,0000-0003-2154-5950,ARC Centre for Nanoscale BioPhotonics,3,202,0,1,2019
A5072229433,Andreas Büttner,0000-0002-6676-4957,Universitätsmedizin Rostock,7,202,6,0,2022
A5004889376,Noelia Salgueiro‐González,0000-0002-4079-658X,Mario Negri Institute for Pharmacological Research,6,202,1,0,2026
A5076063136,Max Elstein,,,5,202,1,0,1990
A5080043337,Shannon Dames,0000-0003-1609-4243,Vancouver Island University,27,201,13,4,2026
A5004031088,John M. Kane,0000-0002-2628-9442,Northwell Health,5,201,0,0,2022
A5024721937,Tom Mjörndal,,St Olav's University Hospital,10,201,0,5,2004
A5050839110,Joseph B. Blair,,Purdue University West Lafayette,3,201,3,0,2000
A5043379709,Odd Martin Vallersnes,0000-0003-1213-392X,University of Oslo,10,201,2,4,2026
A5049361754,Haotai Liang,0000-0003-2733-4353,Beijing University of Posts and Telecommunications,10,201,2,0,2025
A5027743895,Isabel Hervías,,Centro de Investigación Médica Aplicada,9,201,2,0,2011
A5069784118,Tim Boogaerts,0000-0002-3802-3174,University of Antwerp,7,201,3,0,2026
A5071889673,Geneviève A. F. S. van Liere,0000-0002-9286-4548,Maastricht University Medical Centre,5,201,0,2,2020
A5066246817,Dario Dornbierer,0000-0001-9946-2069,University Hospital Zurich,21,200,1,2,2026
A5012288787,Robin J. Murphy,0000-0002-9571-0050,University of Auckland,14,200,7,0,2026
A5072784821,Arnold J. Mandell,,University of California San Diego,6,200,0,5,1990
A5030361871,Jeremy Bigwood,,The Evergreen State College,4,200,1,2,1982
A5039099003,Marcelo Firmino de Oliveira,0000-0003-0858-2044,Universidade de São Paulo,14,200,3,11,2026
A5048233323,Katharine K. Duncan,,McLean Hospital,3,200,0,0,2008
A5083701392,Philip Koester,,University of Cologne,7,200,1,0,2015
A5049503029,Michela Ferrucci,0000-0002-3009-7160,University of Pisa,21,200,3,0,2010
A5102907615,Michael P. Johnson,0009-0005-3527-1016,Purdue University West Lafayette,7,200,3,0,1995
A5086240531,Willis W. Harman,,,4,200,2,2,1968
A5064745985,Cecília Juliana Alves,0000-0002-0719-574X,Universidade do Porto,4,200,0,0,2010
A5066211104,Ove Wiborg,0000-0002-0555-2811,Aarhus University Hospital,5,200,1,2,2015
A5008503282,Rita Santacroce,0000-0003-1377-9183,University of Hertfordshire,4,200,2,0,2018
A5053864170,Yehuda D. Neumark,0000-0002-6486-4591,Hebrew University of Jerusalem,3,200,0,2,2020
A5022210942,Thomas A. Baillie,0000-0001-8629-4801,University of Washington,4,200,0,4,2015
A5103536998,Jaime EC Hallak,,Conselho Nacional de Desenvolvimento Científico e Tecnológico,3,199,0,1,2023
A5023077678,Anna Borissova,0000-0003-3847-8512,King's College London,7,199,2,0,2026
A5079490873,Dominique P. Lippelt,,Leiden University,3,199,0,0,2025
A5020658063,Colin Davidson,0000-0002-8180-7943,University of Lancashire,5,199,1,2,2022
A5009546419,Livio Erne,0009-0001-6260-7663,University of Basel,14,199,2,0,2026
A5027702973,Sheila A. M. Rauch,0000-0001-9686-4011,Emory University,4,199,0,1,2024
A5112213182,Denise V. Kratschmar,,University of Basel,4,199,0,0,2018
A5049947406,Alex Odermatt,0000-0002-6820-2712,University of Basel,5,199,0,4,2018
A5004606920,Sanford M. Unger,,National Institute of Mental Health,6,199,2,1,1972
A5077704792,Göran Possnert,0000-0002-4840-291X,Uppsala University,3,199,0,2,2010
A5026654568,I‐Hsun Li,0000-0002-2824-4774,National Defense Medical Center,10,199,6,2,2025
A5032247134,Tamsin Lisa Kelly,0000-0002-8946-9686,University of Canberra,4,199,1,0,2014
A5022385183,Hylke Vervaeke,,Trimbos Institute,4,199,2,0,2009
A5113490923,Oriol Vall,,Universitat Autònoma de Barcelona,4,199,0,0,2012
A5072402586,Amy B. Mullens,0000-0002-0939-9842,University of Southern Queensland,4,198,0,2,2026
A5061507780,Link Swanson,0009-0006-3175-347X,University of Minnesota System,6,198,5,1,2025
A5029010126,Muralikrishnan Dhanasekaran,0000-0001-8986-3440,,12,198,0,8,2024
A5006156563,Lea Wagmann,0000-0001-7470-7912,Saarland University,11,198,2,0,2026
A5110861696,Carl C. Pfeiffer,,Emory University,5,198,0,4,1963
A5006428742,D. M. Kuhn,,University of South Carolina,5,198,1,2,1982
A5102123033,Erik B. Nielsen,,Sankt Hans Hospital,6,198,6,0,1986
A5081327813,Christer Halldin,0000-0002-7681-1104,Region Stockholm,7,198,0,0,2023
A5062609087,Suporn Koetsawang,,Siriraj Hospital,4,198,4,0,1990
A5109334429,Ji Gao,,,4,198,0,0,1990
A5108081680,U. Krishna,,King Edward Memorial Hospital and Seth G.S. Medical College,4,198,0,0,1990
A5044532000,Alvaro Julio Cuadros,0000-0001-9248-3721,Universidad del Valle,4,198,0,0,1990
A5015429778,G.I. Dhall,,Post Graduate Institute of Medical Education and Research,4,198,0,0,1990
A5109032953,R Wyss,,University of Geneva,4,198,0,0,1990
A5082455484,J.Rodriquez la Puenta,,,4,198,0,0,1990
A5103582232,Amaury Teixeira Leite Andrade,,Universidade Federal de Juiz de Fora,4,198,0,0,1990
A5109034950,Talat Khan,,,4,198,0,0,1990
A5077008711,June P. Lawson,,University of London,4,198,0,0,1990
A5086252101,U. Parekh,,University of Zambia,4,198,0,0,1990
A5047290054,Vera Hingorani,,All India Institute of Medical Sciences,4,198,0,0,1990
A5056615021,Na-ning Wang,,Shanghai Institute of Planned Parenthood Research,4,198,0,0,1990
A5082293710,Zhong-beng Yao,,International Peace Maternity & Child Health Hospital,4,198,0,0,1990
A5112816240,Britt-Marie Landgren,,Karolinska University Hospital,4,198,0,0,1990
A5113425987,R Boukhris,,,4,198,0,0,1990
A5076117242,Li-lan Lo,,,4,198,0,0,1990
A5026772470,Simone Boccard,,World Health Organization,4,198,0,0,1990
A5112926181,A. Pinol,,World Health Organization,4,198,0,0,1990
A5074655778,Philip John Rowe,0000-0002-4877-8466,World Health Organization,4,198,0,4,1990
A5037977828,Chiara Gastaldon,0000-0001-7257-2962,University of Verona,8,198,6,0,2025
A5029059594,Hilary Offman,0000-0002-6781-2420,University of Toronto,4,197,0,0,2025
A5056499076,Sonya C. Faber,0000-0003-1122-4109,University of Ottawa,11,197,0,4,2026
A5086838779,Miroslav Horák,0000-0001-8327-8785,Mendel University in Brno,12,197,8,0,2023
A5066754065,Austen B. Casey,0000-0002-4670-851X,Stanford University,10,197,2,0,2026
A5083369404,David B Menkes,0000-0003-3760-7896,University of Auckland,18,197,1,3,2026
A5006657603,John W Smallridge,0000-0001-7348-5115,Winterthur Museum Garden and Library,7,197,0,1,2026
A5102903834,Alessandro Valchera,0000-0003-3378-6831,Hermanas Hospitalarias del Sagrado Corazón de Jesús,4,197,0,0,2022
A5022971704,Mauro Bacci,0000-0001-7727-8519,University of Perugia,8,197,0,4,2022
A5052700737,Carlos Chipana,,Universitat de Barcelona,5,197,4,0,2009
A5090394722,Altaf S. Darvesh,,University of Cincinnati,6,197,6,0,2005
A5108880617,Brandon K. Harvey,0000-0002-4036-1383,National Institutes of Health,5,197,0,2,2022
A5111948132,Alain Enjalbert,,Collège de France,4,197,2,0,1978
A5101492344,Chen Dong,0000-0002-3443-1453,Beijing University of Posts and Telecommunications,7,197,0,0,2025
A5054358161,Peter Zannikos,0000-0001-9444-3862,Johnson & Johnson (United States),10,197,2,1,2026
A5003939496,Sara Tai,0000-0002-8316-5796,Manchester Academic Health Science Centre,4,196,1,1,2026
A5035372889,Kirsten Krebs-Thomson,,University of California San Diego,3,196,2,0,2006
A5067810328,Linnet Ramos,0009-0002-1499-562X,The University of Sydney,4,196,4,0,2016
A5002546901,Callum Hicks,0000-0002-6144-8883,The University of Sydney,3,196,0,0,2016
A5029476408,Alex Caminer,,The University of Sydney,3,196,0,0,2016
A5085458129,Annalisa Pinna,0000-0002-4911-1735,National Research Council,3,196,0,0,2019
A5113616817,JOSE M. PALACIOS,0000-0001-8078-0446,Almirall (Spain),3,196,1,2,1994
A5011877317,Jason Ng,0000-0002-8579-9020,University Health Network,4,196,2,0,2021
A5076109553,Federico Seragnoli,0000-0001-9261-770X,University Hospital of Geneva,24,195,6,1,2026
A5073461895,Javier Calleja‐Conde,0000-0003-0573-3863,Universidad Nebrija,5,195,3,0,2026
A5081729562,Chris Wilkins,0000-0002-5564-6226,Massey University,12,195,5,0,2026
A5015012024,GERHARD ZETLER,,University of Lübeck,8,195,5,2,2008
A5073663991,Nicole R. Herring,0000-0001-8894-4804,University of Cincinnati,6,195,0,0,2012
A5019759811,Alison M. Dines,0000-0002-0421-8184,Guy's and St Thomas' NHS Foundation Trust,7,195,0,0,2026
A5017435932,Chris Yates,0000-0003-0473-5445,Hospital Universitario Son Espases,7,195,0,0,2026
A5046807922,Markus Mitterhauser,0000-0003-3173-5272,Ludwig Boltzmann Institute Applied Diagnostics,5,195,0,0,2020
A5016553705,N. Harry Hendrikse,0000-0001-8072-5391,Erasmus MC,9,195,0,0,2025
A5072998606,Patricio Riva‐Posse,0000-0002-5887-0557,Emory University,11,195,2,1,2026
A5066511141,Flávio Pereira Kapczinski,0000-0001-8738-856X,Universidade Federal do Rio Grande do Sul,11,195,0,1,2024
A5034949318,Duyen N. K. Pham,0000-0002-8599-1565,University of Massachusetts Dartmouth,6,194,1,0,2023
A5069522381,Davide Arillotta,0000-0002-8843-0595,University of Hertfordshire,9,194,1,0,2026
A5019417409,Geraldine Dowling,0000-0001-8344-6582,St. James's Hospital,8,194,0,0,2021
A5111819674,Beth J. Hoffman,,Johns Hopkins University,4,194,1,1,1990
A5109484124,Carmen Jurado,,Instituto Nacional de Toxicología y Ciencias Forenses,5,194,2,1,2013
A5067587105,Maiko Kawamura,,National Institute of Health Sciences,14,194,2,0,2026
A5081375577,A. Parczewski,,Jagiellonian University,10,194,0,7,2008
A5047252716,Siegfried Zörntlein,,,7,194,0,1,2021
A5100724484,Elisabete Silva,0000-0002-2332-7642,Brunel University of London,6,194,0,2,2013
A5053776875,Giacomo Salvadore,0009-0001-0212-4643,Janssen Research & Development (United States),5,194,0,0,2023
A5035446616,Daniel Martins‐de‐Souza,0000-0003-3595-5846,Conselho Nacional de Desenvolvimento Científico e Tecnológico,7,193,0,0,2024
A5030252017,John Marsden,0000-0002-1307-2498,King's College London,9,193,4,4,2026
A5086881197,Szabolcs Lehel,0000-0001-7400-6980,Copenhagen University Hospital,4,193,0,0,2025
A5092192564,Nina Schimmers,0000-0001-7534-5845,University Medical Center Groningen,3,193,2,0,2024
A5023923022,Sagar V. Parikh,0000-0003-4817-3042,University of Michigan,7,193,0,1,2026
A5088269697,Margaret Haney,0000-0002-1220-9528,Columbia University Irving Medical Center,4,193,1,1,2024
A5108285533,Masato Koreeda,,University of Michigan,4,193,1,2,2005
A5110297305,Rebecca Harding,0009-0008-2701-6930,University College Lahore,9,192,4,0,2025
A5062182344,Lisa Reynolds,0000-0002-9609-2135,University of Auckland,20,192,2,8,2026
A5072520929,Eiko I. Fried,0000-0001-7469-594X,Leiden University,6,192,1,2,2024
A5035668087,Ryan F. Donnelly,0000-0002-0766-4147,Queen's University Belfast,4,192,0,2,2024
A5059457117,Udo Benzenhöfer,,Goethe University Frankfurt,4,192,2,2,2017
A5017451841,Jurg A. Schneider,,,4,192,2,2,1958
A5079876493,Leo Sher,0000-0002-7729-3222,James J. Peters VA Medical Center,6,192,1,2,2019
A5066319573,Francisco Manuel Lemos Amado,0000-0001-8256-1749,Universidade do Porto,3,192,0,0,2004
A5075258877,Michel Bernier,0000-0002-5948-368X,National Institutes of Health,4,192,0,0,2018
A5030356455,Rayyan Zafar,0000-0001-8041-1026,Imperial College London,14,191,6,1,2025
A5101509105,Aoife O’Donovan,0000-0003-2353-7217,San Francisco VA Medical Center,14,191,0,2,2026
A5044288506,Sérgio Machado,0000-0001-8946-8467,Universidade Evangelica de Goiás,4,191,0,1,2026
A5066173608,Vincent Verroust,,Université Paris-Saclay,10,191,0,2,2025
A5015914576,Renaud Jardri,0000-0003-4596-1502,Hôpital Fontmaure,8,191,0,2,2025
A5101720963,Gary J. Rose,0000-0003-1376-6737,University of California San Diego,4,191,0,1,1980
A5008347778,Cristiana Gambelunghe,0000-0003-2045-9145,University of Perugia,6,191,2,4,2023
A5040486410,Rolf Verres,,Heidelberg University,4,191,0,4,2016
A5031991555,Paul Hoerbelt,0000-0002-8707-5376,Stanford University,3,191,0,0,2021
A5061699374,Chongming Yang,0000-0002-3941-0811,Duke University,3,191,0,0,2011
A5043956154,Patricia Guerra‐Diaz,,Florida International University,3,191,1,0,2010
A5010388915,Robert R. Kydd,0000-0003-1505-9868,University of Auckland,5,191,0,0,2016
A5002985304,Martin Walter,0000-0001-7857-4483,Jena University Hospital,9,191,0,1,2024
A5112332919,E. B. de Sousa Fernandes Perna,,Maastricht University,6,190,1,0,2021
A5066230640,Christian Hertweck,0000-0002-0367-337X,Leibniz-Institut für Naturstoff-Forschung und Infektionsbiologie e. V. - Hans-Knöll-Institut (HKI),4,190,0,0,2022
A5011461683,Jon G. Dean,0000-0003-3834-1524,University of California San Diego,6,190,3,0,2026
A5002124148,D. F. Dickel,,,3,190,1,0,1959
A5068708738,Parkhurst A. Shore,,National Institutes of Health,4,190,3,0,1957
A5016619117,Kelly F. Paton,0000-0002-5334-5497,University of Auckland,7,190,5,0,2022
A5111565813,Odd‐Geir Berge,,University of Bergen,6,190,4,1,1988
A5069459623,Konstantin Kaganovsky,0000-0002-1577-109X,,3,190,1,0,2020
A5087479946,Sweta Adhikary,0000-0001-6485-4345,,3,190,0,0,2020
A5054676202,Bruce T. Hope,0000-0001-5804-7061,,3,190,0,0,2020
A5006575192,Jennifer M. Bossert,0000-0001-5636-4071,,3,190,0,0,2020
A5014315368,William B. Schoolcraft,0000-0001-9135-8750,Colorado Center for Reproductive Medicine,3,190,3,0,2004
A5090671577,Nicolas Hohmann,0000-0001-8036-8806,Heidelberg University,9,190,6,0,2024
A5090985024,Matthew Oram,0000-0001-6679-5844,,4,189,4,0,2018
A5113739986,Michelle S. Thiessen,,University of British Columbia,3,189,1,1,2018
A5049130552,Maja Kohek,0000-0002-9484-0937,Universitat Rovira i Virgili,21,189,9,3,2026
A5019522829,Rafael Lanaro,0000-0003-1014-0974,Universidade Estadual de Campinas (UNICAMP),10,189,3,0,2024
A5040663799,Karen L. Cropsey,0000-0001-6921-3440,University of Alabama at Birmingham,4,189,0,2,2026
A5067734183,Bernard Le Foll,0000-0002-6406-4973,Centre for Addiction and Mental Health,5,189,0,3,2026
A5003200265,Meredith J. Regina,,"University at Buffalo, State University of New York",3,189,1,0,2004
A5045840806,Bruce K. Cassels,0000-0002-0082-0661,University of Chile,15,189,3,7,2026
A5110611775,Balvant R. Sitaram,,,6,189,6,0,1990
A5111736982,W. R. McLeod,,St Vincent's Hospital Melbourne,6,189,0,5,1990
A5112366469,F. Ivy Carroll,,RTI International,7,189,1,0,2020
A5109530184,P. L. Broadhurst,,University of Birmingham,4,189,0,4,1983
A5087045730,Karolina Noworyta,0000-0002-2990-3620,Maj Institute of Pharmacology,7,189,3,0,2021
A5026206882,Gideon Koren,0000-0002-9234-0875,Ariel University,3,189,0,2,2021
A5058524042,Sally R. Tonge,,University of Nottingham,3,189,2,1,1971
A5075471104,Tìsa Wenger,,Yale University,5,189,5,0,2018
A5087856092,Rae R. Matsumoto,0000-0002-0558-1268,West Virginia University,4,189,0,3,2016
A5032204737,Jane Telford,,Baylor University,3,189,0,2,1965
A5075742112,Rei Yokoyama,0009-0000-7595-4632,Hiroshima University,8,189,6,0,2026
A5003799324,Yukio Ago,0000-0001-7562-4000,Hiroshima University,8,189,2,2,2026
A5027301316,Hitoshi Hashimoto,0000-0001-6548-4016,Kanazawa University,7,189,0,6,2023
A5087072092,Jaan Aru,0000-0003-3927-452X,University of Tartu,12,188,0,11,2026
A5077268846,Elias Dakwar,,Columbia University,5,188,3,2,2023
A5004587920,Kyle A. Brown,0000-0003-1959-6724,"University of Maryland, Baltimore",6,188,5,0,2026
A5012235532,Kristof E.K. Maudens,0000-0003-0924-7168,Netherlands Forensic Institute,4,188,0,1,2025
A5018325265,Nicolas Donzé,,Hôpital du Valais,3,188,0,1,2024
A5103187998,Maurizio Pompili,0000-0003-1886-4977,Azienda Ospedaliera Sant'Andrea,10,188,6,1,2026
A5022164679,Anisur Rahman Khuda‐Bukhsh,0000-0003-0762-3625,University of Kalyani,7,188,0,7,2021
A5056859109,PAT B. ZANZONICO,0000-0002-7334-2752,Memorial Sloan Kettering Cancer Center,7,188,0,0,2023
A5000784145,William E. Rosa,0000-0002-0680-8911,Memorial Sloan Kettering Cancer Center,9,187,3,3,2025
A5086682470,Lucie Janeckova,,"University of Chemistry and Technology, Prague",5,187,0,0,2025
A5054841824,Gisele Fernandes‐Osterhold,0009-0004-6712-6000,"University of California, San Francisco",12,187,0,1,2026
A5058708270,Franklin King,0000-0003-4381-4242,Harvard University,13,187,3,2,2025
A5036510139,Trisha Suppes,0000-0003-4560-6180,Université de Sherbrooke,6,187,1,1,2025
A5022903308,Philip Kamilar-Britt,0000-0001-7823-1560,Albany State University,4,187,3,1,2026
A5030518832,Leonard Lerer,0000-0001-9189-4991,Leonardo (United Kingdom),15,187,6,4,2026
A5038713677,Yuria Celidwen,0000-0002-6764-130X,"University of California, Berkeley",3,187,1,0,2025
A5087454229,David M. McDowell,,New York State Psychiatric Institute,4,187,3,1,2006
A5063215530,Sotiria Bexis,,Royal College of Surgeons in Ireland,7,187,5,2,2013
A5021861607,Augusta Pisanu,0000-0003-2633-8627,National Research Council,7,187,1,0,2022
A5111992678,Anton A. H. P. Megens,,Janssen (Belgium),3,187,2,0,1994
A5044766996,Sarah M.R. Wille,0000-0002-2683-9379,Institut National de Criminalistique et de Criminologie,8,187,2,2,2026
A5006499895,James A. Golen,0000-0002-6615-1253,University of Massachusetts Dartmouth,7,186,0,0,2024
A5067222576,Surajit Sinha,0000-0001-8884-1194,Indian Association for the Cultivation of Science,15,186,0,13,2026
A5112020096,Oscar H.L. Bing,,Tufts University,3,186,0,3,1968
A5001620810,JAMES P. CATTELL,,New York State Psychiatric Institute,3,186,1,0,1954
A5109250180,Carol A. Routledge,,,7,186,0,3,2026
A5016451113,Ashraf Mozayani,0000-0002-2085-4244,,4,186,1,1,2008
A5076248582,Stefano D’Errico,0000-0003-3689-0001,University of Trieste,6,186,0,1,2023
A5111800942,Roland D. Ciaranello,,Stanford Medicine,3,186,0,3,1993
A5025117012,Wolfram Kawohl,0000-0002-5224-4563,University of Nicosia,3,186,0,1,2026
A5061483789,Lars Farde,0000-0003-1297-0816,Region Stockholm,7,186,0,6,2020
A5057810294,Ronald C. Kessler,0000-0003-4831-2305,,3,186,2,1,2000
A5037401058,Rodrigo Simonini Delfino,0000-0003-1052-6113,Universidade Federal de São Paulo,14,186,3,0,2026
A5014360467,James A. Tulsky,0000-0002-7458-0453,Harvard University,10,185,0,1,2025
A5062156514,Bryn T. M. Dentinger,0000-0001-7965-4389,University of Utah,9,185,0,5,2026
A5003769331,Alessio Mosca,0000-0003-3832-1398,University of Chieti-Pescara,7,185,1,0,2025
A5009287984,Jesper T. Andreasen,0000-0001-6154-4990,University of Copenhagen,6,185,0,5,2022
A5079300304,Orr Shahar,,Hadassah Medical Center,12,185,6,0,2026
A5109785110,Sabrina Wong,0009-0002-0928-3433,University Health Network,28,185,6,0,2026
A5004302186,Paolo L. Manfredi,0000-0002-7242-9450,Kern Medical Center,13,185,0,4,2026
A5103804963,Katarzyna Kamińska,,Medical University of Warsaw,7,185,1,0,2026
A5090667408,Stefano A. Ruggieri,0000-0002-6966-8450,Istituto Neurologico Mediterraneo,8,185,0,0,2007
A5041768679,Mairead Geraldine McNamara,0000-0002-2272-3678,Ollscoil na Gaillimhe – University of Galway,4,185,2,0,1999
A5064862242,Noriaki Shima,0000-0001-6490-2896,Osaka Prefectural Police Department,12,185,4,0,2012
A5038281562,Robert S. Hoffman,0000-0002-0091-9573,NYU Langone Health,9,185,0,8,2017
A5028630428,DONALD ECCLESTON,,University of Edinburgh,4,185,1,2,1979
A5008479872,Joshua T. Kantrowitz,0000-0003-1127-7016,Nathan Kline Institute for Psychiatric Research,3,185,3,0,2020
A5033387323,Samuel C. Woodburn,0000-0001-9762-4335,Cornell University,6,184,2,0,2026
A5028253739,João Felipe Morel Alexandre,,Universidade Federal do ABC,3,184,0,0,2017
A5065618896,Amy L. McGuire,0000-0002-7819-519X,Baylor College of Medicine,12,184,2,6,2026
A5027303286,Guy A. Higgins,0000-0002-0187-8697,Transpharmation (Ireland),6,184,3,2,2025
A5075648744,Kalin Harvey,,Public Citizen,7,184,0,0,2026
A5020814543,S. Stevens Negus,0000-0001-8471-645X,Virginia Commonwealth University,6,184,2,3,2022
A5018099008,Benjamin Cummins,0009-0005-7789-1619,Louisiana State University Health Sciences Center New Orleans,3,184,2,0,2026
A5069356660,Bruna Cuccurazzu,0009-0003-2517-2546,University of California San Diego,6,184,0,0,2026
A5111634438,Rodger L. Foltz,,University of Utah,5,184,1,3,1992
A5043793818,Peter K. Gessner,,"University at Buffalo, State University of New York",5,184,3,1,1979
A5069253641,Patricia M. Whitaker‐Azmitia,,Stony Brook University,4,184,1,3,1994
A5111850870,Jiansong Yang,,Simcyp (United Kingdom),3,184,1,0,2008
A5019962786,Nachum Dafny,0000-0001-7243-3209,The University of Texas Health Science Center at Houston,3,184,0,3,2011
A5088406034,Meritxell Barrionuevo,,Universidad de Navarra,3,184,1,0,2000
A5033333255,José Alberto Duarte,0000-0003-4756-5917,Universidade do Porto,6,184,1,0,2018
A5055709520,Luı́s de Lecea,0000-0002-8921-5942,Scripps Research Institute,3,184,0,0,2010
A5108487163,Huston Smith,,Syracuse University,4,184,4,0,2004
A5105828618,Michael Höfler,0000-0001-7646-8265,Technische Universität Dresden,4,184,1,0,2025
A5040169342,Tomi Rantamäki,0000-0002-0052-1434,University of Helsinki,5,184,1,4,2019
A5016690247,Xiaofeng Lan,0000-0002-7042-084X,Guangzhou Medical University,12,184,3,0,2026
A5033752986,Lauren Lepow,0000-0002-1919-6897,Icahn School of Medicine at Mount Sinai,8,183,3,1,2026
A5035973812,Ameya Kasture,0000-0002-2947-4803,University of Vienna,7,183,1,0,2024
A5103039007,Thomas Hummel,0000-0001-8108-9307,University of Vienna,7,183,0,0,2024
A5026153780,Mohamed O. Kamileen,0000-0002-1346-1055,Max Planck Institute for Chemical Ecology,14,183,7,0,2026
A5080954899,Gregory Barber,0000-0002-6261-8098,Yale University,3,183,3,0,2023
A5045325624,Barbara O. Rothbaum,0000-0002-8793-7124,Emory University,12,183,3,5,2025
A5066145746,Ruben Laukkonen,0000-0001-8848-9231,Southern Cross University,10,183,2,2,2025
A5009958358,Rabi Simantov,,Weizmann Institute of Science,6,183,4,2,2004
A5112444563,David E. Nichols,,Purdue University West Lafayette,9,183,1,7,1997
A5072125999,Jason C. Parrish,,Purdue University West Lafayette,6,183,3,0,2006
A5079455167,Wolfgang Blenau,0000-0002-6874-4730,Technische Universität Berlin,3,183,3,0,1998
A5040179646,Joachim Erber,,Technische Universität Berlin,3,183,0,2,1998
A5110012535,Svante B. Ross,,AstraZeneca (Sweden),4,183,1,3,1986
A5003445744,Albert D. Windhorst,0000-0002-1250-7656,Gemeente Amsterdam,8,183,0,0,2023
A5032782680,George H. Grant,0000-0002-4517-7286,Emory University,11,182,0,1,2025
A5035160894,Candace R. Lewis,0000-0001-5253-9989,Translational Genomics Research Institute,8,182,4,3,2026
A5030623994,Juan J. Canales,0000-0003-2884-5227,Victoria University of Wellington,7,182,2,2,2025
A5056944189,Christoph U. Correll,0000-0002-7254-5646,Feinstein Institute for Medical Research,6,182,0,0,2025
A5108440222,Ronald L. Hayes,,University of Florida,4,182,1,0,2007
A5007484138,Vincenzo Di Marzo,0000-0002-1490-3070,Institut universitaire de cardiologie et de pneumologie de Québec,3,182,0,1,2022
A5027920568,Ju‐Tsung Liu,,Ministry of National Defense,8,182,0,1,2009
A5100682819,Cheng‐Huang Lin,0000-0001-9726-5694,National Taiwan Normal University,7,182,1,6,2008
A5075246876,George F. Koob,0009-0002-9857-4493,Scripps Clinic,4,182,0,4,1989
A5043017507,Mario Marchi,0000-0003-0263-9070,University of Genoa,4,182,1,1,2013
A5055857585,Serge Van Calenbergh,0000-0002-4201-1264,Ghent University,3,182,0,0,2003
A5072191588,Lance D. Dworkin,0000-0002-2471-5989,Brown University,3,182,0,0,2021
A5041867945,Rujun Gong,0000-0002-6302-2800,Brown University,3,182,0,3,2021
A5036271486,Chris F. Powels,0000-0003-2483-6884,"University of Maryland, Baltimore",4,182,0,0,2025
A5007223200,Sanah Malomile Nkadimeng,0000-0001-5647-7156,University of South Africa,5,181,5,0,2023
A5086386072,J.N. Eloff,0000-0003-1494-9842,Sefako Makgatho Health Sciences University,5,181,0,5,2023
A5067458824,Céline Defaix,0000-0002-2354-855X,Inserm,9,181,0,0,2025
A5083707254,Susruta Majumdar,0000-0002-2931-3823,Memorial Sloan Kettering Cancer Center,4,181,0,1,2024
A5067118176,Charles E. Inturrisi,0000-0002-0890-6275,CDG Therapeutics (United States),5,181,0,0,2025
A5090792989,Kathryn S. Kalasinsky,,Centre for Addiction and Mental Health,3,181,1,1,2004
A5020782023,Jennifer R. Redman,,Monash University,6,181,0,4,2010
A5082940933,Botond Penke,0000-0003-0938-0567,University of Szeged,3,181,1,0,2022
A5017950194,Thomayant Prueksaritanont,0000-0001-6810-9692,Chulalongkorn University,6,181,1,2,2024
A5064982845,Zachary Sager,0000-0001-8209-9582,Harvard University,14,180,0,0,2025
A5018132997,Lorenzo Pasquini,0000-0002-7899-7061,"University of California, San Francisco",21,180,9,6,2026
A5086371093,Walter H. Kaye,0000-0002-4478-4906,University of California San Diego,5,180,0,5,2025
A5057108436,Andrew P. Riley,0000-0002-3878-0597,University of Illinois Chicago,6,180,4,1,2025
A5013000403,Peter Kenneth Gillman,0000-0001-8277-3397,PsychoTropical Research,6,180,2,2,2026
A5046748460,Marjorie Chèze,,ideXlab (France),11,180,5,0,2024
A5109884221,Gilbert Pépin,,,7,180,1,4,2017
A5101849806,Amir Raz,0000-0001-9794-5470,Chapman University,3,180,0,2,2022
A5033632177,Chantal Martin-Söelch,0000-0003-3859-9023,University of Fribourg,13,180,0,8,2026
A5067294956,Ari Brouwer,0000-0002-7253-4664,University of Wisconsin–Madison,8,180,7,0,2026
A5028861037,Byoung‐Joon Song,0000-0002-3954-3497,National Institute on Alcohol Abuse and Alcoholism,4,180,1,2,2010
A5112254283,Kwan–Hoon Moon,,National Institute on Alcohol Abuse and Alcoholism,4,180,1,0,2010
A5047125828,Paul W. Czoty,0000-0003-1778-4625,Wake Forest University Health Sciences,6,180,0,0,2011
A5085259586,Douglas E. McBean,,Queen Margaret University,5,180,0,0,2006
A5058449116,Monika Žídková,0000-0001-7891-277X,Charles University,6,180,1,0,2020
A5025114172,Selda Mercan,0000-0002-0431-6972,Istanbul University-Cerrahpaşa,7,180,2,1,2025
A5013893298,Samuel Kohtala,0000-0001-9249-085X,University of Helsinki,5,180,3,0,2019
A5075438055,Manish Agrawal,0000-0002-0727-6822,LC Resources (United States),14,179,2,3,2026
A5075611722,Richardson N. Leão,0000-0001-8496-1965,Universidade Federal do Rio Grande do Norte,12,179,0,7,2026
A5056143246,Karim S. Ladha,0000-0001-7303-2458,University of Toronto,7,179,0,3,2026
A5027033580,Jan van Amsterdam,0000-0002-8847-4387,Amsterdam Neuroscience,13,179,12,0,2025
A5040499902,Maria Angélica de Castro Comis,,,5,179,2,0,2017
A5077225690,Andrew C. Kruegel,0000-0002-9156-8755,New York University,9,179,2,1,2025
A5029433360,Mark A. Frye,0000-0001-6997-4215,Mayo Clinic,8,179,1,0,2026
A5066446677,Shlomi Raz,,,3,179,0,3,2022
A5044961426,Charles W. Bradberry,0000-0003-2630-4144,Yale University,6,179,3,0,2001
A5111881946,Neil Easton,0009-0009-5282-1031,University of Nottingham,4,179,3,0,2006
A5040987963,Karolien De Wael,0000-0003-4495-0748,University of Antwerp,12,179,0,10,2025
A5103350500,Graeme R. Martin,,Monash University,10,179,1,1,2000
A5049468217,Konstantin A. Demin,0000-0003-0258-2801,St Petersburg University,6,179,2,0,2024
A5055747865,Toshitaka Nabeshima,0000-0001-5386-242X,Fujita Health University,9,179,7,2,2017
A5109007338,Sidney H. Schnoll,,,9,179,3,6,2014
A5042386498,Steven H. Aggen,0000-0002-2748-1890,Virginia Commonwealth University,3,179,0,0,2022
A5069011269,Agnieszka Wawrzczak‐Bargieła,0000-0002-9051-8369,Maj Institute of Pharmacology,7,178,1,0,2026
A5022593632,Yanping Bao,0000-0002-1881-0939,Peking University,4,178,1,0,2025
A5028534476,Reem Kais Jan,0000-0002-1685-5594,Mohammed Bin Rashid University of Medicine and Health Sciences,4,178,1,1,2025
A5032542523,E. Szabadi,0009-0005-5451-4001,University of Nottingham,9,178,3,5,2009
A5108220248,Curtis E. Grace,,Cincinnati Children's Hospital Medical Center,9,178,0,0,2013
A5088035248,Joanne C. Lin,0000-0001-5551-2263,University of Auckland,3,178,2,0,2011
A5114148464,N M Appel,,United States Food and Drug Administration,3,178,3,0,1994
A5007095631,Perry N. Halkitis,0000-0002-1528-4128,New York University,5,178,4,0,2010
A5088648351,Miyuki Kimura,0000-0001-8732-2958,SOUSEIKAI Global Clinical Research Center,3,178,0,0,2012
A5108452568,Shin Irie,,SOUSEIKAI Global Clinical Research Center,3,178,0,0,2012
A5066757813,Mark Abie Horowitz,0000-0003-1318-2029,North East London NHS Foundation Trust,7,178,4,0,2025
A5061387141,Marzena Maćkowiak,0000-0002-6056-9595,Maj Institute of Pharmacology,9,177,2,1,2026
A5066575824,Shannon Hughes,0000-0002-4152-3831,Colorado State University,3,177,1,1,2025
A5009593945,Christine Moore,0000-0003-1316-7080,Pomona College,3,177,1,1,2019
A5003007388,Eric Lock,,Netherlands Forensic Institute,3,177,0,0,2008
A5002353808,Antoine Bechara,0000-0001-5127-2549,University of Iowa,5,177,0,0,2010
A5051892931,Francesco Capasso,0000-0003-1087-6092,University of Naples Federico II,3,177,0,0,2008
A5085145288,C. Roger-Sánchez,0000-0002-1442-9751,Universitat de València,10,177,4,0,2016
A5059184966,Alison J. Ritter,0000-0001-9540-1920,UNSW Sydney,8,177,1,5,2025
A5085392354,Hidetoh Toki,,Taisho Pharmaceutical (Japan),4,177,1,0,2022
A5058263346,Akiko Mizuno‐Yasuhira,,Taisho Pharmaceutical (Japan),4,177,0,0,2022
A5025751204,Anastasia Levinta,0000-0002-3831-4078,University Health Network,3,176,1,0,2023
A5111498798,Helen Van Vunakis,,Brandeis University,7,176,2,3,1978
A5044129541,Martin D. Schechter,,Northeast Ohio Medical University,4,176,4,0,1997
A5077759135,Stephen Szára,,National Institute on Drug Abuse,10,176,10,0,2007
A5103818128,Damon A. Parrish,,University of Iowa,6,176,0,0,2008
A5030863493,Jeffrey R. Deschamps,0000-0001-5845-0010,University of Iowa,6,176,0,0,2008
A5004382517,G. Di Chiara,0000-0003-1041-0794,University of Cagliari,6,176,0,6,2017
A5058938189,Anne Milasincic Andrews,0000-0002-1961-4833,"University of California, Los Angeles",4,176,0,0,2018
A5026956264,Sara Soleimani Asl,0000-0003-1518-3308,Hamedan University of Medical Sciences,18,176,8,7,2021
A5016550372,Steliana Yanakieva,0000-0002-7523-4261,Goldsmiths University of London,3,176,3,0,2020
A5072395467,Anissa Abi‐Dargham,0000-0002-5039-5069,Stony Brook University,4,176,0,2,2019
A5005875266,Merve Kuloglu,0000-0002-3670-3168,Istanbul University-Cerrahpaşa,6,176,2,0,2025
A5076180813,Markus Müller,0000-0001-9953-9759,Medical University of Vienna,6,176,0,2,2015
A5075492877,David J. Schwartzman,0000-0002-3779-396X,University of Sussex,7,176,1,4,2026
A5036611946,Caroline Peacock,0009-0002-6044-8854,Emory Healthcare,11,175,1,0,2026
A5102839143,Katherine Cheung,0009-0003-3529-4109,Johns Hopkins University,19,175,11,0,2026
A5021241697,Georg Köhr,0000-0001-6768-3545,Heidelberg University,16,175,0,1,2026
A5098849689,Cassandra Wojtasiewicz,,Cornell University,5,175,0,0,2025
A5044499506,Stefan Gutwinski,0009-0001-7150-6071,Humboldt-Universität zu Berlin,4,175,0,0,2026
A5047043884,Regina H. Silva,0000-0001-9017-3922,Universidade Federal de São Paulo,3,175,0,1,2025
A5024551949,Matthias Karst,0000-0002-3502-0023,Medizinische Hochschule Hannover,3,175,1,1,2021
A5023440322,Anna Janecka,0000-0002-9288-7408,Medical University of Lodz,6,175,0,1,2012
A5052502996,Arjan Blokland,0000-0002-4337-7479,Maastricht University,5,175,0,0,2022
A5012202998,Yamini Ramamoorthy,,University of Toronto,3,175,2,0,2002
A5103190205,George M. Anderson,0000-0002-9483-9151,Yale University,3,175,0,1,2015
A5033395495,Amedeo S. Marrazzi,,University of Minnesota,5,175,1,4,1969
A5067244028,Sameer Imtiaz,0000-0001-6812-4892,Centre for Addiction and Mental Health,6,175,0,3,2026
A5009069767,Rudolf Karch,0000-0003-1541-7215,Medical University of Vienna,3,175,0,0,2011
A5018492947,Kathleen G. O’Loughlin,,SRI International,3,175,0,0,2016
A5073884790,Shaomu Chen,0000-0001-9590-3525,First Affiliated Hospital of Soochow University,4,175,0,0,2025
A5026477745,Dakota Sicignano,,University of Connecticut,3,174,2,0,2023
A5068186079,Adrían V. Hernández,0000-0002-9999-4003,University of Connecticut,4,174,0,1,2023
A5090485177,Stephanie Müller,,Universidad de Buenos Aires,8,174,3,0,2025
A5057873669,Samantha Shao,,University of California San Diego,4,174,0,0,2025
A5002166417,Julie Trim,,University of California San Diego,5,174,0,0,2026
A5046889295,Conor H. Murray,0000-0001-9954-7601,"University of California, Los Angeles",6,174,4,1,2026
A5009559433,Daniel Bor,0000-0002-0741-8157,Queen Mary University of London,8,174,0,0,2026
A5090355151,Beth Geter-Douglass,,National Institutes of Health,3,174,1,1,1999
A5111823920,Neil William Barnett,,Deakin University,5,174,0,0,2015
A5022932542,Kimberly A. Scearce-Levie,0000-0003-0568-802X,Columbia University,4,174,1,0,2003
A5017613866,Marieke L. de Kam,0000-0002-6351-0847,Centre for Human Drug Research,7,174,0,0,2026
A5111991808,Evan L. Riddle,,University of Utah,3,174,0,0,2004
A5037308724,Karina Diniz Oliveira,0000-0001-7388-0553,Universidade Estadual de Campinas (UNICAMP),5,174,0,0,2022
A5068146928,Retsina Meyer,0000-0002-1910-9562,,4,174,0,0,2025
A5016288347,Mark Rus,,,4,174,0,0,2025
A5006944910,Jeffrey Sprouse,0000-0001-7410-9015,Stornoway Diamond (Canada),8,173,2,0,2025
A5006089530,Matthew X. Lowe,0000-0002-6961-6802,Trout Unlimited,16,173,5,0,2026
A5067818085,Ana Paula Duarte,0000-0003-3333-5977,University of Beira Interior,13,173,0,9,2025
A5068085008,Morten Hesse,0000-0002-6849-6554,Aarhus University,8,173,3,3,2025
A5034856451,Pavitra Kannan,0000-0002-9170-6062,University of Iowa,3,173,0,0,2006
A5110337730,Yong Chen,0000-0002-2903-8753,Temple University,3,173,0,0,2005
A5033307119,Brian O’Mathúna,,Parc de Salut,3,173,1,0,2012
A5101887358,Kjell Jørgen Hole,0000-0002-4461-9492,University of Bergen,5,173,0,3,1990
A5021550111,Gerhard E. Gmel,0000-0001-9403-9405,Centre for Addiction and Mental Health,11,173,0,7,2023
A5022690950,Jagadeesh B. Rangisetty,,Virginia Commonwealth University,3,173,1,1,2002
A5028556921,Natasha Stojanovska,,University of Technology Sydney,3,173,2,0,2014
A5038622526,Katarina Varnäs,0000-0001-6167-9254,Region Stockholm,7,173,0,1,2020
A5032077840,Carson Chrenek,,University of Alberta,4,173,2,0,2026
A5100379172,Li Chen,0000-0001-7670-8062,Johnson & Johnson (United States),3,173,0,0,2025
A5051999008,Daphna M. Finn,0000-0003-2572-7778,University of California San Diego,3,172,0,0,2025
A5012352119,Donald E. Mager,0000-0002-4848-0440,"University at Buffalo, State University of New York",3,172,0,0,2016
A5083368960,V. Kontrimaviciute,,Lithuanian University of Health Sciences,4,172,3,0,2008
A5106733216,Kooi‐Mow Sim,,University of Malaya,7,172,0,6,2003
A5057059787,Joseph Studer,0000-0002-1390-7707,Centre Hospitalier Universitaire Vaudois,10,172,0,1,2023
A5110030158,George R. Breese,0000-0001-8579-9007,University of North Carolina at Chapel Hill,5,172,0,2,1981
A5088688594,W Haefely,,,4,172,2,2,1976
A5071557689,Máté Kapitány‐Fövény,0000-0002-0850-8699,Semmelweis University,3,172,2,0,2020
A5045884885,Eric D. Wish,0000-0001-8939-3151,"University of Maryland, College Park",4,172,1,1,2021
A5062546808,E.S. Kononova,,,3,172,0,0,1990
A5044429981,Ulrich Ettinger,0000-0002-0160-0281,University of Bonn,5,172,0,3,2023
A5104243612,Erica Kaczmarek,0009-0008-5170-0265,University of Toronto,15,171,2,0,2026
A5044059700,Anna O. Ermakova,0000-0002-1869-0084,Beckley Psytech Limited (United Kingdom),18,171,4,0,2026
A5012755492,Stefan Kaiser,0000-0002-3013-2034,University of Geneva,5,171,0,0,2025
A5025212107,Jordi Cantillo,0000-0001-8992-5920,International Council for the Exploration of the Sea,6,171,0,0,2026
A5083084877,Bruno Rasmussen Chaves,0000-0001-5447-4605,Ourofino Saúde Animal (Brazil),7,171,0,1,2026
A5112193769,Charlotte Walsh,,,5,171,5,0,2023
A5004080081,Ariel Y. Deutch,,Vanderbilt University,4,171,0,1,2026
A5044152670,Herbert D. Kleber,,Columbia University,6,171,3,2,2016
A5084729995,Katherine Jean Aitchison,0000-0002-1107-3024,University of Alberta,6,171,1,5,2012
A5049082763,Ikhlas Ahmed Khan,0000-0001-5464-4643,University of Mississippi,6,171,0,3,2025
A5109886261,John K. Northup,,National Institutes of Health,4,171,2,1,1996
A5057163448,Hiroshi Furukawa,0000-0003-1353-8056,Meijo University,7,171,0,0,1989
A5037255121,Claudio A Benadiva,0000-0003-4402-543X,University of Connecticut,7,171,0,2,2015
A5110160134,JOHN C. NULSEN,,University of Connecticut,7,171,0,4,2015
A5038243699,Charles Louis Bielders,0000-0003-2865-4236,UCLouvain,11,171,0,11,2026
A5001078074,Carl G. Leukefeld,,University of Kentucky,3,171,1,2,2012
A5081481500,Charles F. Zorumski,0000-0002-9704-5154,Washington University in St. Louis,9,171,2,0,2025
A5089514184,Natalina Salmaso,0000-0002-9661-5194,Carleton University,4,171,0,0,2026
A5065360802,Renato Filev,0000-0002-9238-0455,Universidade Federal de São Paulo,4,170,0,1,2026
A5013988235,Maggie Kiraga,,Maastricht University,6,170,3,0,2022
A5077373192,William J. Evans,0000-0001-6757-1471,"Manatt, Phelps & Phillips (United States)",9,170,0,2,2025
A5092014901,Denis Arikci,,University Hospital of Basel,9,170,2,0,2026
A5109536627,Marc Deveaux,,,7,170,1,2,2023
A5073016358,F. Markus Leweke,0000-0002-8163-195X,The University of Sydney,5,170,1,4,2023
A5109999386,Salomón Z. Langer,,,3,170,2,1,1986
A5109114694,H.A. Tilson,,Environmental Protection Agency,8,170,4,3,1990
A5021691520,Klaus W. Schicker,0000-0002-3068-7830,Medical University of Vienna,4,170,0,0,2014
A5087919103,Firas Kobeissy,0000-0002-5008-6944,University of Florida,9,170,7,0,2014
A5081451902,Christopher H. Partridge,0000-0001-5648-1585,Lancaster University,9,170,9,0,2023
A5113518219,Avram Goldstein,,,4,170,4,0,2001
A5007319725,Logan Neitzke‐Spruill,0000-0003-2304-4754,Baylor College of Medicine,14,169,9,0,2026
A5051013000,Simon Kung,0000-0002-2959-8312,Mayo Clinic,17,169,0,3,2026
A5005858724,Angela T.H. Kwan,0000-0003-4013-1112,Centre for Addiction and Mental Health,14,169,3,1,2026
A5010892926,Felipe Augusto Dörr,0000-0003-4207-4908,Universidade de São Paulo,4,169,0,0,2014
A5034234843,Bruno Ribeiro Do Couto,0000-0001-5398-2667,Universidad de Murcia,5,169,2,0,2011
A5030416479,Antje Blank,0000-0001-8743-5194,Heidelberg University,18,169,0,5,2026
A5058593535,Scott C. Farrow,0000-0001-7106-8924,John Innes Centre,5,168,4,0,2020
A5062495956,Joana Gonçalves,0000-0001-8702-415X,University of Beira Interior,12,168,8,0,2024
A5025825060,Madeline Brendle,0000-0003-0692-3706,The University of Texas at Austin,11,168,6,0,2026
A5110270934,Xi-Ling Jiang,,University of Florida,7,168,4,0,2016
A5109203848,Hong-Wu Shen,,"University at Buffalo, State University of New York",7,168,3,0,2016
A5109262897,Hemendra N. Bhargava,,University of Illinois Chicago,7,168,2,5,2008
A5089680386,Julie Salzmann,,Centre National de la Recherche Scientifique,4,168,3,0,2006
A5089856157,Bridget Simonson,0009-0003-5601-0953,Victoria University of Wellington,4,168,3,0,2014
A5011745663,Elio Acquas,0000-0002-4783-9319,University of Cagliari,7,168,2,0,2026
A5057322047,Marc Grifell,0000-0001-9815-5761,Universitat Autònoma de Barcelona,9,168,1,1,2021
A5050045678,Julianne J. Reid,,The University of Melbourne,3,168,0,3,1994
A5109280347,Alan L. Metz,,University of Oxford,3,168,2,1,1986
A5085667587,Luigino G. Apollonio,,University of Canberra,3,168,3,0,2007
A5067158416,Ian R. Whittall,,ACT Government,3,168,0,0,2007
A5029845837,Dennis J. Pianca,,ACT Government,3,168,0,0,2007
A5027739251,Jennelle M. Kyd,0000-0002-3331-3658,University of Canberra,3,168,0,1,2007
A5076808471,William A. Maher,0000-0001-7564-3383,University of Canberra,3,168,0,2,2007
A5026655113,Jasper Kamp,0000-0002-2333-1270,Leiden University Medical Center,3,168,2,0,2022
A5037853738,Dacher J. Keltner,0000-0001-9061-5292,"University of California, Berkeley",3,168,0,1,2026
A5009558012,Alberto Siracusano,0000-0001-8406-093X,University of Rome Tor Vergata,3,168,0,0,2023
A5052155853,Matheus Ghossain Barbosa,0000-0002-3917-9445,Universidade Federal de São Paulo,9,168,2,0,2022
A5089847178,Shaun Ali,,,3,167,0,0,2026
A5050867683,Albin Arvidsson,,Copenhagen University Hospital,3,167,0,0,2021
A5043861769,Yishan Yao,0000-0002-8492-1688,State Key Laboratory of Cryptology,7,167,0,0,2026
A5020933658,Ismael Apud,0000-0003-4237-9365,Universidad de la República de Uruguay,20,167,14,2,2026
A5021365968,Harold A. Sackeïm,0000-0002-1107-4553,Medical University of South Carolina,7,167,0,4,2026
A5084687542,George Fejer,0000-0002-4904-5504,University of Amsterdam,9,167,1,0,2025
A5041603476,Anthony S. Gabay,0000-0002-6946-1046,Ixico (United Kingdom),6,167,4,0,2024
A5037507939,Emilia Sanabria,0000-0002-5595-7905,Centre National de la Recherche Scientifique,9,167,4,4,2025
A5103401038,John R. Lever,,Johns Hopkins University,4,167,1,0,1992
A5025706653,Ivone Gomes,0000-0001-5413-810X,Albert Einstein College of Medicine,3,167,1,0,2024
A5038621881,Amy Goodwin,0000-0003-2585-8452,Johns Hopkins University,8,167,7,0,2011
A5008582936,Hanh Lai,,Florida International University,3,167,2,0,2009
A5017430431,María Dolores Gutiérrez‐López,0000-0002-9979-5573,Universidad Complutense de Madrid,8,167,0,0,2021
A5083866889,Patrick M. Callahan,0000-0003-1769-7580,University of South Carolina,4,167,1,0,1988
A5023947478,Steven Droogmans,0000-0003-3985-3249,Universitair Ziekenhuis Brussel,7,167,3,2,2020
A5020160223,Mark Jeremy Hunt,0000-0001-7741-2191,Instytut Biologii Doświadczalnej im. Marcelego Nenckiego,4,167,2,2,2025
A5047221016,Xi Jin,0000-0002-2132-646X,University of Pennsylvania,4,167,0,0,2020
A5049076141,Alexei Yeliseev,0000-0003-4131-0913,National Institutes of Health,3,167,0,0,2021
A5109834971,René A. G. Mooren,,Leiden University Medical Center,3,167,0,0,2022
A5027935456,Sara Bermudez,0009-0009-0335-4799,McGill University,3,167,0,0,2024
A5046176525,Jean‐Claude Lacaille,0000-0003-4056-0574,Université de Montréal,3,167,0,0,2024
A5090454518,Matías Palmucci,,Consejo Nacional de Investigaciones Científicas y Técnicas,4,166,0,0,2022
A5031514106,Maja Rou Marstrand-Joergensen,0000-0002-2833-7823,University of Copenhagen,4,166,0,0,2026
A5062983107,Benjamin R. Lewis,0000-0003-0118-1053,Huntsman (United States),10,166,8,1,2026
A5106085369,Cheung‐Tak Hung,,Dunedin Public Hospital,3,166,0,1,2016
A5078746406,E.B. Sigg,,,3,166,2,1,1958
A5034073666,Lourdes Poyatos,0000-0002-4641-8600,Hospital Universitari Germans Trias i Pujol,8,166,4,0,2025
A5086311566,Marleen Wingen,,Maastricht University,6,166,0,0,2011
A5049925412,Eva-Maria Tsapakis,0000-0002-2649-6732,King's College London,3,166,0,0,2012
A5111722373,Tarek Awad,,Suez Canal University,7,166,7,0,2011
A5065384564,Stefan Kasicki,,Instytut Biologii Doświadczalnej im. Marcelego Nenckiego,3,166,0,1,2013
A5081679505,S.L. Dickinson,0009-0005-5349-7764,University of Bristol,5,166,4,1,1991
A5030014983,Thomas B. Cooper,0000-0001-6048-3479,Nathan Kline Institute for Psychiatric Research,4,166,0,0,2020
A5087444768,Simon Gibbons,0000-0003-1587-6809,Johannes Kepler University of Linz,4,166,1,0,2020
A5051255134,Duan Li,0000-0001-9102-0741,University of Michigan,4,166,2,0,2023
A5014636746,Hye Jin Kang,0000-0001-9067-9050,University of North Carolina at Chapel Hill,3,166,1,0,2022
A5026941467,Jonas Wick,,Leibniz-Institut für Naturstoff-Forschung und Infektionsbiologie e. V. - Hans-Knöll-Institut (HKI),5,165,1,0,2019
A5071778852,Jan Borovička,0000-0003-3966-558X,"Czech Academy of Sciences, Institute of Geology",5,165,1,0,2025
A5092254858,Sean M. Viña,0000-0002-7125-0192,University of the Incarnate Word,20,165,20,0,2026
A5070501159,Susanne Dieckmann,,Bundeskriminalamt,4,165,0,0,2013
A5106578684,Kevin B. Freeman,0000-0003-3389-6555,University of Mississippi Medical Center,7,165,2,5,2023
A5069106679,Siân I. Evans,0000-0002-2867-1688,University of Bath,3,165,1,0,2017
A5026877622,Alvaro Llorente‐Berzal,0000-0002-9787-2619,Universidad Complutense de Madrid,5,165,3,0,2013
A5027692497,Sara Garcia‐Ratés,0000-0002-1848-4811,Institut de Biomedicina de la Universitat de Barcelona,8,165,2,0,2014
A5002205525,Véronique Sgambato,0000-0002-8792-8586,Lyon 1 Université,7,165,2,5,2020
A5046776600,Wade Davis,,New York Botanical Garden,3,165,2,1,1994
A5062972228,Bernard Cosyns,0000-0001-9419-8019,Universitair Ziekenhuis Brussel,4,165,2,0,2013
A5091722823,Libby Topp,,,3,165,0,3,2010
A5034017423,Rosa Herráez-Hernández,0000-0002-5106-0826,Universitat de València,6,165,1,3,2019
A5079541181,Pilar Campíns-Falcó,0000-0002-0980-8298,Universitat de València,6,165,1,2,2019
A5110213501,Regina G.D.M. van Kleef,,Utrecht University,5,165,0,0,2020
A5059935361,Magnus Schou,0000-0002-4314-2418,AstraZeneca (Sweden),8,165,3,2,2025
A5014571214,Angelo A. Alonzo,0000-0003-3304-4387,UNSW Sydney,3,165,0,0,2023
A5077709212,Momoko Higuchi,,The University of Osaka,6,165,0,0,2023
A5060157683,Wataru Tanabe,,The University of Osaka,5,165,0,0,2023
A5035292905,Shinji Tsukada,0009-0002-5427-7665,The University of Osaka,3,165,0,0,2023
A5055587178,Kaoru Seiriki,0009-0002-9625-2992,The University of Osaka,6,165,0,0,2023
A5062513710,Takanobu Nakazawa,0000-0003-4863-1277,Tokyo University of Agriculture,6,165,0,0,2023
A5015125428,Atsushi Kasai,0000-0002-1612-3078,The University of Osaka,6,165,0,0,2023
A5069566350,Gustavo Seoane,0000-0003-2126-8551,Universidad de la República de Uruguay,8,164,0,0,2023
A5041886945,Cécile Henquet,0000-0002-7051-5945,Maastricht University,3,164,0,1,2023
A5072443012,Jonathan R. Scheerer,0000-0003-3283-0220,Harvard University,3,164,3,0,2007
A5035782410,David Albert Evans,,Harvard University,3,164,0,3,2007
A5041839393,D. Bruce Vaupel,,National Institutes of Health,4,164,2,1,2009
A5045832177,Anne Pereira de Vasconcelos,,Centre National de la Recherche Scientifique,6,164,0,0,2020
A5113669632,Lukasz M. Kutrzeba,,University of Mississippi,7,164,5,0,2010
A5109903342,Phillip S. Sherman,,University of Michigan,3,164,0,0,2019
A5009734095,Victor W. Day,,University of Kansas,6,164,0,0,2017
A5013470252,Mahmoud M. Iravani,0000-0002-4905-9682,King's College London,3,164,3,0,2003
A5111527585,Josée E. Leysen,,Janssen (Belgium),4,164,0,2,2010
A5089101850,Gordon C. Marten,,University of Minnesota,7,164,2,4,1979
A5009142296,Ruben A Herzog,0000-0002-3498-5819,Centre National de la Recherche Scientifique,7,164,5,0,2024
A5038921858,Akihiro Inano,0000-0002-3421-4731,Fukushima Medical University Hospital,7,164,0,1,2020
A5080473088,Ricardo Gobato,0000-0002-9309-8742,,3,164,3,0,2018
A5084494931,Kirsten Cherian,0000-0002-6058-0081,Stanford University,29,163,4,0,2026
A5082738156,Paul Thielking,,NexTalk (United States),11,163,0,3,2026
A5113823051,Duccio Papanti,,University of Hertfordshire,7,163,0,0,2020
A5078051461,Marcos N. Eberlin,0000-0003-4868-0618,Universidade Estadual de Campinas (UNICAMP),4,163,0,1,2017
A5110455394,Scott Shannon,,University of Colorado Denver,3,163,1,1,2024
A5012749149,Karel Valeš,0000-0001-7892-4535,Czech Academy of Sciences,7,163,0,1,2024
A5110407628,D. W. Woolley,,Rockefeller University,5,163,2,3,1965
A5045572480,Zachariah Campbell,,University of Toronto,3,163,0,2,2007
A5014730948,Diane M. Damez-Werno,0000-0001-6875-9257,Harvard University,3,163,0,0,2011
A5106414995,Fabien Palhol,,,4,163,3,0,2004
A5020538753,Mary S. Dietrich,0000-0003-4474-0767,Vanderbilt University,9,163,0,1,2015
A5049401148,Anna Maria Górska,0000-0002-2202-5394,Maj Institute of Pharmacology,6,163,4,1,2018
A5025298795,Akifumi Eguchi,0000-0001-5858-8132,Chiba University,9,163,0,0,2025
A5061056260,Chisato Mori,0000-0002-1144-8316,Chiba University,9,163,0,0,2025
A5103038026,Max Fink,0000-0002-7582-2637,Stony Brook University,10,163,10,0,2019
A5046208280,Richard Timothy Miller,,The University of Texas at Austin,3,163,2,0,2001
A5064520148,Paolo Brambilla,0000-0002-4021-8456,University of Milan,4,163,0,3,2024
A5048202842,Adam W. Levin,0000-0002-9167-462X,Multidisciplinary Association for Psychedelic Studies,15,162,5,0,2026
A5048312717,Andreia Machado Brito-da-Costa,0000-0001-7327-1598,Universidade do Porto,13,162,5,0,2026
A5074278706,Matthew B. Pomrenze,0000-0002-9032-5911,Stanford Medicine,8,162,3,0,2025
A5053562751,Lorenzo Caputi,0000-0002-7783-6733,Max Planck Institute for Chemical Ecology,11,162,1,0,2026
A5007033463,Elaine Elisabetsky,0000-0002-9922-2863,Universidade Federal do Rio Grande do Sul,6,162,0,4,2015
A5112265377,Irene Müller,0000-0001-9018-5771,University of Copenhagen,4,162,1,0,2023
A5089665763,Jennifer R. Verkouteren,0000-0002-0095-0095,National Institute of Standards and Technology,3,162,1,2,2013
A5080301587,Fúlvio Aurélio de Morais Freire,0000-0003-1580-0222,Universidade Federal do Rio Grande do Norte,4,161,0,0,2022
A5002485823,Poncho Meisenheimer,0000-0003-1918-3153,Usona Institute,5,161,0,2,2022
A5065244580,Andrea Mattarei,0000-0002-2023-0749,University of Padua,18,161,0,2,2026
A5019033723,Henry B. Murphree,,"Rutgers, The State University of New Jersey",5,161,4,0,1983
A5012239437,Herman C.B. Denber,,American Psychiatric Association,26,161,21,3,1983
A5103966004,Donald A. Young,,Centre for Addiction and Mental Health,3,161,0,1,2003
A5045839922,Frederick Gerard Moeller,0000-0003-3683-1407,The University of Texas Health Science Center at Houston,5,161,3,1,2007
A5023794634,Carmela Fiore,,University of Foggia,5,161,0,0,2013
A5111747246,Noel Francis Thomas,,University of Malaya,4,161,0,0,2016
A5085756728,Carmine Maria Pariante,0000-0002-9132-5091,King's College London,5,161,0,1,2024
A5031984682,Abdallah Salem,,The University of Adelaide,10,161,1,2,2019
A5091588027,Hanna M. Molla,0000-0002-2971-4512,University of Chicago,10,161,3,1,2026
A5108496206,Sophia A. Davis,,Scripps Research Institute,4,161,0,0,2007
A5082700645,Rebecca D. Crean,,Scripps Research Institute,4,161,2,0,2007
A5091283776,Elisabetta Bertol,0000-0003-3693-0552,University of Florence,4,161,3,1,2018
A5006948744,Carla L. Storr,0000-0002-8110-2695,"University of Maryland, Baltimore",5,161,0,0,2018
A5090638757,Kari L. Franson,0000-0003-2314-179X,Centre for Human Drug Research,4,161,0,0,2010
A5087677503,Eric Thomas Paiva Magalhães,0000-0002-0251-3702,Universidade Federal de São Paulo,9,161,1,0,2022
A5042476922,Marcus Vinicius von Zuben,,Universidade de Brasília,3,160,0,0,2019
A5061491090,Ayal Schaffer,0000-0001-6220-5042,Sunnybrook Health Science Centre,5,160,0,0,2025
A5002695463,Antoine Lutz,0000-0002-0258-3233,Lyon 1 Université,3,160,0,3,2025
A5057099980,Moss Herberholz,0009-0007-6717-7088,Radiall (France),16,160,0,0,2026
A5103390836,Hugo R. Arias,0009-0002-2764-1927,Oklahoma State University,19,160,9,6,2026
A5080618650,Shaun D. Carstairs,0000-0003-4558-9704,Naval Medical Center San Diego,3,160,1,0,2013
A5113602853,Graeme L. Blackman,,,5,160,0,0,1987
A5103234624,Patrick M. Callahan,0000-0002-4383-9928,The University of Texas Medical Branch at Galveston,5,160,2,1,1994
A5079517489,Alan H.B. Wu,0000-0002-5610-2036,San Francisco General Hospital,4,160,0,2,2012
A5001537724,Daniele Scarcella,0009-0009-7789-8270,University of Verona,3,160,0,0,1999
A5089448106,M. Marigo,,University of Verona,5,160,0,5,1999
A5032014591,Guadalupe Beitia,0000-0002-4979-9461,Universidad de Navarra,5,160,2,0,2015
A5086740240,Valeria Catalani,0000-0001-6338-8653,University of Hertfordshire,4,160,1,0,2026
A5102161334,Maria Kała,,RWTH Aachen University,4,160,1,2,2011
A5110002986,S G Holtzman,,,4,160,0,4,1986
A5061049141,Gunnar Antoni,0000-0002-1525-5255,Uppsala University,5,160,0,2,2025
A5100616442,Xinzhong Chen,0000-0001-9219-1681,Zhejiang University,7,160,1,4,2025
A5033265632,Juliana Canada Surjan,,Universidade Federal de São Paulo,11,160,1,0,2026
A5090127518,Xiaoxian An,0000-0002-1739-6342,"University of Maryland, Baltimore",4,160,0,0,2022
A5043612857,Jan W. Schoones,0000-0003-1120-4781,Leiden University Medical Center,8,159,0,0,2026
A5075987185,Lilian Kloft,0000-0002-4615-9581,University of Bonn,13,159,3,0,2025
A5007525641,Daniël Kleinloog,0000-0002-2135-1905,AkzoNobel (Netherlands),5,159,3,0,2024
A5001911347,Sam G. Moreton,0000-0002-4585-2755,University of Wollongong,9,159,5,4,2026
A5030461360,Jodi L. Smith,0000-0002-9145-8548,St Vincent Hospital,6,159,0,2,2024
A5089074936,David Vonlanthen,0000-0002-7639-3846,Voith (United States),3,159,2,0,2026
A5041353887,Jeremy Narby,,,3,159,3,0,2022
A5070304169,Michael W. Beug,0000-0001-6767-6134,The Evergreen State College,3,159,2,1,1982
A5038308171,Alonso G. Montoya,0000-0002-9561-4106,McLean Hospital,3,159,3,0,2002
A5113836313,Renee M. Sorrentino,,Harvard University,3,159,0,0,2002
A5111853489,Bruce Heimburger Price,,Harvard University,3,159,0,3,2002
A5015637542,V.G. Nicola,,University of Basel,3,159,0,0,2012
A5101567721,Michael John Keane,0000-0002-9131-7008,Monash Health,3,159,0,0,2018
A5049339126,Peter John Winsauer,,Louisiana State University Health Sciences Center New Orleans,5,159,2,2,2018
A5068984003,Paola Lenzi,0000-0002-4734-8798,University of Pisa,19,159,0,0,2010
A5077054526,Christian R. Kelche,0000-0003-3479-2790,Université de Strasbourg,7,159,1,0,2009
A5049478701,Jaílson B. de Andrade,0000-0001-5269-4866,Universidade Federal da Bahia,8,159,1,6,2023
A5035844558,Lilian H.J. Richter,,Saarland University,4,159,2,0,2019
A5089053356,Peter H. J. Keizers,0000-0003-2421-1067,National Institute for Public Health and the Environment,5,159,2,0,2022
A5029440312,Chester A. Mathis,0000-0001-9811-0950,,3,159,0,1,1996
A5112610588,Kazumasa Yamaguchi,,Meijo University,5,159,0,0,1987
A5079336075,Kazuhiro Ishikawa,0000-0003-2502-6955,Meijo University,5,159,0,0,1987
A5043460196,Joseph De Leo,,Greenfield Research (Canada),8,158,0,6,2024
A5041347266,Nelson G. M. Gomes,0000-0002-8727-9678,Universidade do Porto,5,158,0,1,2026
A5040103503,Áurea Madureira-Carvalho,0000-0002-7569-6802,Universidade do Porto,9,158,1,3,2023
A5033574222,Noah W Sweat,,University of Alabama at Birmingham,4,158,0,0,2023
A5015043702,Markus Gressler,0000-0001-5669-7618,Leibniz-Institut für Naturstoff-Forschung und Infektionsbiologie e. V. - Hans-Knöll-Institut (HKI),7,158,0,0,2026
A5021920509,Alain Gaujac,,Universidade Federal de Sergipe,8,158,5,3,2019
A5024041967,Matthew Piggott,0000-0002-5857-7051,CSIRO Manufacturing,10,158,1,4,2024
A5046325462,Nitin Kumar,0000-0003-0153-3493,Victoria University of Wellington,4,158,1,0,2018
A5040609142,Annabel Bolck,,Netherlands Forensic Institute,5,158,2,2,2015
A5112212941,Hiroe Kamata,,Osaka Prefectural Police Department,9,158,1,0,2012
A5083943770,Sunila G Nair,0000-0003-0998-1629,University of Cincinnati,6,158,6,0,2006
A5083704735,Luke N. Rodda,0000-0001-8660-6481,"University of California, San Francisco",6,158,1,3,2024
A5057456463,Darío Compagnone,0000-0001-7849-8943,University of Teramo,4,158,0,1,2017
A5080121346,Roberta Curini,0000-0002-7239-1712,Sapienza University of Rome,4,158,0,0,2017
A5000486824,Manuel Sergi,0000-0002-1130-5294,University of Teramo,4,158,1,1,2017
A5035031116,Terry A. Dal Cason,,Drug Enforcement Administration,3,158,3,0,2009
A5047308723,Charles R. Conway,0000-0001-6849-9416,Washington University in St. Louis,6,158,3,3,2025
A5006308151,Erin E. Michalak,0000-0002-0812-6527,University of British Columbia,7,157,0,2,2026
A5059921142,Sara De Martin,0000-0001-6398-8237,University of Padua,13,157,2,4,2026
A5101756078,C. J. Healy,0000-0001-8175-4100,New School,6,157,4,1,2025
A5062596209,Alessandro Serretti,0000-0003-4363-3759,Università degli Studi di Enna Kore,10,157,4,1,2026
A5075628340,Ammar Amirouche,,Université Paris-Saclay,10,157,0,0,2026
A5018412114,Richard A. Grucza,0000-0002-8191-6875,Saint Louis University,3,157,1,0,2026
A5076874003,Jacques Rutschmann,,Sandoz Group AG (Switzerland),3,157,0,2,1962
A5029790599,Tracie A. Paine,0000-0002-9780-0658,Harvard University,3,157,0,0,2020
A5111871076,Ho Sam Ahn,0009-0001-8087-1118,Albert Einstein College of Medicine,6,157,1,0,1979
A5055848202,Fritz Pragst,0000-0002-5639-7049,Charité - Universitätsmedizin Berlin,5,157,2,0,2024
A5046050028,Ulrich Dirnagl,0000-0003-0755-6119,Charité - Universitätsmedizin Berlin,4,157,0,0,2012
A5078743296,Mayumi Miyatake,,Saint Louis University,3,157,0,0,2008
A5100373446,Chengyu Wang,0000-0002-5602-797X,Guangzhou Medical University,6,157,0,0,2023
A5066091859,Claire Walsh,0000-0001-6557-7183,New York State Psychiatric Institute,4,156,2,0,2024
A5062673310,Ilaria Tare,,University of Chicago,4,156,0,0,2024
A5109144978,Ronald J. Bradley,,University of Alabama at Birmingham,10,156,2,5,1977
A5033689326,Amanda Roxburgh,0000-0001-8609-0075,Burnet Institute,6,156,3,0,2026
A5070036246,Mitsuhiro Wada,0000-0001-9125-533X,Nagasaki University,10,156,4,0,2013
A5002685324,Paul S. Fitzmaurice,0000-0002-0977-3830,New Zealand Institute for Public Health and Forensic Science,3,156,0,1,2009
A5111947357,Frederick P. Smith,,University of Alabama at Birmingham,4,156,1,1,2015
A5003712720,Pierre P. Marquet,0000-0001-7698-0760,Inserm,4,156,1,1,2008
A5109968382,C.H. Vanderwolf,,Western University,6,156,6,0,1987
A5056312367,Richard M. Weinshilboum,0000-0002-4911-7985,Mayo Clinic,3,156,0,3,2019
A5113632816,Francis David Tingley,,,3,156,0,0,2012
A5066348832,Anne Zwartsen,0000-0001-5123-6564,Utrecht University,6,156,6,0,2020
A5023419818,Rupert R. Lanzenberger,0000-0003-4641-9539,Medical University of Vienna,10,156,1,5,2025
A5039540919,Flora Moujaes,0000-0002-0843-0393,University of Zurich,16,155,4,0,2026
A5080112767,Susan Ling,0000-0002-3969-8333,University Health Network,3,155,1,0,2022
A5022505011,Agnieszka Bysiek,,Maj Institute of Pharmacology,9,155,3,0,2026
A5000907250,José Pedro Prieto,0000-0002-4082-5811,Universidad de la República de Uruguay,9,155,2,0,2025
A5006564877,Matthew J. Meyer,0000-0003-4486-3214,The Ohio State University,6,155,2,1,2025
A5100732244,Yanbo Zhang,0000-0002-2421-157X,University of Alberta,17,155,0,3,2026
A5078220787,Namik Kirlić,0000-0003-4153-8774,Pathways Behavioral Services,11,155,2,0,2026
A5006456577,Mihkel Kaljurand,0000-0003-1543-412X,Tallinn University of Technology,6,155,0,0,2022
A5015885270,Jekaterina Mazina-Šinkar,0000-0002-2430-0097,Tallinn University of Technology,6,155,1,4,2022
A5009280110,Steven M. Southwick,0000-0001-6382-4590,United States Department of Veterans Affairs,3,155,0,0,2022
A5072419101,G. Fillion,,Centre National de la Recherche Scientifique,4,155,3,1,1988
A5043374826,Elisa Torres,,Universidad Complutense de Madrid,6,155,2,0,2013
A5083426047,Hwakyung Choi,,National Forensic Institute,5,155,0,0,2012
A5059750225,Mircea Sigal,,,5,155,0,2,2002
A5059306266,Landon M. Klein,,University of California San Diego,6,155,2,0,2025
A5068585904,Li Ma,0000-0002-7157-7144,Chiba University,7,155,2,0,2024
A5111913427,Wesley K. Kroeze,,University of North Carolina at Chapel Hill,5,155,0,2,2017
A5033325414,Eric L. Garland,0000-0003-2891-857X,University of California San Diego,6,154,0,3,2026
A5018898973,Daniel Jiménez‐Garrido,0000-0002-1775-754X,"International Center for Ethnobotanical Education, Research, and Service",4,154,1,0,2023
A5077896144,Petra Cihlářová,0000-0001-6552-0697,"University of Chemistry and Technology, Prague",8,154,0,0,2026
A5028869928,Igor Horrillo,0000-0003-0125-5884,University of the Basque Country,8,154,0,0,2025
A5023007256,Václav Havel,0000-0002-6911-4669,MIND Research Institute,10,154,2,0,2026
A5089180847,Theis H. Terwey,,,3,154,0,0,2025
A5064418716,Fabien Bévalot,,Luminex (United States),12,154,0,4,2023
A5078177253,Valérie Bonnelle,0000-0002-4673-0549,Universidade de Santiago de Compostela,12,154,4,1,2026
A5011245894,Renato de Filippis,0000-0001-6928-1224,Magna Graecia University,8,154,4,0,2026
A5110434267,Gisela Grecksch,,Otto-von-Guericke-Universität Magdeburg,3,154,0,1,2014
A5071593008,Kyriaki Aroni,0000-0002-7559-4857,University of Perugia,5,154,0,0,2023
A5004718385,Kimberly M. Lovell,,University of Kansas,7,154,3,0,2013
A5011636885,Daniela Cerretani,0000-0001-9498-1644,University of Siena,6,154,2,1,2011
A5023445780,Cristoforo Pomara,0000-0002-9895-3402,University of Foggia,4,154,1,0,2011
A5011247216,Margriet van Laar,0000-0003-3977-126X,Trimbos Institute,7,154,1,2,2025
A5107866262,Mike Briley,,Pierre Fabre (France),4,154,0,4,1993
A5028557857,Frank Boess,,Roche (Switzerland),3,154,3,0,1998
A5030987781,Lorena Catarina Del Sant,0000-0001-9259-7104,Universidade Federal de São Paulo,8,154,3,0,2023
A5080424336,Heather Jackson,0000-0003-2004-9242,Trout Unlimited,15,153,0,4,2026
A5008496723,Joshua C. Black,0000-0002-7329-2740,Denver Health Medical Center,15,153,5,2,2026
A5051417409,Manuela Brand,,Central Institute of Mental Health,11,153,1,1,2026
A5062558520,Robert H. Dworkin,0000-0002-9464-5488,University of Rochester Medicine,10,153,3,1,2026
A5020841990,Emma Eckernäs,0000-0002-0625-5616,University of Gothenburg,9,153,5,0,2025
A5088711353,Guadalupe Sòria,0000-0002-8344-0479,"Biomedical Research Networking Center in Bioengineering, Biomaterials and Nanomedicine",4,153,0,0,2021
A5086453026,Nicholas G. Campbell,,University of Cincinnati,4,153,1,0,2006
A5060931486,David E. Nichols,0000-0002-8025-9295,Purdue University West Lafayette,3,153,0,2,1992
A5110257434,Kurt Kristiansen,,Case Western Reserve University,4,153,0,0,2000
A5023006180,C.M. Chavez-Eng,,"Merck & Co., Inc., Rahway, NJ, USA (United States)",3,153,2,0,2018
A5017793628,Ryan Lutz,,"Merck & Co., Inc., Rahway, NJ, USA (United States)",3,153,0,0,2018
A5078649461,Kevin P. Bateman,0000-0002-4026-6685,"Merck & Co., Inc., Rahway, NJ, USA (United States)",3,153,0,1,2018
A5016546967,Chong-xian Pan,0000-0002-8588-3994,"University of California, Davis",18,153,3,4,2023
A5079162364,Jim Mintz,0000-0002-8299-5851,The University of Texas at San Antonio Health Science Center,3,153,0,0,2022
A5090012638,İpek Yalçın,0000-0003-2596-8598,Centre National de la Recherche Scientifique,3,153,0,0,2018
A5100323908,Kai Zhang,0000-0001-8581-9063,Anhui Medical University,7,153,4,2,2024
A5036810356,John J. Sheehan,0000-0002-5045-5025,Janssen Scientific Affairs (United States),8,153,0,3,2023
A5048402159,Zoe Doyle,0000-0002-0140-8994,Western University,12,152,1,0,2026
A5002030503,Cynthia I. Campbell,0000-0003-1019-5852,Kaiser Permanente,3,152,0,1,2023
A5002037545,Daniel Meling,0000-0001-9118-5431,University of Freiburg,17,152,3,0,2026
A5053120693,Katie D. Lewis,,The University of Western Australia,7,152,2,0,2023
A5029252463,Joel L. Steinberg,0000-0002-0297-0751,The University of Texas Health Science Center at Houston,4,152,0,0,2007
A5019235752,Kuan‐Hon Lim,0000-0003-1462-3324,University of Nottingham,6,152,3,0,2023
A5110906163,Brian E. Leonard,,Ollscoil na Gaillimhe – University of Galway,6,152,1,5,2003
A5109805305,A. K. Tebēcis,,Australian National University,3,152,3,0,1972
A5034421480,Beitske E. Smink,,Netherlands Forensic Institute,3,152,0,0,2011
A5035670438,Gerry Jager,0000-0001-5163-436X,,3,152,0,0,2007
A5003210173,Michael A. Malfatti,0000-0003-2431-9115,Lawrence Livermore National Laboratory,21,152,1,0,2023
A5045182970,Liisa Vesa,,University of Helsinki,4,152,0,0,2019
A5018221040,Ruud P. W. Litjens,,Utrecht University,4,151,3,1,2016
A5088822196,Deanna M. Kaplan,0000-0002-9300-3029,Emory University,12,151,1,1,2026
A5077505426,Cody J. Wenthur,0000-0001-6043-3842,University of Wisconsin System,22,151,2,12,2026
A5051251964,Diego Fernández Slezak,0000-0001-6348-1559,Consejo Nacional de Investigaciones Científicas y Técnicas,3,151,0,0,2018
A5063683724,David Lankri,0000-0002-1210-5673,Columbia University,4,151,0,0,2025
A5056081637,Inis C. Serrano,0000-0002-3588-821X,Columbia University,4,151,0,0,2025
A5027073145,Gavin P. Schmitz,,University of North Carolina at Chapel Hill,12,151,7,0,2026
A5023560849,Rebecka Bremler,,University Medical Center Groningen,4,151,2,0,2025
A5113550136,John H. Welsh,,Harvard University,4,151,3,1,1962
A5023842541,Marc Gelkopf,0000-0001-5842-2642,Tel Aviv University,3,151,0,0,2003
A5045516000,Georgia Butler,0000-0001-9678-6041,University of Greenwich,3,151,3,0,2005
A5059222189,Richard Rodnight,,King's College London,6,151,1,1,1980
A5083460461,Fabio Vaiano,0000-0002-9256-4326,University of Florence,3,151,1,2,2023
A5007341912,Ismene L. Petrakis,0000-0002-6894-5946,United States Department of Veterans Affairs,4,151,0,1,2022
A5014394452,Daniel H. Lins-Silva,0000-0001-9405-383X,Universidade Federal da Bahia,6,151,1,0,2023
A5063712330,Justin J. Sanders,0000-0001-8928-4051,McGill University,13,150,0,1,2025
A5103029282,Ping Xiang,0000-0001-9665-4292,China Pharmaceutical University,14,150,0,3,2025
A5007412928,Elyse M. Cornett,0000-0001-7961-3931,Creighton University,8,150,0,0,2025
A5089266507,Isabelle Etting,,Inserm,17,150,0,0,2026
A5014206383,Victor Augusto Rodovalho Fava,0000-0002-8785-4329,Universidade Federal de São Paulo,9,150,2,1,2023
A5085821572,Christopher W. Cunningham,0000-0002-4468-2213,Concordia University Wisconsin,3,150,1,1,2014
A5113779885,Anthony M. J. Montgomery,,University of Greenwich,3,150,1,2,2004
A5100755610,Xiao‐Qi Zhang,0000-0002-4436-0273,Jinan University,6,150,0,2,2021
A5078904601,Nicholas MacInnes,,Aston University,3,150,3,0,2002
A5014405957,E Bull,,University of Nottingham,5,150,4,0,2006
A5032623459,Kurt Hirschhorn,,Icahn School of Medicine at Mount Sinai,3,150,1,1,1970
A5090644504,Joanna Hockenhull,0000-0002-3361-7598,St Thomas' Hospital,3,150,3,0,2020
A5110818702,Xinlei Lu,0009-0001-3307-0107,Westlake University,6,150,1,2,2025
A5015903430,Fiona Dunbar,,Beckley Foundation,15,149,1,0,2026
A5109191617,Barbara O. Rothbaum,,Emory University,4,149,0,0,2025
A5091804865,Leah M. Mayo,0000-0002-0645-4869,University of Calgary,13,149,0,6,2026
A5019562259,Benoit H. Mulsant,0000-0002-0303-6450,Centre for Addiction and Mental Health,10,149,0,2,2025
A5109151665,Michael E Schachter,,University of Oxford,4,149,2,0,1988
A5010904036,Stefania Bello,0009-0002-7714-0178,University of Foggia,5,149,0,0,2011
A5103479580,Andreas Mayerhofer,,University of Tübingen,5,149,2,0,2003
A5041320219,Mamoun Yousif,,Virginia Commonwealth University,4,149,1,1,1990
A5043112305,Anna M. S. Kindlundh-Högberg,,Uppsala University,5,149,5,0,2009
A5070676831,Lynette C. Daws,0000-0002-6793-791X,The University of Texas at San Antonio Health Science Center,9,149,1,3,2018
A5082786564,Jürgen Reiner Becker,0000-0002-1391-6523,Johannes Gutenberg University Mainz,4,149,1,2,2003
A5022953612,Leo J. Schep,,University of Otago,4,149,1,2,2023
A5078452122,Abigail I. Nash,0000-0003-3165-9273,Janssen Scientific Affairs (United States),6,149,1,0,2023
A5052736827,Hua Xu,0000-0003-0505-1862,Nanjing Jiangning Hospital,5,149,0,0,2024
A5016281136,Bin Ling,,Nanjing Jiangning Hospital,5,149,2,0,2024
A5038304952,Brianna R. Altman,0000-0001-9254-2939,"Rutgers, The State University of New Jersey",11,148,4,2,2024
A5077617913,Sandro Navickiene,0000-0001-7806-7537,Universidade Federal de Sergipe,7,148,2,0,2019
A5077611544,Fúlvio Rieli Mendes,0000-0002-8706-1361,Universidade Federal do ABC,9,148,2,3,2024
A5083212112,Andrea Alimonti,0000-0002-9362-2313,Università della Svizzera italiana,6,148,0,0,2026
A5053802958,Franco Folli,0000-0001-9824-5222,University of Milan,12,148,0,0,2025
A5042584716,Andrew Peterson,0000-0001-5192-3348,George Mason University,5,148,3,0,2024
A5010547769,Gerald Billac,,BD Biosciences (United States),11,148,3,0,2026
A5080919976,D. M. Timineri,,"University at Buffalo, State University of New York",5,148,0,0,2000
A5076949187,Jeremy J. Roach,,Scripps Research Institute,8,148,5,0,2018
A5104106489,Anupama Gopalakrishnan,,University of Wisconsin System,3,148,0,0,2009
A5108681204,Alexandra Boucher,,Hospices Civils de Lyon,12,148,3,0,2023
A5065474805,Erin A. Kolbrich-Spargo,,,6,148,0,0,2013
A5006571384,Linda Quate,,Queen Margaret University,3,148,1,0,2004
A5031442075,David E. Moody,,University of Utah,4,148,2,2,2012
A5113569074,John D. Gilbert,,SA Health,3,148,1,0,2017
A5005924287,Fernando Caudevilla‐Gálligo,,Sociedad Española de Medicina de Familia y Comunitaria,3,148,2,0,2016
A5010170027,Ziro Kaneko,,The University of Osaka,3,148,1,2,1967
A5009967288,Angelo Ricciardi,0000-0002-0584-0194,ASL Roma,4,148,0,0,2019
A5007218256,Inga Meyhöfer,,University of Bonn,3,148,1,0,2017
A5009932824,Marian Waguespack,,Louisiana State University,3,147,0,0,2016
A5037341977,Maarten Belgers,0000-0003-1391-8673,Radboud University Nijmegen,10,147,1,3,2026
A5000942578,Dennis Scharf,,Heidelberg University,5,147,0,0,2026
A5070591507,Naji Alnagger,0000-0002-7880-6237,University of Liège,14,147,4,0,2026
A5066098048,Angela M. Haeny,0000-0003-3004-6977,Yale University,3,147,1,1,2024
A5061641088,Julie Barron,,Michigan Psychoanalytic Institute,15,147,0,0,2026
A5062364830,Willie O. Siu,,,3,147,0,0,2023
A5089405597,Petra Strajhar,0000-0002-7371-8641,University of Basel,3,147,3,0,2018
A5108389007,Mahálah R. Buell,,University of California San Diego,3,147,0,0,2012
A5016497110,Thomas F. Newton,0000-0002-3198-5901,Baylor College of Medicine,3,147,1,1,2018
A5032300674,Christopher L. Hubbell,,Rensselaer Polytechnic Institute,4,147,0,1,1996
A5012158059,Gábor Géza Kovács,0000-0003-3841-5511,Medical University of Vienna,7,147,1,0,2011
A5111985251,Mark S. Levi,,University of Mississippi,6,147,3,0,2009
A5111738939,Ronald F. Borne,,University of Mississippi,6,147,1,5,2009
A5000701045,Andreas Heinz,0000-0001-5405-9065,Charité - Universitätsmedizin Berlin,6,147,0,1,2022
A5086771680,Grace W. Cavanaugh,,National Institutes of Health,3,147,0,0,2022
A5081125396,Maju Mathews,0000-0003-4144-1008,Janssen (United States),10,147,0,2,2023
A5038273452,Pim B. van der Meer,0000-0003-3700-8906,Leiden University Medical Center,6,146,4,0,2026
A5033112950,Tim Hirschfeld,0000-0002-8957-4873,Humboldt-Universität zu Berlin,10,146,7,0,2026
A5022581302,Daniel Villiger,0000-0003-0851-624X,University of Zurich,15,146,13,0,2026
A5064629089,Ines Erkizia-Santamaría,0000-0002-6163-4571,University of the Basque Country,9,146,8,0,2025
A5033481973,Jorge E. Ortega,0000-0001-8188-874X,University of the Basque Country,7,146,0,7,2025
A5009032583,Pierre Llorach,0000-0002-4457-7800,Stanford Medicine,8,146,0,0,2026
A5079797502,Henriette E. Meyer zu Schwabedissen,0000-0003-0458-4579,University of Basel,6,146,0,0,2025
A5008144812,Robyn A. Filipink,,"University at Buffalo, State University of New York",3,146,0,0,2000
A5085862284,Goutam Kumar Jana,,Indian Association for the Cultivation of Science,8,146,8,0,2012
A5101865960,Hiroyuki Inoue,0000-0003-2942-0263,International University of Health and Welfare,9,146,0,8,2020
A5109039820,C. M. Bradshaw,,University of Manchester,9,146,3,1,1977
A5108372737,David Holt,0000-0002-6258-5716,"St George's, University of London",3,146,0,0,2019
A5029719312,Shimon Schuldiner,0000-0002-4874-6237,Hebrew University of Jerusalem,5,146,5,0,2024
A5021771177,Jessica A. Able,,Cincinnati Children's Hospital Medical Center,4,146,2,0,2008
A5054892136,Audrey Shoultz,,"University of Maryland, Baltimore",5,145,0,0,2026
A5073637763,Leonardo Novelli,0000-0002-6081-3367,Monash University,11,145,2,0,2026
A5113568128,Karin Blakolmer,,Oncoscience (Germany),9,145,0,0,2025
A5070750577,Moritz Spangemacher,,Heidelberg University,9,145,2,1,2025
A5045572483,Liliana Galindo,0000-0002-2396-4772,University of Cambridge,10,145,0,0,2025
A5013246959,A. John Rush,0000-0003-2004-2382,National University of Singapore,4,145,1,3,2024
A5078796555,David M. Ferguson,0000-0001-6294-8057,University of Minnesota,3,145,0,2,2008
A5067242440,Fernando Berrendero,0000-0003-3502-9439,Universitat Pompeu Fabra,6,145,0,0,2009
A5059656423,Maude Beaudoin‐Gobert,0000-0002-3056-2384,Centre National de la Recherche Scientifique,5,145,3,0,2019
A5007026922,Rachel Sutherland,0000-0001-5337-1751,UNSW Sydney,6,145,1,2,2025
A5103268459,Francesco Mari,0000-0001-6914-5812,University of Florence,3,145,0,0,2018
A5038736798,Ta-Chung M. Mou,,"University of Maryland, Baltimore",4,145,0,0,2025
A5029787846,Matthias Kirschner,0000-0002-9486-1439,University of Geneva,4,144,0,2,2025
A5086857786,Calvin Diep,0000-0001-9596-5101,University of Toronto,3,144,0,0,2026
A5030548033,Albert Batalla,0000-0002-5010-5121,Utrecht University,6,144,1,3,2025
A5075277871,Claudio Agnorelli,,Imperial College London,3,144,2,0,2025
A5025579198,Osiris Sinuhé González Romero,0000-0002-2085-5482,Universidad Nacional Autónoma de México,6,144,2,0,2024
A5069720283,Craig F. Ferris,0000-0001-9744-5214,Northeastern University,13,144,1,12,2026
A5083352750,Jared T. Hinkle,0000-0001-6770-3067,Johns Hopkins Hospital,3,144,1,0,2026
A5057781578,Sergio Traversa,,Forma Therapeutics (United States),5,144,0,0,2024
A5016785133,M. Pappagallo,0000-0001-7601-5602,CDG Therapeutics (United States),10,144,0,0,2025
A5091569561,Severin B. Vogt,0009-0007-3650-3549,University of Basel,12,144,2,1,2026
A5064859151,A. N. M. Alamgir,,University of Chittagong,3,144,3,0,2018
A5026874313,Benjamin H. Han,0000-0001-6882-0142,University of California San Diego,6,144,0,0,2026
A5088003065,Roger K. Light,,University of California San Diego,3,144,0,1,1979
A5105142919,Victor S. Fang,,University of Chicago,4,144,0,3,1978
A5057326329,Katharine Alexandra Brennan,,Victoria University of Wellington,3,144,2,0,2010
A5076294925,Peyton Jacob,,,10,144,7,1,1986
A5055435088,Ralph W. Hood,0000-0002-5165-6830,University of Tennessee at Chattanooga,5,144,3,0,2024
A5018946234,Pierre Gbènoukpo Tovihoudji,0000-0002-4352-3923,Université de Parakou,8,144,5,0,2026
A5056987928,Ezio Bettini,0000-0001-7425-6533,Aptuit (Italy),3,144,1,0,2023
A5073022707,Thu Ha Pham,0000-0002-7974-7881,Université Paris-Sud,6,144,4,0,2019
A5064670942,Marina Sanz-SanCristóbal,,Biomedical Research Networking Center on Neurodegenerative Diseases,4,143,0,0,2026
A5015254035,David J. Mokler,0000-0001-7340-3431,Harbage Consulting,9,143,6,1,2022
A5028278639,Pascal Michael,0000-0001-6347-9555,University of Greenwich,15,143,12,2,2026
A5079620519,Ying Han,0000-0002-8381-4071,Peking University,3,143,0,1,2026
A5002474987,Klára Šíchová,0000-0003-1653-822X,National Institute of Mental Health,16,143,1,0,2026
A5034827201,Stephanie Lake,0000-0002-4095-8016,"University of California, Los Angeles",15,143,4,0,2026
A5109991774,Govind J. Kapadia,,Howard University,8,143,7,1,1973
A5112543993,Tatsunori Iwamura,,Matsuyama University,6,143,0,0,2017
A5046347133,Melissa Humphries,0000-0002-0473-7611,The University of Adelaide,3,143,1,0,2021
A5029359742,Natacha Vanattou‐Saïfoudine,,Trinity College Dublin,7,143,7,0,2012
A5024132020,Masanori Somei,,Kanazawa University,8,143,5,3,2002
A5113502387,Marcel Debray,,Centre National de la Recherche Scientifique,7,143,0,0,2009
A5112417240,G.N. Woodruff,,University of Southampton,3,143,2,1,1972
A5086316665,Michel Spadari,,Inserm,6,143,1,0,2022
A5073609375,Niall O’Connor,0000-0002-6553-9184,Our Lady of Lourdes Hospital,4,143,0,0,2026
A5081972371,Nicolás A. Núñez,0000-0003-0404-3529,Mayo Clinic,5,142,1,1,2024
A5074167242,L. Kadeřábek,,National Institute of Mental Health,8,142,0,0,2023
A5045678056,Bernadeta Szewczyk,0000-0002-6863-7951,Maj Institute of Pharmacology,7,142,0,2,2025
A5108494277,M.M. Airaksinen,,,3,142,1,2,1987
A5090949609,F. T. Noggle,,Alabama Department of Forensic Sciences,11,142,8,1,2000
A5029245318,Terry E. Robinson,0000-0001-7861-3737,University of Michigan,6,142,2,0,2010
A5004586028,Peter Blanckaert,0000-0002-0020-7189,Sciensano (Belgium),6,142,0,2,2023
A5060706996,Wojciech Danysz,0000-0003-2375-0210,Merz (Germany),6,142,3,0,2009
A5078139870,Cristina Montiel‐Duarte,0000-0002-9144-8809,Universidad de Navarra,4,142,3,0,2003
A5016676392,María J. Iraburu,0000-0003-3323-7920,Universidad de Navarra,3,142,0,3,2003
A5006817409,Tatiana O. Kolesnikova,0000-0002-5561-8583,St Petersburg University,6,142,0,1,2024
A5042461170,Andrea Estévez‐Danta,0000-0002-8059-0068,Universidade de Santiago de Compostela,5,142,3,0,2026
A5046847702,Vadim A. Shevyrin,0000-0002-0369-0786,Ural Federal University,6,142,0,0,2024
A5110148264,Golfo K. Tzilos,,Brown University,3,142,2,0,2015
A5082177765,Celeste M. Caviness,,Butler Hospital,3,142,1,0,2015
A5085243297,Bradley J. Anderson,0000-0002-9428-4811,Butler Hospital,3,142,0,0,2015
A5010390511,Michael D. Stein,0000-0002-2466-5192,Brown University,3,142,0,3,2015
A5026620795,Andrew van der Vaart,,"University of Maryland, Baltimore",5,141,1,1,2026
A5093433058,Jeffrey LaPratt,,Sheppard Pratt Health System,4,141,0,0,2026
A5032946050,Margo Lauterbach,,Sheppard Pratt Health System,3,141,0,0,2025
A5088265750,Kimberly Sakai,0009-0006-9991-6757,"University of California, San Francisco",9,141,1,0,2026
A5078637043,Michael Farrell,0000-0001-7008-8130,UNSW Sydney,5,141,1,2,2026
A5017911936,Eric C. Strain,0000-0001-8482-5461,Johns Hopkins University,12,141,0,4,2026
A5028014022,Danila Boytsov,0000-0002-6200-7158,Medical University of Vienna,7,141,1,1,2025
A5109802895,Richard Doyle,,Pennsylvania State University,4,141,3,1,2022
A5082559556,Patricio Sáez‐Briones,0000-0002-1491-2639,Universidad de Santiago de Chile,6,141,4,1,2026
A5009687500,Mayumi Nishikawa,,Osaka Prefectural Police Department,5,141,0,0,2010
A5101721557,Joaquı́n Del Rı́o,0000-0001-6636-5924,Universidad de Navarra,3,141,1,1,2006
A5089214766,Jordi Peña‐Casanova,0000-0003-1019-1536,Universitat Autònoma de Barcelona,4,141,0,0,2011
A5052826567,Srdjan Djurovic,0000-0002-8140-8061,Oslo University Hospital,4,141,0,0,2026
A5004809245,Shane Alan Perrine,0000-0001-6983-2372,Wayne State University,6,141,2,3,2026
A5062179853,Thomas H. McLean,0009-0009-0550-2329,Purdue University West Lafayette,3,141,3,0,2006
A5112186776,C. R. Clark,,Auburn University,9,141,1,1,2005
A5074909311,Christoffer Bundgaard,0009-0009-5222-4499,Lundbeck (Denmark),4,141,0,0,2022
A5026554782,Věra Očenášková,0000-0001-8692-2417,T. G. Masaryk Water Research Institute,4,141,3,0,2025
A5000883121,Νikolaos Raikos,0000-0002-8252-7521,Aristotle University of Thessaloniki,3,141,2,0,2021
A5078841579,Emma L. Titterton,,Mass Spec Analytical (United Kingdom),3,141,0,1,2005
A5051859508,Howard D. Chilcoat,0000-0001-6715-0044,Johns Hopkins University,4,141,0,2,2018
A5033947135,Νikolaos S. Τhomaidis,0000-0002-4624-4735,National and Kapodistrian University of Athens,3,141,1,0,2023
A5046873123,Vincent King-Kuen Mok,,Government of Hong Kong,3,141,0,2,2007
A5040937797,Ailette Prieto,0000-0002-4660-7188,University of the Basque Country,3,141,0,0,2022
A5103066200,Aurelio Luna Maldonado,0000-0001-7760-7415,Universidad de Murcia,5,141,2,0,2011
A5035020369,Karima Chergui,0000-0001-5702-0422,Karolinska Institutet,3,141,0,2,2024
A5006852353,Andreas Halman,0000-0001-5248-4121,The University of Melbourne,12,140,4,0,2026
A5030624983,Josephine Marschall,0000-0001-6814-2417,Leiden University,6,140,1,1,2025
A5053651400,Sidney Zisook,0000-0003-3341-9185,University of California San Diego,9,140,1,0,2025
A5051154946,Nicole Ledwos,0000-0002-8604-3313,Centre for Addiction and Mental Health,7,140,3,0,2025
A5034847365,Gia Han Le,0000-0001-6457-0086,University Health Network,27,140,6,0,2026
A5012993883,Joel Pearson,0000-0003-3704-5037,UNSW Sydney,3,140,0,3,2025
A5078679898,Adam M. Kaye,0000-0002-7224-3322,Creighton University,5,140,0,0,2025
A5010826404,Merike Vaher,0000-0002-3818-1906,Tallinn University of Technology,5,140,0,0,2022
A5013144420,Alfredo Fabrizio Lo Faro,0000-0002-0240-5277,Marche Polytechnic University,8,140,3,1,2026
A5013048892,Mariavittoria Mangini,0000-0001-7579-4317,California Institute of Integral Studies,4,140,2,2,2022
A5026265266,Christian B. M. Poulie,0000-0003-2662-9803,University of Copenhagen,6,140,2,2,2026
A5047781346,Clara Cavallotto,0009-0009-2484-245X,University of Chieti-Pescara,13,140,1,0,2026
A5063520476,Mihai Avram,0000-0003-2171-8313,University of Lübeck,13,140,8,1,2026
A5028212666,Bartłomiej Pochwat,0000-0002-3785-6721,Instytut Biologii Doświadczalnej im. Marcelego Nenckiego,5,140,3,0,2023
A5040764247,Suely Mizumoto,,Universidade Estadual de Santa Cruz,3,140,1,1,2013
A5068271626,Kenneth E. Walker,,Texas Research Institute,4,140,0,1,1973
A5000290476,D. Noel Sims,,,3,140,0,1,2006
A5089871977,Martin Votava,0009-0009-5592-4722,Ministry of Health,4,140,0,1,2007
A5021471786,Sudhakar Selvaraj,0000-0002-9494-172X,The University of Texas Health Science Center at Houston,3,140,1,0,2022
A5056638635,Dominik K. Biezonski,,University of Massachusetts Amherst,7,140,6,0,2019
A5089852898,Simon R Lenton,0000-0002-7013-9812,Curtin University,5,140,0,1,2025
A5005492936,Bruce A. Pappas,,Carleton University,3,140,0,3,1980
A5075612099,Arthur K. Cho,,,3,140,0,3,1992
A5052647444,Nahoko Uchiyama,0009-0000-0977-2056,National Institute of Health Sciences,9,140,1,0,2026
A5019088837,María Falcón Romero,0000-0002-5013-685X,Universidad de Murcia,3,140,2,0,2011
A5109158107,Louis Y. Leung,,,3,140,2,0,1991
A5011692268,Keisuke Suzuki,0000-0001-7014-8770,University of Sussex,4,140,4,0,2024
A5100774351,Ming Jiang,0000-0002-7259-4165,Nanjing Medical University,5,140,1,0,2025
A5090970615,David J. Williamson,0000-0002-9049-8695,Augusta University,9,140,2,0,2024
A5057673924,Beatriz Werneck Lopes Santos,0000-0003-0486-3690,Universidade de Brasília,4,139,2,0,2022
A5006946827,Joseph M. Rootman,,University of British Columbia,4,139,3,0,2025
A5019552549,Eesmyal Santos-Brault,0000-0001-9489-2940,,4,139,0,0,2025
A5057634008,Sharon L. Smith,0000-0002-4801-8475,The Medical Device (United Kingdom),9,139,2,4,2025
A5088549567,Larissa J. Maier,0000-0002-4302-0488,"University of California, San Francisco",9,139,1,1,2023
A5059599507,Robert J. Barrett,0000-0001-5966-0706,United States Department of Veterans Affairs,3,139,0,0,2006
A5046094471,Mahmoud A. ElSohly,0000-0002-0019-2001,University of Mississippi,4,139,0,3,2018
A5014529404,Clifford Qualls,0000-0002-9110-3181,University of New Mexico,3,139,0,0,2026
A5091796439,Yvan Gaillard,,,12,139,1,6,2026
A5032022213,Pascal Gimeno,0000-0002-4116-7080,Institut National de Police Scientifique,4,139,4,0,2005
A5037620062,Huguette Chaudron-Thozet,,Institut National de Police Scientifique,3,139,0,2,2005
A5051333442,Antonio Vidal‐Infer,0000-0002-7860-8652,Universitat de València,4,139,2,0,2014
A5082733007,Hadeel A. Alsufyani,0000-0001-5379-1385,King Abdulaziz University,9,139,4,5,2026
A5078381054,Joaquı́n Jordán,0000-0002-6809-3384,University of Castilla-La Mancha,5,139,0,0,2011
A5029241280,Minoru Narita,0000-0002-4091-2261,Hoshi University,5,139,2,0,2013
A5089216656,Regula Theurillat,,University of Bern,6,139,1,0,2022
A5071781938,Anthony L. Back,0000-0002-7903-0477,Cape Town HVTN Immunology Laboratory / Hutchinson Centre Research Institute of South Africa,9,138,7,0,2026
A5051802152,Adem Can,0000-0001-7686-8840,Australian National University,4,138,0,1,2025
A5085986209,Sérgio Ruschi Bergamachi Silva,0000-0003-0677-0439,Universidade Federal do Rio Grande do Norte,7,138,0,0,2025
A5036519378,Rodrigo Cofré,0000-0002-7498-7122,CRONOS: Modélisation des résaux dynamiques cérébraux,8,138,1,5,2026
A5059885481,Per O. Allard,,Umeå University,7,138,0,0,2013
A5110211105,John H Gruzelier,,,3,138,0,3,2001
A5009656921,Larissa Magalhães de Almeida Melo,0000-0001-6083-3184,Universidade Federal de Goiás,9,138,3,0,2026
A5112559065,Martin Terry,,Sul Ross State University,10,138,4,5,2022
A5101472592,Maria Amélia Ferreira,0000-0001-6789-3796,Universidade do Porto,3,138,0,0,2008
A5001869898,Oliver B. Sutcliffe,0000-0003-3781-7754,Manchester Metropolitan University,6,138,0,0,2026
A5007460035,Abir T. El‐Alfy,0000-0003-0588-1233,Medical College of Wisconsin,3,138,0,0,2017
A5038919139,Mark T. Hamann,0000-0002-3798-4002,Medical University of South Carolina,4,138,0,3,2017
A5039811767,Michel Barrot,0009-0009-5704-3160,Centre National de la Recherche Scientifique,3,138,0,1,2019
A5087822441,Alice Caldiroli,0000-0002-8493-0779,Azienda Ospedaliera San Gerardo,6,138,2,0,2022
A5024963331,Marco De Pieri,,University of Geneva,3,137,0,0,2026
A5069267630,Alexandra M. Adams,0009-0002-0518-0461,Miami University,4,137,2,0,2024
A5000035566,Marilyn Naeem,0009-0006-8656-0747,University of Massachusetts Dartmouth,5,137,0,0,2026
A5018960269,Michaela Viktorinová,0000-0002-6462-5793,Charles University,13,137,0,0,2026
A5089103560,Alasdair M. Barr,0000-0002-3407-1574,University of British Columbia,3,137,0,2,2024
A5000613179,Robin Rodd,0000-0002-7552-7160,Duke Kunshan University,10,137,8,1,2022
A5046408523,Sean Hood,0000-0003-2852-7923,The University of Western Australia,4,137,0,0,2023
A5014280044,Lawrence Friedhoff,,,3,137,0,2,2016
A5112446001,Gregory K. Poch,,United States Navy,4,137,2,0,2002
A5049477444,Thomas B. Roberts,,Northern Illinois University,4,137,4,0,2013
A5101472446,Xiao‐Jun Huang,0000-0002-3636-4813,Jinan University,4,137,0,0,2018
A5038830876,Wen‐Cai Ye,0000-0002-2810-1001,Jinan University,6,137,0,4,2018
A5088107347,Kejun Cheng,0000-0002-1936-9129,National Institute on Drug Abuse,3,137,0,0,2014
A5000328545,Dongliang Lin,0000-0001-7149-7243,National Taiwan University,7,137,4,1,2020
A5016002593,Robert L. DuPont,0000-0002-3345-0759,Georgetown University,3,137,1,0,2012
A5072564132,Kamisha L. Johnson‐Davis,0000-0002-7943-6784,University of Utah,3,137,1,1,2022
A5051139254,Elisabeth Aparecida Audi,0000-0001-7186-9342,Universidade Estadual de Maringá,3,137,0,0,2021
A5052683841,John Joseph Curtin,0000-0002-3286-938X,University of Wisconsin–Madison,3,137,0,1,2025
A5032736128,Lars Michels,0000-0003-3750-1100,University of Zurich,4,136,0,0,2024
A5006822254,Matheus Souza Steglich,0000-0003-2079-770X,Universidade Federal de São Paulo,5,136,0,0,2022
A5011043226,Jakub Korčák,0000-0001-5017-4736,National Institute of Mental Health,12,136,0,0,2026
A5057826545,Richard C. Dart,0000-0001-5989-9354,Washington Poison Center,9,136,1,4,2026
A5016384733,Kyna‐Anne Conn,0000-0003-2244-7885,Discovery Institute,6,136,3,0,2025
A5068452354,Merja A. Neukamm,0000-0002-3826-2327,University of Freiburg,7,136,2,3,2024
A5054127682,Nasser Haddjeri,0000-0002-2161-2204,Inserm,14,136,4,10,2026
A5112272105,Yves Edel,,Assistance Publique – Hôpitaux de Paris,11,136,1,1,2024
A5006966093,Helena Victoria Rogg,,University of Lübeck,6,136,0,1,2026
A5076442934,Vincent J. Aloyo,,Drexel University,6,136,1,2,2012
A5019021504,Samuel Gershon,,Missouri Institute of Mental Health,8,136,1,4,2008
A5044903723,Linda Ferrington,0000-0002-4333-687X,Western General Hospital,9,136,3,2,2010
A5067624732,Paula M. Moran,0000-0001-6655-4784,University of Nottingham,3,136,0,2,2008
A5031208355,Ricarda Jantos,,Heidelberg University,4,136,3,1,2011
A5010638436,Khary K. Rigg,0000-0002-1714-5834,University of South Florida,8,136,8,0,2020
A5031843357,Edward Ogden,0000-0001-9914-3324,Victoria Police,6,136,1,1,2012
A5015407231,Rumi Murayama,0009-0002-5779-7164,Chiba University,12,136,1,0,2026
A5088466553,Marco Andrea Riva,0000-0002-1699-5060,University of Milan,3,136,0,1,2022
A5006607584,David Czock,0000-0003-1217-5134,Heidelberg University,11,136,0,3,2025
A5013171066,Yong Sik Kim,0000-0003-3763-4544,Seoul National University,4,136,0,2,2005
A5058280497,Jin‐Chao Song,0000-0003-2127-4046,University of Shanghai for Science and Technology,4,136,0,4,2026
A5000417271,Kenneth Shinozuka,0000-0002-2859-9161,VA Palo Alto Health Care System,39,135,14,1,2026
A5051072915,Florian Baldeweg,,Leibniz-Institut für Naturstoff-Forschung und Infektionsbiologie e. V. - Hans-Knöll-Institut (HKI),3,135,1,0,2019
A5038348158,Kacper Łukasiewicz,0000-0002-9413-3976,Medical University of Warsaw,4,135,1,2,2025
A5034025688,Paulo Shiroma,0000-0002-3377-1325,University of Minnesota,4,135,0,0,2026
A5110459937,Nancy A. Haug,,Palo Alto University,4,135,1,2,2023
A5050424027,Gustavo C. Medeiros,0000-0002-0091-1192,Hospital das Clínicas da Faculdade de Medicina da Universidade de São Paulo,6,135,2,1,2026
A5089155655,Hisahiro Hagiwara,0000-0001-5748-0525,Niigata University,6,135,4,2,2011
A5039910751,Alexandra I. Korda,0000-0001-8843-4951,University of Lübeck,6,135,0,0,2026
A5111903808,Judith Bird,,Victoria University of Wellington,5,135,3,1,2013
A5027297591,Dae‐Kyun Ro,0000-0003-1288-5347,University of Calgary,7,135,0,2,2025
A5055425365,Robert V. Blanke,,Virginia Commonwealth University,4,135,0,0,1990
A5075224963,Ottavia Dipasquale,0000-0002-2867-8222,King's College London,4,135,1,0,2025
A5107835078,Niamh Nic Daéid,,University of Dundee,9,135,0,4,2024
A5102088790,Concepción Maldonado,,Universitat de València,4,135,0,0,2014
A5091633459,Allison Jane Matthews,0000-0003-2961-9125,University of Tasmania,7,135,3,2,2018
A5058976274,William Haning,,University of Hawaiʻi at Mānoa,3,135,0,1,2021
A5109172304,Brian R. Worth,,University of British Columbia,4,135,0,2,1983
A5001288790,Faruk Aşıcıoğlu,0000-0003-1691-6171,Istanbul University-Cerrahpaşa,8,135,4,4,2025
A5111503828,Harry T. Hunt,,,5,135,5,0,2011
A5082057336,Akira Yamazaki,0000-0001-8259-0451,Kitasato University East Hospital,3,135,1,0,2010
A5041837769,Edward Norman Wilson,0000-0003-0640-5247,Montreal Neurological Institute and Hospital,3,135,3,0,2019
A5042478595,Sonia Do Carmo,0000-0002-6152-8613,McGill University,4,135,1,0,2020
A5059897855,M. Florencia Iulita,0000-0002-3360-4498,McGill University,3,135,0,0,2019
A5047273718,Hélène Hall,,McGill University,3,135,0,0,2019
A5102757798,Adam R. Marks,0000-0002-9311-9929,McGill University,3,135,0,0,2019
A5033125462,A. Claudio Cuello,0000-0003-2143-2745,McGill University,4,135,0,4,2020
A5109234261,Wouter H. J. Vaes,,Netherlands Organisation for Applied Scientific Research,7,135,0,2,2023
A5021552926,Axel Perkonigg,0000-0002-4042-3222,Technische Universität Dresden,3,135,2,0,2010
A5012207972,Yu‐Cheng Ho,0009-0009-6935-3502,I-Shou University,3,135,0,3,2023
A5002969289,Felipe Coelho Argôlo,0000-0001-5686-8712,Universidade Federal de São Paulo,3,135,0,0,2020
A5089041328,Alessandra Sussulini,0000-0002-5092-5867,Universidade Estadual de Campinas (UNICAMP),12,134,0,6,2026
A5102798402,Yingjie Du,0000-0003-4484-5024,Beijing Tongren Hospital,3,134,2,0,2026
A5088725738,Guyan Wang,0000-0003-3098-5472,Beijing Tongren Hospital,4,134,0,2,2026
A5062586544,Maria Zofia Grzywacz,,Copenhagen University Hospital,5,134,0,0,2024
A5033511745,Karilynn Rockhill,0000-0003-2831-4055,Denver Health Medical Center,9,134,3,0,2026
A5030173518,Olivia Marcus,0000-0002-8700-1203,New York University,11,134,5,0,2025
A5074438312,Pablo Torterolo,0000-0002-3531-5008,Universidad de la República de Uruguay,13,134,0,4,2026
A5041635869,Piret Saar‐Reismaa,0000-0003-3489-4797,Tallinn University of Technology,4,134,4,0,2019
A5080345883,Maria Kulp,0000-0001-8641-1545,Tallinn University of Technology,4,134,0,1,2019
A5069296340,Lalit K. Golani,0000-0002-6233-7747,Northeastern University,4,134,0,0,2024
A5008241476,Liam Engel,0000-0001-8030-7210,Western Sydney University,14,134,6,1,2025
A5103403599,Yi-Ting Chiu,0000-0001-7257-7755,University of North Carolina at Chapel Hill,8,134,2,0,2026
A5042138221,Felix Hammann,0000-0003-0658-9330,University of Bern,3,134,0,2,2026
A5113551688,Burton M. Altura,,SUNY Downstate Health Sciences University,5,134,2,3,2020
A5110668821,Anthony G. Romano,,Drexel University,4,134,4,0,2010
A5058938230,María Izco,0000-0003-4807-6779,Universidad Complutense de Madrid,5,134,3,0,2009
A5086121127,Robert Wennig,,University of Luxembourg,5,134,0,4,2007
A5083097010,ZBIGNIEW K. BINIENDA,,National Center for Toxicological Research,6,134,3,1,2011
A5110016509,Henry N. Wagner,,Johns Hopkins University,3,134,0,3,1994
A5086047693,Tina Van Havere,0000-0003-0484-7463,HOGENT University of Applied Sciences and Arts,3,134,1,0,2023
A5053912018,Jitka Caslavska,,University of Bern,4,134,1,1,2004
A5102757312,David W. Schmidt,0000-0002-3779-6765,University of Connecticut,4,134,2,0,2011
A5093431923,Kimberly Roddy,,Vital Therapies (United States),5,133,0,0,2025
A5101561809,Margaret Ross,0000-0002-3368-6614,St Vincent's Hospital Melbourne,12,133,2,4,2026
A5034076566,Tom Wolff,0000-0002-4884-251X,South London and Maudsley NHS Foundation Trust,22,133,21,1,2024
A5091209109,Josh Allen,0000-0002-9058-5561,University of Victoria,6,133,1,0,2026
A5015793767,Olga Kovalchuk,0000-0003-0506-8111,University of Lethbridge,8,133,0,0,2025
A5042868572,Igor Kovalchuk,0000-0002-8137-6928,University of Lethbridge,8,133,0,8,2025
A5027268399,Thomas F. Babor,0000-0002-2580-0835,University of Connecticut,3,133,1,0,2024
A5071320525,Georgios Schoretsanitis,0000-0002-3851-4117,Northwell Health,4,133,0,3,2026
A5061371489,Irena Skladman,,Tel Aviv University,3,133,0,0,2003
A5031092292,Yuhki Suka,,Niigata University,4,133,0,0,2011
A5103707117,Takashi Hoshi,,Niigata University,4,133,0,0,2011
A5060639082,Toshio Suzuki,0000-0002-5500-539X,Niigata University,4,133,0,2,2011
A5056716039,Rachel E. Liebman,0000-0002-4015-2071,University Health Network,3,133,0,0,2021
A5021570461,Brian A Ogden,,Louisiana State University,3,133,0,0,2003
A5111583084,Edward Piers,,,8,133,0,5,1970
A5108383313,Mariko Kitajima,0000-0001-5415-0803,Chiba University,6,133,1,1,2025
A5056392873,Dwipayan Bhattacharya,0000-0002-1215-0570,Auburn University,5,133,0,0,2017
A5048015140,Vishnu D. Suppiramaniam,0000-0003-0850-3940,Auburn University,5,133,0,0,2017
A5112350929,María Ramos,,Universidad de Navarra,4,133,2,0,2007
A5110015986,P. Soubrié,,University of Bonn,3,133,0,1,2000
A5011692479,Carl K. Horn,,United States Department of the Navy,4,133,1,1,2004
A5102855680,Eric Charles Peterson,0000-0002-1420-2346,University of Arkansas for Medical Sciences,7,133,2,2,2021
A5013155293,Michael Fendrich,0000-0001-8391-5895,University of Wisconsin–Milwaukee,4,133,4,0,2012
A5015525378,Teri L. Martin,0000-0002-3059-2751,,3,133,2,1,2007
A5031176489,Anouk H. A. Verboven,0000-0002-9252-6020,Utrecht University,3,133,0,0,2020
A5033115191,Fiona M.J. Wijnolts,,Utrecht University,4,133,0,0,2020
A5005350535,Wayne M. Harding,,,3,133,1,1,2010
A5103907589,Wanyou Yu,,Nanjing Jiangning Hospital,4,133,0,2,2023
A5103187626,Sascha B. Thal,0000-0003-3484-2778,University of Groningen,3,132,2,0,2018
A5090963514,Randall J. Olson,0000-0002-3591-7930,Oregon Health & Science University,5,132,1,0,2026
A5054553997,Riccardo Paci,,Maastricht University,4,132,0,0,2023
A5026747115,Åse Marit Leere Øiestad,0000-0001-7909-5863,Oslo University Hospital,3,132,0,1,2026
A5004551722,Michael A. Rogawski,0000-0002-3296-8193,"University of California, Davis",3,132,2,1,2021
A5051813961,Mary Lou Chatterton,0000-0003-4902-9448,Monash University,7,132,1,0,2025
A5086630681,Rafaela Martin,,University of Münster,4,132,4,0,2014
A5020412762,Jennifer Schürenkamp,0000-0002-7495-7433,University of Münster,4,132,0,0,2014
A5015226184,Vĕra Bubeníková‐Valešová,,Psychiatrická Nemocnice Bohnice,4,132,0,0,2012
A5085151599,M.V. Christoffersen,,University of Copenhagen,6,132,0,0,2012
A5078877564,Micaela Tirri,0000-0001-9337-9184,University of Ferrara,7,132,2,0,2024
A5019363102,Melissa F. Fogarty,0000-0002-8846-9780,Fredric Rieders Family Foundation,3,132,0,0,2022
A5039133909,Yuahn‐Sieh Huang,0000-0003-3527-6421,National Defense Medical Center,7,132,0,3,2020
A5007169111,Sara R. Jones,0000-0002-3424-7576,Wake Forest University,3,132,0,1,2026
A5103137087,David S. Baldwin,0000-0003-3343-0907,University of Southampton,6,132,0,2,2025
A5009109355,Jason P. Connor,0000-0002-7020-1196,The University of Queensland,4,132,0,0,2026
A5068553986,Surjyo Jyoti Biswas,0000-0002-9000-5221,University of Kalyani,3,132,2,0,2004
A5059376462,Michael W. Scherz,0000-0002-8717-5131,Oregon Health & Science University,3,132,0,0,1989
A5069397170,Emanuel Raschi,0000-0003-0487-7996,University of Bologna,3,132,0,0,2021
A5090300123,Jonathan Brett,0000-0003-3065-7495,The University of Texas Rio Grande Valley,16,131,4,7,2026
A5002017022,James B. Close,,Imperial College London,4,131,2,0,2024
A5109608261,Lorenz Mueller,0000-0002-9155-1080,University of Basel,7,131,2,1,2026
A5004537621,Minsheng He,,Harvard University,4,131,0,0,2008
A5005077348,Filippo Sean Giorgi,0000-0002-2940-8128,University of Pisa,5,131,2,0,2007
A5016769370,Cynthia M. Kuhn,0000-0001-6131-1839,Duke University,3,131,1,2,2010
A5082616506,Davide Zanchi,,University of Basel,3,131,0,0,2017
A5015101842,Jose C Poblete,,New York University,4,131,1,0,1998
A5020371836,Christopher C. Lay,,Scripps Research Institute,3,131,0,0,2006
A5020031360,Stefani N. Von Huben,,Scripps Research Institute,3,131,1,0,2006
A5078203438,Simon N. Katner,0000-0002-3720-4934,Scripps Research Institute,3,131,0,1,2006
A5081216011,Euloge K. Agbossou,,Université d'Abomey-Calavi,8,131,0,1,2019
A5034832196,Azeem Saleem,0000-0002-5747-7577,,5,131,2,0,2018
A5033612046,Atsushi Nagata,,,5,131,4,0,2003
A5018274416,Giovanni Ostuzzi,0000-0003-2248-9524,University of Verona,4,131,0,1,2023
A5088053124,Juliana Alves de Morais,,Universidade de Brasília,3,130,1,0,2018
A5037104251,Daniel C. Mograbi,0000-0002-4271-2984,King's College London,11,130,1,9,2026
A5081693778,Anna Lutkajtis,0000-0001-5782-4009,The University of Sydney,5,130,5,0,2023
A5072433323,Philippe Courtet,0000-0002-6519-8586,Inserm,10,130,0,8,2026
A5072086960,Lin Lü,0000-0003-0742-9072,Peking University,7,130,1,3,2026
A5083379140,Frances R. Levin,0000-0003-4209-1329,New York Psychoanalytic Society and Institute,5,130,0,1,2024
A5068655451,Joseph Jankovic,0000-0003-4129-3674,Baylor College of Medicine,3,130,1,1,2025
A5109332011,David P. Geaney,,University of Oxford,4,130,1,0,1992
A5110088008,Edward T. Uyeno,,SRI International,16,130,16,0,1971
A5014640185,Thomas M. Keller,0000-0001-8160-3046,University of Salzburg,4,130,3,0,2025
A5065571979,Priska Regenscheit,,University of Bern,3,130,0,0,1999
A5109145989,Richard Dirnhofer,,University of Bern,3,130,0,0,1999
A5035069213,R.A. Shephard,,University of Birmingham,3,130,3,0,1983
A5024785737,Katherine M. Prevatt‐Smith,,University of Kansas,4,130,1,0,2013
A5110912329,Leland C. Clark,,,10,130,2,8,1965
A5038850029,Antonio Virgilio Pellegrini,0000-0003-2969-4897,University of Pisa,9,130,0,0,2004
A5052333334,Marta Barenys,0000-0001-5046-9796,Federal Institute for Risk Assessment,9,130,7,0,2023
A5111716526,Peter F. Lindley,,European Synchrotron Radiation Facility,3,130,2,1,2004
A5080259607,Kazumi Yoshizawa,0000-0001-7341-3381,Tokyo University of Science,8,130,1,0,2014
A5030640333,Linda J. Bristow,,Bristol-Myers Squibb (United States),3,130,1,0,2018
A5011914198,Neil McKeganey,,University of Glasgow,3,130,0,2,1997
A5047668844,James A. Inciardi,,,4,130,3,0,2009
A5087074582,Zenzaburo Tozuka,0000-0002-2567-6416,Sekisui Medical (Japan),5,130,1,0,2013
A5041839711,Carsten Rygaard Hjorthøj,0000-0002-6943-4785,University of Copenhagen,4,130,0,1,2022
A5018075581,Ludovic Samalin,0000-0003-0740-4019,Centre National de la Recherche Scientifique,16,130,8,3,2026
A5101836087,Mahmoud Hasan,0000-0003-1868-4634,Universitätsmedizin Greifswald,4,130,2,0,2021
A5057595553,Andreas Link,0000-0003-1262-6636,Universitätsmedizin Greifswald,4,130,0,2,2021
A5093927192,Ryan M. Brudner,0009-0004-8381-7434,University of Toronto,8,129,1,0,2026
A5087868670,Laia Lladó-Pelfort,0000-0003-1866-5118,Universitat de Vic - Universitat Central de Catalunya,7,129,1,0,2023
A5112142761,Frederico José Coelho de Magalhães,,Imperial College London,3,129,0,0,2024
A5083959219,Veronika Kavenská,,Palacký University Olomouc,4,129,3,0,2019
A5014656654,André F. Carvalho,0000-0002-2500-5671,Barwon Health,3,129,0,0,2024
A5068719988,Chia‐Ling Yu,0000-0003-4471-8711,Chang Gung Memorial Hospital,5,129,2,0,2024
A5039252101,Fu‐Chi Yang,0000-0001-6831-3634,Tri-Service General Hospital,5,129,0,0,2024
A5052379001,Chih‐Sung Liang,0000-0003-1138-5586,Tri-Service General Hospital,6,129,0,3,2026
A5063914720,Mathieu Seynaeve,0009-0003-8006-4898,King's College London,21,129,2,1,2026
A5008167494,Marcelo S. Mercante,0000-0001-9032-118X,Universidade de São Paulo,20,129,17,3,2018
A5064713546,Stig Pedersen‐Bjergaard,0000-0002-1666-8043,University of Copenhagen,4,129,2,1,2024
A5026971842,Kyriakos Charalampous,0000-0002-8618-3092,Baylor University,4,129,4,0,1967
A5023235288,Kinzo Matsumoto,0000-0002-2420-9621,University of Toyama,4,129,4,0,2005
A5040227234,Ponnada A. Narayana,0000-0002-5703-4346,The University of Texas Health Science Center at Houston,3,129,0,1,2007
A5037741346,Larry A. Kramer,0000-0002-1450-9479,The University of Texas Health Science Center at Houston,3,129,0,0,2007
A5041899776,Elizabeth Anne Johnson,0000-0001-6628-4083,Centers for Disease Control and Prevention,3,129,3,0,2004
A5068152389,Kelly Allott,0000-0002-0640-4634,Monash University,3,129,3,0,2008
A5083828758,Martin van den Berg,0000-0001-6239-6301,Utrecht University,8,129,0,0,2011
A5010402623,Risto K. Kostiainen,0000-0003-2454-4574,University of Helsinki,3,129,0,2,2008
A5004990855,Kenneth S. Webb,,LGC,3,129,1,1,1999
A5088422127,Jeffrey Aubé,0000-0003-1049-5767,University of North Carolina at Chapel Hill,3,129,1,0,2020
A5111434241,Christian G. Schütz,0000-0002-5445-8290,University of British Columbia,6,129,0,3,2026
A5078486787,Lukas Nics,0000-0002-1034-876X,Medical University of Vienna,3,129,0,0,2020
A5020897992,Amanda J. Sales,0000-0003-0816-1792,Universidade de São Paulo,5,129,1,0,2022
A5035925686,Aaron Wolfgang,0000-0002-5238-4451,Walter Reed National Military Medical Center,12,128,4,1,2025
A5053421705,Jessica A. Gold,0000-0002-0816-8954,Washington University in St. Louis,3,128,0,3,2021
A5088624838,Luciana Gueiros da Motta,,Universidade de Brasília,3,128,2,0,2018
A5062926830,Zarmeen Zahid,0000-0003-0514-3409,Johns Hopkins University,14,128,3,1,2026
A5056906044,Pascal Lempe,,University of Amsterdam,3,128,0,1,2021
A5028911674,Nadine Ezard,0000-0002-7495-8305,New South Wales Department of Health,8,128,0,1,2026
A5023942012,Aistė Lengvenytė,0000-0001-9715-5145,Centre National de la Recherche Scientifique,8,128,5,0,2026
A5070851256,Vlastimil Koudelka,0000-0002-7553-7529,Charles University,10,128,0,0,2026
A5023312761,Vito Valiante,0000-0002-4405-169X,Leibniz-Institut für Naturstoff-Forschung und Infektionsbiologie e. V. - Hans-Knöll-Institut (HKI),3,128,0,1,2025
A5051657626,Johann E. Kufs,0000-0002-1177-2255,Bielefeld University,3,128,0,1,2025
A5063826264,Joseph Cichon,0000-0003-4318-9707,University of Pennsylvania,5,128,3,2,2026
A5003576927,Amber N. Edinoff,0000-0001-7436-6206,Harvard University,5,128,3,0,2025
A5093291984,E. Kervadec,0009-0002-8090-0457,Université Paris-Saclay,10,128,2,0,2026
A5063137089,Christopher W. Fields,0000-0002-6509-6483,University of Oregon,7,128,0,0,2025
A5034377634,Jimena Coimbra,,Institut de Recerca Sant Pau,4,128,0,0,2021
A5078216766,Maite Garrido,,Institut de Recerca Sant Pau,4,128,0,0,2021
A5029645902,Shiying Yuan,0000-0002-6415-1604,Wuhan Union Hospital,8,128,0,3,2026
A5021859707,Christopher D. Vanderwal,0000-0001-7218-4521,"University of California, Irvine",3,128,0,2,2025
A5018190644,Ashley M. Schnakenberg Martin,0000-0003-0320-3009,Yale University,3,128,0,0,2022
A5064905732,Choy‐Eng Nge,,University of Malaya,3,128,3,0,2016
A5046245005,Maria Elena Reveron,,The University of Texas at Austin,5,128,4,0,2009
A5033562396,Kit Sang Leung,,Washington University in St. Louis,3,128,2,0,2009
A5067718958,Kei Zaitsu,0000-0001-7613-5735,Osaka Prefectural Police Department,8,128,1,0,2012
A5031891339,Nikola Pinterová,0000-0001-6242-4413,Charles University,4,128,1,0,2023
A5019793347,Robert Joseph Noveck,0000-0002-1059-6405,Duke University,5,128,0,3,2017
A5033687321,Andrew B. Newberg,0000-0001-8230-1752,University of Pennsylvania,6,128,2,3,2026
A5020874937,Esther van Duijn,0009-0000-9704-4277,Netherlands Organisation for Applied Scientific Research,11,128,1,1,2024
A5036385434,Jie Lv,0000-0002-3540-8634,Nanjing Jiangning Hospital,3,128,0,0,2024
A5089203883,Hongmei Yuan,0000-0001-6065-3773,Nanjing Medical University,6,128,0,0,2025
A5024165462,Ad A. Kaptein,0000-0002-1333-7679,Leiden University Medical Center,3,127,0,0,2026
A5015767912,Marleen M. de Waal,0000-0002-3252-6459,Amsterdam Institute for Addiction Research,3,127,0,0,2026
A5070196133,Josjan Zijlmans,0000-0003-4057-8440,Amsterdam University Medical Centers,7,127,0,3,2026
A5067692784,Andrew J. Greenshaw,0000-0002-9097-900X,University of Alberta,12,127,0,0,2026
A5060108061,Lukas A. Basedow,0000-0003-4866-8686,Philipps University of Marburg,12,127,10,0,2026
A5080803662,Raz Gross,0000-0001-8128-2430,Tel Aviv University,4,127,0,1,2025
A5113962238,Montserrat Puntes,,Institut de Recerca Sant Pau,3,127,0,0,2021
A5026181487,Mark M. Rasenick,0000-0003-2405-4364,University of Illinois Urbana-Champaign,4,127,0,3,2026
A5025188467,Frank Mußhoff,0000-0002-9613-0525,University of Bonn,5,127,3,0,2015
A5041051508,Simon Bulling,,Medical University of Vienna,3,127,1,0,2016
A5056880670,Kuldip D. Dave,0009-0008-3467-0260,Drexel University,5,127,0,0,2011
A5008589693,Szymon Rus,,Rockefeller University,3,127,0,0,2010
A5045649863,Cristina Cadoni,0000-0002-3495-4043,National Research Council,6,127,3,0,2024
A5069250665,Kristian Björnstad,,Karolinska Institutet,4,127,4,0,2009
A5112385643,Kazuhide Iwasaki,,Shin Nippon Biomedical Laboratories (Japan),3,127,1,0,2012
A5071740425,Pierre‐Edouard Sottas,0000-0002-0880-472X,,7,127,0,1,2019
A5000162373,Grzegorz Grynkiewicz,0000-0003-2439-2443,Instytut Farmaceutyczny,7,127,0,0,2019
A5016359425,Keith D. Paulsen,0000-0002-6692-3196,Dartmouth College,9,127,0,4,2025
A5067171454,Claudia Schwarz-Plaschg,0000-0001-9004-9550,Karl Landsteiner University of Health Sciences,6,126,2,1,2025
A5022625029,Anna Poliwoda,0000-0002-0339-3861,University of Opole,4,126,1,0,2020
A5039938845,Piotr Wieczorek,0000-0002-0016-0114,University of Opole,4,126,1,2,2020
A5061565879,Agnieszka Sulima,0000-0002-8849-9736,National Institute on Drug Abuse,5,126,0,0,2023
A5027778328,Jamshid Ahmadi,0000-0002-7060-469X,Community Counseling Services,5,126,4,0,2026
A5007740596,Allan I. Basbaum,0000-0002-1710-6333,"University of California, San Francisco",4,126,0,0,2024
A5052789598,Livio Luongo,0000-0002-1949-2039,"University of Campania ""Luigi Vanvitelli""",3,126,0,0,2025
A5104024677,R. V. Bikbulatov,,University of Mississippi,7,126,3,1,2020
A5103243368,Francisco Pellicer,0000-0001-7935-0510,Instituto Nacional de Psiquiatría Ramón de la Fuente Muñiz,5,126,0,5,2019
A5065896774,Jan A. C. M. Cordonnier,,Nippon Chemiphar (Japan),4,126,0,1,2022
A5079132615,Linda A. Parker,0000-0002-3494-9754,University of Guelph,12,126,7,2,2021
A5111649623,Jørn Arnt,,Lundbeck (Denmark),3,126,1,0,1996
A5007363821,Samuel Michael Owens,0000-0003-1403-2778,University of Arkansas for Medical Sciences,4,126,0,3,2018
A5024909155,Najam A. Sharif,0000-0002-4432-730X,Alcon (United States),3,126,0,2,2003
A5024696531,Susanna Vogliardi,,University of Padua,4,126,0,0,2018
A5006457231,Annemieke Benschop,,Amsterdam University of Applied Sciences,7,126,1,0,2024
A5030114696,Nicola Claire Newton,0000-0001-6305-2623,The University of Sydney,6,126,0,3,2024
A5040687540,Maree Teesson,0000-0002-6744-463X,The University of Sydney,5,126,0,1,2024
A5013332373,George D. Cimino,,Accelerated Medical Diagnostics (United States),13,126,1,0,2023
A5064131078,Óscar Andión,0000-0002-9663-3632,Universitat de Girona,7,125,1,0,2026
A5016563839,Thaís S. Yokoyama,,Universidade Federal de São Paulo,5,125,0,0,2023
A5017862445,Maurizio Coppola,0000-0002-8704-4932,Azienda Sanitaria Locale CN2,8,125,8,0,2022
A5079504997,Brett D. M. Jones,0000-0003-3248-1059,Centre for Addiction and Mental Health,10,125,2,0,2026
A5080548305,David W. Lawrence,0000-0002-1386-7127,University of Toronto,10,125,9,0,2026
A5063098165,Mary E. Yaden,0000-0002-4981-8335,Johns Hopkins University,4,125,2,0,2026
A5108213389,Bella T. Altura,,SUNY Downstate Health Sciences University,3,125,3,0,1984
A5101782915,Michael L. Smith,0000-0003-3757-2726,Armed Forces Institute of Pathology,3,125,0,3,1999
A5111606495,RJ Verkes,,Radboud University Nijmegen,4,125,0,3,2015
A5103284548,Tsuneyuki Yamamoto,0000-0001-5365-5842,Kyushu University,8,125,6,0,1992
A5021945604,Nadia Fucci,0000-0002-6156-020X,Università Cattolica del Sacro Cuore,3,125,2,0,2017
A5084501924,Daisy Gibbs,0000-0002-2116-8190,UNSW Sydney,4,125,1,0,2023
A5109970033,Leslie Lars Iversen,,University of Oxford,4,125,3,1,2016
A5040428174,Barry J. Everitt,0000-0003-4431-6536,University of Cambridge,3,125,0,0,2019
A5076661504,Lolita Tsanaclis,0000-0002-0436-7884,Chapter Arts Centre,3,125,1,1,2014
A5047627113,Peter Johnström,0009-0007-9725-9172,AstraZeneca (Sweden),6,125,1,0,2025
A5043417049,Mei-Yi Lee,,National Health Research Institutes,5,125,2,0,2021
A5062847422,Ming‐Huan Chan,0000-0003-3206-8731,China Medical University,5,125,0,1,2021
A5077788483,Hwei‐Hsien Chen,0000-0002-8509-6448,National Health Research Institutes,6,125,0,5,2025
A5074412326,Daniela Faria-Guimarães,0000-0001-8076-514X,Universidade Federal da Bahia,6,125,2,0,2024
A5072023090,Klemens Egger,0000-0001-5072-9674,University of Zurich,20,124,10,0,2026
A5070150747,Émilie Olié,0000-0001-6684-8141,Centre National de la Recherche Scientifique,8,124,0,0,2022
A5081286729,Romana Šlamberová,0000-0002-9981-3911,Charles University,9,124,4,5,2026
A5044917601,Raffaele Giorgetti,0000-0003-2399-0396,Marche Polytechnic University,4,124,0,0,2022
A5053799537,Michael Ansonoff,,"Rutgers, The State University of New Jersey",3,124,1,0,2024
A5082192432,John E. Pintar,0000-0001-5945-569X,"Rutgers, The State University of New Jersey",3,124,0,1,2024
A5047035051,Linda E. Klumpers,0000-0003-3453-9744,University of Vermont,3,124,2,0,2023
A5062624459,Patricia M. Whitaker,,University of Toronto,3,124,3,0,1978
A5067369587,Philippe Huot,0000-0002-5464-8334,University Health Network,3,124,1,0,2012
A5064390105,Linda N. Domelsmith,,,6,124,5,0,1982
A5042146688,Clara Touriño,,Universitat Pompeu Fabra,4,124,4,0,2010
A5112767740,J. L. T. Birley,,King's College London,5,124,0,5,1980
A5054427807,Gloria Lazzeri,0000-0003-4607-098X,University of Pisa,10,124,0,0,2006
A5067290127,Marie Morelato,0000-0001-7616-0623,University of Technology Sydney,5,124,3,0,2019
A5017004803,Sonia Moyano,,Universidad de Navarra,3,124,2,0,2006
A5004785517,Miguel Iván Reyes-Parada,0000-0002-2376-990X,Universidad de Santiago de Chile,5,124,0,0,2011
A5036078250,Anne Neudörffer,0009-0001-4045-1602,Centre National de la Recherche Scientifique,8,124,1,0,2012
A5083560995,Martine Largeron,0000-0002-1725-8118,Centre National de la Recherche Scientifique,8,124,1,6,2012
A5102995833,Liliana Marina Cancela,0000-0002-5141-0929,Universidad Nacional de Córdoba,4,124,2,0,1996
A5108410566,Victor Alejandro Molina,,Universidad Nacional de Córdoba,4,124,1,2,1996
A5029836592,André Niebel,0000-0003-2813-1187,Charité - Universitätsmedizin Berlin,5,124,2,0,2024
A5008773662,Simon C. Hudson,0000-0001-6640-5463,LGC,6,124,0,0,2024
A5112472743,Lisa J. Christopher,,Bristol-Myers Squibb (United States),3,124,0,0,2014
A5067536950,Xiaohui Xu,0000-0003-2514-4759,Bristol-Myers Squibb (United States),4,124,2,1,2015
A5029586239,Takefumi Inada,,Kansai Medical University,4,124,0,0,2001
A5051850972,Fernando S. Goes,0000-0001-6262-8264,Johns Hopkins University,3,124,0,1,2024
A5068445950,Vanessa Pazdernik,0000-0001-7566-7334,Mayo Clinic,8,124,0,0,2026
A5000765029,Fabiano A. Gomes,0000-0002-7690-1580,McMaster University,3,123,0,0,2025
A5057982763,Mariana Pazos,0000-0002-8306-5875,Instituto de Investigaciones Biológicas Clemente Estable,7,123,2,0,2024
A5037469144,Matthew I. Banks,0000-0002-1936-7529,University of Wisconsin System,10,123,1,3,2026
A5001250269,Cristina Aparecida Jark Stern,0000-0002-1736-5503,Universidade Federal do Paraná,3,123,0,2,2026
A5069529785,Maha N. Mian,0000-0001-7051-7820,"University of California, San Francisco",13,123,5,0,2025
A5048886549,Fleur Braddick,0000-0001-6755-4567,Consorci Institut D'Investigacions Biomediques August Pi I Sunyer,3,123,0,0,2024
A5103845989,Joseph Jacob,,Institut Pasteur,3,123,0,3,1982
A5109001000,László Gábor Hársing,,Nathan Kline Institute for Psychiatric Research,3,123,1,0,1994
A5108216993,Robert Brauer,,Philipps University of Marburg,3,123,2,0,1999
A5056016971,Mariana Angoa‐Pérez,0000-0002-9749-1197,Wayne State University,5,123,5,0,2025
A5062283676,Cristina Mustata,,Universitat Autònoma de Barcelona,3,123,0,0,2012
A5031916941,William M. McIsaac,,Cleveland Clinic,5,123,2,0,1970
A5031881924,Paola P. Piccini,0000-0003-4162-6141,Imperial College London,4,123,0,1,2011
A5059503642,Helen Dermatis,0000-0002-6007-6475,NYU Langone Health,3,123,0,0,2008
A5111203112,C. Richard Hutchinson,,"Meiji Seika Pharma Co., Ltd. (Japan)",3,123,0,3,1992
A5089443662,Kristýna Štefková,0000-0001-6488-5213,National Institute of Mental Health,3,123,1,0,2020
A5058477771,Massimiliano Buoli,0000-0003-3359-3191,University of Milan,4,123,1,0,2021
A5054861340,Peter Falkai,0000-0003-2873-8667,Ludwig-Maximilians-Universität München,4,123,0,0,2025
A5070569867,Fei Xing,0000-0002-8468-634X,Zhengzhou University,7,123,1,0,2025
A5021734626,Werner Siegmund,0000-0002-5439-2375,Universitätsmedizin Greifswald,4,123,0,2,2021
A5046162345,R. Andrew Yockey,0000-0002-2140-2418,University of Cincinnati,5,122,4,0,2021
A5100392881,Bin Zhang,0000-0002-9280-8247,Shandong University,5,122,1,2,2024
A5025488376,Marie Katrine Klose Nielsen,0000-0001-5159-8549,University of Copenhagen,4,122,0,0,2025
A5039866232,Paul S. Frankel,,The University of Texas Medical Branch at Galveston,3,122,1,0,2005
A5047177925,John Kinross-Wright,,Baylor University,4,122,0,4,1966
A5061590814,Celeste Romero,0000-0001-6232-392X,,4,122,0,0,2021
A5080103950,Moonhyuk Kwon,0000-0003-0862-2149,University of Calgary,5,122,1,0,2024
A5113440893,J.‐E. Lindgren,,Karolinska Institutet,4,122,1,2,1978
A5000575185,Andrew B. Norman,0000-0002-8348-5773,University of Cincinnati,4,122,2,0,2009
A5032057463,Janet L. Veldstra,0000-0002-1604-5321,University of Groningen,4,122,2,0,2014
A5100413957,Kevin Wang,0000-0002-9343-6473,University of Florida,5,122,0,4,2014
A5021798079,Aage Kristian Olsen Alstrup,0000-0002-0084-9122,Aarhus University,17,122,3,1,2009
A5103532714,Mi-Ae Lim,,,3,122,0,1,2006
A5057420517,Lyle R. Petersen,0000-0002-3902-0565,University of California San Diego,3,122,0,1,1980
A5103271143,Emanuela Esposito,0000-0002-2663-6387,University of Messina,4,122,0,0,2025
A5051115059,Oscar Martin Lozano,0000-0003-2722-6563,Universidad de Huelva,3,122,0,1,2020
A5021946841,Wolfgang Weinmann,0000-0001-8659-1304,University of Bern,7,122,2,3,2026
A5024382408,Franziska Krumbiegel,0000-0002-2024-8084,Charité - Universitätsmedizin Berlin,5,122,2,0,2021
A5014766784,Hsien‐Yu Peng,0000-0002-9471-8130,Mackay Medical University,3,122,0,0,2025
A5025289299,Cheng‐Yuan Lai,0000-0002-5732-9814,Mackay Medical University,3,122,0,0,2025
A5050723310,Ming‐Chun Hsieh,,Mackay Medical University,3,122,0,0,2025
A5077499208,Friederike A. Sandbaumhüter,0000-0003-3391-3247,Uppsala University,8,122,7,0,2025
A5042313651,Alana de Fátima Andrade Santos,,Universidade de Brasília,3,121,2,0,2017
A5000107619,Bheatrix Bienemann,0000-0003-4291-4612,Pontifícia Universidade Católica do Rio de Janeiro,7,121,2,0,2026
A5039696985,Maria Carmo Carvalho,0000-0001-5276-1547,Universidade Católica Portuguesa,5,121,2,1,2021
A5048237201,Olga Winkler,0000-0001-7297-1250,University of Alberta,15,121,0,0,2026
A5041448282,Maria Eugênia Costa Queiroz,0000-0002-0172-1884,Apple (Israel),6,121,0,0,2023
A5070131636,Paolo Cardone,0000-0002-8537-2123,University of Liège,12,121,4,0,2026
A5033058195,UnCheol Lee,0000-0001-7858-0381,University of Michigan,6,121,0,1,2025
A5063501385,Lyonna F. Parise,0000-0002-7527-8977,Icahn School of Medicine at Mount Sinai,3,121,0,0,2025
A5118857368,Kristjan Kaup,0009-0003-6126-6822,University of Tartu,11,121,3,0,2026
A5052319154,Conor Liston,0000-0002-1639-5401,Weill Cornell Medicine,3,121,0,0,2026
A5112643345,Fadel Zeidan,0000-0002-4310-1325,University of San Diego,3,121,0,0,2026
A5008546272,David E. Gloriam,0000-0002-4299-7561,,4,121,0,1,2026
A5035338529,Louk J. M. J. Vanderschuren,0000-0002-5379-0363,,6,121,1,3,2021
A5073371884,Tao Xie,0000-0001-9551-6613,Johns Hopkins University,3,121,3,0,2007
A5011869961,Liqiong Tong,,Johns Hopkins University,3,121,0,0,2007
A5076312883,Paulo Dalgalarrondo,0000-0001-9870-6391,Universidade Estadual de Campinas (UNICAMP),3,121,0,2,2024
A5056120120,Jorge Ciprian‐Ollivier,,Consejo Nacional de Investigaciones Científicas y Técnicas,4,121,1,2,2011
A5111582086,Michael P. Gillam,,National Center for Toxicological Research,3,121,0,0,1998
A5035203438,Christine Lazarus,,Université de Strasbourg,5,121,0,0,2009
A5012489611,Sara Malaca,0000-0001-8180-7364,Marche Polytechnic University,8,121,4,0,2023
A5061052754,Salvatore Cisternino,0000-0001-8500-3574,Hôpital Necker-Enfants Malades,4,121,0,3,2023
A5005056000,Ronald M. Salomon,0000-0002-9473-6611,Vanderbilt University,6,121,2,0,2014
A5067597795,Uta Riechert,,Otto-von-Guericke-Universität Magdeburg,3,121,0,0,2004
A5053610356,Richard Hammersley,0000-0002-0172-7899,University of Hull,4,121,2,1,2020
A5110192300,Showa Ueki,,Kyushu University,8,121,1,6,1992
A5103268681,Fridtjof Heyerdahl,0000-0001-9602-4370,Oslo University Hospital,5,121,0,0,2026
A5005052471,HeeSeung Lee,,University of Auckland,4,121,2,0,2016
A5031017089,Natasha Sindicich,,UNSW Sydney,3,121,1,1,2016
A5011146273,Igor Oyffe,,,3,121,0,0,2002
A5089885847,Boris Finkel,,,3,121,0,0,2002
A5062686223,Jørg Gustav Mørland,0000-0001-7350-8778,Norwegian Institute of Public Health,3,121,1,0,2020
A5069393031,Terry Kenakin,0000-0002-1550-707X,University of North Carolina at Chapel Hill,3,121,0,0,2022
A5064170262,Sandro Fenu,,University of Cagliari,5,121,0,1,2012
A5022808795,Ewa Chojnacka-Wójcik,,Maj Institute of Pharmacology,7,121,5,0,2001
A5015314599,Meichun Mohler‐Kuo,0000-0002-8595-0923,HES-SO University of Applied Sciences and Arts Western Switzerland,6,121,0,1,2021
A5111801461,Lennart Svensson,,University of Gothenburg,4,121,0,2,2015
A5002946751,Roberto Frussa‐Filho,,Universidade Federal de São Paulo,5,120,0,3,2015
A5037165567,Alessandra Linardi,0000-0001-7628-7448,Faculdade de Ciências Médicas da Santa Casa de São Paulo,11,120,1,8,2026
A5072982534,Alexandre J. Oliveira-Lima,,Universidade Estadual de Santa Cruz,7,120,0,0,2024
A5065255464,Roy Gerona,0000-0002-8752-0388,"University of California, San Francisco",6,120,0,3,2025
A5054143323,Martina I. Boxler,0000-0002-9477-0158,University of Zurich,6,120,3,0,2023
A5045471859,Lucie Berkovitch,0000-0001-5098-7921,Inserm,14,120,4,5,2026
A5076414170,Sascha Thal,0000-0001-9028-9335,Murdoch University,8,120,5,0,2024
A5044984661,Joshua Lipson,0000-0001-5470-2049,Emory University,8,120,1,1,2026
A5006906492,Lynn Lockett,,,3,120,0,0,1987
A5014112433,Antonella Bacosi,,Istituto Superiore di Sanità,3,120,0,0,2004
A5012339925,Roberto Muga,0000-0001-6301-431X,Universitat Autònoma de Barcelona,4,120,0,0,2022
A5088021168,Diogo Onofre Souza,0000-0002-4322-0404,Universidade Federal do Rio Grande do Sul,4,120,0,0,2003
A5001800305,Irena Brčić Karačonji,0000-0002-1151-8839,University of Rijeka,6,120,2,2,2025
A5020248222,Inés Peraile,0000-0001-9236-2903,Universidad Complutense de Madrid,5,120,2,0,2013
A5100667064,Chunhua Chen,0000-0002-8502-8189,Peking University,6,120,3,2,2020
A5071531513,Manuel Haschke,0000-0003-1846-8640,University of Bern,3,120,1,0,2024
A5066115513,Boris Mlinar,0000-0001-9082-0827,University of Florence,5,120,4,0,2017
A5064712242,Renato Corradetti,0000-0002-2588-0484,University of Florence,5,120,0,5,2017
A5113591526,Charles E. Becker,,"University of California, San Francisco",3,120,1,2,1984
A5101432665,Tomohisa Mori,0000-0002-7751-0231,Hoshi University,12,120,10,0,2020
A5088057424,Paul Anderson,0000-0003-2716-6556,Medical University of Vienna,5,120,1,0,2022
A5027467383,J. Lance Lichtor,,University of Chicago,3,120,0,0,1994
A5108775240,David C. Flemming,,University of Chicago,3,120,0,0,1994
A5049961360,Agnes Garcia,,Florida International University,3,120,1,0,2005
A5080639283,Thaddeus R. Nieduzak,,,3,120,0,1,1992
A5046725740,Tim Ken Mackey,0000-0002-2191-7833,University of California San Diego,3,120,0,3,2025
A5109569669,DONALD B. MAIER,,UConn Health,5,120,0,1,2008
A5028618478,Wolfgang H. Sommer,0000-0002-5903-6521,Heidelberg University,4,119,0,3,2023
A5086005105,N. Jones,0000-0001-8750-6212,University of Wisconsin–Madison,8,119,5,0,2024
A5019569290,Rachel E. Menzies,0000-0001-6905-4873,The University of Sydney,3,119,0,2,2023
A5040758861,Isidora Avedisian,,University of Basel,6,119,0,0,2025
A5089836383,Steffanie A. Strathdee,0000-0002-7724-691X,San Diego State University,3,119,0,0,2018
A5012818091,Catherine J. Harmer,0000-0002-1609-8335,University of Oxford,5,119,0,3,2026
A5054088334,Alana Cavadino,0000-0002-5709-367X,University of Auckland,4,119,0,0,2024
A5061947606,Kazutaka Ikeda,0000-0001-8342-0278,Tokyo Metropolitan Institute of Medical Science,8,119,0,6,2026
A5041734101,William F. Geber,,Augusta University,4,119,3,1,1975
A5087339573,Stanley L. Silver,,National Institutes of Health,3,119,0,0,1955
A5008631109,M. Goiny,,Institut Pasteur,3,119,0,0,1978
A5075580764,Jennifer E. Naylor,,University of Arkansas for Medical Sciences,3,119,1,0,2020
A5102023405,Jichun Zhang,0009-0000-6533-8473,Shandong First Medical University,3,119,0,1,2025
A5108395736,Søren Ventegodt,,Quality of Life Research Center,4,119,4,0,2015
A5109242758,Joav Merrick,,Ministry of Social Affairs and Social Services,3,119,0,3,2009
A5110030073,Lewis S. L. Choi,,University of British Columbia,3,119,0,0,1983
A5003091658,Paweł Kołodziejczyk,,University of British Columbia,3,119,0,0,1983
A5034202991,Stephen K. Sleigh,,University of British Columbia,3,119,0,0,1983
A5111569193,Kenneth L. Stuart,,University of British Columbia,3,119,0,0,1983
A5112872445,Wolfgang G. W. Kurz,,University of British Columbia,3,119,1,0,1983
A5071380749,Kenneth B. Chatson,,University of British Columbia,3,119,0,0,1983
A5113649153,F. Constabel,,National Research Council Canada,3,119,0,2,1983
A5041893196,Geneviève Lafaye,0000-0003-3459-1235,Université Paris-Sud,4,119,0,0,2021
A5022425643,Randy Blakely,0000-0002-2182-6966,Florida Atlantic University,5,119,0,3,2023
A5031890270,Johanna Weiß,0000-0002-2034-923X,Heidelberg University,8,119,0,0,2023
A5066997276,André Sevenius Nilsen,0000-0003-2084-6663,University of Oslo,4,119,1,0,2021
A5023910856,Daniel Klamer,,University of Gothenburg,4,119,3,0,2009
A5088040054,Fiona Low,0000-0002-0947-9922,Johns Hopkins University,10,118,3,1,2026
A5047333818,Kevin Byrne,0000-0003-0409-5273,Huntsman (United States),9,118,1,2,2026
A5101647970,Bruno González,0000-0003-2854-0714,Universidad de la República de Uruguay,9,118,2,0,2025
A5011601366,Christopher R. Pryce,0000-0002-5614-4690,University of Zurich,4,118,0,1,2026
A5030182773,Xénia Gonda,0000-0001-9015-4203,Semmelweis University,6,118,3,2,2026
A5053181230,Péter Döme,0000-0003-3847-0553,Semmelweis University,3,118,0,0,2023
A5046098377,K. N. Houk,0000-0002-8387-5261,,5,118,0,4,1981
A5010716247,C. Hernandez-Lopez,,,3,118,0,0,2002
A5110351314,J. M. Beaton,,University of Alabama at Birmingham,9,118,4,1,1990
A5018139549,Giada Frenzilli,0000-0003-1927-838X,University of Pisa,7,118,1,0,2007
A5113582992,Marco Nigro,,University of Pisa,6,118,0,0,2007
A5007019878,Fabio Blandini,0000-0002-0178-1289,Fondazione Istituto Neurologico Nazionale Casimiro Mondino,3,118,0,0,2007
A5029063326,Joanna Maj,0000-0001-8300-8208,Maj Institute of Pharmacology,7,118,6,0,1990
A5113040543,M. de Kam,,Centre for Human Drug Research,5,118,0,0,2010
A5106186211,Pascal André,,Inserm,3,118,1,0,2015
A5020854311,Bruno Duarte Sabino,,Governo do Estado do Rio de Janeiro,6,118,1,2,2014
A5062470198,José Coelho Neto,0000-0002-1907-2907,Pontifícia Universidade Católica de Minas Gerais,3,118,2,0,2018
A5072294200,Hafiz Muhammad Mazhar Asjad,0000-0001-6155-9113,Medical University of Vienna,3,118,2,0,2017
A5106182791,Hideomi Fukuda,,Nihon University,8,118,0,6,1992
A5026889440,Anthony Henry Dickenson,0000-0003-3842-7598,University College London,6,118,2,0,2010
A5053353962,May Shawi,0000-0001-6005-3938,Janssen Scientific Affairs (United States),5,118,0,0,2021
A5001280881,Yuming Wu,0000-0002-3282-056X,Wuhan Union Hospital,6,118,3,0,2025
A5079363841,Thiago C. Moulin,0000-0001-7811-5383,Uppsala University,8,117,0,4,2026
A5016321877,Andrea Jungaberle,,Charité - Universitätsmedizin Berlin,14,117,0,2,2026
A5057505493,Jacques Mabit,0000-0003-3412-3167,,11,117,6,4,2025
A5001793044,Thomas Gicquel,0000-0002-2354-1884,Inserm,9,117,3,5,2022
A5012110713,Ming‐Fen Ho,0000-0002-3757-3924,Mayo Clinic,5,117,2,1,2025
A5007751317,Donald M. Krus,,,6,117,4,2,1998
A5086438603,Bengt J. Meyerson,,Uppsala University,6,117,0,6,2008
A5025695140,David Alan Young,0000-0002-7078-6745,Victoria University of Wellington,3,117,1,0,2017
A5109162101,Alan J. McNally,,University of Bern,5,117,1,0,2001
A5038549082,Mário João Dias,0000-0002-6781-6587,National Legal Medicine Institute,3,117,0,0,2021
A5067881911,Lucy Rényi,,AstraZeneca (Sweden),5,117,4,0,1986
A5015467662,Claude Patrick Roux,0000-0003-3610-420X,University of Technology Sydney,4,117,0,4,2019
A5046933689,Michael A. Miller,0000-0003-4872-7121,Carl R. Darnall Army Medical Center,3,117,0,3,2005
A5024968001,Richard Edmund Harris,0000-0002-2067-8447,"University of California, Irvine",7,117,0,2,2026
A5050616497,Robert M. Riggs,,,3,117,0,3,1990
A5020226245,Chris de Graaf,0000-0002-1226-2150,Vrije Universiteit Amsterdam,3,117,0,0,2021
A5051264971,Katherine L. Nicholson,,Virginia Commonwealth University,5,117,1,3,2018
A5021214927,Giulia Francesconi,,Marche Polytechnic University,3,117,1,0,2015
A5014088710,Pragayapriyadarshini Mallick,,University of Kalyani,3,117,1,0,2003
A5052403340,Robert Klaus Hofstetter,0000-0002-1077-9703,Universität Greifswald,4,117,2,0,2020
A5026343279,Rafael Vitor Lima da Cruz,0000-0003-3845-7244,Universidade Federal do Rio Grande do Norte,8,116,8,0,2026
A5067357561,Paul Ritvo,0000-0003-1141-0083,York University,4,116,0,1,2026
A5083298408,Mickaël Naassïla,0000-0002-9788-0918,Inserm,9,116,1,4,2026
A5048752706,Emma Morton,0000-0001-6179-1983,Monash University,5,116,2,0,2026
A5056542161,Andrew A. Monte,0000-0002-6210-8418,Denver Health Medical Center,14,116,2,7,2026
A5012526517,María Eva González-Trujano,0000-0002-4399-1508,Instituto Nacional de Psiquiatría Ramón de la Fuente Muñiz,9,116,3,1,2026
A5041826900,Brent M. Kious,0000-0003-3477-5659,University of Utah,4,116,2,0,2024
A5060350715,Antonio Landavazo,0000-0003-2946-1057,RTI International,3,116,0,0,2024
A5079127017,Daan van der Gouwe,0000-0002-5768-4701,Trimbos Institute,6,116,1,0,2025
A5076517567,Christian Pifl,0000-0003-1456-4264,Medical University of Vienna,5,116,2,0,2023
A5047497491,Daniel J. Christoffel,0000-0002-6303-5134,University of North Carolina at Chapel Hill,5,116,2,0,2026
A5022223688,Friedhelm KORTE,,University of Bonn,3,116,0,3,1971
A5105457158,Tiecheng Liu,0000-0003-0563-7011,University of Michigan,3,116,0,0,2025
A5082049904,Mirna Bainy Leal,0000-0001-7205-6669,Universidade Federal do Rio Grande do Sul,5,116,4,0,2006
A5068367302,Olivia H. Price,0000-0002-2259-735X,UNSW Sydney,3,116,1,0,2022
A5071321292,Caroline Salom,0000-0002-8986-9735,The University of Queensland,3,116,0,0,2022
A5008684793,Rob G. J. A. Zuiker,0000-0001-5604-0157,Centre for Human Drug Research,8,116,0,0,2026
A5045262289,Martin Ruchsow,,,3,116,0,1,2015
A5109066876,Jae Il Lee,,Supreme Prosecutors Office of the Republic of Korea,3,116,0,0,2019
A5027016463,Anna J. Kochanowska,,University of Mississippi,3,116,2,0,2008
A5080939734,Bruce A. Goldberger,0000-0002-5799-1787,University of Florida Health,4,116,0,4,2022
A5030149190,Jan N. M. Commandeur,0000-0002-2105-971X,Vrije Universiteit Amsterdam,3,116,0,1,2006
A5027199677,Nico Vermeulen,0000-0003-4194-6401,Vrije Universiteit Amsterdam,4,116,0,1,2022
A5007260575,Michael Pütz,0000-0001-6601-6804,Bundeskriminalamt,7,116,0,1,2019
A5079369553,Katja Mercer‐Chalmers‐Bender,0000-0002-3843-9065,University of Cologne,5,116,0,4,2019
A5111829693,Louis E. Goodman,,,3,116,0,1,1980
A5034912445,Michel Audran,0000-0002-2457-8232,Agence française de lutte contre le dopage,3,116,0,1,2020
A5077157810,Aurelija Jučaitė,0000-0002-2281-6436,AstraZeneca (Sweden),6,116,1,0,2025
A5006914458,Gabriela Arantes Wagner,0000-0001-6070-7233,Universidade de São Paulo,4,116,4,0,2012
A5103247634,Shanwu Feng,0000-0002-5946-2811,Nanjing Maternity and Child Health Care Hospital,6,116,0,4,2025
A5077689458,Rickinder Sethi,0000-0003-2356-5859,University of Toronto,4,115,0,0,2026
A5071304614,Gianluca Mancusi,0000-0003-0866-0065,ASL Lanciano Vasto Chieti,6,115,0,0,2026
A5087575712,Elisabeth Mahase,,BMJ Group (United Kingdom),5,115,5,0,2024
A5085626035,Shamil Chandaria,,Royal Armouries,6,115,0,5,2026
A5007010003,Christopher Hwu,0000-0001-7320-036X,Columbia University,6,115,2,0,2025
A5046822772,Melissa A. Herman,0000-0002-7260-3439,University of North Carolina at Chapel Hill,12,115,1,5,2026
A5035213815,Dmitri Rudinski,,Lev Hasharon Hospital,4,115,0,0,2015
A5018876981,Sikwang Seong,,Korea Advanced Institute of Science and Technology,4,115,2,0,2021
A5102482899,Hyeonggeun Lim,,Korea Advanced Institute of Science and Technology,4,115,2,0,2021
A5019876038,Sunkyu Han,0000-0002-9264-6794,Korea Advanced Institute of Science and Technology,4,115,0,4,2021
A5002367405,Carolyn J. Anderson,0000-0002-5663-282X,NC Department of Health and Human Services,4,115,1,2,2022
A5031936226,Fany Panayi,,Universitat Pompeu Fabra,3,115,0,0,2007
A5109250427,Miles L. Epstein,,University of Wisconsin–Madison,3,115,0,0,2017
A5011252400,Jill Adair McCaughan,,Wright State University,4,115,1,1,2005
A5085568080,Maria Concetta Rotolo,0000-0003-1532-8482,Istituto Superiore di Sanità,4,115,0,0,2022
A5054027519,Arnold M. Ludwig,0009-0008-8643-813X,United States Public Health Service,4,115,1,2,1966
A5002065317,Ravi Das,0000-0003-0104-1544,University College London,7,115,1,0,2025
A5109271682,Kathleen J. Garrison,,Friends Research Institute,5,115,0,1,2019
A5037963604,Sooyeun Lee,0000-0002-7649-0910,Keimyung University,7,115,2,1,2026
A5091821215,Vincenzo Abbate,0000-0002-3300-0520,King's College London,5,115,0,4,2024
A5040724608,Alfred Marquam,,University of Iowa,4,115,0,0,2008
A5081501216,Wanderson Romão,0000-0002-2254-6683,Instituto Federal do Espírito Santo,7,115,2,2,2023
A5039825166,Ikram Elayan,,United States Food and Drug Administration,5,115,2,0,2026
A5071530070,Johan Frederik Storm,0000-0002-8551-4865,University of Oslo,5,115,0,5,2025
A5086184740,Dede K. Greenstein,,National Institutes of Health,3,115,0,0,2021
A5044082869,Maud Rothärmel,0000-0002-1947-0403,Centre Hospitalier du Rouvray,14,115,4,1,2026
A5093927191,Jeremy Riva-Cambrin,,University of Toronto,4,114,0,0,2026
A5053570913,Kabir Nigam,0000-0002-1880-0079,Harvard University,15,114,2,2,2026
A5059173727,Anna Bravermanová,0000-0003-4503-7061,National Institute of Mental Health,9,114,1,0,2026
A5086622413,Raffaella Mondola,,Azienda Sanitaria Locale CN2,6,114,0,6,2022
A5001997577,Clotilde Guidetti,0000-0002-9315-8338,Massachusetts General Hospital,3,114,1,0,2026
A5073117530,Anne C. McCoy,,Harvard University,3,114,0,3,1957
A5100877507,Takemi Yoshida,,SHOWA Medical University,6,114,0,3,2014
A5075212803,Jacobi I. Cunningham,0000-0003-4217-1927,University of Toledo,3,114,1,0,2012
A5016755895,Nathalie Thiriet,0000-0002-0076-4946,Inserm,6,114,2,0,2025
A5065944404,Donna Seger,,Vanderbilt University Medical Center,3,114,2,1,2010
A5086621608,Jesús Gómez-Catalán,0000-0002-1290-1936,Universitat de Barcelona,5,114,0,1,2021
A5071411324,Hiroshi Tanimukai,,,4,114,4,0,1970
A5013965489,H Kenneth Kramer,,NYU Langone Health,4,114,4,0,1998
A5044251458,Cihan Atila,0000-0002-5442-7304,University Hospital of Basel,14,114,11,1,2026
A5075635162,Mirjam Christ‐Crain,0000-0002-6336-0965,University Hospital of Basel,14,114,0,13,2026
A5068156001,Maria V. Zaretskaia,0000-0002-2605-7748,Indiana University School of Medicine,6,114,0,0,2015
A5072951771,Dmitry V. Zaretsky,0000-0003-2454-8620,Indiana University School of Medicine,6,114,3,0,2015
A5100462808,Jihyun Kim,0009-0008-0192-6450,National Forensic Institute,7,114,1,2,2025
A5086816722,Dave Gittings,,Victoria University of Wellington,3,114,2,0,2009
A5029821456,Marianna Tucci,,University of Padua,3,114,0,0,2018
A5061230749,Giulia Stocchero,0009-0002-5089-7488,University of Padua,3,114,0,0,2018
A5081805722,Kadi Tulver,0000-0002-6263-4098,University of Tartu,8,114,5,0,2025
A5027365429,Zhaojia Liang,0000-0002-6401-0596,University of Jinan,3,114,2,0,2023
A5100687496,Yalan Li,0009-0000-7998-8469,University of Jinan,3,114,0,2,2023
A5025902845,Raymond F. Suckow,,Nathan Kline Institute for Psychiatric Research,3,114,0,0,2020
A5005348606,Enrico Capuzzi,0000-0001-8350-499X,Azienda Ospedaliera San Gerardo,4,114,1,0,2022
A5011452662,Fabrizia Colmegna,0000-0002-4984-9908,Azienda Ospedaliera San Gerardo,4,114,0,0,2022
A5040591643,Antonios Dakanalis,0000-0002-2328-3862,University of Milano-Bicocca,4,114,0,2,2022
A5100326141,Yujing Zhang,0009-0003-1054-9857,Wuhan Union Hospital,3,114,0,0,2024
A5072595092,Jordan Bawks,,Brain and Cognition Discovery Foundation,3,113,0,0,2026
A5110712801,Jordi E. Obiols,,Universitat Autònoma de Barcelona,3,113,0,0,2026
A5032846156,Rishab N. Iyer,0000-0003-4557-4748,Multidisciplinary Association for Psychedelic Studies,5,113,4,0,2025
A5055631391,David Favela,0000-0003-2435-2898,Multidisciplinary Association for Psychedelic Studies,3,113,0,0,2025
A5078053574,Anastasia Ruban,0000-0001-7039-148X,Uniwersytet SWPS,15,113,5,0,2026
A5015703231,Laura Guzmán‐Dávalos,0000-0002-4390-3678,Universidad de Guadalajara,6,113,0,2,2026
A5054705832,J. John Mann,0000-0002-0265-6586,Columbia University Irving Medical Center,4,113,1,2,2024
A5078960419,Vern Lewis,0000-0003-0594-6092,Carleton University,3,113,2,0,2024
A5055311173,Leonhard Schilbach,0000-0001-5547-8309,Düsseldorf University Hospital,3,113,0,0,2020
A5055239109,Sarah Bradbury,,Victoria University of Wellington,8,113,7,1,2015
A5059782989,Jessica J. Weafer,0000-0002-7849-9900,University of Kentucky,3,113,1,0,2022
A5110884598,Donald M. Dougherty,,Wake Forest University Health Sciences,3,113,0,0,2006
A5032447920,M. Melissa Peet,,Western Michigan University,5,113,3,0,2013
A5079538529,Sándor Nardai,0000-0001-9282-4477,Semmelweis University,5,113,1,2,2026
A5019972655,Alán Alpár,0000-0003-4810-0820,Semmelweis University,3,113,0,0,2025
A5086692319,Béla Péter Merkely,0000-0001-6514-0723,Semmelweis University,3,113,0,0,2025
A5004279249,Klaus K. Holst,0000-0002-1364-6789,University of Copenhagen,3,113,0,0,2016
A5018714902,Dina M. Francescutti,0000-0002-4968-746X,Wayne State University,3,113,0,0,2025
A5074030293,Sameera Dasari,,University of Kentucky,4,113,3,0,2007
A5034982542,Céline Eiden,0000-0002-7839-9811,Centre Hospitalier Universitaire de Montpellier,10,113,2,0,2022
A5041040433,J. Thomas Ungerleider,,"University of California, Los Angeles",6,113,6,0,1984
A5019683073,A. B. Simons,,,4,113,1,0,1974
A5031148317,Brian T. Callahan,,Johns Hopkins University,3,113,1,0,2002
A5021466238,Léon Tremblay,0000-0001-8370-6903,Institut des Sciences Cognitives Marc Jeannerod,5,113,1,1,2023
A5006399206,John R. H. Archer,0000-0002-2880-9333,King's College London,6,113,3,0,2024
A5023839973,Fabrizio Calapai,0000-0003-2868-1066,University of Messina,4,113,2,2,2025
A5038608882,Luigi Cardia,0000-0002-7286-5674,University of Messina,4,113,0,0,2025
A5039339565,Ilaria Ammendolia,0000-0002-4075-8065,University of Messina,4,113,2,0,2025
A5067037077,Gioacchino Calapai,0000-0001-8116-4821,University of Messina,4,113,0,0,2025
A5052828612,Carmen Mannucci,0000-0003-1292-6284,University of Messina,4,113,0,2,2025
A5045023981,Thomas D. Meyer,0000-0003-4236-7778,University of Houston,13,112,3,3,2026
A5014505307,Burton J. Tabaac,0000-0001-7862-5471,"University of Nevada, Reno",26,112,9,7,2026
A5061847667,Antoine Yrondi,0000-0002-2650-6080,Inserm,8,112,1,0,2026
A5040702751,Jamie D. Feusner,0000-0002-0391-345X,Centre for Addiction and Mental Health,5,112,0,0,2025
A5007763947,R. Alles-Pascual,,University of the Basque Country,3,112,0,0,2022
A5004116467,Nicollette Thornton,0000-0002-5939-1339,The University of Sydney,6,112,2,0,2024
A5100618787,Xiaohui Wang,0000-0002-3415-5612,University of Science and Technology of China,31,112,0,26,2026
A5039553265,Kate Bussey,,John Innes Centre,4,112,0,0,2020
A5041397944,Michael Bauer,0000-0002-2666-859X,Technische Universität Dresden,4,112,0,1,2022
A5070913939,David M. O’Shaughnessy,0000-0002-0698-099X,James Cook University,6,112,4,0,2022
A5100852925,Xueqiang Sun,,Huazhong University of Science and Technology,4,112,0,0,2025
A5101647932,Jiancheng Zhang,0000-0002-2820-0851,Wuhan Union Hospital,5,112,1,4,2025
A5062622484,Meryem Grabski,0000-0001-6364-5269,Goethe University Frankfurt,8,112,2,0,2026
A5084451465,Seymour Wapner,,,5,112,2,2,1998
A5074188660,W. Mayer-Groß,,University of Birmingham,4,112,3,1,1956
A5113638049,Michael T. Davis,,Yale University,6,112,4,2,1980
A5109096866,Edmund G. Anderson,,University of Illinois Chicago,4,112,0,4,1986
A5101593084,Arthi Kanthasamy,0000-0003-4654-9907,Iowa State University,4,112,2,0,2002
A5101827666,Karen L. Anderson,0000-0003-1253-6307,University of Miami,5,112,1,2,2004
A5036574928,Kip E. Panter,0000-0001-5934-7082,Poisonous Plant Research Laboratory,3,112,0,2,2014
A5082019523,Wilfred J. Ferguson,,,6,112,0,2,1982
A5033793584,Masaomi Iyo,0000-0002-5384-857X,Chiba University,3,112,0,1,2006
A5009849057,Scott E. Sherman,0000-0003-1752-7303,Center for Drug Use and HIV Research,4,112,0,1,2021
A5050992820,Daniel P. Katz,,Auburn University,3,112,3,0,2017
A5009766516,Subhrajit Bhattacharya,0000-0003-1326-0699,Auburn University,3,112,0,0,2017
A5057082448,Flora Licata,0000-0001-6493-349X,University of Catania,3,112,3,0,1993
A5028074818,Guido Li Volsi,0000-0002-1759-2626,University of Catania,3,112,0,0,1993
A5035764851,Alessio Gili,0000-0002-4359-5193,University of Perugia,4,112,3,0,2023
A5040621322,Alessia Nicoletti,,University of Perugia,4,112,0,0,2023
A5076573920,Denis Ribeaud,0000-0002-1668-8319,University of Zurich,9,112,0,0,2026
A5063545839,Manuel Eisner,0000-0001-5436-9282,University of Zurich,8,112,0,0,2026
A5020971250,Lilly Shanahan,0000-0002-4534-6924,University of Zurich,9,112,0,5,2026
A5010154582,Bjørn Erik Juel,0000-0003-0550-581X,University of Oslo,3,112,0,0,2021
A5076010133,Peter de Boer,0000-0002-3987-7462,,3,112,0,0,2011
A5087090379,Hirofumi Morishita,0000-0002-1045-1337,Icahn School of Medicine at Mount Sinai,3,111,0,0,2024
A5065455754,Thaísa Barros-Santos,0000-0002-5866-7954,Universidade Estadual de Santa Cruz,4,111,0,0,2022
A5012534239,Torsten Norlander,0000-0002-4905-5673,Karlstad University,3,111,0,3,2010
A5108461208,Ching Fang,,National Taiwan Normal University,5,111,4,0,2004
A5057275199,Jérémy Carlier,0000-0003-3332-9518,Marche Polytechnic University,10,111,3,2,2026
A5009344482,T. T. Abraham,,National Institutes of Health,3,111,1,0,2009
A5000595262,Elizabeth A. Sykes,,University College London,6,111,2,3,1986
A5002998106,Kae Shin Sim,0000-0002-3400-1621,University of Malaya,6,111,0,2,2023
A5084279596,Consuelo Guerri,0000-0001-9485-6202,Centro de Investigacion Principe Felipe,3,111,0,0,2011
A5109444426,Zhiyang Zhao,,Amgen (United States),4,111,3,0,2007
A5003948893,Chyng‐Yann Shiue,0000-0002-8548-8871,Tri-Service General Hospital,4,111,0,0,2019
A5090096439,Naotaka Kuroda,0000-0002-4807-6974,Nagasaki University,6,111,0,0,2013
A5058530053,Jarosław Wilamowski,,Jagiellonian University,7,111,0,2,2006
A5040363169,Salvador Lluch,,,4,111,0,4,2008
A5075537902,Alan Rushton Battersby,,University of Cambridge,3,111,3,0,1981
A5040687553,Stacy D. Brown,0000-0001-5566-1728,East Tennessee State University,3,111,2,0,2017
A5055060142,Laura Bechtiger,0000-0002-7049-2165,University Medical Center Groningen,8,111,0,0,2026
A5080849439,Michael E. Hoffer,0000-0002-5574-4387,Naval Medical Center San Diego,4,111,2,0,2001
A5062244050,Richard D. Kopke,0000-0001-8848-1897,Naval Medical Center San Diego,4,111,0,0,2001
A5084852743,Kim R. Gottshall,0000-0003-3031-8733,Naval Medical Center San Diego,4,111,0,0,2001
A5108465624,Derin C. Wester,,Naval Medical Center San Diego,4,111,0,2,2001
A5022827236,Nathalie Weltens,0000-0002-9596-8000,KU Leuven,4,111,0,0,2020
A5001562615,Lukas Van Oudenhove,0000-0002-6540-3113,KU Leuven,4,111,0,0,2020
A5072976092,Riccardo Miceli McMillan,0000-0002-0700-2274,Deakin University,12,110,8,2,2026
A5008063914,Raphael Wuo‐Silva,0000-0002-9890-5603,Universidade Federal de São Paulo,3,110,0,0,2015
A5054418908,Linda E. Carlson,0000-0002-4411-2085,University of Calgary,12,110,3,6,2026
A5030462790,Yasmim A. Serra,0000-0003-2789-5011,Universidade Estadual de Santa Cruz,6,110,2,0,2024
A5062468145,Denis J. David,0000-0002-0506-6688,Inserm,7,110,0,0,2025
A5035594424,Johan Duflou,0000-0001-5863-635X,The University of Sydney,5,110,1,1,2026
A5006559742,Camille Richeval,0000-0002-1234-5167,Centre Hospitalier Universitaire de Lille,25,110,5,0,2025
A5020677444,Delphine Allorge,0000-0003-2356-3319,Centre Hospitalier Universitaire de Lille,23,110,0,5,2025
A5093559498,Raynara Bolcont,0000-0001-9376-3979,Universidade Federal do Rio Grande do Norte,12,110,1,0,2026
A5073394749,Gastón Guzmán,0000-0001-9472-8745,Instituto de Ecología,3,110,0,2,2016
A5031680537,Jillian H. Broadbear,0000-0003-3342-5868,Eastern Health,11,110,4,5,2026
A5110028872,Bernard B. Brodie,,National Institutes of Health,3,110,0,3,1957
A5010180358,Krzysztof Huben,,Lodz University of Technology,3,110,0,0,2020
A5009460560,Jennifer Schumann,0000-0002-8870-6272,Victorian Institute of Forensic Medicine,8,110,2,2,2025
A5056120002,Anna Ida Fiaschi,0000-0001-8017-4198,University of Siena,5,110,1,0,2010
A5015316103,Felix Bochner,,Adelaide University,3,110,0,2,2001
A5001525190,Sandra Duperrier,0000-0003-3177-0174,Centre National de la Recherche Scientifique,4,110,0,0,2019
A5073109974,Élise Météreau,0000-0001-6868-315X,Centre National de la Recherche Scientifique,4,110,1,0,2019
A5016543662,Chris Ellyn Johanson,0009-0007-8039-2436,Wayne State University,6,110,1,4,2000
A5058988320,Garrett Prestage,0000-0003-3917-8992,UNSW Sydney,3,110,1,1,2019
A5090947755,Libor Uttl,0000-0003-0572-1213,National Institute of Mental Health,3,110,0,0,2026
A5072552615,Evelyn Hearne,0000-0002-5308-5736,Liverpool John Moores University,3,110,0,1,2024
A5086727096,Yong‐Ku Kim,0000-0001-5694-7840,Korea University,4,110,0,3,2026
A5025253146,Marta Gerasymchuk,0000-0003-4037-8086,University of Lethbridge,5,109,0,0,2025
A5090284179,Gregory Ian Robinson,0000-0001-8122-2788,University of Lethbridge,5,109,3,0,2025
A5006199499,Darryl Hudson,0009-0001-8828-0435,Goodwin College,6,109,0,0,2025
A5041290896,M. Eugenia Socías,0000-0003-2556-7049,University of British Columbia,4,109,0,2,2021
A5077644431,Abhishek K. Sen,,Miami University,10,109,1,0,2026
A5012700731,Dylan Earp,,"University of California, Berkeley",3,109,2,0,2023
A5036507080,Christian B. Billesbølle,0000-0001-8084-1552,"University of California, San Francisco",3,109,1,0,2024
A5019267897,Kasturi Roy,0000-0003-2504-3114,Yale University,3,109,0,0,2024
A5026458978,Bethlehem Bekele,0000-0001-7020-1025,Yale University,3,109,0,0,2024
A5001168005,Veronica Craik,0000-0001-5463-1199,"University of California, San Francisco",3,109,0,0,2024
A5039711014,Parnian Lak,0000-0003-0187-9005,"University of California, San Francisco",3,109,0,0,2024
A5047031136,Aashish Manglik,0000-0002-7173-3741,"University of California, San Francisco",3,109,0,0,2024
A5108684224,John F. Howes,,University of Fort Lauderdale,3,109,0,1,2016
A5029374524,Judit Claramunt,,Louisiana State University,3,109,0,0,2016
A5054863927,David A. Gallo,0000-0001-7669-6276,University of Chicago,4,109,0,1,2023
A5065710987,Lukáš Rambousek,0000-0002-8325-8693,Czech Academy of Sciences,4,109,2,0,2015
A5054577215,Bert E. Schwarz,,University of Minnesota,3,109,3,0,1956
A5110050017,Hinderk Meiners Emrich,,Medizinische Hochschule Hannover,3,109,0,1,2005
A5109364212,Andrew Biggerstaff,,Victoria University of Wellington,3,109,0,0,2020
A5021645346,M. Carmen Blanco-Gandía,0000-0001-5990-1266,Universitat de València,3,109,1,0,2015
A5032001335,Robert Verpoorte,0000-0001-6180-1424,Leiden University,3,109,0,2,1985
A5053113799,Michel Yegles,0000-0003-1163-2487,University of Luxembourg,4,109,0,1,2007
A5012422036,Valerio Ricci,0000-0003-1717-2530,University of Turin,8,109,6,0,2026
A5051705103,Zhicheng Bao,0000-0002-2605-2007,Beijing University of Posts and Telecommunications,8,109,4,0,2025
A5062232431,Tyrel J. Starks,0000-0003-0746-3844,"The Graduate Center, CUNY",4,109,4,0,2023
A5067058418,Demetria N. Cain,0000-0002-9360-9928,City University of New York,4,109,0,3,2023
A5079246880,Régis Bordet,0000-0003-3916-6422,Inserm,3,109,0,3,2023
A5037094110,Sofya P. Kulikova,0000-0002-7079-1018,National Research University Higher School of Economics,4,109,1,0,2022
A5077690498,Gerhard Nahler,0000-0002-4384-9210,Clinical Investigation Support (Austria),3,109,3,0,2026
A5053624275,Qichen Luo,0000-0001-5810-5495,First Affiliated Hospital of Jinan University,3,109,0,0,2026
A5108817497,Weicheng Li,0000-0001-9880-9390,Guangzhou Medical University,4,109,0,0,2023
A5041572670,Yanxiang Ye,,Guangzhou Medical University,4,109,0,0,2023
A5007208715,Zhibo Hu,0000-0002-9648-9132,Guangzhou Medical University,4,109,0,0,2023
A5038336186,Rita Kočárová,0000-0003-4013-2246,Charles University,7,108,3,3,2025
A5025272478,Thomas F. Varley,0000-0002-3317-9882,University of Vermont,3,108,3,0,2024
A5088493876,Stefany Sousa Alves,,Universidade de Brasília,4,108,1,0,2021
A5012928268,Luciana Marangni Nolli,,Universidade de Brasília,4,108,2,0,2021
A5019745280,Danilo Gustavo Rodrigues de Oliveira,,Universidade de Brasília,3,108,0,0,2021
A5055707043,Emil Deleuran Poulsen,0009-0006-8165-2888,University of Copenhagen,4,108,0,0,2025
A5060056667,Dennis McCarty,0000-0001-9014-2894,Oregon Health & Science University,10,108,0,1,2026
A5004834451,Ryan G. Vandrey,0000-0001-6657-884X,Johns Hopkins University,4,108,1,2,2023
A5010878192,Antonino Greco,0000-0002-9502-4667,Bernstein Center for Computational Neuroscience Tübingen,8,108,3,1,2026
A5059644825,Clara Rastelli,0000-0003-1955-3716,Bernstein Center for Computational Neuroscience Tübingen,8,108,2,1,2026
A5039450047,Llewellyn Thomas Evans,,Albert Einstein College of Medicine,3,108,2,1,1958
A5043449745,A.L. Christiansen,,University of Oslo,3,108,3,0,1982
A5014226034,Dilton Martins Pimentel,0000-0002-8932-9739,Universidade Federal dos Vales do Jequitinhonha e Mucuri,3,108,1,0,2023
A5102147147,William B West,,University of South Carolina,3,108,1,0,2000
A5078848241,Pirkko Kriikku,0000-0002-5721-2827,University of Helsinki,3,108,1,0,2023
A5055027320,M A Ruch-Monachon,,,3,108,2,0,1976
A5046937938,Maurice Jalfre,,,3,108,0,0,1976
A5007875091,Qiuda Zheng,0000-0002-6456-0926,The University of Queensland,5,108,1,0,2025
A5062648201,Annekatrin Steinhoff,0000-0002-6260-4139,University of Bern,5,108,1,0,2024
A5015064033,Loeckie De Zwart,0009-0004-2285-8830,Janssen (Belgium),4,108,0,1,2025
A5053576296,Kevin Dhaliwal,0000-0002-3925-3174,Edinburgh Royal Infirmary,5,108,0,3,2026
A5108666159,Myoung Suk Seo,,Seoul National University Hospital,3,108,1,0,2006
A5087553901,Yong‐Sung Juhnn,0000-0001-8683-5874,Seoul National University,3,108,0,0,2006
A5054480898,Adam Włodarczyk,0000-0001-8549-254X,Gdańsk Medical University,6,108,1,1,2026
A5080494773,Flávia da Silva Zandonadi,0000-0002-5166-6019,Universidade Estadual de Campinas (UNICAMP),4,107,1,0,2024
A5034905994,Paola Rodríguez,,Universidad de la República de Uruguay,4,107,1,0,2020
A5048368386,Joaqúın González,0000-0002-8721-4292,Universidad de la República de Uruguay,8,107,3,3,2024
A5041876284,Brian J. Oldfield,0000-0002-8609-6589,Australian Regenerative Medicine Institute,5,107,0,2,2024
A5014357436,Quan Jiang,0000-0001-8201-6417,Cornell University,6,107,2,0,2026
A5114504919,Jack D. Nothnagel,,Cornell University,5,107,0,0,2026
A5009033234,Čestmír Vejmola,0000-0002-6434-5978,Charles University,22,107,12,0,2026
A5024920533,Max Rinkel,,Massachusetts Mental Health Center,5,107,3,1,1966
A5113657507,R Julian Irvine,,The University of Adelaide,4,107,0,2,2007
A5018412281,George W. Lipe,,,3,107,0,0,1990
A5082823010,Liana Fattore,0000-0002-2663-666X,National Research Council,5,107,1,2,2025
A5100881693,Wonkyung Yang,,National Forensic Institute,5,107,0,2,2022
A5073194403,Pilar Alejandra Sáiz,0000-0002-5705-4523,Universidad de Oviedo,14,107,6,3,2025
A5077619565,Cornelius Heß,0000-0001-8405-4417,Johannes Gutenberg University Mainz,5,107,1,3,2021
A5039808636,Anne Felim,,Centre National de la Recherche Scientifique,6,107,4,0,2009
A5006111890,Márta Volosin,0000-0001-5190-4294,Universidad Nacional de Córdoba,3,107,0,0,1996
A5057143786,Tristan J. Watkins,,Vanderbilt University,4,107,2,0,2014
A5112791758,Anne‐Marie Galzin,,,3,107,2,0,1987
A5002637102,Kevin C. Lord,0000-0001-6250-0279,Louisiana State University,4,107,0,0,2008
A5020167839,Gabriele Moi,,,3,107,0,0,2003
A5048713524,A. Gomes,0000-0003-3069-0404,Universidade do Porto,3,107,2,0,2018
A5004978627,Rita Feio‐Azevedo,0000-0002-4091-1402,Universidade do Porto,3,107,1,0,2018
A5017626526,Olga D. Taraschenko,0000-0003-4848-8909,Albany Medical College,3,107,2,0,2007
A5027587847,Sarah J. Jefferson,0000-0002-9807-3771,Yale University,4,106,2,1,2026
A5029161088,Trevor Millar,,,4,106,0,0,2024
A5046395439,Willian Melo,,Universidade de Brasília,3,106,1,0,2016
A5032004081,Ziyad W. Sultan,0000-0002-5744-7300,University of Wisconsin–Madison,5,106,0,0,2024
A5033241034,Kenneth Blum,0000-0001-6727-803X,Western University of Health Sciences,7,106,5,1,2024
A5002239988,Dragoš Inta,,University of Fribourg,7,106,1,3,2023
A5037182482,Peter Gass,0000-0003-3959-6369,Heidelberg University,8,106,1,3,2023
A5073691780,Hynek Danda,0000-0003-4342-3268,Charles University,10,106,2,0,2026
A5010598215,E. Andrew Townsend,0000-0002-7139-3273,National Institute on Drug Abuse,3,106,0,0,2023
A5092773119,Isak K. Aarrestad,0000-0002-6911-5346,University of California System,6,106,0,0,2026
A5054784224,Daniel W. Curry,0000-0002-4418-8119,Emory University,4,106,3,0,2019
A5076255158,KLAUS GENEST,,,5,106,3,1,1970
A5015828524,Angelos E Halaris,0000-0002-6709-3067,Loyola University Medical Center,7,106,5,2,2023
A5056260444,Jerry L. McLaughlin,,,6,106,0,4,1986
A5055245497,George W. Hime,,Dade County Medical Examiner Department,3,106,0,0,2022
A5101708402,Zhenhong Wang,0000-0003-2925-5835,Shanghai Jiao Tong University,4,106,1,1,2021
A5073036990,A. E. Johnston,0000-0001-5787-2270,"St George's, University of London",4,106,0,1,2019
A5006713806,Rex Y. Wang,,State University of New York,5,106,0,3,1999
A5033562504,J. DeRuiter,,Auburn University,6,106,0,4,2004
A5110804131,Sara E. Walton,0009-0003-4461-5293,Fredric Rieders Family Foundation,6,106,0,0,2026
A5082509436,Torbjörn U.C. Järbe,,Uppsala University,3,106,3,0,1984
A5054660259,Jennifer Lorraine Stewart,0000-0003-0123-9438,Laureate Institute for Brain Research,4,106,0,0,2022
A5012320727,Kristof Pil,,Ghent University,3,106,1,0,2011
A5059842085,Marcello Spinella,0000-0002-3483-4463,Stockton University,6,106,3,3,2025
A5060668246,Katrina Elizabeth Champion,0000-0001-8319-9366,The University of Sydney,5,106,2,0,2024
A5054449752,Stéphanie Baggio,0000-0002-5347-5937,University of Geneva,7,106,6,0,2021
A5001793287,John E. Schulenberg,0000-0003-2129-8486,,70,106,0,70,2013
A5032576451,Maximillian S. Greenwald,0000-0002-4366-3918,Yale University,8,106,4,0,2026
A5026942684,Andrea Varrone,0000-0001-8281-4435,Region Stockholm,4,106,1,0,2025
A5114008206,Frederick H. Meyers,,,3,106,2,1,1968
A5113408777,J. Allan Hobson,,The University of Kansas Health System,3,106,2,1,2007
A5060095264,Jan I. Freijer,0000-0001-6832-8377,Centre for Human Drug Research,3,106,0,0,2014
A5017789434,José Alberto Del Porto,,Universidade Federal de São Paulo,9,106,0,0,2022
A5008798564,Alfred P. Kaye,0000-0002-3153-1221,Yale University,13,105,3,4,2026
A5031892461,Grégory Fouquet,0000-0003-0790-1197,Groupe de Recherche sur l'Alcool et les Pharmacodépendances,3,105,0,0,2024
A5109038130,Gabriël E. Jacobs,0000-0002-5140-9450,Leiden University,14,105,0,5,2026
A5020154903,Melissa Braschel,,,3,105,0,0,2022
A5049154470,Kate Shannon,0000-0002-6764-5212,University of British Columbia,3,105,0,3,2022
A5087106624,Oliver Rumle Hovmand,0000-0001-6928-6113,University of Copenhagen,4,105,4,0,2024
A5004658783,Birgit Schiøtt,0000-0001-9937-1562,Aarhus University,3,105,0,2,2019
A5033485888,Valeria Bruno,0000-0003-4231-0739,McGill University,4,105,1,0,2025
A5038975291,Arturo Alberto Vitale,0000-0003-4276-2209,Consejo Nacional de Investigaciones Científicas y Técnicas,5,105,1,2,2011
A5044348575,Susana de Sola Llopis,,Municipal Institute for Medical Research,3,105,2,0,2011
A5052466854,Maciej Sałaga,0000-0002-5917-8749,Medical University of Lodz,3,105,3,0,2015
A5057337099,M. Świst,,Jagiellonian University,4,105,3,0,2006
A5108612237,Bernard Richard,,Université de Reims Champagne-Ardenne,3,105,0,0,1991
A5060138271,Michael J. Greenberg,0000-0003-1320-3547,University of Florida,3,105,2,0,1997
A5062403608,Ferdinando Nicoletti,0000-0003-0917-443X,Istituto Neurologico Mediterraneo,3,105,0,1,2023
A5059639631,Philippe E. Hantson,0000-0003-4409-3352,Cliniques Universitaires Saint-Luc,3,105,0,3,2023
A5052921314,Zonglin Peng,0000-0001-8736-1439,Shanghai Jiao Tong University,4,105,1,0,2004
A5058599642,Yinxi Zhang,0000-0002-4462-171X,Shanghai Jiao Tong University,4,105,0,4,2004
A5076184179,Meena K. Yadav,0000-0002-1966-2886,University of South Australia,4,105,4,0,2019
A5040760443,Michael D. Short,0000-0003-2086-1855,University of South Australia,4,105,0,1,2019
A5000654166,Christopher P. Saint,0000-0002-4229-4348,University of South Australia,4,105,0,3,2019
A5023036442,Yannis Paul Pitsiladis,0000-0001-6210-2449,Hong Kong Baptist University,9,105,2,7,2024
A5112383986,Chong‐Xian Pan,,VA Northern California Health Care System,7,105,0,1,2020
A5003961656,Bülent Berker,0000-0001-7346-7128,Ankara University,4,105,2,0,2010
A5015068784,Hakan Şatıroğlu,0000-0001-7483-4305,Ankara University,3,105,0,3,2010
A5084322798,Stacie A. Hudgens,0000-0002-7350-1549,,4,105,2,0,2022
A5002761999,Lysbeth L. Floden,0000-0003-0584-6227,,4,105,2,0,2022
A5013970045,Leslie Citrome,0000-0002-6098-9266,New York Medical College,3,105,2,0,2020
A5074265418,Julien Thibault Lévesque,0000-0003-1438-6680,Jewish General Hospital,6,104,0,0,2025
A5076480110,Joshua D. Miller,0000-0003-1280-2863,University of Georgia,3,104,0,0,2023
A5011527705,Javier García‐Campayo,0000-0002-3797-4218,Red de Investigación en Actividades Preventivas y Promoción de la Salud,3,104,0,0,2026
A5100779873,Dongping Li,0000-0002-6188-9929,University of Lethbridge,4,104,0,0,2024
A5041981916,David M. Bannerman,0000-0002-3024-7595,University of Oxford,8,104,0,3,2026
A5111928547,Robert V. House,,IIT Research Institute,3,104,3,0,2008
A5060887127,Victor S. Johnston,,New Mexico State University,7,104,2,2,1970
A5063092792,Sidney Merlis,,,7,104,3,4,1962
A5023493431,Jadwiga Wardas,0000-0002-0208-1946,Maj Institute of Pharmacology,3,104,0,0,2017
A5032981915,Francesca Biagioni,0000-0003-3566-4889,Istituto Neurologico Mediterraneo,4,104,0,0,2008
A5078071353,Mario Giusiani,,University of Pisa,6,104,0,0,2007
A5070780629,Joanne K. Spaide,,,5,104,1,0,1971
A5016154590,Eszter Molnár,0000-0002-1794-7124,Semmelweis University,5,104,0,0,2010
A5056192441,John T. Riley,0000-0002-7932-8935,Hospital of the University of Pennsylvania,4,104,0,0,2012
A5018691607,William M. Armstead,0000-0002-3241-801X,Hospital of the University of Pennsylvania,4,104,0,0,2012
A5103139619,Dina Popova,0000-0002-2954-4277,University of Helsinki,6,104,4,0,2017
A5089695174,Jewell W. Sloan,,University of Kentucky,5,104,0,3,1986
A5091556311,Leonard Viohl,0000-0001-8805-4617,Humboldt-Universität zu Berlin,6,104,0,0,2023
A5091511815,Lena Westendorf,,Charité - Universitätsmedizin Berlin,3,104,0,0,2021
A5041990331,Carlos A. Bolaños‐Guzmán,0000-0003-0655-703X,Texas A&M University,3,104,0,1,2025
A5092232978,Xinyu Zhang,0009-0005-3138-681X,Wuhan Union Hospital,3,104,0,0,2026
A5070923322,Caroline Dorsen,0000-0001-8972-9954,New York University,10,103,3,1,2025
A5084562532,Marc Aixalà,,,5,103,2,0,2022
A5077667312,Chih‐Wei Hsu,0000-0002-8650-4060,Chang Gung University,4,103,0,0,2026
A5005179198,Іzabela Jasicka-Misiak,0000-0001-7788-5482,University of Opole,3,103,0,0,2015
A5006067386,Amir Ashtari,,University of British Columbia,3,103,0,0,2023
A5066003352,Michal Brownstien,,Hadassah Medical Center,10,103,4,0,2025
A5047945701,Natali D. Kisaki,,Universidade Estadual de Santa Cruz,5,103,1,0,2024
A5023818598,Paweł Kawalec,0000-0002-0125-0947,Jagiellonian University,3,103,0,0,2023
A5017321527,Mark Haden,0000-0002-1198-8822,University of British Columbia,8,103,6,0,2026
A5014503059,Jean‐Bernard Daeppen,0000-0001-7059-1393,Centre Hospitalier Universitaire Vaudois,10,103,0,2,2021
A5017927718,Nicole Anastos,,Deakin University,3,103,3,0,2006
A5012921637,Simon W. Lewis,0000-0002-2049-1586,Deakin University,3,103,0,1,2006
A5070340015,Katharina Prestin,,University of Basel,3,103,0,0,2017
A5086040942,Maree J. Hunt,0000-0002-7902-8748,Victoria University of Wellington,4,103,0,3,2013
A5085396890,Helgi B. Schiöth,0000-0001-7112-0921,Uppsala University,3,103,0,2,2024
A5007470653,Sònia Abad,0000-0001-8238-0016,Institut de Biomedicina de la Universitat de Barcelona,6,103,5,0,2019
A5034020729,Henk‐Jan Ramaker,,,4,103,0,0,2022
A5035084080,Ronald Shimmon,0000-0002-8763-991X,University of Technology Sydney,6,103,0,0,2020
A5035013998,Vineet Nadkarni,,Duke Medical Center,3,103,0,0,2021
A5044047257,Christopher R. Means,,Duke Medical Center,3,103,0,0,2021
A5043625052,Sally L. Huskinson,0000-0001-8528-0926,University of Mississippi Medical Center,4,103,1,0,2025
A5091216633,Melinda G. Gunnell,0009-0009-8539-4662,University of Arkansas for Medical Sciences,3,103,0,0,2018
A5044454989,Teris André van Beek,0000-0002-9843-7096,Wageningen University & Research,3,103,2,0,2025
A5111876053,Yuji Kumagai,0000-0001-6304-8878,Kitasato University,3,103,0,2,2010
A5026235423,Dick Tibboel,0000-0003-4331-5398,Erasmus MC - Sophia Children’s Hospital,9,103,0,0,2019
A5075937385,Kimberley S. Samkoe,0000-0002-8234-2308,Dartmouth College,10,103,6,0,2025
A5048708393,Marcus Hacker,0000-0002-4222-4083,Medical University of Vienna,5,103,0,0,2026
A5074831516,Sheila Whiteley,,,4,103,4,0,2010
A5089529376,Colm M. P. O’Tuathaigh,0000-0003-1365-1606,Royal College of Surgeons in Ireland,3,103,2,0,2010
A5103131203,Gabor Sandor Ungvari,0000-0003-4821-4764,The University of Western Australia,3,103,0,0,2025
A5084562500,Thi Mai Loan Nguyen,0009-0002-9397-3364,Inserm,8,103,6,0,2024
A5020768587,Xiaoyue Wen,0009-0009-9000-7487,Huazhong University of Science and Technology,3,103,0,0,2025
A5003338744,Colleen Fogg,0009-0003-2084-1798,Connecticut Mental Health Center,3,102,1,0,2025
A5010934641,Jagpaul Kaur Deol,,University of British Columbia,3,102,0,1,2023
A5084238679,John Hendrick,,University of Utah Health Care,5,102,0,1,2025
A5001609083,Anders Fink‐Jensen,0000-0001-7143-1236,University of Copenhagen,5,102,0,4,2025
A5055368406,Trey Brasher,0000-0003-2358-6086,"University of California, Davis",4,102,3,0,2025
A5011073442,José Restolho,0000-0002-2033-6746,Eurofins (United Kingdom),7,102,0,0,2024
A5035126273,Eliana Rodrigues,0000-0001-8847-6676,Universidade Federal de São Paulo,7,102,3,3,2026
A5011436081,Laurent Fanton,0000-0002-8849-1187,Hospices Civils de Lyon,6,102,0,3,2025
A5024728304,Octavian Vasiliu,0000-0001-6345-3478,Carol Davila University of Medicine and Pharmacy,9,102,6,1,2025
A5007664734,Sungzong Kang,,City University of New York,3,102,2,0,1973
A5000020146,Edward F. Anderson,,,3,102,3,0,1996
A5082338353,Stephen Trichter,,Argosy University,4,102,4,0,2010
A5043480436,Alan D. Poling,0000-0003-0842-7052,Western Michigan University,6,102,1,4,2003
A5073503985,Michael Kovar,,Medical University of Vienna,4,102,1,0,2013
A5111985120,AR Green,,University of Nottingham,3,102,1,1,2012
A5110257709,C. D. Marsden,,King's College London,3,102,0,1,1989
A5063432418,Lemont B. Kier,0000-0002-1363-1624,Virginia Commonwealth University,5,102,1,2,1980
A5059064443,Jéssica Ruiz‐Medina,0000-0001-9110-323X,Universitat Pompeu Fabra,4,102,2,0,2013
A5110755860,JK Buitelaar,,Radboud University Medical Center,3,102,0,0,2010
A5061754455,Jennifer D. Siegrist,,Friends Research Institute,3,102,0,0,2016
A5109939135,G Ellison,,"University of California, Los Angeles",3,102,3,0,2002
A5046936730,Florian Eyer,0000-0002-4753-2747,TUM Klinikum,5,102,0,0,2026
A5079804637,Cláudia Maria Rosa Ribeiro,0000-0001-7245-4552,Cooperativa de Ensino Superior Politécnico e Universitário,9,102,0,4,2024
A5036030685,Jeremy D. Davey,0000-0001-8601-9308,University of the Sunshine Coast,9,102,5,3,2022
A5109927679,Adam Doble,,,3,102,1,0,1994
A5076615876,Odile Piot,,,3,102,0,0,1994
A5014473467,Florian Koban,0000-0003-0912-3114,Medical University of Vienna,3,102,1,0,2015
A5110654593,George Khelashvili,0000-0001-7235-8579,Weill Cornell Medicine,4,102,0,0,2017
A5003391709,Benjamin Rolland,0000-0002-8666-3635,Lyon 1 Université,3,102,2,0,2026
A5035425819,Brian A. Pace,0000-0002-1147-3570,The Ohio State University,3,102,1,0,2023
A5100457918,Xiang Li,0000-0003-4997-9339,Third Affiliated Hospital of Sun Yat-sen University,3,102,1,2,2025
A5100569464,Ping Xiang,0009-0000-6047-4759,Nanfang Hospital,3,102,0,0,2025
A5100578074,Jianfen Liang,,Third Affiliated Hospital of Sun Yat-sen University,3,102,1,0,2025
A5009812917,Patricia Cabrera,0000-0002-8696-4278,Johnson & Johnson (United States),7,102,0,1,2026
A5017221477,Tanya Calvey,0000-0002-7540-2130,University of Cape Town,4,101,2,2,2026
A5063104847,Stefano Bertozzi,0000-0002-1723-7085,"University of California, Berkeley",3,101,0,0,2026
A5041658140,Tom Froese,0000-0002-9899-5274,Okinawa Institute of Science and Technology Graduate University,7,101,3,0,2026
A5045522406,Ana Paula Salum Pires,,Universidade de São Paulo,6,101,4,0,2018
A5057590155,Piera Talin,0000-0002-2928-6263,"Institute of Philosophy, Political Science and Religious Studies",7,101,6,1,2025
A5005728849,Pedro J. Teixeira,0000-0001-7202-0527,University of Lisbon,14,101,5,6,2026
A5102016198,José Manuel Rodríguez Arce,0000-0001-7295-1348,,3,101,2,1,2021
A5102754726,Bryan L. Roth,0000-0001-8632-7503,University of North Carolina at Chapel Hill,4,101,1,1,2024
A5001962007,Pilleriin Sikka,0000-0002-1926-6138,University of Turku,8,101,0,3,2026
A5013441165,Pantelis Leptourgos,0000-0002-0801-5501,Hôpital Fontmaure,9,101,3,5,2025
A5053198591,Ellen James,0009-0000-9554-573X,,8,101,2,3,2026
A5005943156,Max Taeschler,,Sandoz Group AG (Switzerland),5,101,0,2,1968
A5068148062,Maria Elisa Soares,0000-0002-0755-065X,Universidade do Porto,3,101,1,0,2008
A5003298385,Lucas V. de Faria,0000-0002-3175-3975,Universidade Federal Fluminense,4,101,1,0,2024
A5074653156,Sándor Kántor,0000-0002-5254-1285,Semmelweis University,4,101,1,0,2023
A5100735790,David J. Smith,0000-0001-9177-4201,Indiana University – Purdue University Indianapolis,3,101,0,2,2005
A5101515277,Hongyong Zhang,0000-0002-5669-5791,University of California Davis Medical Center,11,101,0,0,2023
A5111856611,Jason R. Gunn,0009-0001-1284-4951,Dartmouth College,9,101,1,0,2025
A5063918859,Makiko Yamada,0000-0002-2897-3045,Kansai Medical University,4,101,1,0,2006
A5013052576,Peter D van der Ark,0000-0001-6589-455X,Janssen (Belgium),3,101,0,0,2018
A5113080890,Lila Mékaoui,0009-0001-9016-955X,Centre Hospitalier Sainte-Anne,13,101,0,0,2026
A5003330833,Allitia DiBernardo,,Janssen Research & Development (United States),10,101,0,1,2022
A5072913049,Gabriele Di Salvo,0000-0002-0085-8731,University of Chieti-Pescara,3,101,0,0,2025
A5090501438,Andres Ort,,University of Zurich,4,100,1,0,2025
A5004040027,Natalie Ertl,0000-0002-9010-1870,Hammersmith Hospital,14,100,3,0,2026
A5028166454,H. T. McGovern,0000-0002-4050-6300,Barwon Health,5,100,3,0,2025
A5103425123,JG Ramaekers,,Maastricht University,6,100,0,4,2026
A5113771933,James M. Dille,,University of Washington,4,100,0,4,1962
A5105358652,Cyrus Chothia,,,3,100,1,0,1973
A5017676539,Peter Jeffress Pauling,,,3,100,0,1,1973
A5075239934,Dale Thomas Leslie,,,3,100,0,1,1978
A5081730194,Nicola M. Dempster,,Liverpool John Moores University,5,100,0,0,2020
A5027551828,Lei Shi,0000-0001-8695-3432,Jinan University,4,100,0,0,2017
A5029331832,Meghan Good,0000-0002-3829-0723,,5,100,2,0,2026
A5067719896,Zelah Joel,,,5,100,0,0,2026
A5017958795,Tiffanie A. Benway,,,6,100,0,1,2026
A5103661307,Michael W. McLane,,Johns Hopkins University,3,100,1,0,2011
A5108387951,Henry Marshall Fales,,National Institutes of Health,4,100,1,3,1970
A5073189722,Eric J. F. Franssen,0000-0002-1506-0730,OLVG,7,100,0,4,2025
A5086303578,M.K. Menon,0000-0002-8083-8414,United States Department of Veterans Affairs,5,100,4,1,1981
A5003743674,Hélène Jeltsch‐David,0000-0003-3630-7242,Biotechnologie et Signalisation Cellulaire,8,100,0,1,2005
A5105779043,Cindie Courtin,,Centre National de la Recherche Scientifique,3,100,0,0,2008
A5047255956,Stephen F. Larner,,University of Florida,3,100,0,0,2007
A5076693007,Setsuko Sekita,,Tokushima Bunri University,5,100,0,2,2016
A5023901868,Nebile Dağlıoğlu,0000-0003-3415-8159,Ankara University,5,100,2,1,2026
A5058920152,Marc Parrilla,0000-0002-1344-8432,University of Antwerp,8,100,0,0,2023
A5020737206,Jodie Grigg,0000-0002-0095-9794,Curtin University,6,100,3,0,2025
A5031247002,Eitan Friedman,0000-0002-6745-1733,New York University,3,100,1,0,1983
A5070219178,Harald Reither,,Medical University of Vienna,3,100,0,0,2018
A5101154555,Dongfang Han,0009-0009-6899-4287,Guangzhou University,4,100,0,0,2022
A5032132815,Dongxue Han,0000-0002-7343-2221,Guangzhou University,4,100,0,0,2022
A5070442560,E. Sylvester Vizi,0000-0002-9557-4597,Semmelweis University,7,100,2,4,2024
A5033042610,Giuseppe Giannotti,0000-0003-0629-4882,University of Colorado Anschutz,4,100,0,0,2024
A5107480219,Elaine Aparecida Del Bel,0000-0003-3483-8074,Universidade de São Paulo,4,100,0,1,2023
A5016959035,Thomas Vanicek,0000-0002-5116-9899,Medical University of Vienna,4,100,1,0,2022
A5038515583,Sarah Shnayder,,Yale University,7,99,0,2,2026
A5027784776,NiCole T. Buchanan,0000-0001-9288-5245,Michigan State University,3,99,1,0,2025
A5033945101,Sally Meikle,0000-0001-7500-141X,The University of Melbourne,7,99,4,0,2025
A5021568220,Emily R. Hawken,0000-0002-4980-9674,Queen's University,5,99,0,1,2022
A5044017896,Berit Brogaard,0000-0001-8712-0897,University of Miami,5,99,3,2,2024
A5051669302,Paul E. Holtzheimer,0000-0002-3552-3296,Walter Reed National Military Medical Center,4,99,0,1,2025
A5000697877,Pedro Castro-Rodrigues,0000-0002-3911-7164,Imperial College London,6,99,0,3,2026
A5080397502,Carla Soares,0000-0002-1313-9365,University of Coimbra,11,99,5,0,2026
A5091005808,Miguel Castelo‐Branco,0000-0003-4364-6373,Maastricht University,11,99,0,10,2026
A5113698949,Christiaan M.L. Steinmann,,Sefako Makgatho Health Sciences University,3,99,0,0,2023
A5028773395,Lionel Barnett,0000-0003-2329-9351,University of Sussex,3,99,2,0,2024
A5048060025,F. Raffone,0000-0002-1818-4237,"University of Campania ""Luigi Vanvitelli""",21,99,4,1,2026
A5017782949,Herbert Käferstein,,University of Cologne,3,99,1,2,2003
A5073379520,Jari T. Yli‐Kauhaluoma,0000-0003-0370-7653,University of Helsinki,3,99,0,0,2019
A5084354463,Mike Jay,,University College London,6,99,6,0,2019
A5082502601,Olga Hladun,0000-0002-6230-5876,Universitat Autònoma de Barcelona,4,99,0,0,2025
A5114251034,Toshitaka NABESHIMA,,Meijo University,5,99,4,0,1989
A5074389378,Svend Borup Jensen,0000-0001-8575-3703,Aarhus University,18,99,1,5,2009
A5059224156,Jorge Molina‐Torres,0000-0003-2371-0307,Centro de Investigación y de Estudios Avanzados del Instituto Politécnico Nacional,14,99,0,2,2020
A5004161271,Adriano Otávio Maldaner,0000-0003-3908-1779,Federal Police of Brazil,6,99,0,1,2024
A5078562133,Patrizia Romualdi,0000-0002-3610-2928,University of Bologna,8,99,0,5,2026
A5091709236,Maria Elizabeth Tiritan,0000-0003-3320-730X,Universidade do Porto,6,99,0,1,2024
A5109166901,D.A. Buxton,,University of Birmingham,3,99,1,0,1982
A5021970002,M. Paola Castelli,0000-0003-3249-4706,University of Cagliari,3,99,0,1,2021
A5084171458,Ludovic Romeuf,,,4,99,0,0,2025
A5110857952,Stephen R. Dueker,,Korea Institute of Radiological and Medical Sciences,8,99,1,1,2025
A5080617008,Christophe Plisson,0000-0003-0688-1358,Invicro (United Kingdom),3,99,0,0,2023
A5058052951,Victor L. Villemagne,0000-0002-5832-9875,Austin Health,3,99,2,0,2012
A5050500376,Indira Mendez‐David,0000-0001-9759-0833,Inserm,6,99,0,0,2024
A5100400094,Bin Yong Yang,0000-0002-6604-5565,Xiamen University,3,99,0,1,2025
A5058717284,Jonathan Dickinson,0000-0001-9203-0730,Hastings Center,9,98,2,1,2025
A5071113551,Vanessa de Paula Soares-Rachetti,0000-0002-9551-8771,Universidade Federal do Rio Grande do Norte,3,98,1,0,2018
A5092570228,Nicholas Kolbman,0000-0002-0581-8165,University of Michigan,10,98,4,0,2025
A5078392631,Luis Alberto Henríquez‐Hernández,0000-0003-3237-0316,Universidad de Las Palmas de Gran Canaria,11,98,2,8,2026
A5023032729,James I. Prickett,,University of Arizona,3,98,1,1,2026
A5110029222,Valérie Tourjman,0000-0002-2264-9586,Institut universitaire en santé mentale de Montréal,3,98,0,0,2023
A5113078633,Handersson Barros,0009-0004-6704-2296,Universidade Federal do Rio Grande do Norte,10,98,2,0,2026
A5111109263,Sophie Laborde,0009-0000-0192-713X,Universidade Federal do Rio Grande do Norte,10,98,0,0,2026
A5067262680,Ursula Wolf,0000-0002-1602-1143,University of Bern,4,98,0,0,2025
A5019823341,Caroline Maake,0000-0003-0378-8203,University of Zurich,4,98,0,1,2025
A5039686781,George Deane,0000-0003-2418-8282,Université de Montréal,6,98,5,0,2026
A5046107014,T. Stijve,,,5,98,5,0,1995
A5031210845,Giorgio Giorgi,,University of Siena,3,98,0,0,2009
A5058224561,Terry L. Jernigan,0000-0002-2011-9370,University of California San Diego,5,98,0,0,2016
A5045879266,Fumio Yamada,,Kanazawa University,7,98,5,0,2002
A5059510401,Rowena Ginther,,,3,98,0,0,1970
A5044395832,Andrea Mayado,0000-0003-1498-7398,Universidad Complutense de Madrid,5,98,1,0,2013
A5113580093,A. Ian Scott,,,6,98,3,2,1977
A5110174122,Liliane Ferreira Martins,,University of Luxembourg,3,98,3,0,2007
A5074061414,Danielle E. Ramo,0000-0002-9875-5713,"University of California, San Francisco",4,98,4,0,2017
A5035220084,Nobuo Kawahara,0000-0002-1301-7114,National Institute of Health Sciences,5,98,0,0,2008
A5102895666,Kirsten Wiese Simonsen,0000-0001-8883-0460,University of Copenhagen,4,98,4,0,2020
A5062363884,Akihiro Takano,0000-0002-3034-7721,Region Stockholm,5,98,2,0,2020
A5050355604,James Freeman,0000-0002-0429-1322,University of the Sunshine Coast,6,98,1,0,2022
A5073707428,Edward V. Nunes,0000-0002-2055-3425,Access Health Louisiana,3,98,0,1,2023
A5017491893,Eli Kolp,,University of South Florida,3,98,3,0,2014
A5112740072,M. Scott Young,0009-0004-4076-4475,University of South Florida,3,98,0,1,2014
A5018919312,Hao Jiang,0000-0003-2044-0030,Bristol-Myers Squibb (United States),3,98,1,0,2014
A5111839915,Jianing Zeng,0009-0002-4292-6832,Bristol-Myers Squibb (United States),3,98,0,0,2014
A5078163655,Neal Castagnoli,,"University of California, San Francisco",5,98,1,3,1988
A5049979820,Hanna Antila,0000-0001-8317-4564,University of Helsinki,4,98,2,0,2023
A5101533365,I‐Wen Chen,0009-0004-7122-6901,National Sun Yat-sen University,8,98,4,4,2025
A5076991285,Graziele Beanes,0000-0002-9762-7517,Universidade Federal da Bahia,7,98,2,0,2024
A5025690338,Jingjing Yuan,0000-0002-3144-6123,Zhengzhou University,5,98,1,2,2025
A5078901352,Enrico Pessina,0000-0003-0485-6319,Azienda Sanitaria Ospedaliera S.Croce e Carle Cuneo,5,98,0,0,2026
A5018406471,Devon Christie,,University of British Columbia,7,97,2,1,2026
A5103496168,Anne Buot,0000-0002-5359-1815,Centre National de la Recherche Scientifique,4,97,1,0,2024
A5021133243,Lucas F. Borkel,0000-0003-0266-9560,Universidad de Las Palmas de Gran Canaria,14,97,5,3,2026
A5048269490,Anja Vandersmissen,0000-0002-6873-4743,,3,97,1,0,2026
A5109064999,Hans Peter Weber,,,6,97,2,4,1974
A5047282391,Jerome H. Jaffe,,National Institute on Drug Abuse,3,97,0,3,1990
A5069151574,Charles R. Ashby,0000-0003-0513-4852,St. John's University,6,97,0,5,2003
A5070011266,Brigitta Balogh,,Semmelweis University,6,97,1,0,2010
A5036889406,Catherine Bolly,,University of Cologne,5,97,5,0,2017
A5039098109,Ludivine Crible,0000-0001-6300-2765,UCLouvain,5,97,0,1,2017
A5031618758,Cheng‐Fang Yen,0000-0003-1156-4939,Kaohsiung Medical University,5,97,2,3,2017
A5066909455,Mathew Thomas Martin-Iverson,0000-0003-4855-6748,The University of Western Australia,9,97,3,2,2023
A5067468660,H. Weiss,0000-0003-0280-4814,Novartis (Switzerland),3,97,3,0,2024
A5034341014,Stéphane Thobois,0000-0002-9639-6702,Centre National de la Recherche Scientifique,3,97,0,0,2018
A5022948682,Camilla Montesano,0000-0001-7721-4961,Sapienza University of Rome,3,97,1,0,2017
A5067619691,Donald R. Wesson,,"University of California, San Francisco",8,97,4,3,2011
A5102748351,Atsushi Suzuki,0000-0002-8747-1635,Takeda (Japan),3,97,2,0,2022
A5063035314,Hiroe Hara,0000-0002-2379-8997,Takeda (Japan),3,97,1,0,2022
A5075620105,Haruhide Kimura,0000-0002-8292-3647,Takeda (Japan),3,97,0,3,2022
A5090436527,J. Fred E. Shick,,University of Chicago,3,97,3,0,1972
A5100667303,Guilin Liu,0000-0003-4286-5187,Qingdao University,6,97,1,0,2024
A5057129282,Othman Sentissi,0000-0001-6280-2197,University of Geneva,3,96,0,0,2025
A5058630496,Ping‐Tao Tseng,0000-0001-5761-7800,National Sun Yat-sen University,4,96,0,0,2026
A5028103202,Abigail Yaffe,,Johns Hopkins University,3,96,0,0,2026
A5068638612,Bernhard Rupp,0000-0002-3300-6965,Universität Innsbruck,7,96,0,0,2025
A5006219749,Trisha Suppes,,Champalimaud Foundation,14,96,1,7,2025
A5027466242,Jaime Rojas‐Hernández,0000-0002-9291-7881,Universidad de Las Palmas de Gran Canaria,10,96,2,0,2026
A5081640744,Frank I. Tarazi,0000-0001-6839-9378,Harvard University,3,96,0,3,2023
A5028651046,Rüdiger Ilg,,TUM Klinikum,3,96,0,0,2023
A5108272458,Denis Jordan,0000-0003-0743-9983,TUM Klinikum,3,96,0,0,2023
A5093559500,Flávia Arichelle,,Universidade Federal do Rio Grande do Norte,7,96,0,0,2026
A5093559497,Érica J. Pantrigo,0000-0003-3649-6207,Universidade Federal do Rio Grande do Norte,6,96,0,0,2026
A5004712402,Susan Blackmore,0000-0003-0845-2223,,4,96,4,0,2024
A5003796851,Veronica Magar,,World Health Organization,4,96,1,2,2024
A5093344895,Marc Aixalà,,International Society for Technology in Education,5,96,0,1,2026
A5008264973,Hubertus Himmerich,0000-0003-1209-6073,King's College London,9,96,1,5,2025
A5111684769,Françoise Bressolle,,Université Montpellier 1,5,96,0,5,2007
A5004014049,Thomas Zoëga Ramsøy,0000-0001-7863-5493,Copenhagen Business School,3,96,0,0,2016
A5011978844,Sabrine Bilel,0000-0003-1515-980X,University of Ferrara,8,96,1,0,2025
A5043073850,Ruth Smith,0000-0002-2574-7974,Michigan State University,7,96,1,5,2019
A5085393566,Céline Riegert,,Centre National de la Recherche Scientifique,6,96,2,0,2008
A5103500627,Mitsutaka Nakamura,,Sumitomo Chemical (Japan),3,96,3,0,1978
A5111673218,Hideaki Fukushima,,Sumitomo Chemical (Japan),3,96,0,3,1978
A5066915704,Mette Findal Andreasen,0000-0001-9702-1673,Aarhus University,4,96,0,0,2017
A5023418153,Tarek S. Belal,0000-0002-1138-595X,Alexandria University,5,96,3,0,2019
A5042043147,Amélie Daveluy,0000-0003-1922-8630,Inserm,14,96,3,6,2022
A5109546750,Robert B. McCall,0009-0008-8811-151X,Kalamazoo Public Library,4,96,3,1,1991
A5109130231,Michihiro Fujiwara,,Fukuoka University,3,96,0,1,2002
A5047997156,Eva Macuchova,0000-0003-4614-5064,Charles University,5,96,2,0,2017
A5033049869,Rosa Ventura,0000-0002-1413-8890,Universitat Pompeu Fabra,3,96,0,1,2007
A5112007410,Kerri A. Schoedel,,,5,96,4,0,2017
A5030702205,Madhurima Benekareddy,0000-0002-5605-402X,Tata Institute of Fundamental Research,3,96,1,0,2021
A5062475284,Maria Pepe,0009-0002-7597-6916,Agostino Gemelli University Polyclinic,10,96,4,0,2026
A5061568528,Changwei Wei,0000-0001-5652-600X,Capital Medical University,3,96,0,1,2023
A5052182950,Benjamin Guérin,0000-0002-0141-7874,Institut de Chimie,6,95,0,0,2025
A5040951969,Joshua Caballero,0000-0003-4406-2425,University of Georgia,3,95,0,3,2026
A5037306868,O. Grimm,0000-0002-0767-0301,Goethe University Frankfurt,3,95,3,0,2018
A5005008571,Brendon Stubbs,0000-0001-7387-3791,King's College London,3,95,0,0,2026
A5108143071,Antonio Inserra,,Universidade do Sul de Santa Catarina,4,95,0,0,2025
A5057005985,Julia Bornemann,,Imperial College London,4,95,2,0,2024
A5103994261,Tim Schäfer,,Naturstoff-Technik (Germany),7,95,4,0,2025
A5087441658,Matteo Politi,0000-0002-1185-8569,Instituto Nacional de Rehabilitación,14,95,4,9,2025
A5027512786,Adrian M. Owen,0000-0002-5738-3765,Western University,4,95,0,1,2024
A5032426481,Emily T. Troscianko,0000-0003-1628-1700,University of Oxford,3,95,0,3,2024
A5059737776,Adam Safron,0000-0002-3102-7623,Tufts University,8,95,3,2,2026
A5053148889,Dominik Feuerbach,,Novartis (Switzerland),9,95,0,0,2017
A5051587217,Danilo Bzdok,0000-0003-3466-6620,Montreal Neurological Institute and Hospital,7,95,2,4,2026
A5054786150,Islam Amine Larabi,0000-0002-9015-5342,Inserm,18,95,6,6,2026
A5051870380,Olivier Mathieu,0000-0003-1198-2137,Université de Montpellier,8,95,0,0,2023
A5021913174,Sanya Ram,0000-0002-5774-1972,University of Auckland,3,95,0,0,2023
A5111627740,Donald C. Dyer,,Iowa State University,5,95,2,3,1993
A5002388194,Sara Reardon,,,8,95,8,0,2024
A5042251550,Sylvia K Shenouda,,Louisiana State University Health Sciences Center New Orleans,5,95,5,0,2010
A5048367035,Pai-Kai Huang,,Scripps Research Institute,4,95,2,0,2017
A5036360076,Alessandro Piva,0000-0001-8867-1164,University of Verona,4,95,0,0,2024
A5108489274,Thomas Briellmann,,University of Basel,3,95,1,0,2017
A5081082286,Robert D. Combes,,Fund for the Replacement of Animals in Medical Experiments,3,95,1,2,2018
A5000902870,Alexandra Carls,,Heidelberg University,3,95,1,0,2016
A5100449298,Ye Zhang,0000-0002-0627-7057,Anhui Medical University,9,95,1,2,2025
A5008127944,Konstantinos Ν. Fountoulakis,0000-0001-5503-0811,Aristotle University of Thessaloniki,7,95,3,4,2026
A5053854246,Guilherme Lozi Abdo,,Universidade Federal de São Paulo,7,95,0,0,2022
A5079196313,Ivan Skorodumov,0000-0002-6749-9745,Heidelberg University,3,94,0,0,2026
A5071475979,Paul S. Appelbaum,0000-0002-1940-0042,New York State Psychiatric Institute,4,94,1,2,2024
A5052761052,Fernando Mendive,0000-0001-8757-4629,,5,94,0,3,2024
A5077509202,Felix Krengel,0000-0003-0460-340X,Universidad Autónoma de la Ciudad de México,12,94,8,0,2025
A5101853284,Domingo Jesús Quintana Hernández,0000-0002-2393-2121,Universidad del Atlántico Medio,8,94,0,1,2025
A5003090222,Katarzyna M. Targowska‐Duda,0000-0003-4871-0848,Medical University of Lublin,10,94,0,0,2025
A5091229958,Flavie Waters,0000-0001-5570-2040,The University of Western Australia,4,94,1,1,2025
A5089174959,M. Slaytor,,The University of Sydney,5,94,1,4,1988
A5087566586,Veronika Butterweck,0000-0001-7516-8789,University of Florida,3,94,0,3,2010
A5046314894,Durk Fekkes,,Erasmus MC,5,94,1,3,2003
A5021829625,Bryan A. Killinger,0000-0002-8043-8517,Western Michigan University,3,94,2,0,2010
A5036615014,Daneel Ferreira,0000-0002-9375-7920,University of Mississippi,7,94,0,0,2021
A5043602153,Yusuke Hirasawa,0000-0003-3610-4007,Hoshi University,10,94,7,0,2026
A5087590469,Hiroshi Morita,0000-0002-7950-7722,Hoshi University,9,94,1,8,2026
A5071437267,Kjell Jorgen Hole,0000-0003-2960-2462,University of Bergen,4,94,0,3,1989
A5109118103,Hans‐Jürg Borschberg,,ETH Zurich,6,94,1,5,2005
A5040843854,Judith M. Plaut,,,4,94,0,1,1973
A5075945974,Katherine Papafotiou,,Swinburne University of Technology,3,94,0,0,2012
A5109047029,Phillip Swann,,VicRoads,4,94,0,0,2012
A5031474875,Catherijne A. J. Knibbe,0000-0001-9893-4415,Leiden University,7,94,0,1,2020
A5133869027,Venkatesh Swaminathan,0000-0002-3315-7907,"Birla Institute of Technology and Science, Pilani",3,94,3,0,2026
A5031325268,Kuo‐Chuan Hung,0000-0002-4507-8085,National Sun Yat-sen University,7,94,3,3,2025
A5028834717,Annemiek Dols,0000-0003-1964-0318,University Medical Center Utrecht,3,94,0,2,2026
A5034833944,Darron T. Smith,0000-0001-9773-1624,University of Washington,5,93,1,0,2025
A5082946700,Greg Murray,0000-0001-7208-5603,Swinburne University of Technology,6,93,0,4,2025
A5031472834,Alejandro Torrado Pacheco,0000-0003-4879-5343,Oregon Health & Science University,4,93,3,0,2026
A5070301478,Ana Y. Simão,0000-0003-3199-1866,University of Beira Interior,8,93,6,0,2026
A5072302502,Gordana Koželj,0000-0003-1973-7494,University of Ljubljana,5,93,0,1,2021
A5075565481,Pieter Beerepoot,0000-0003-3721-3213,University of Toronto,6,93,3,0,2026
A5060941394,Pablo Trindade,0000-0001-5953-7054,Universidade Federal do Rio de Janeiro,5,93,0,0,2024
A5003980329,Diana Jovanovski,,University of Toronto,3,93,2,1,2007
A5037107802,Howard D. Fabing,,Christ Hospital,5,93,5,0,1958
A5071142253,Hind T. Hatoum,0009-0000-2147-6954,University of Mississippi,5,93,0,1,1987
A5072753215,Roland Fischer,0000-0002-4766-1215,United States Department of Veterans Affairs,8,93,4,3,1973
A5064230925,Jalal Pourahmad,0000-0002-4555-4168,Shahid Beheshti University,4,93,1,0,2020
A5007699920,Isak Ladegaard,0000-0001-9480-551X,University of Illinois Urbana-Champaign,3,93,3,0,2023
A5111972990,Joseph A. DiMicco,,Indiana University Indianapolis,4,93,0,3,2013
A5109256324,Rolf Jackisch,,University of Freiburg,5,93,0,4,2009
A5033367141,Peggy van der Pol,0000-0002-6592-7291,Trimbos Institute,3,93,0,1,2023
A5085478830,Stefano Delli Pizzi,0000-0003-4075-0132,University of Chieti-Pescara,5,93,3,0,2026
A5041851539,MARCO C. ONOFRJ,0000-0002-0480-2495,University of Chieti-Pescara,4,93,1,0,2023
A5066701909,Getachew Sime,0000-0002-4406-3770,Hawassa University,3,93,3,0,2018
A5054181336,Mirko Manchia,0000-0003-4175-6413,Dalhousie University,4,93,1,0,2025
A5047349592,Peter Sjöstedt-Hughes,,University of Exeter,4,92,4,0,2025
A5109590162,Jennifer E. Thomas,0000-0002-3140-5727,Larkin University,3,92,2,0,2026
A5090955850,Alberto Sainz-Cort,0000-0003-1168-464X,Universitat Oberta de Catalunya,5,92,3,0,2025
A5070810971,Alexander J. Bradshaw,0000-0002-6261-621X,Clark University,6,92,4,0,2026
A5018396156,Oliver Grundmann,0000-0003-2302-8949,University of Florida,5,92,4,1,2026
A5016156588,James M. Shine,0000-0003-1762-5499,The University of Sydney,4,92,1,0,2023
A5058284215,Benjamin Bechand,0000-0001-5237-2373,Columbia University,3,92,0,0,2024
A5056470952,Mikhail G. Dozmorov,0000-0002-0086-8358,Virginia Commonwealth University,3,92,0,0,2022
A5019784229,Sean P. Goldy,0000-0002-5631-4346,Johns Hopkins University,5,92,3,0,2026
A5022952074,Miljana Simonovic,,University of Chicago,7,92,2,0,1983
A5025211468,Antônio José Ipólito,,,7,92,0,0,2023
A5087166927,Helen Topping,,Hammersmith Medicines Research,4,92,0,0,2026
A5031703106,Ana Čampa,0000-0002-6183-3378,Universidade de São Paulo,4,92,0,4,2014
A5079208003,J A Harvey,,Drexel University,3,92,1,2,2005
A5108460717,María Juliana Orejarena,,Universitat Pompeu Fabra,7,92,5,0,2011
A5113687395,Ahai Chang Lua,,Tzu Chi University,3,92,2,1,2020
A5076979915,Raffaella Arfè,0000-0003-2614-2368,University of Ferrara,5,92,0,0,2023
A5085594850,Vicente Hernández‐Rabaza,,Centro de Investigacion Principe Felipe,3,92,2,1,2011
A5066856401,Devon L. Graham,0000-0003-0318-4602,Florida State University,9,92,2,0,2022
A5038901746,Raoul Pieter Joost Koning,0000-0003-1833-5696,Jellinek,5,92,1,0,2022
A5008649096,Marshall B. Wallach,,NYU Langone Health,4,92,3,0,1974
A5090816315,Daniel Araki Ribeiro,0000-0001-5057-4983,Universidade Federal de São Paulo,3,92,0,0,2022
A5053386078,Ilpo Rasanen,,Finnish Institute for Health and Welfare,4,92,0,1,2020
A5029754237,Hiroshi Nagase,0000-0003-0428-3979,,4,92,2,1,2014
A5109569500,Steven P. Cole,,,3,92,0,0,2025
A5014944933,Saundra Jain,,The University of Texas at Austin,3,92,0,2,2025
A5069709005,Richard C.W. Hall,0000-0001-9782-3908,The University of Texas Health Science Center at Houston,6,92,5,0,1982
A5045648575,Vinicius Sato,0000-0002-9772-3752,Universidade Estadual de Londrina,3,92,0,0,2024
A5069455376,Marie Spies,0000-0002-9963-9044,Medical University of Vienna,10,92,1,1,2026
A5042238696,Chao Han,0000-0002-6869-0701,Yangzhou University,4,92,1,3,2026
A5053089979,Chia‐Li Kao,,E-Da Hospital,4,92,0,1,2025
A5084952345,Kruti Joshi,0000-0001-9263-5158,Janssen Scientific Affairs (United States),25,92,2,15,2025
A5092083232,Heather Honstein,,,3,91,0,0,2023
A5082662047,Matías Cavelli,0000-0001-6467-5478,University of Wisconsin System,4,91,0,0,2021
A5031130902,Ricardo Reyes‐Chilpa,0000-0002-3741-8625,Universidad Autónoma de la Ciudad de México,11,91,0,7,2023
A5102519192,Baohua Shen,,Institute of Forensic Science,6,91,1,1,2021
A5073892778,Michael Pileggi,,McGill University,3,91,1,0,2025
A5044582750,Madeleine J. Swortwood,0000-0001-9679-0219,Sam Houston State University,3,91,1,1,2025
A5028665525,Ariadiny Lima Caetano,0000-0002-3619-6485,Faculdade de Ciências Médicas da Santa Casa de São Paulo,4,91,0,1,2026
A5055236727,Raimundo Braz‐Filho,0000-0001-7217-3494,Universidade Federal Rural do Rio de Janeiro,5,91,0,2,2022
A5079863450,Jeffrey P. Walterscheid,0000-0003-4228-7276,,4,91,1,2,2024
A5046942036,John H. Anneken,,Wayne State University,4,91,4,0,2016
A5078522957,Naim Khazan,,"University of Maryland, Baltimore",5,91,2,3,1988
A5056418657,Sonja Lyubomirsky,0000-0003-0727-5595,"University of California, Riverside",6,91,1,4,2025
A5045544787,Wojciech Kostowski,,Medical University of Warsaw,5,91,2,2,2008
A5073056331,Lawrence P. Carter,0009-0008-7403-4242,University of Arkansas for Medical Sciences,3,91,1,0,2013
A5021954661,Miriam Z. Mintzer,,Johns Hopkins University,3,91,0,0,2013
A5041530679,Ben van den Akker,0000-0002-1937-6097,University of South Australia,3,91,0,0,2019
A5013528193,Ettore Ferrari Júnior,0000-0002-2953-7878,Polícia Civil do Distrito Federal,3,91,2,0,2024
A5078636406,Emmanuelle Corruble,0000-0002-9441-6079,Inserm,6,91,0,0,2024
A5102968589,Alessandro Cuomo,0000-0002-9211-5248,University of Siena,7,91,2,2,2026
A5061276751,Craig D. Blinderman,0000-0002-8905-0666,Memorial Sloan Kettering Cancer Center,5,90,2,1,2025
A5067591279,Aryan Sarparast,0000-0002-7909-9853,Oregon Health & Science University,8,90,2,1,2026
A5054553350,Keith A. King,0000-0003-2036-5341,University of Cincinnati,4,90,0,2,2023
A5066612577,Andreas Ströhle,0000-0003-0935-3702,Humboldt-Universität zu Berlin,5,90,0,0,2022
A5046280670,Alexandr Gish,0000-0002-3083-9304,Centre Hospitalier Universitaire de Lille,12,90,5,0,2025
A5076186053,Muhammad Youshay Jawad,0000-0003-0997-8198,Centre for Addiction and Mental Health,5,90,2,0,2023
A5009749224,Johanna Louise Keeler,0000-0002-3905-9857,King's College London,10,90,2,4,2026
A5076467339,M. Fayez,0000-0001-9769-0850,Howard University,3,90,0,2,1972
A5112444755,Stanton Q. Smith,,University of Virginia,3,90,0,2,2003
A5013251110,Keeper Trout,0000-0002-5081-5422,,6,90,1,3,2024
A5101468267,Eunyoung Han,0000-0002-6333-2972,Duksung Women's University,5,90,3,0,2024
A5035847289,Kazuhiko Yanai,0000-0001-9068-7907,Tohoku University,6,90,2,1,2012
A5066255052,Ingrid Jolanda Bosman,,Netherlands Forensic Institute,3,90,0,0,2023
A5109075360,Jui Hsu,,Ministry of Health and Welfare,4,90,2,1,2020
A5109177580,Hugh A. Tilson,,National Institutes of Health,3,90,0,2,1989
A5061643714,Joachim Feldwisch,0009-0000-2043-2482,Affibody (Sweden),7,90,0,1,2025
A5042426767,Simone Grimm,0000-0003-4229-6658,University of Zurich,3,90,0,3,2023
A5006377464,Wei Hao,0000-0003-4681-1178,Central South University,4,90,1,1,2024
A5042990910,Yu-qin Long,0000-0001-5803-0737,Soochow University,5,90,2,0,2023
A5056638752,Athanasios Saitis,,Aristotle University of Thessaloniki,3,90,0,0,2025
A5054078305,Anna C. Beck,0000-0003-0592-9540,University of Utah,3,89,0,2,2023
A5020676517,Trevor R. Norman,0000-0003-2903-7096,The University of Melbourne,3,89,1,0,2025
A5063575688,Esmaeel Ghasemi Gojani,0009-0003-3168-0379,University of Lethbridge,7,89,3,0,2026
A5018932141,Michele Fornaro,0000-0002-9647-0853,University of Naples Federico II,4,89,1,0,2025
A5003500142,Hannah Drummond,,Universidade Federal do Rio de Janeiro,3,89,0,0,2016
A5026036958,Rodolfo Olivieri,0000-0002-9447-3831,Universidade Estadual de Campinas (UNICAMP),4,89,1,0,2026
A5082752190,John T. Farrow,,Brandeis University,3,89,2,0,1973
A5056870296,William H. Lyness,,Michigan State University,4,89,0,0,1981
A5105467695,Richard Jed Wyatt,,,4,89,1,3,1976
A5034220151,Jonathan O Cole,0000-0001-6302-7196,,4,89,4,0,1973
A5026044554,Winter Jc,,,5,89,4,1,1978
A5001191328,Sidney Malitz,,New York State Psychiatric Institute,6,89,4,0,1966
A5001816637,Ulises Coffeen,0000-0001-9639-323X,Instituto Nacional de Psiquiatría Ramón de la Fuente Muñiz,3,89,2,0,2019
A5026011651,Sari Izenwasser,0000-0002-5008-9918,University of Miami,3,89,0,2,2021
A5084047120,Mark A Wetherell,0000-0002-1026-2798,Northumbria University,6,89,3,1,2014
A5108419522,W. Marvin Davis,,University of Mississippi,4,89,4,0,1987
A5055907652,Joseph D. Calabrese,0000-0002-7966-3493,University of Chicago,10,89,10,0,2025
A5060952712,Alice Aparecida da Matta Chasin,,Universidade de São Paulo,3,89,0,2,2013
A5004711200,Diansan Su,0000-0001-9755-1025,Shanghai Jiao Tong University,3,89,2,0,2016
A5002232780,Jack Peter Green,,City University of New York,3,89,0,2,2009
A5038204971,Alireza Samzadeh‐Kermani,0000-0001-6183-6299,Zabol University,5,89,0,0,2014
A5053750375,Oliver G. Cameron,0000-0001-9604-6940,University of Chicago,3,89,3,0,1976
A5074419434,João Maximiliano Pedron Martins,0000-0001-7764-286X,Centro de Neurociências e Biologia Celular,4,89,1,0,2015
A5075909802,António Francisco Ambrósio,0000-0002-0477-1641,Association for Innovation and Biomedical Research on Light and Image,3,89,0,1,2015
A5015137204,René Weissensteiner,,University of Vienna,4,89,1,0,2013
A5014396881,Gerhard Franz Ecker,0000-0003-4209-6883,University of Vienna,4,89,0,1,2016
A5050502633,Rhys L. Evans,,Virginia Commonwealth University,3,89,0,0,2011
A5026192942,Darren B. Grainger,,Virginia Commonwealth University,3,89,1,0,2011
A5100325285,Guan Wang,0000-0002-7432-7933,University of Brighton,7,89,6,0,2018
A5076304258,Olivia Maynard,0000-0002-9048-6627,University of Bristol,4,89,0,2,2022
A5027952895,Heather Kang,0000-0002-6094-7357,Mount Sinai Hospital,3,89,1,0,2020
A5017555495,Zuner Assis Bortolotto,0000-0002-5513-8061,University of Bristol,3,89,0,0,2020
A5011841451,Graham L. Collingridge,0000-0002-9572-5359,Mount Sinai Hospital,3,89,1,1,2020
A5061336612,Lauren Ann Monds,0000-0002-2592-7238,The University of Sydney,4,89,2,0,2023
A5066490731,Elizabeth Stratton,0000-0003-0699-7588,The University of Sydney,3,89,0,0,2023
A5005640058,Amy Q. Wang,0000-0001-7368-1917,National Institutes of Health,3,89,1,0,2022
A5026020460,Simon Halm,,University of Zurich,4,88,1,0,2026
A5034185991,Kathryn Ledden,,Trinity College,3,88,0,0,2026
A5015911875,Stacey B. Armstrong,0000-0003-0869-7511,The Ohio State University,12,88,5,1,2026
A5063981201,Meghan DellaCrosse,0000-0001-5554-277X,The Ohio State University,7,88,3,0,2025
A5010843064,Michael G. Wheaton,0000-0002-7465-7879,New York Psychoanalytic Society and Institute,3,88,0,0,2024
A5086168835,Gniewko Więckiewicz,0000-0003-2404-393X,Medical University of Silesia,11,88,7,2,2025
A5006428625,Chi‐Un Pae,0000-0003-1632-4248,The Catholic University of Korea Bucheon St. Mary's Hospital,3,88,0,0,2023
A5057707358,Florian Hakim,0000-0002-3335-6711,Centre Hospitalier Universitaire de Lille,9,88,0,0,2025
A5056801799,Bruno P. Guiard,0000-0002-6873-9966,Centre de Recherches sur la Cognition Animale,7,88,0,2,2026
A5045650254,I. Figueiredo,0000-0001-7229-9089,Hospital Prof. Dr. Fernando Fonseca,6,88,1,0,2025
A5109521353,Ben-Qin Tang,,Shunde Polytechnic,3,88,2,0,2021
A5103429497,John J. Heikkila,,University of Toronto,4,88,3,0,1982
A5087390459,Alicia Beatriz Pomilio,0000-0002-4913-2181,Consejo Nacional de Investigaciones Científicas y Técnicas,3,88,2,0,2011
A5078233481,Róbert Berkecz,0000-0002-9076-2177,University of Szeged,3,88,0,1,2025
A5082038810,Cheng‐Huang Lin,0000-0002-2899-8808,National Taiwan Normal University,6,88,0,6,2017
A5017746118,Yonghoon Park,0000-0003-2126-7524,National Forensic Institute,4,88,0,0,2015
A5046425489,Nobuo Nemoto,,University of Toyama,3,88,0,3,2008
A5009740555,Anthonie M.A. Verweij,,Ministry of Security and Justice,3,88,2,1,1996
A5075821916,Shelan Ofori,,,4,88,0,1,2025
A5091772614,Natália Mendes Schöwe,,Universidade de São Paulo,5,88,3,0,2019
A5084604554,Robert E. Matefy,,University of Bridgeport,7,88,7,0,1980
A5044443797,Andrea J. DiLuigi,0000-0001-5488-2529,University of Connecticut,3,88,2,0,2011
A5035831013,Lawrence Engmann,0000-0002-0945-9040,University of Connecticut,4,88,0,0,2015
A5008388900,Graham Searle,,Hammersmith Hospital,4,88,0,0,2026
A5033617388,Kat Petrilli,0000-0001-9801-1442,University of Bath,3,88,0,0,2023
A5033082036,Romain Colle,0000-0002-2549-4495,Inserm,4,88,0,0,2023
A5013462150,Anne Sauvaget,0000-0002-1822-8535,Centre Hospitalier Universitaire de Nantes,11,88,0,1,2026
A5062674118,Yuanhai Li,0000-0001-6763-9624,First Affiliated Hospital of Anhui Medical University,3,88,0,2,2023
A5022935279,Mark Dibbs,0000-0002-4341-361X,Yale University,6,87,0,0,2026
A5080398922,David Newcombe,0000-0002-6268-786X,University of Auckland,4,87,0,2,2019
A5070714192,Alexandre Augusto de Deus Pontual,0000-0003-1051-573X,Universidade de São Paulo,6,87,5,0,2025
A5031340154,Matthias M. Herth,0000-0002-7788-513X,University of Copenhagen,9,87,0,2,2025
A5027013788,Marija Franka Žuljević,0000-0001-9805-7491,University of Split,13,87,10,0,2026
A5000848680,Marco Gentilucci,,Albert Einstein College of Medicine,3,87,0,0,2026
A5007372549,Janet Treasure,0000-0003-0871-4596,King's College London,10,87,1,0,2026
A5010246301,Philipp Sterzer,0000-0003-4687-2317,Universitäre Psychiatrische Kliniken Basel,3,87,1,2,2026
A5027800542,Luisa De Risio,0000-0003-1339-657X,ASL Roma,6,87,0,0,2026
A5025872986,Ansgar Rougemont-Bücking,0000-0001-6107-7333,University of Fribourg,4,87,2,0,2025
A5001464571,Zirui Huang,0000-0002-5949-0206,University of Michigan,10,87,0,1,2026
A5086065475,Marko Rosenholm,0000-0002-5437-8282,,3,87,1,0,2020
A5102764727,Írisz Szabó,0000-0002-9148-8261,University of Szeged,3,87,2,0,2021
A5027805935,Eszter Alexandra Farkas,0000-0002-8478-9664,University of Szeged,4,87,0,3,2026
A5049806883,Vaibhavkumar S. Gawali,0000-0002-7917-4913,Medical University of Vienna,3,87,0,0,2013
A5044767991,Bernard Wilkens,,New York State Psychiatric Institute,5,87,1,1,1962
A5079185734,Clara Ros‐Simó,,Universitat Pompeu Fabra,5,87,2,0,2019
A5057715091,Rebecca McKetin,0000-0003-2833-4830,UNSW Sydney,3,87,0,1,2022
A5022429026,Christian Kerskens,0000-0003-0823-4648,Trinity College Dublin,3,87,0,0,2014
A5062416642,Előd Hidvégi,0000-0002-1083-2439,Bűnügyi Szakértői és Kutatóintézet,4,87,1,0,2025
A5003714224,Peter C. Stockham,0000-0001-5093-5144,The University of Adelaide,3,87,0,1,2020
A5020955522,Yi-Chyan Chen,0000-0002-6319-6114,Tzu Chi University,3,87,0,1,2023
A5061221229,William L. Prueitt,0000-0002-3076-9879,Yale University,3,87,2,0,2022
A5110129156,Stephen H. Dinwiddie,,Washington University in St. Louis,3,87,1,0,1994
A5013396820,Steven J. Mennerick,0000-0003-0868-0664,Washington University in St. Louis,4,87,0,3,2025
A5037548174,Kathryn M. Schak,0000-0002-4726-3380,Mayo Clinic,3,87,0,0,2023
A5073495332,Larry J. Prokop,0000-0002-7197-7260,Mayo Clinic,4,87,0,0,2024
A5100403557,Fan Zhang,0000-0003-2182-7018,Guangzhou Medical University,5,87,0,0,2025
A5085007056,Ling Fu,,Guangzhou Medical University,3,87,0,0,2023
A5090540404,Xia Ju,,Anhui Medical University,3,87,0,0,2023
A5101417019,Shengbin Wang,0000-0003-1646-0864,Anhui Medical University,3,87,0,1,2023
A5090059885,Umberto Volpe,0000-0001-9166-7609,Marche Polytechnic University,4,86,0,2,2022
A5080821032,Santiago Castro‐Zaballa,0000-0002-8540-2011,Universidad de la República de Uruguay,5,86,1,0,2022
A5101503385,Andrew Dawson,0000-0001-6634-9393,,3,86,2,0,2016
A5019821325,Nicole Friedli,0000-0002-7040-6909,University of Fribourg,6,86,0,0,2026
A5024984919,Peter Vuust,0000-0002-4908-735X,Aarhus University,3,86,0,0,2025
A5058064284,Keith Williams,0000-0001-8191-5250,Athabasca University,6,86,4,0,2026
A5103630111,Richard T. Brown,,University of British Columbia,6,86,1,0,2011
A5103745716,Kazumasa Yokoyama,,Shiga University,4,86,0,1,2005
A5047451873,Brigitte Cosquer,,Centre National de la Recherche Scientifique,4,86,0,0,2020
A5112843062,Katherine Owens,,Swinburne University of Technology,3,86,0,1,2011
A5027339862,François Montastruc,0000-0001-7056-8126,Centre Hospitalier Universitaire de Toulouse,7,86,2,3,2026
A5088018491,Irene Antolino-Lobo,,Utrecht University,5,86,5,0,2011
A5071985604,Majorie B.M. van Duursen,0000-0002-3838-9731,Utrecht University,6,86,0,6,2011
A5082920374,Ragnhild Elén Gjulem Jamt,0000-0002-8619-340X,Oslo University Hospital,4,86,2,0,2024
A5113573946,Arthur H. Neufeld,,,3,86,2,1,1983
A5039577349,Phillip E. Vlisides,0000-0003-3899-5536,University of Michigan,5,86,0,0,2023
A5007312741,Brendan Twamley,,Trinity College Dublin,4,86,0,1,2025
A5064878240,Moonhee Jang,,National Forensic Institute,4,86,2,0,2020
A5004362870,Meejung Park,0000-0002-7876-7055,National Forensic Institute,5,86,1,2,2025
A5053295238,John M. Stogner,0000-0003-2821-1494,University of North Carolina at Charlotte,3,86,2,0,2016
A5071859121,Bryan Lee Miller,0000-0002-5806-0511,Georgia Southern University,3,86,1,1,2016
A5030496085,Paul A. Bradley,0000-0001-6229-6677,Pfizer (United States),3,86,0,2,2017
A5102240538,Gerhard Martens,,Philips (Germany),3,86,0,0,2017
A5070778891,Udo van Stevendaal,,Philips (Germany),3,86,0,1,2017
A5030796152,Ewald Roessl,,Philips (Germany),3,86,1,1,2017
A5073448365,Ikuo Tooyama,0000-0001-8054-9666,Kansai Medical University,3,86,0,0,1998
A5036834366,Hiroshi Kimura,0009-0001-1010-2540,Kansai Medical University,3,86,0,0,1998
A5068264980,Cristina Mondello,0000-0002-4489-9631,University of Messina,3,86,0,0,2025
A5063497394,Pedro Henrique Gobira,0000-0003-3868-6047,Universidade de São Paulo,3,86,2,0,2022
A5085330633,Joseph A. Zamaria,,"University of California, San Francisco",9,85,2,0,2025
A5025192764,Helle Kaasik,0000-0001-7807-6310,University of Tartu,5,85,5,0,2020
A5002804671,Mário F. Juruena,0000-0001-8558-3396,King's College London,8,85,0,6,2026
A5018798736,Anders B. Klein,0000-0002-0236-3089,University of Copenhagen,3,85,0,0,2025
A5009578976,Rabi A. Musah,0000-0002-3135-4130,"University at Albany, State University of New York",6,85,0,6,2023
A5084515036,Nicola De Pisapia,0000-0002-1089-8841,University of Trento,3,85,0,2,2025
A5013750492,Tiago Rosado,0000-0003-0469-2895,University of Beira Interior,8,85,0,0,2026
A5032437111,Annagiulia Di Trana,0000-0002-8456-0827,Istituto Superiore di Sanità,3,85,0,0,2025
A5007031667,Nunzia La Maida,0000-0003-0127-4225,Istituto Superiore di Sanità,3,85,0,0,2025
A5056398108,M.A. Geyer,,University of California San Diego,3,85,0,2,1998
A5061649047,Klaus A. Miczek,0000-0002-2696-7266,Tufts University,7,85,1,3,2010
A5074692242,Shepard Siegel,,McMaster University,10,85,2,6,2002
A5076097233,Alessandro Bonsignore,0000-0001-6616-0347,University of Genoa,3,85,1,0,2019
A5111888919,Jennifer Urbano Blackford,0000-0002-0261-4845,Vanderbilt University,5,85,0,0,2014
A5001416111,Robin Van Echelpoel,0000-0001-5513-1321,University of Antwerp,5,85,3,0,2023
A5048595820,Petra S. Van Nieuwenhuijzen,0000-0002-3386-5479,The University of Sydney,4,85,4,0,2010
A5010845327,Anne Batisse,0000-0003-4813-7690,Hôpital Fernand-Widal,12,85,5,4,2024
A5020786003,Hélène Peyrière,0000-0003-4735-9099,Centre Hospitalier Universitaire de Montpellier,9,85,1,6,2022
A5050764640,Matthew J. Dunn,0000-0003-4615-5078,Deakin University,3,85,1,0,2011
A5002944413,Craig Goodman,,Lev Hasharon Hospital,4,85,0,1,2017
A5024668104,Qing-Ren Liu,0000-0002-0753-8810,Wuxi People's Hospital,5,85,1,1,2025
A5001986186,Adrienne Grzenda,0000-0001-5952-6953,Texas Health and Science University,3,84,0,0,2025
A5088320688,Nina V. Kraguljac,0000-0003-2567-4098,Texas Health and Science University,3,84,0,0,2025
A5074398567,Megan E. Miller,0000-0001-7345-1687,University of Wisconsin–Madison,5,84,3,0,2025
A5003494115,Ana Cláudia Mesquita Garcia,0000-0001-9793-7905,Universidade Estadual de Campinas (UNICAMP),13,84,10,2,2026
A5074771384,Eduardo José Crevelin,0000-0001-8708-147X,Universidade de São Paulo,6,84,0,0,2023
A5054229773,Christopher G. Davey,0000-0003-1431-3852,The University of Melbourne,4,84,1,0,2025
A5110310198,Jovin Mueller,,University of Zurich,3,84,0,0,2024
A5093559499,José V Costa-Macedo,,Universidade Federal do Rio Grande do Norte,5,84,0,0,2026
A5103498396,Tim Y. James,,University of Michigan,3,84,0,1,2023
A5047348736,Michael Heinrich,0000-0003-2611-6303,University of London,3,84,1,1,2021
A5005842356,David M. Stoff,0000-0002-4382-2333,St. Elizabeths Hospital,8,84,4,2,2022
A5021788755,Ren‐Wang Jiang,0000-0002-0730-9866,Jinan University,3,84,0,0,2016
A5071844370,Hisashi Ishii,,Chiba University,11,84,4,7,1980
A5013461757,Olha Khymenets,0000-0002-8668-580X,Complejo Hospitalario Universitario de Santiago,3,84,0,0,2011
A5076435990,Genjiro Kusano,,,4,84,1,1,1988
A5063595755,Stephany M. Biello,0000-0002-3497-5215,University of Glasgow,6,84,2,4,2005
A5006787149,Nantaka Khorana,0000-0001-7021-9604,Virginia Commonwealth University,4,84,3,0,2008
A5081132194,Paolo Frisoni,0000-0003-4862-2215,University of Ferrara,3,84,0,0,2021
A5052395637,Ana-Maria Drăgan,0000-0002-1488-5917,Iuliu Hațieganu University of Medicine and Pharmacy,5,84,3,0,2024
A5045167809,Cécilia Cristea,0000-0002-4158-3324,Iuliu Hațieganu University of Medicine and Pharmacy,5,84,0,1,2024
A5064561236,Terence K. McKenna,,,3,84,1,1,2001
A5077926189,Mônica L. Andersen,0000-0002-1894-6748,Emory University,6,84,1,2,2018
A5046731874,Shao‐Ju Weng,,National Defense Medical Center,4,84,0,0,2024
A5019938005,Ian J. Kirk,0000-0002-0444-6718,University of Auckland,3,84,0,0,2016
A5003573015,Jan Kehler,0009-0006-6450-7005,Lundbeck (Denmark),3,84,1,0,2025
A5103741765,Alfred Buck,,University of Zurich,3,84,0,0,2013
A5054436026,Thomas Berthold,,University of Zurich,3,84,0,0,2001
A5069380279,Jean‐Pierre Goullé,0000-0001-9633-1696,Université de Rouen Normandie,3,84,0,3,2022
A5082326753,Jenny C. Hill,0000-0002-0346-8624,University of Strathclyde,3,84,0,1,2010
A5032924719,Maximilian Methling,0000-0003-3872-8622,Stiftung Charité,3,84,1,0,2020
A5049566673,Maike Zimmermann,0000-0001-9005-3795,Accelerated Medical Diagnostics (United States),16,84,9,0,2023
A5001855528,Marc O. Grenley,0009-0001-0177-7896,Presage Biosciences (United States),286,84,0,1,2025
A5072477568,Richard A. Klinghoffer,0009-0002-8742-3745,Presage Biosciences (United States),287,84,3,254,2025
A5076671611,Georg S. Kranz,0000-0002-3892-1804,Hong Kong Polytechnic University,3,84,0,0,2019
A5032669789,Andreas Hahn,0000-0001-9727-7580,Medical University of Vienna,4,84,0,0,2024
A5065360562,Verònica Gálvez-Ortiz,,Corporació Sanitària Parc Taulí,3,84,0,0,2024
A5072242861,Vanessa Dong,0009-0004-7918-3782,Black Dog Institute,3,84,0,0,2024
A5044663043,Yuling Zheng,0000-0003-2218-793X,The Affiliated Shunde Hospital of Jinan University,3,84,1,0,2024
A5052923849,Zhongqi Zhang,0000-0003-3204-6372,The Affiliated Shunde Hospital of Jinan University,3,84,0,3,2025
A5043623012,William Breitbart,0000-0002-8698-739X,Memorial Sloan Kettering Cancer Center,4,83,0,0,2022
A5008308839,Nikolaj Speth,,Copenhagen University Hospital,5,83,0,0,2023
A5072125689,Alexandre Lehmann,0000-0002-6703-872X,Centre for Research on Brain Language and Music,6,83,0,0,2026
A5000388541,Henrique Sousa Reis,,Universidade Estadual de Santa Cruz,3,83,1,0,2021
A5090202240,Matheus Libarino-Santos,0000-0002-7957-6146,Universidade Estadual de Santa Cruz,3,83,0,0,2021
A5058590094,Yan Shi,0000-0002-5525-1048,Institute of Forensic Science,9,83,1,2,2025
A5072963342,Courtney L. Gallen,0000-0002-4828-268X,"University of California, San Francisco",3,83,0,0,2025
A5071754418,Isabelle Morel,0000-0001-7160-968X,Centre Hospitalier Universitaire de Rennes,11,83,1,2,2022
A5059240933,Stéphane Richard‐Devantoy,0000-0003-1211-960X,Douglas Mental Health University Institute,5,83,0,2,2026
A5045533329,Albert Adell,0000-0003-0570-4931,Universidad de Cantabria,4,83,1,2,2022
A5048003361,Giulio Ruffini,0000-0003-3084-0177,Neuroelectrics Barcelona SLU (Spain),10,83,7,1,2026
A5081977768,G. C. Salmoiraghi,,Cleveland Clinic,4,83,3,1,1957
A5018017904,Michael S. Dicay,,University of Calgary,3,83,0,0,2011
A5009478562,Wallace Keith MacNaughton,0000-0002-7050-666X,University of Calgary,3,83,0,0,2011
A5101547183,Eric Deconinck,0000-0001-6980-6684,Sciensano (Belgium),3,83,1,1,2023
A5038266649,David E. Nichols,,University of North Carolina at Chapel Hill,5,83,1,1,2020
A5051263109,Dag Helge Strand,,Oslo University Hospital,3,83,0,2,2018
A5082201903,Marion Villain,,,4,83,0,1,2010
A5029718117,Shinji Yamashita,0000-0002-6443-9958,Setsunan University,5,83,2,2,2017
A5035703848,John J. Orris,,UConn Health,3,83,1,0,2005
A5042548417,Oliver John Mason,0000-0002-4529-8029,University of Surrey,3,83,3,0,2020
A5075419577,Wensheng He,0009-0003-7207-1166,Anhui Medical University,4,83,0,0,2025
A5042534014,Petros Petridis,0000-0001-7608-5723,NYU Langone Health,11,82,2,1,2026
A5041443865,Amy C. Reichelt,0000-0002-0637-0411,Western University,12,82,3,0,2026
A5047884744,Sachin Ahuja,,Western University,5,82,2,0,2025
A5090942004,Stephen A. Kichuk,,Yale University,9,82,0,0,2026
A5072282809,Matthew S. McMurray,0000-0002-1898-2933,Miami University,7,82,0,4,2025
A5030310437,Óscar J. Pozo,0000-0002-1735-9728,Hospital Del Mar,5,82,0,2,2026
A5025184278,Jonas Mago,0000-0002-7288-8315,Jewish General Hospital,7,82,4,0,2026
A5005840030,Aleksander Kwaśny,0009-0007-4061-775X,Gdańsk Medical University,12,82,2,1,2026
A5049933251,Leonardo Vando,,"Institute of Materials, Minerals and Mining",6,82,0,2,2026
A5054879244,Sam Friedman,0000-0002-0688-2169,Broad Institute,7,82,4,1,2023
A5031259381,Galen Ballentine,0000-0003-3421-8609,SUNY Downstate Health Sciences University,7,82,3,4,2023
A5066418648,Sabina Strano Rossi,0000-0001-7530-2968,Università Cattolica del Sacro Cuore,6,82,3,1,2025
A5110856195,Seymour S. Kety,,National Institute of Mental Health,3,82,2,1,1967
A5075835533,Linda L. Munchausen,,,3,82,0,0,1977
A5045834766,Krzysztof S. Borowiak,0000-0002-2526-2686,Pomeranian Medical University,6,82,3,1,2019
A5110084245,Ronald G. Browne,,The University of Texas System,4,82,3,0,1975
A5068555889,Paul Bevan,,University of Manchester,6,82,5,1,1977
A5082751289,Quenten Highgate,0000-0002-9498-456X,Victoria University of Wellington,4,82,1,2,2021
A5032979100,Kathrin Jäntsch,,Institute of Pharmacology,7,82,0,0,2026
A5113637603,Regina L. M. Moreau,,Universidade de São Paulo,5,82,0,1,2014
A5100600685,Rui Tao,0000-0002-3814-9367,Florida Atlantic University,10,82,3,7,2019
A5014206473,Dylan W. de Lange,0000-0002-0191-7270,Utrecht University,5,82,0,0,2025
A5074883114,Hung-Ming Chen,0009-0004-6287-4990,National Taiwan Normal University,3,82,0,0,2008
A5086122167,Ralph Earl Purdy,,"University of California, Irvine",4,82,3,1,2008
A5109860716,Peter H. Redfern,,University of Bath,5,82,1,4,1988
A5083848010,Joachim Frost,,St Olav's University Hospital,3,82,1,0,2022
A5044179179,Yong Hua Yang,0000-0003-0558-2663,Chiba University,3,82,2,0,2024
A5086116885,Rory Verhagen,0000-0003-3961-0108,The University of Queensland,4,82,1,0,2026
A5110675128,Kathryn Proctor,,University of Bath,3,82,1,0,2025
A5013643762,Lexine Ann Stapinski,0000-0002-3656-4655,The University of Sydney,3,82,0,0,2024
A5067073591,John C. Kramer,0000-0002-3718-2720,"University of California, Irvine",7,82,6,0,1980
A5012917177,Atul Khullar,,University of Alberta,5,82,0,1,2026
A5021952028,Jake Payne,0000-0002-5687-9646,Swinburne University of Technology,3,82,3,0,2026
A5110332946,Ralph de Vere White,0000-0002-2170-626X,Lawrence Livermore National Laboratory,17,82,0,0,2023
A5059499855,Zsolt Cselényi,0000-0002-8479-6282,AstraZeneca (Sweden),4,82,0,0,2025
A5024796415,Jim van Os,0000-0002-7245-1586,King's College London,4,82,0,0,2020
A5040005728,Haley Maria Dourron,0000-0002-1589-4081,Linköping University,9,81,7,0,2026
A5008902505,Justin Dwyer,0000-0001-6922-6508,St Vincent's Hospital Melbourne,6,81,2,2,2025
A5040374734,Houman Farzin,0009-0006-4095-3596,McGill University,13,81,4,0,2026
A5005010143,Rebecca J. Park,0000-0002-8611-4409,Warneford Hospital,3,81,0,1,2026
A5046578118,Jennifer L. Danby,,Imperial College London,4,81,0,0,2026
A5008058826,Kirsty L. Alderton,,Imperial College London,4,81,0,0,2026
A5030053635,Dasha Nicholls,0000-0001-7257-6605,Imperial College London,6,81,0,1,2026
A5112652933,B. Yazar-Klosinski,,Public Service Electric and Gas (United States),3,81,0,1,2021
A5075303798,Clarissa Mendonça Corradi-Webster,0000-0002-3386-1267,Universidade de São Paulo,4,81,0,2,2022
A5046314037,Richard Chenhall,0000-0002-0943-0483,The University of Melbourne,3,81,0,1,2025
A5064973604,Camila Schoueri Colaço,,Universidade de Brasília,3,81,3,0,2021
A5012128954,Robertas Strumila,0000-0002-0530-1537,Centre National de la Recherche Scientifique,5,81,1,0,2022
A5044129448,Aaron J. Gruber,0000-0003-2700-5429,University of Lethbridge,7,81,0,5,2024
A5002511145,Ryan Smith,0000-0002-4448-185X,Laureate Institute for Brain Research,5,81,3,0,2024
A5113396956,Michelle Baker Jones,0009-0004-6557-0503,Hammersmith Medicines Research,4,81,0,0,2026
A5113569484,Jou‐Fang Deng,,Taipei Veterans General Hospital,3,81,0,2,2017
A5060654760,Adam T. Brockett,0000-0001-7712-5053,University of New Hampshire,5,81,5,0,2024
A5062227574,Jos H. Beijnen,0000-0003-0118-561X,Utrecht University,9,81,0,5,2024
A5010237799,Kirsten Gainsford,,Australian National University,4,81,0,0,2026
A5088621443,Natascha Pfeiffer,,Heidelberg University,4,81,0,0,2023
A5071619432,M. Marguilho,,Hospital de São José,4,81,1,0,2026
A5067775555,Arthur Juliani,0000-0002-1971-5167,Microsoft (United States),5,81,3,0,2025
A5088401888,Sören Kuitunen‐Paul,0000-0001-8224-6490,Chemnitz University of Technology,6,81,0,3,2024
A5014992407,Sandra Valtier,,Wilford Hall Ambulatory Surgical Center,4,81,1,3,2007
A5036682370,Charlotte Hughes,,Hammersmith Medicines Research,3,81,0,0,2024
A5079739832,Heribert Konzett,,Sandoz Group AG (Switzerland),4,81,1,2,1958
A5054622369,Jihua Xin,,Shanghai Jiao Tong University,3,81,2,0,2021
A5054003254,Terriann Crisp,,Northeast Ohio Medical University,5,81,1,1,1989
A5047204404,Erin Plute,,Centre National de la Recherche Scientifique,3,81,0,0,2007
A5063540621,Aimee Culverhouse,,Victoria University of Wellington,4,81,1,0,2018
A5040111705,Manik Reddy Pullagurla,,Virginia Commonwealth University,3,81,1,0,2004
A5051738883,Julien Fonsart,,Centre National de la Recherche Scientifique,8,81,6,0,2010
A5063361434,Marie‐Claude Menet,0000-0002-3180-9588,Université Paris Descartes,7,81,1,0,2010
A5053360345,Francesco Napolitano,0000-0003-0884-1851,CEINGE Biotecnologie Avanzate Franco Salvatore (Italy),4,81,0,1,2019
A5004532849,Alessandro Usiello,0000-0001-9203-853X,"University of Campania ""Luigi Vanvitelli""",4,81,0,2,2019
A5038420905,Zulfıqar Ali,0000-0003-3902-5152,University of Mississippi,3,81,0,0,2021
A5024112493,Isabella Mercurio,,Ospedale Santa Maria alle Scotte,5,81,1,0,2022
A5024841406,Mateusz Skawski,,Maj Institute of Pharmacology,3,81,0,0,2021
A5091560246,Małgorzata Katarzyna Sobocińska,0000-0002-3231-4667,Maj Institute of Pharmacology,3,81,0,0,2021
A5024404471,Keith A. Allen,,Naval Medical Center San Diego,3,81,0,0,2001
A5030282511,Snezana Kusljic,0000-0002-2465-9884,The University of Melbourne,6,81,5,1,2026
A5000218480,Robert B. Ostroff,0000-0002-7610-4821,Yale University,4,81,0,2,2026
A5084667813,Huayue Liu,0000-0002-1504-1310,Soochow University,4,81,0,0,2026
A5042050228,Vijay Tarnal,0000-0002-2795-1610,University of Michigan,6,80,0,0,2025
A5012960318,Pablo Sabucedo,0000-0001-7932-0311,University of Liverpool,6,80,4,0,2025
A5054146035,Rakesh Jetly,0000-0001-6610-9365,University of Ottawa,12,80,0,0,2026
A5056732528,Lilia Magomedova,0000-0001-8151-1424,Transpharmation (Ireland),3,80,0,0,2025
A5005055225,Aaron D. Cherniak,0000-0002-9114-4290,Reichman University,13,80,9,1,2026
A5063685383,Katarzyna Stebelska,,University of Opole,3,80,3,0,2016
A5042607660,Henry Otgaar,0000-0002-2782-2181,Maastricht University,5,80,0,3,2026
A5107948219,Amanda Nelson,,University of Michigan,5,80,0,0,2025
A5093663282,Tamar Glatman Zaretsky,,Icahn School of Medicine at Mount Sinai,4,80,1,0,2026
A5081605010,M. Julia García‐Fuster,0000-0002-9177-3775,Health Research Institute of the Balearic Islands,6,80,0,6,2025
A5059409168,Adrián Ponce‐Alvarez,0000-0003-1446-7392,Universitat Politècnica de Catalunya,6,80,0,0,2026
A5088173235,Ahmed Al-Imam,0000-0003-1846-9424,Poznan University of Medical Sciences,16,80,15,1,2025
A5056359338,Thorsten Lau,0009-0009-4390-3465,Central Institute of Mental Health,11,80,0,0,2026
A5101808828,Ping He,0000-0001-9918-1929,Organix (United States),3,80,0,0,2016
A5075744215,Alejandro Hernández,0000-0001-9222-6522,Universidad de Santiago de Chile,5,80,0,3,2026
A5087092899,Joaquín de Lapuente,0000-0002-4738-406X,Parc Científic de Barcelona,4,80,0,0,2010
A5046728175,Małgorzata Kłys,0000-0001-7740-5717,Jagiellonian University,5,80,1,1,2016
A5043748955,Sebastian D. Rojek,0000-0002-3188-0982,Jagiellonian University,6,80,4,0,2016
A5059778310,Ian P. Stolerman,0000-0002-2703-5137,King's College London,8,80,3,1,2015
A5007790629,Gerard P. Moloney,,Monash University,7,80,7,0,2000
A5105686360,Neil Mathews,,Monash University,7,80,0,0,2000
A5030931270,Susan Dodsworth,,Monash University,7,80,0,0,2000
A5036402640,Pang Yih Sang,,Monash University,7,80,0,0,2000
A5112215292,Cameron Greig Knight,,Monash University,4,80,0,0,1999
A5010610348,Miles P. Maxwell,,Monash University,7,80,0,0,2000
A5014283781,Robert Charles Glen,0000-0003-1759-2914,Monash University,7,80,0,7,2000
A5021005227,Hilary A. S. Buchanan,,University of Dundee,4,80,3,0,2023
A5057432835,Brian Schou Rasmussen,0000-0001-8048-3222,University of Copenhagen,3,80,0,0,2026
A5111580482,Igor Grant,,University of California San Diego,3,80,0,0,2010
A5000417203,Guy Debonnel,,McGill University,3,80,1,2,1998
A5087795618,Ka Lai Yee,0000-0003-3099-4440,"Merck & Co., Inc., Rahway, NJ, USA (United States)",3,80,0,0,2025
A5062227991,Morgan K. Foret,0000-0001-9744-1942,McGill University,3,80,0,0,2020
A5064399257,Jason P. Frazier,0009-0006-3044-6136,Presage Biosciences (United States),278,80,3,0,2025
A5057746477,Jose Cortes-Briones,0000-0002-5721-4267,Yale University,5,80,0,0,2022
A5068928963,Jason Stuart Lewis,0000-0001-7065-4534,Memorial Sloan Kettering Cancer Center,8,80,0,1,2023
A5018829094,Mark P. Dunphy,0000-0002-1886-1832,Memorial Sloan Kettering Cancer Center,7,80,5,1,2023
A5051998300,Michelle S. Carvalho,0000-0002-5989-0701,Universidade Federal de São Paulo,3,80,0,0,2023
A5089250311,Camilla S. Paixão,0000-0003-3418-0831,Universidade Federal da Bahia,3,80,0,0,2023
A5066166717,Lucas Pedreira Carvalho,0000-0001-5033-1666,Universidade Federal da Bahia,3,80,0,0,2023
A5020922850,Paulo Roberto Lima Machado,0000-0003-1894-6171,Universidade Federal da Bahia,3,80,0,0,2023
A5023658687,Núria Nadal‐Gratacós,0000-0002-9791-249X,Institut de Biomedicina de la Universitat de Barcelona,9,79,2,2,2026
A5109694269,Alejandro Arenas,,University of Washington,16,79,0,0,2024
A5013379706,Bryce D. Beutler,0000-0002-5071-1826,University of Southern California,16,79,2,0,2024
A5108242803,Chelsey Fasano,,Columbia University,15,79,0,0,2024
A5010311621,Afik Faerman,0000-0001-7140-8204,Stanford University,11,79,2,0,2026
A5110933463,Randi Brown,0000-0002-5708-0078,Stanford University,10,79,2,0,2026
A5051518509,Bruno Daniel Rasmussen Chaves,,,3,79,0,0,2022
A5008610198,Edward James,0000-0002-9158-0762,Cardiff University,6,79,6,0,2022
A5051477623,Thomas L Robertshaw,,Cardiff University,6,79,0,0,2022
A5004385044,Daniel E. Roberts,0000-0002-9375-6354,New York University,17,79,0,1,2026
A5068288928,David M. Benedek,0000-0001-9480-1412,University of Tasmania,4,79,0,0,2026
A5052976583,Anthony J. Hannan,0000-0001-7532-8922,The University of Melbourne,17,79,0,2,2026
A5050323150,David Caldicott,0000-0002-7040-6861,Australian National University,4,79,0,3,2023
A5053931189,Kara L. Lynch,0000-0003-1367-0401,"University of California, San Francisco",5,79,1,1,2024
A5003534318,Robert M. Hallock,0000-0002-7912-8714,Purdue University Northwest,3,79,1,2,2017
A5092373673,Chloé Pronovost-Morgan,0000-0002-8386-4925,McGill University,5,79,4,0,2026
A5070209056,Gerald D. Klee,,,3,79,2,1,1963
A5110295579,Alan H. Drummond,,Friedrich Miescher Institute,3,79,3,0,1980
A5108367852,Sibasish Paul,,Indian Association for the Cultivation of Science,4,79,1,0,2014
A5077260926,Haiping Dong,0009-0000-2830-4151,Shanghai Jiao Tong University,4,79,3,0,2021
A5100640851,Wei Zhou,0000-0003-3989-4198,Shanghai Jiao Tong University,3,79,0,0,2021
A5048481598,Nikolaus Seiler,,Max Planck Institute for Brain Research,9,79,3,3,1978
A5077564700,Noreen T. Boyle,0009-0005-2660-6136,Trinity College Dublin,4,79,4,0,2010
A5111508074,Mireille Doat,,"University at Buffalo, State University of New York",3,79,1,0,2003
A5062053053,Tamer Awad,,Suez Canal University,4,79,0,0,2010
A5029294774,Nigel R. Newberry,,University of Oxford,3,79,0,2,2001
A5103474549,John W. Allen,,"Tianma Japan, Ltd (Japan)",3,79,1,1,1994
A5083977006,Mark Merlin,,University of Hawaiʻi at Mānoa,3,79,1,2,1994
A5036652835,Ana María Bermejo,0000-0002-1926-4546,Universidade de Santiago de Compostela,3,79,0,0,2009
A5080314330,María Jesús Tabernero,0000-0003-1069-6200,Universidade de Santiago de Compostela,3,79,0,3,2009
A5072237287,Sergio Armenta,0000-0002-1003-5923,Universitat de València,5,79,1,0,2024
A5068084669,Sven Härtwig,0000-0002-2168-8137,Charité - Universitätsmedizin Berlin,4,79,0,3,2024
A5065893358,Kayla A. Marra,,Dartmouth College,3,79,0,0,2018
A5031254076,Anne‐Françoise Aubry,,Bristol-Myers Squibb (United States),3,79,0,1,2013
A5062118013,Emily Beirne,0009-0008-3325-082X,Presage Biosciences (United States),276,79,0,0,2025
A5024339504,Anthony Spadaro,0000-0002-0941-4651,University of Pennsylvania,3,79,3,0,2024
A5064474779,Jeanmarie Perrone,0000-0001-7073-9060,University of Pennsylvania,3,79,0,3,2024
A5070047823,Hyoungkyu Kim,0000-0003-4165-6586,University of Michigan,3,79,0,0,2021
A5015396908,Steven M. Larson,0000-0002-6111-7507,Memorial Sloan Kettering Cancer Center,6,79,0,4,2023
A5040925962,Gabriela Chiosis,0000-0003-0486-6920,Memorial Sloan Kettering Cancer Center,6,79,0,1,2023
A5052240738,Raíza Alves-Pereira,,Universidade Federal da Bahia,4,79,1,0,2025
A5108972552,Mariana Fontes,,Universidade Federal da Bahia,3,79,0,0,2024
A5027697891,Stephanie Hope,,Dwight School,3,78,0,0,2022
A5062664366,Leah Bedrosian,,Public Service Electric and Gas (United States),3,78,0,0,2024
A5037879583,P. Todd Korthuis,0000-0001-5556-3597,Oregon Health & Science University,15,78,3,7,2026
A5056779314,Jenna McAfee,,University of Michigan,4,78,0,1,2025
A5060176336,Thomas Knuijver,0000-0002-9729-1283,IrisZorg,7,78,3,0,2024
A5045913804,Toon van Oosteren,0000-0002-9971-0234,IrisZorg,6,78,0,0,2024
A5062168312,Antonia Garcı́a,0000-0002-1521-8489,Universidad San Pablo CEU,4,78,0,0,2021
A5103795629,Roman Paškulin,,University of Ljubljana,9,78,4,1,2018
A5027764008,Dóra Révész,0000-0003-0435-6808,"International Center for Ethnobotanical Education, Research, and Service",4,78,1,0,2023
A5023147676,Beatriz Aparecida Passos Bismara Paranhos,0000-0002-8777-5778,Universidade de São Paulo,11,78,0,0,2026
A5019468040,Graham St John,0000-0002-2020-5738,University of Fribourg,8,78,8,0,2018
A5070783585,Andrea Berghella,0000-0002-8666-0119,Johns Hopkins University,3,78,0,0,2023
A5008571489,Jakub Greń,0000-0002-1286-5306,University Medical Center Groningen,4,78,3,0,2026
A5043545187,Keith Humphreys,0000-0003-0694-5761,Center for Innovation,5,78,1,1,2024
A5101879400,Mingming Zhao,0000-0003-4566-9608,Chiba University,8,78,3,0,2025
A5080996081,K. H. Ginzel,,National Hospital for Neurology and Neurosurgery,3,78,3,0,1958
A5060190192,Ian R. Brown,0000-0002-6989-4474,,3,78,3,0,1982
A5081056179,J. S. Slotkin,,University of Chicago,4,78,2,1,1968
A5029804229,Sarah Kerrigan,0000-0002-9842-0884,Sam Houston State University,6,78,6,0,2011
A5022311122,A T Shulgin,,,4,78,2,2,1986
A5088589821,Miran Brvar,0000-0002-8493-3638,OLVG,4,78,1,0,2026
A5069225269,John M. Jacyno,,,4,78,0,0,1984
A5100628024,Zhiwen Liu,0000-0002-9049-1303,Jinan University,3,78,3,0,2018
A5084335761,Marcy J. Bubar,,The University of Texas Medical Branch at Galveston,8,78,2,0,2010
A5008474067,Javier González-Linares,,Parc Científic de Barcelona,3,78,0,0,2010
A5057923475,R. Gordon Wasson,,,3,78,3,0,1971
A5058076959,Emmanuel Shan Onaivi,0000-0002-7561-8927,William Paterson University,5,78,4,0,2023
A5062616210,ALBERT H. GJEDDE,0000-0002-3756-7401,Aarhus University Hospital,11,78,0,1,2006
A5034199613,Takayuki Nakagawa,0000-0003-1890-0843,Kyoto University,6,78,1,0,2010
A5045525134,Shuji Kaneko,0000-0001-5152-5809,Kyoto University,6,78,0,6,2010
A5070236497,Gary L. Wenk,,Johns Hopkins University,3,78,2,0,2017
A5074856469,Henry F. VanBrocklin,0000-0003-2849-0841,"University of California, San Francisco",4,78,1,0,2026
A5011557766,René Hurlemann,0000-0003-2628-565X,Carl von Ossietzky Universität Oldenburg,5,78,0,2,2024
A5086087170,Abeed Sarker,0000-0001-7358-544X,Emory University,3,78,0,1,2026
A5037157738,Kjartan Frisch Herrik,0000-0002-1194-0394,Lundbeck (Denmark),4,78,0,2,2024
A5066032850,Joanna Szarmach,0000-0002-7645-4821,Gdańsk Medical University,5,78,1,0,2026
A5053736941,Jean‐Sébastien Fallu,0000-0002-2300-1335,Université de Montréal,7,77,0,1,2026
A5109908794,Mathew Hoskins,,Cardiff University,3,77,1,0,2021
A5053746689,Brendan Hutchinson,0000-0002-1695-6854,Vrije Universiteit Amsterdam,7,77,0,2,2026
A5034767927,Romain Pelletier,0000-0002-3848-507X,Centre Hospitalier Universitaire de Rennes,5,77,0,0,2023
A5068191338,Saheem A. Zaidi,0000-0001-7531-3587,University of Southern California,7,77,1,0,2024
A5029560074,Devin P. Effinger,0000-0002-9125-860X,University of Colorado Anschutz,8,77,5,0,2026
A5108616139,Scott M. Rawls,,Temple University,5,77,0,1,2025
A5013159718,Felix P. Mayer,0000-0001-9837-8973,Florida Atlantic University,5,77,3,0,2023
A5101507538,Michael Soyka,0000-0002-8771-9151,Ludwig-Maximilians-Universität München,4,77,3,0,2024
A5086305574,Maho Mizowaki,,University of Toyama,3,77,0,0,1997
A5086855002,Allison A. Feduccia,,The University of Texas at Austin,3,77,3,0,2010
A5056254486,Margaret M. Benningfield,0000-0002-1057-1072,Vanderbilt University,5,77,2,0,2014
A5030843213,Valerie B. Thompson,,University of Cincinnati,4,77,3,0,2011
A5110425277,Lloyd G. Bush,,University of Utah,4,77,0,0,2000
A5071426481,Beth Marsh,,University of Exeter,3,77,0,0,2020
A5051919439,Jane Mounteney,0000-0002-9612-5179,European Monitoring Centre for Drugs and Drug Addiction,5,77,2,2,2022
A5100679410,Toshinari Suzuki,0000-0003-4347-3441,Tokyo Metropolitan Institute of Public Health,4,77,0,0,2023
A5109333766,Nandkumar S. Shah,,William S. Hall Psychiatric Institute,14,77,13,1,2008
A5023608162,Peter Harpas,,,3,77,0,0,2016
A5059306317,Kevin M. Imel,,Washington State University,3,77,0,0,1998
A5091527737,Per Sverre Persett,0000-0003-3312-7262,Oslo University Hospital,4,77,0,0,2026
A5113483795,Wenjing Yu,0009-0009-7255-9309,Kaohsiung Medical University,3,77,2,0,2021
A5012286804,William J. Kerr,0000-0002-1332-785X,University of Strathclyde,3,77,0,0,2010
A5025891233,Tobias H. Elgán,0000-0001-6406-4685,Region Stockholm,3,77,0,0,2022
A5112104171,H.H. Holcomb,,"University of Maryland, Baltimore",3,77,0,0,2000
A5070969920,Peter A. Weisskopf,,Naval Medical Center San Diego,3,77,1,0,2001
A5035944138,Robab Davar,0000-0002-5296-5707,Shahid Sadoughi University of Medical Sciences and Health Services,4,77,4,0,2018
A5089786636,Cécile Philippe,0000-0002-7203-7174,Medical University of Vienna,3,77,0,0,2018
A5033415412,Fabrice Jollant,0000-0001-5809-4503,Inserm,3,77,1,0,2023
A5027804389,Beatriz A. Carneiro,0000-0002-6137-794X,Universidade Federal da Bahia,5,77,0,0,2024
A5076214962,E. Gaudre-Wattinne,0009-0009-2710-5447,Janssen (France),7,77,0,1,2026
A5010397528,Renério Fráguas,0000-0002-3052-066X,Universidade de São Paulo,3,77,0,2,2025
A5068658663,Clare O’Callaghan,0000-0002-3180-2781,St Vincent's Hospital Melbourne,5,76,2,1,2026
A5015304781,George Blackburne,0000-0002-6289-915X,University College London,7,76,2,1,2026
A5026476770,Geovan Menezes de Sousa,0000-0002-8674-5067,Universidade Federal do Rio Grande do Norte,5,76,1,0,2026
A5038822435,Vivian W. L. Tsang,0000-0001-9401-008X,University of British Columbia,17,76,10,3,2026
A5055434592,Inês Hipólito,0000-0001-6351-9975,Humboldt-Universität zu Berlin,3,76,3,0,2023
A5044646507,Thomas Knöpfel,0000-0002-5718-0765,Hong Kong Baptist University,9,76,2,6,2026
A5092274368,Kyle Patch,,National Institutes of Health,5,76,2,0,2025
A5041213912,Harriet B. Linton,,,3,76,3,0,1964
A5083558388,Aaron C. Burns,0000-0001-9485-3781,Dart NeuroScience (United States),4,76,3,0,2016
A5053073891,Craig J. Forsyth,0000-0003-0836-8187,The Ohio State University,3,76,0,3,2016
A5040160716,Ana Martinho,0000-0002-1635-0019,University of Beira Interior,4,76,1,1,2017
A5112174401,M. Wareing,,Edge Hill University,17,76,9,2,2012
A5030845303,L. Demisch,,Goethe University Frankfurt,6,76,3,3,1979
A5114112806,H.-C. Liu,,Ministry of Justice,3,76,0,0,2009
A5069753860,Shinichi Nakamura,0000-0002-1495-6981,Nagasaki University,3,76,2,0,2006
A5109367692,Dale M. Atrens,,The University of Sydney,4,76,0,1,1997
A5110763926,Masahiro Shibasaki,,Hoshi University,7,76,0,0,2020
A5017357597,Subhodeep Sarker,0000-0002-2222-2072,Medical University of Vienna,3,76,3,0,2010
A5076953099,Ilka Steiner,,Medical University of Vienna,3,76,0,1,2010
A5052847719,Hamed Hashemi-Nasl,,,3,76,1,0,2012
A5112487463,Kenner C. Rice,,,5,76,0,1,2020
A5069989318,Ted J Ognibene,0000-0003-4735-0764,Lawrence Livermore National Laboratory,10,76,0,0,2023
A5072563429,Nobuyasu Nishizawa,,,3,76,0,0,2003
A5015570478,Nagavarakishore Pillarsetty,0000-0002-1750-7436,Memorial Sloan Kettering Cancer Center,5,76,0,0,2023
A5054531681,Tony Taldone,,Memorial Sloan Kettering Cancer Center,5,76,0,0,2023
A5028048885,Hannelore Findeis,0000-0002-8169-5777,University Hospital Carl Gustav Carus,3,76,1,0,2021
A5042491419,Philipp S. Ritter,0000-0003-4286-5830,University Hospital Carl Gustav Carus,3,76,1,2,2021
A5005117601,Yazhou Wen,0000-0002-6109-2258,Nanjing Medical University,5,76,3,0,2026
A5063205489,Wolfgang Voelckel,0000-0002-0067-625X,Paracelsus Medical University,4,76,0,0,2024
A5088441598,Melissa Bradley,,University of Alabama at Birmingham,7,75,0,0,2026
A5070630513,Lauren Anker,0000-0002-6153-217X,Stanford Medicine,4,75,0,0,2025
A5025399512,Andrzej J. Bojarski,0000-0003-1417-6333,Maj Institute of Pharmacology,4,75,0,0,2024
A5029695506,Rie Tanaka,0000-0003-0719-0348,National Institute of Health Sciences,8,75,5,0,2025
A5079916229,Florence Butlen‐Ducuing,0000-0002-8305-2089,European Medicines Agency,7,75,2,0,2025
A5079475208,Eva Lhotková,,National Institute of Mental Health,8,75,0,0,2026
A5014360828,Karl Deisseroth,0000-0001-9440-3967,Howard Hughes Medical Institute,6,75,0,0,2025
A5070181938,Lawrence Levine,,Brandeis University,3,75,0,3,1974
A5038708552,Milan Wurst,,Czech Academy of Sciences,3,75,1,1,1990
A5113649469,P. R. Stout,,United States Department of the Navy,3,75,0,1,2003
A5050712720,J Panos,0000-0002-7607-7114,Western Michigan University,3,75,2,0,2011
A5011141133,Inger Sundström Poromaa,0000-0002-2491-2042,University Hospital of Umeå,3,75,0,1,2003
A5111497201,Th.W. Kuyper,,,3,75,0,3,1988
A5113935800,Heidrun Fink,,Humboldt-Universität zu Berlin,4,75,3,1,1986
A5053755254,Yoshio Nakagawa,0000-0003-3156-467X,Tokyo Metropolitan Institute of Public Health,3,75,3,0,2017
A5017929593,Ashwin A. Patkar,0000-0003-0484-1301,Duke University,3,75,0,1,2009
A5073204014,Bruce Russell,0000-0001-6935-1974,University of Otago,3,75,0,1,2019
A5100419720,Yong Zhang,0000-0001-6699-6187,Shanghai Jiao Tong University,3,75,0,0,2004
A5060908063,Angela Gambelunghe,0000-0001-8571-4587,University of Perugia,3,75,0,0,2023
A5000073653,Matthew Hickman,0000-0001-9864-459X,University of Bristol,3,75,2,0,2019
A5064717485,C. Locatelli,0000-0003-2154-5897,Istituti Clinici Scientifici Maugeri,5,75,0,2,2025
A5047781077,Marie‐Louise Lehmann,,University Hospital Heidelberg,4,75,0,0,2020
A5103153746,Dagmar Koethe,0000-0002-8324-6756,The University of Sydney,4,75,2,0,2023
A5109694684,Viviana D. Evans,,Icahn School of Medicine at Mount Sinai,10,74,1,0,2024
A5019795838,Lindsay Mackay,0000-0002-5891-0221,University of British Columbia,4,74,0,0,2022
A5086671765,Konstantin Gerber,0000-0002-1028-6810,Pontifícia Universidade Católica de São Paulo,4,74,1,2,2026
A5034336155,Soledad Marton,0000-0001-9007-3104,Universidad de la República de Uruguay,3,74,3,0,2019
A5038299424,Ernesto Miquel,0000-0002-4407-3661,Universidad de la República de Uruguay,3,74,0,0,2019
A5040419857,Patricia Cassina,0000-0001-6606-489X,Universidad de la República de Uruguay,3,74,0,0,2019
A5078842097,Jorge López‐Castromán,0000-0003-0618-0690,Inserm,4,74,0,1,2025
A5044989553,Piotr Gorczyca,0000-0002-9419-7988,Medical University of Silesia,7,74,0,1,2024
A5049065698,Renata Androvičová,0000-0002-1099-0891,National Institute of Mental Health,9,74,0,0,2026
A5102021360,Stanley Wong,0000-0002-7316-5370,University of Toronto,7,74,3,0,2026
A5062211145,Dinesh Pal,0000-0003-1239-5057,University of Michigan,11,74,0,11,2025
A5110350180,Farah Zia,,National Institutes of Health,3,74,1,1,2023
A5015446722,Geraldine Kong,0000-0001-9277-8650,Peter Doherty Institute,4,74,0,0,2025
A5088557452,Teddy J. Akiki,0000-0003-1988-9201,Stanford University,5,74,0,0,2026
A5054222172,Bratislav Mišić,0000-0003-0307-2862,Montreal Neurological Institute and Hospital,3,74,0,0,2025
A5017386621,Ali Salahpour,0000-0003-4712-2091,University of Toronto,4,74,0,4,2026
A5015717858,Viktor Mravčík,0000-0001-5062-5744,Charles University,6,74,1,2,2026
A5040452319,Emma R. Huels,0000-0002-7147-7979,University of Michigan,8,74,4,0,2025
A5109108895,P A Pierce,,Stanford Medicine,3,74,3,0,1991
A5044208144,Harold Esecover,,New York State Psychiatric Institute,4,74,1,1,1962
A5004603683,Luigi Murri,,University of Pisa,6,74,0,0,2007
A5037391546,Camila D. Lima,0009-0007-7330-7977,Universidade Federal de Minas Gerais,3,74,1,0,2025
A5110946549,Wen-Sheng Huang,,Cheng Hsin General Hospital,6,74,0,0,2024
A5061389124,B.L. Roth,,University of North Carolina at Chapel Hill,12,74,0,0,2016
A5103081882,Yukiko Makino,0000-0001-5137-7981,Ministry of Health Labour and Welfare,5,74,1,0,2005
A5016505205,Filip Van Durme,0000-0002-1427-9837,Institut National de Criminalistique et de Criminologie,7,74,0,0,2024
A5067695410,Maureen E. Bronson,,Wilkes University,6,74,5,1,1998
A5090046867,Dan Xu,0000-0003-0548-3833,Huazhong University of Science and Technology,7,74,1,0,2025
A5108565339,Robert F. Barnes,,,3,74,1,0,1973
A5000714262,Silvia Lorenia Cruz,0000-0002-8617-3556,Centro de Investigación y de Estudios Avanzados del Instituto Politécnico Nacional,5,74,2,2,2023
A5030841378,Ali Reza Khajeamiri,,Shahid Beheshti University of Medical Sciences,3,74,2,1,2012
A5037393940,David L. Black,,Vanderbilt University,3,74,1,0,2014
A5069818985,Timothy A. Robert,,,3,74,0,0,2014
A5005555357,Yale H. Caplan,,"University of Maryland, Baltimore",3,74,0,0,2014
A5012485525,Elliott Richelson,,Mayo Clinic in Florida,3,74,0,3,2010
A5009376752,Astrid A.M. van der Veldt,0000-0003-0446-1907,Uppsala University Hospital,3,74,3,0,2023
A5086285920,Mark Lubberink,0000-0001-8324-7399,Uppsala University Hospital,3,74,0,0,2023
A5074174053,Ron H.J. Mathijssen,0000-0001-5667-5697,Uppsala University Hospital,3,74,0,0,2023
A5113691409,Walter J. Loos,,Uppsala University Hospital,3,74,0,0,2023
A5111808817,Gerarda J.M. Herder,0009-0001-5624-7710,Uppsala University Hospital,3,74,0,0,2023
A5109830339,Henri N. J. M. Greuter,,Uppsala University Hospital,3,74,0,0,2023
A5108487281,Emile F.I. Comans,,Uppsala University Hospital,3,74,0,0,2023
A5004221183,Hugo B. Rutten,,Uppsala University Hospital,3,74,0,0,2023
A5018150637,Pieter E. Postmus,0000-0002-7774-2868,Uppsala University Hospital,3,74,0,0,2023
A5016904876,Egbert Frederik Smit,0000-0002-7329-6995,Uppsala University Hospital,3,74,0,0,2023
A5065258380,Adriaan A. Lammertsma,0000-0003-1237-2891,Uppsala University Hospital,4,74,0,3,2023
A5059328727,Banghe Zhu,0000-0003-2970-3247,Brown Foundation Institute of Molecular Medicine for the Prevention of Human Diseases,4,74,1,0,2025
A5016198159,Gin S. Malhi,0000-0002-4524-9091,The University of Sydney,4,74,3,0,2024
A5044525252,Jordi Bonaventura,0000-0002-4745-0151,Institut d'Investigació Biomédica de Bellvitge,5,74,3,2,2025
A5013818140,Xavier Berzosa,0000-0001-5391-5974,Institut Químic de Sarrià,6,73,0,0,2026
A5089871761,Maheen M. Adamson,0000-0002-1534-4063,Stanford University,6,73,1,0,2026
A5078096005,Annie Mithoefer,,Public Service Electric and Gas (United States),6,73,0,2,2025
A5078010803,Joachim Keppler,0000-0001-5801-2299,Roth and Rau (Germany),3,73,1,0,2022
A5075430333,Kai Rogge,0009-0007-6870-9488,Leibniz-Institut für Naturstoff-Forschung und Infektionsbiologie e. V. - Hans-Knöll-Institut (HKI),4,73,1,0,2024
A5007580896,Ndaba Mazibuko,0000-0001-6701-2602,King's College London,4,73,0,0,2024
A5011424147,Peter Zach,,National Institute of Mental Health,5,73,0,0,2025
A5074348513,David M. Rabin,,Jewish Board of Family and Children's Services,4,73,0,1,2026
A5082304155,Daniel Ryskamp Rijsketic,0000-0002-2197-0730,Tenaris (United States),5,73,2,0,2026
A5100445881,Xue Zhang,0000-0003-4279-899X,Stanford University,7,73,3,0,2026
A5083554544,Tuuli M. Hietamies,0000-0002-1314-421X,Stanford Medicine,3,73,0,0,2025
A5083848316,Leanne M. Williams,0000-0001-9987-7360,VA Palo Alto Health Care System,6,73,0,4,2025
A5086505311,Vladimir Shalgunov,0000-0001-8956-1207,University of Copenhagen,10,73,0,0,2026
A5033432153,Duško Blagojević,0000-0001-6338-2833,University of Belgrade,11,73,0,10,2024
A5026753903,Marco Aqil,0000-0003-3361-3156,Imperial College London,8,73,4,0,2025
A5084447596,Lorina Naçi,0000-0001-9630-3978,Trinity College Dublin,4,73,0,0,2026
A5076633271,Joanna Kuc,0000-0003-4159-7176,University College London,6,73,3,0,2026
A5114152575,Kendall B. Raymond,,Stanford Medicine,4,73,0,0,2025
A5076290422,Geert Dom,0000-0001-6492-0429,University of Antwerp,5,73,0,1,2026
A5022340446,Adriano Tagliabracci,0000-0002-4434-0475,Marche Polytechnic University,5,73,0,0,2023
A5057020989,Jane Gosden,0009-0003-6169-0746,Brunel University of London,7,73,2,0,2025
A5066027542,Michał Bola,0000-0002-4609-8029,Jagiellonian University,22,73,1,13,2026
A5023578789,Paweł Orlowski,0000-0003-1308-7478,Jagiellonian University,22,73,7,5,2026
A5077152234,Maximilian von Heyden,0000-0002-9907-0038,Berlin-Brandenburg Academy of Sciences and Humanities,3,73,2,0,2018
A5084113182,Maria Fernanda Muzetti Ribeiro,0000-0003-3991-4638,Universidade de São Paulo,8,73,5,0,2021
A5025541870,Anni Sietnieks,,Uppsala University,4,73,4,0,2008
A5002945859,Julie Koenig,0000-0003-0516-6627,Centre National de la Recherche Scientifique,5,73,0,0,2005
A5076516536,Luisa Ponzoni,0000-0002-0652-0766,University of Milan,6,73,5,0,2020
A5103107212,Michael G. Vaughn,0009-0003-1189-8610,Saint Louis University,4,73,3,0,2015
A5013799234,Hyeyoung Choi,0000-0002-0557-9168,National Forensic Institute,4,73,2,0,2025
A5111807691,Robert A. Mueller,0000-0002-4835-6335,University of North Carolina at Chapel Hill,3,73,1,1,1981
A5075738395,Zeynep Türkmen,0000-0002-8250-7520,Istanbul University-Cerrahpaşa,4,73,2,0,2019
A5042092296,Ignacio Rosas-Román,0000-0002-7727-6967,Centro de Investigación y de Estudios Avanzados del Instituto Politécnico Nacional,3,73,0,0,2020
A5035505643,Nancy Shyrley García‐Rojas,0000-0003-2354-7992,Centro de Investigación y de Estudios Avanzados del Instituto Politécnico Nacional,3,73,0,0,2020
A5088820095,Héctor Guillén‐Alonso,0000-0001-5162-0697,Centro de Investigación y de Estudios Avanzados del Instituto Politécnico Nacional,3,73,0,0,2020
A5066201736,Cesaré Ovando‐Vázquez,0000-0002-0201-695X,Centro de Investigación y de Estudios Avanzados del Instituto Politécnico Nacional,3,73,0,0,2020
A5040010825,David Díaz-Ramírez,0000-0003-2297-7536,Centro de Investigación y de Estudios Avanzados del Instituto Politécnico Nacional,3,73,0,0,2020
A5038211473,Jessica Cuevas-Contreras,,Centro de Investigación y de Estudios Avanzados del Instituto Politécnico Nacional,3,73,0,0,2020
A5087276187,Fredd Vergara,0000-0002-7397-2092,German Centre for Integrative Biodiversity Research,3,73,0,0,2020
A5069618594,Nayelli Marsch‐Martínez,0000-0001-9522-0062,Centro de Investigación y de Estudios Avanzados del Instituto Politécnico Nacional,3,73,0,0,2020
A5002433394,Robert P. Winkler,0000-0001-6732-1958,Centro de Investigación y de Estudios Avanzados del Instituto Politécnico Nacional,3,73,2,1,2020
A5068678304,Lyle Isaacs,0000-0002-4079-332X,"University of Maryland, College Park",4,73,0,4,2026
A5105266697,Douglas Alton Smith,,Virginia Commonwealth University,3,73,2,0,2016
A5015850154,Emma Childs,0000-0003-1747-5208,University of Chicago,7,73,0,0,2011
A5049833727,A. Bationo,,Alliance for a Green Revolution in Africa,3,73,0,0,2016
A5053229206,Junichi Yamaguchi,0000-0003-0967-0978,Taisho Pharmaceutical (Japan),5,73,0,3,2021
A5083926493,H. Lynn Starr,0000-0002-1101-5983,Janssen Scientific Affairs (United States),3,73,1,0,2022
A5076573459,Jing Zhang,0000-0003-4037-9855,Fujian Medical University,3,73,0,1,2023
A5017601757,John P. Coetzee,0000-0002-7935-3647,Stanford University,6,72,0,0,2026
A5054482331,Vanessa Manchim Favaro,0000-0003-2417-7364,Universidade Federal de São Paulo,7,72,3,0,2023
A5022120095,Robert Pudło,0000-0002-5748-0063,Medical University of Silesia,7,72,0,5,2023
A5011917948,Rafael Mariano de Bitencourt,0000-0003-4694-3808,Universidade do Sul de Santa Catarina,11,72,0,7,2026
A5082765588,Michael J. Mueller,0000-0001-9165-0903,University of Zurich,7,72,0,0,2026
A5039931920,Nicholas Fabiano,0000-0002-6873-5105,University of Ottawa,7,72,1,0,2026
A5043515434,Jess G. Fiedorowicz,0000-0003-2057-4071,University of Ottawa,8,72,0,0,2026
A5069221099,Marcos Marçal Ferreira Queiroz,,Universidade Estadual Paulista (Unesp),3,72,3,0,2015
A5052105510,Jean‐Luc Wolfender,0000-0002-0125-952X,University of Geneva,4,72,0,3,2016
A5023201944,Alessia Marrocu,0000-0001-7750-4870,King's College London,5,72,2,0,2024
A5018024103,Peter Wipf,0000-0001-7693-5863,University of Pittsburgh,7,72,0,7,2024
A5018039677,Zoltán Böszörményi,,,3,72,2,1,1959
A5102073301,Camila Queiroz Moreira,,Universidade de São Paulo,3,72,0,0,2011
A5086477060,Helenice de Souza Spinosa,0000-0003-1953-0477,Universidade de São Paulo,3,72,0,0,2011
A5069679648,Ákos Menyhárt,0000-0002-1355-3208,University of Szeged,3,72,0,0,2026
A5042833751,Rita Frank,0000-0003-2342-9937,University of Szeged,3,72,0,0,2026
A5110809253,Francis P. Sgambati,,Johns Hopkins University,4,72,0,0,2011
A5035460205,Christian Humpel,0000-0001-7641-4240,Universität Innsbruck,4,72,0,0,2003
A5109060031,Philip E. Morris,,University of Alabama at Birmingham,4,72,1,3,1993
A5110263199,Marie-Paule L. A. Bouche,,Ghent University,3,72,1,0,2006
A5036971214,Mohammad Reza Rouini,0000-0003-0412-8581,Tehran University of Medical Sciences,14,72,1,7,2026
A5014291973,Fernando Rodrı́guez de Fonseca,0000-0002-4516-5795,Hospital Regional Universitario de Málaga,4,72,0,1,2017
A5111928155,Bryan L. Roth,0000-0002-0561-6534,University of North Carolina at Chapel Hill,3,72,0,2,2019
A5048336829,Evonne J. Charboneau,,Vanderbilt Psychiatric Hospital,4,72,0,0,2013
A5048550099,Rakithan Murugesu,,University of Basel,4,72,0,0,2024
A5064163565,JK Zjawiony,,University of Mississippi,14,72,1,11,2016
A5007247572,Silvio Fernandes Lapachinske,0000-0002-9571-4246,Universidade de São Paulo,9,72,4,0,2012
A5044555614,Mark Lautens,0000-0002-0179-2914,University of Toronto,3,72,1,2,2007
A5072445425,Dino Alberico,,University of Toronto,3,72,2,1,2007
A5031856005,Michael I. Schaffer,,"Asociación Psiquiátrica Mexicana, A.C.",3,72,0,0,2022
A5109008834,Fritz A. Henn,,Central Institute of Mental Health,3,72,2,1,2001
A5068374020,Guillaume Vaïva,0000-0003-2462-008X,Centre National de la Recherche Scientifique,3,72,2,0,2023
A5034865907,Robert S. Hogg,0000-0003-3463-5488,Simon Fraser University,4,72,0,2,2021
A5061386749,Bobby E. Leonard,,,8,72,8,0,2010
A5005545503,Natascia Brondino,0000-0002-3128-1592,University of Pavia,14,72,0,2,2026
A5020254923,Regula Bettschart‐Wolfensberger,0000-0001-6259-9678,University of Zurich,3,72,0,0,2017
A5113910489,Ahmed Shamma,,Stanford Medicine,3,71,0,0,2025
A5082681848,Cody Weston,0000-0001-5031-687X,University of Michigan,4,71,0,0,2025
A5047911619,Lawrence Fischman,0000-0001-6453-136X,Tufts University,8,71,8,0,2026
A5006257142,Anya Ragnhildstveit,0000-0002-5796-3428,University of Cambridge,11,71,3,0,2026
A5066952814,Daniel Z. Buchman,0000-0001-8944-6647,University Health Network,7,71,1,4,2025
A5049382233,Christopher Boehlke,0000-0002-6985-0201,University of Basel,4,71,0,2,2025
A5056741644,Albert Katchborian‐Neto,0000-0003-2711-2881,Universidade Federal de Alfenas,3,71,2,0,2025
A5042505991,Daniela Aparecida Chagas‐Paula,0000-0003-2274-4919,Universidade Federal de Alfenas,3,71,0,1,2025
A5042769662,Alesha Wells,0009-0003-9024-602X,University of Auckland,6,71,2,0,2026
A5101615990,Zhen Zheng,0000-0002-6791-323X,University of Wisconsin–Madison,4,71,1,0,2023
A5043975206,María Teresa Colomina,0000-0002-5619-4874,Universitat Rovira i Virgili,3,71,0,1,2024
A5080790316,Trevor Thompson,0000-0001-9880-782X,University of Greenwich,3,71,0,0,2024
A5003592652,Anders S. Olsen,0000-0002-1275-6660,Copenhagen University Hospital,5,71,3,0,2026
A5008315897,Carmine Tomasetti,0000-0002-3130-6569,Federico II University Hospital,3,71,0,0,2026
A5047386031,Giuseppe Floresta,0000-0002-0668-1260,University of Catania,5,71,2,0,2025
A5090682853,Lowan H. Stewart,0000-0002-8429-2869,Østfold Hospital Trust,10,71,1,2,2026
A5035253557,Cassandra J. Hatzipantelis,0000-0001-5376-7887,"University of California, Davis",6,71,4,0,2026
A5023373285,Daisuke Ibi,,Meijo University,6,71,3,0,2024
A5021932877,Hiroyuki Uchida,0000-0002-0628-7036,Keio University,9,71,2,6,2025
A5113388583,D. Barbosa,0009-0005-3947-577X,Universidade Federal do Rio Grande do Norte,7,71,0,0,2026
A5076865147,Jonathan A. Javitch,0000-0001-7395-2967,Columbia University Irving Medical Center,4,71,0,0,2024
A5074906183,Nicco Reggente,0000-0002-0511-9962,University Foot & Ankle Institute,9,71,0,5,2026
A5028308908,Sema G. Quadir,0000-0003-4413-9920,University of North Carolina at Chapel Hill,6,71,1,1,2026
A5001229826,David R. Glowacki,0000-0002-9608-3845,Universidade de Santiago de Compostela,7,71,4,1,2026
A5109988387,Brian S. Meldrum,,Centre National de la Recherche Scientifique,5,71,2,2,1978
A5012047866,Joseph Bertino,0000-0002-1743-7423,Columbia University,3,71,2,0,2007
A5043853511,Elizabeth G. Pitts,0000-0002-5643-9659,Emory University,5,71,5,0,2019
A5020951431,Maarten E. A. Reith,0000-0002-1900-842X,New York University,5,71,1,2,2013
A5090422904,Julia T. Apter,,,4,71,4,0,1958
A5105793238,Zvi Zemishlany,,Tel Aviv University,3,71,3,0,2010
A5039445965,Dawn Su-Yin Sim,,University of Malaya,4,71,2,0,2022
A5080091694,Sanford Futterman,,The University of Texas at San Antonio Health Science Center,5,71,0,3,1977
A5055154414,Ross van de Wetering,0000-0002-1387-444X,Victoria University of Wellington,11,71,10,0,2023
A5026940576,Eliot L. Gardner,0000-0003-1541-3249,Albert Einstein College of Medicine,3,71,0,0,2000
A5045861179,Érica Naomi Oiye,0000-0002-7981-1783,Universidade de São Paulo,8,71,3,0,2023
A5105835882,Pilar Navarro,,Consejo Superior de Investigaciones Científicas,5,71,0,1,2010
A5078280832,Antonio Doménech‐Carbó,0000-0002-5284-2811,Universitat de València,5,71,2,0,2010
A5011450307,Sarah E. Gartside,0000-0003-3792-6205,University of Oxford,3,71,2,0,1997
A5058712463,Jose Manuel Brea,0000-0002-5523-1979,Universidade de Santiago de Compostela,7,71,0,2,2026
A5060996003,Aram B. Cholanians,,University of Arizona,5,71,1,0,2019
A5017364275,Nina Romanczuk‐Seiferth,0000-0002-6931-269X,Charité - Universitätsmedizin Berlin,4,71,0,1,2019
A5072525785,Chun‐Lin Deng,0000-0002-3192-9424,"University of Maryland, College Park",3,71,0,0,2022
A5043850885,Volker Briken,0000-0001-5830-6107,"University of Maryland, College Park",3,71,0,0,2022
A5080695283,Matthew R. Roesch,0000-0003-2854-6593,"University of Maryland, College Park",3,71,0,0,2022
A5087578697,Eric Abella Roth,0000-0002-9128-0997,University of Victoria,5,71,1,1,2022
A5030336575,Jupiter Ndjeunga,,International Crops Research Institute for the Semi-Arid Tropics,3,71,0,0,2011
A5101867404,Adama Coulibaly,0000-0002-7009-4255,Institut d'Économie Rurale,7,71,2,1,2025
A5016770897,Bradley Jay Beattie,0000-0001-9891-8271,Memorial Sloan Kettering Cancer Center,5,71,0,0,2023
A5065713290,Joanna Moncrieff,0000-0003-1214-6974,Goodmayes Hospital,7,71,1,5,2025
A5101396814,Lili Xu,0000-0001-8212-6157,Zhejiang University,3,71,1,0,2025
A5008286806,Shaobing Dai,,Zhejiang University,3,71,0,0,2025
A5084906802,Qun Y. Zhou,0000-0002-7814-7227,Jiangxi Maternal and Child Health Hospital,3,71,0,0,2025
A5058241693,Yong‐Bao Peng,,Jiangxi Maternal and Child Health Hospital,3,71,0,0,2025
A5057781115,Hong‐yan Shou,,Hangzhou Women’s Hospital,3,71,0,0,2025
A5060119803,Tanguy Taillefer de Laportalière,0000-0002-0173-6437,Centre Hospitalier Universitaire de Toulouse,6,71,4,2,2026
A5038666520,Annemarie van der Meij,,Pro Persona,7,71,1,0,2026
A5080213991,Graham Campbell,,Hammersmith Medicines Research,3,70,0,1,2026
A5093661985,Nicholas J. Bassano,,Stanford Medicine,3,70,0,0,2026
A5075413259,Ian H. Kratter,0000-0001-9122-4525,Stanford University,6,70,0,1,2026
A5041548475,Alexandre A. Guerin,0000-0003-3833-3620,The University of Melbourne,11,70,0,0,2026
A5030527783,Adrian Carter,0000-0002-3593-0772,Monash Medical Centre,13,70,2,6,2026
A5114087434,Jerome Sarris,,Florey Institute of Neuroscience and Mental Health,8,70,0,4,2026
A5090366714,Cecile Giovannetti,0000-0002-7493-0679,Charité - Universitätsmedizin Berlin,3,70,2,0,2025
A5087764117,Inga Griškova-Bulanova,0000-0001-5003-3300,Vilnius University,5,70,1,1,2026
A5010010872,Laura K Milton,0009-0007-1664-8337,Monash University,5,70,0,0,2026
A5005043929,Christopher Jenks,0000-0002-7422-1637,Oaks Hospital,3,70,1,1,2020
A5113982589,David Nutt,,Imperial College London,7,70,2,1,2025
A5000760036,Sanket B. Raut,0000-0001-8919-6158,University of Tasmania,5,70,2,0,2026
A5078619170,Robert J. Ursano,0000-0002-1861-9173,University of Tasmania,3,70,0,0,2026
A5012653046,Luke R. Johnson,0000-0002-5088-1788,University of Tasmania,3,70,0,3,2025
A5006203775,Jérémie Richard,0000-0001-9893-1353,Johns Hopkins University,14,70,6,4,2026
A5012010863,Donatella Marazziti,0000-0002-4021-5829,University of Pisa,4,70,3,1,2026
A5093582353,Riccardo Gurrieri,0009-0009-0743-178X,University of Pisa,3,70,0,0,2026
A5072921047,Christina K. Kim,0000-0002-1466-7098,"University of California, Davis",3,70,0,3,2024
A5089024916,Stéphane Rothen,0000-0003-3891-277X,NatureServe,6,70,0,1,2024
A5108115358,Matthew D. Sacchet,,Harvard University,6,70,1,3,2025
A5039019750,Noel W. F. Woodford,0000-0003-0297-1874,Victorian Institute of Forensic Medicine,4,70,0,0,2025
A5067648896,Paul Pascarosa,,Eastern Virginia Medical School,3,70,2,1,1977
A5111710015,Angela Clow,,University of Westminster,3,70,0,1,2015
A5078467494,Karen Thatcher,,The Ohio State University,5,70,2,1,1971
A5100319882,Eunmi Kim,0000-0002-5952-8534,National Forensic Institute,3,70,1,0,2022
A5015458879,Stephen M. Husbands,0000-0002-9928-6322,University of Bath,5,70,0,0,2026
A5037133546,João Palermo‐Neto,,Universidade de São Paulo,7,70,0,6,2014
A5064817004,Marı́a Isabel Loza,0000-0003-4730-0863,Universidade de Santiago de Compostela,6,70,0,0,2024
A5091673280,T. Lee Gilman,0000-0001-8398-0195,Kent State University,3,70,1,0,2024
A5002045085,Pablo Alves Marinho,0000-0002-8079-9021,,3,70,0,2,2023
A5086718934,Lowell H. Hall,,Massachusetts College of Pharmacy and Health Sciences,3,70,0,1,1978
A5058584972,Paweł Świt,0000-0002-5160-9815,University of Silesia in Katowice,4,70,0,1,2023
A5075305120,Salvador Garrigues,0000-0002-5461-7589,Universitat de València,4,70,0,0,2025
A5109424476,Wen‐Ing Tsay,,Ministry of Health and Welfare,4,70,0,1,2014
A5038984237,Martin Hellmich,0000-0001-5174-928X,University of Cologne,3,70,0,0,2020
A5112214078,Toshihiko Ikeda,,Yokohama University of Pharmacy,5,70,1,1,2013
A5052470613,Bowers Mb,,,3,70,2,1,1978
A5054301678,Jan Idvall,,Uppsala University,3,70,3,0,1983
A5045307732,María de Lourdes Gutiérrez López,0000-0001-8939-8067,Instituto Nacional de Psiquiatría Ramón de la Fuente Muñiz,3,70,0,0,2012
A5067994760,Guoxiang Fan,0009-0002-4955-1391,Nanjing Medical University,4,70,0,0,2024
A5053154424,Jijian Zheng,0000-0003-1903-9557,Shanghai Jiao Tong University,3,70,0,2,2023
A5025682958,Maryia Zhdanava,0000-0002-7995-2578,Analysis Group (United States),14,70,2,1,2025
A5031410619,Maria Bernardete Cordeiro de Sousa,0000-0001-6200-0418,Universidade Federal do Rio Grande do Norte,4,69,1,0,2022
A5028356592,Giuliana DePalmer,,Yale University,6,69,0,0,2026
A5088202811,Hudson W. de Carvalho,0000-0001-8360-5053,Universidade Federal de Pelotas,4,69,0,2,2023
A5090856901,Jack Prenderville,,Transpharmation (Ireland),3,69,0,1,2022
A5021723234,Carmel Shachar,0000-0002-4517-6363,Harvard University,3,69,0,1,2024
A5005442037,Inger Lise Bogen,0000-0003-2877-0624,Oslo University Hospital,4,69,1,1,2026
A5050634480,Donna Walther,0009-0004-8312-8444,National Institute on Drug Abuse,13,69,0,0,2026
A5032538605,Caroline S. Copeland,0000-0002-4462-1402,King's College London,7,69,2,3,2026
A5090934185,Massimo Grilli,0000-0003-1046-7897,University of Genoa,3,69,1,0,2013
A5055485553,Angela Bisio,0000-0002-7559-7732,University of Genoa,3,69,0,0,2013
A5061818541,Giovanni Romussi,,University of Genoa,3,69,0,0,2013
A5081582944,Anna Pittaluga,0000-0002-4011-1165,University of Genoa,3,69,1,2,2013
A5114122338,M. Davis,,Yale University,3,69,2,1,1987
A5105184777,Wagner H. Bridger,,Albert Einstein College of Medicine,7,69,4,3,1978
A5083202579,Julio Bobes,0000-0003-2187-4033,Universidad de Oviedo,9,69,3,6,2003
A5109130279,Hui Qiang Lin,,The University of Sydney,3,69,3,0,1997
A5032114486,MacDonald J. Christie,0000-0002-0622-609X,The University of Sydney,9,69,0,0,2010
A5102020519,David M. Jackson,0000-0002-4448-8648,AstraZeneca (Sweden),3,69,0,1,1997
A5111983719,Tathiana Aparecida Alvarenga,0000-0002-6754-7858,Universidade Federal de São Paulo,3,69,3,0,2014
A5019081879,Sergio Brasil Tufik,0000-0002-3804-8865,Universidade Federal de São Paulo,4,69,0,2,2013
A5110443898,Keiko Nakanishi,,Osaka Prefectural Police Department,5,69,2,0,2012
A5006517295,Ton Nabben,,Amsterdam University of Applied Sciences,11,69,0,2,2025
A5091040593,Xiaoqi Qin,0000-0002-5788-0657,Beijing University of Posts and Telecommunications,5,69,0,0,2026
A5101981161,Takuro Maruyama,0000-0002-6393-3989,National Institute of Health Sciences,5,69,4,0,2009
A5066465567,Rasmus Telving,,Aarhus University,3,69,0,0,2017
A5110181506,Russell R. Monroe,,"University of Maryland, Baltimore",5,69,5,0,1978
A5031605226,Joseph M. Herndon,,University of Arizona,5,69,3,0,2014
A5089876404,Michael S. Macias,,Florida International University,3,69,3,0,2011
A5001469698,Tohru Kodama,0000-0001-6915-4428,Tokyo Metropolitan Institute of Medical Science,4,69,1,1,2016
A5061004798,Tuğba Tekin,0000-0001-6573-8426,Istanbul University-Cerrahpaşa,3,69,0,0,2019
A5113442269,F. A. de Wolff,,,3,69,1,2,1998
A5103208129,Alexander Parkes,0000-0003-4802-6800,University of the Sunshine Coast,3,69,0,1,2021
A5059017847,Ramadjita Tabo,,International Crops Research Institute for the Semi-Arid Tropics,4,69,2,1,2022
A5112530782,A Del Rio,,Sapienza University of Rome,3,69,0,2,2019
A5029385885,Serge K. Lyashchenko,,Memorial Sloan Kettering Cancer Center,6,69,1,0,2023
A5100341262,Qi Wang,0000-0002-1413-9084,Nanjing Jiangning Hospital,4,69,0,1,2024
A5103169219,Yajuan Zhu,0009-0005-0161-2433,Soochow University,4,69,2,0,2025
A5058135669,Antoinette D. I. van Asselt,0000-0001-7705-9906,University Medical Center Groningen,4,69,0,0,2024
A5001293935,Ying Sun,0000-0002-6690-5318,Tianjin First Center Hospital,3,69,1,2,2026
A5090831117,Dominic Pilon,0000-0002-6093-7167,,12,69,0,2,2025
A5070892743,Dietmar Winkler,0000-0001-8849-9907,Medical University of Vienna,4,69,0,0,2025
A5008962811,Tessa Cowley‐Court,0000-0001-5060-365X,The University of Melbourne,4,68,1,0,2024
A5111059263,Sunil Aggarwal,,University of Washington,6,68,0,4,2026
A5101870524,Nicolás Fernández,0000-0002-0980-3921,Universidad de Buenos Aires,7,68,1,0,2026
A5077002453,Bo Wang,0000-0001-7260-1938,University of Lethbridge,5,68,0,0,2025
A5084073291,Lena Rubi,0000-0003-4793-3724,Medical University of Vienna,4,68,2,0,2016
A5078768212,Sherry-Anne Muscat,0000-0003-4822-644X,Alberta Hospital Edmonton,4,68,3,0,2024
A5033063132,Kevin W. Morin,,Alberta Health Services,3,68,0,2,2022
A5019496101,Courtenay Crouch,,California Institute of Integral Studies,3,68,0,0,2022
A5054649570,Glenn Hartelius,0000-0002-9833-4222,Naropa University,6,68,3,1,2026
A5000608905,Jocelyn A. Ricard,0000-0001-9605-9389,Stanford University,3,68,0,0,2024
A5020766540,Peter J. Facchini,0000-0002-7693-290X,University of Calgary,9,68,0,9,2025
A5009866760,Marco Schlosser,0000-0002-0634-0749,University College London,6,68,0,4,2025
A5081636015,Ron Cole‐Turner,0000-0001-5858-9514,Pittsburgh Theological Seminary,7,68,6,1,2026
A5002861624,Nathan Allen,0000-0001-7876-819X,Auckland University of Technology,6,68,2,0,2026
A5024728535,Jörg Pietsch,0000-0001-7049-186X,Technische Universität Dresden,3,68,3,0,2016
A5108082868,Shin‐ichiro Sakai,,Chiba University,3,68,0,1,1998
A5012705969,Katsutoshi Shioda,0000-0002-3996-0119,Jichi Medical University,3,68,1,0,2012
A5111447212,Koichi Nisijima,,Jichi Medical University,3,68,1,0,2012
A5044498041,Satoshi Kato,0000-0003-4762-5932,Jichi Medical University,3,68,0,3,2012
A5023296054,Dieter S. Schatz,,Innsbruck Medical University,3,68,2,0,2000
A5108419373,Kenneth E. Moore,,Michigan State University,4,68,0,0,1981
A5110095949,Derrick J. Pounder,,University of Dundee,3,68,0,2,2013
A5087416526,Michael D. Berquist,0000-0002-2696-4524,University of Arkansas for Medical Sciences,10,68,8,0,2026
A5091399910,Tristán Bekinschtein,0000-0001-5501-8628,University of Cambridge,11,68,0,8,2026
A5111636192,Maynard H. Makman,,,3,68,1,2,1981
A5111382476,L.F. Agnati,,University of Modena and Reggio Emilia,3,68,0,1,1983
A5028972796,Natália Bezerra Mota,0000-0003-2802-2001,Universidade Federal do Rio de Janeiro,3,68,0,0,2023
A5112376364,Wen‐Zhen Lin,,Guangxi Medical University,3,68,0,0,2021
A5004825633,Ralf Zimmermann,0000-0002-6280-3218,Helmholtz Munich,5,68,0,5,2018
A5020972312,Nobuo Nagano,0000-0001-6527-3286,The University of Tokyo,4,68,4,0,1988
A5100407660,Zhe Wang,0000-0003-1266-7251,The University of Queensland,3,68,1,0,2025
A5083006329,Danuta Zatorska,,Memorial Sloan Kettering Cancer Center,4,68,0,0,2023
A5036001871,Stefan O. Ochiana,,Memorial Sloan Kettering Cancer Center,4,68,0,0,2023
A5024109107,Eva M. Burnazi,0000-0003-3089-0959,Memorial Sloan Kettering Cancer Center,4,68,0,0,2023
A5021667957,Milan Grkovski,0000-0001-7228-9497,Memorial Sloan Kettering Cancer Center,4,68,0,0,2023
A5076727344,David L. Dünner,,Center for Anxiety and Depression,6,68,2,0,2025
A5056572019,Matheus Steiglich,,Universidade Federal de São Paulo,4,68,0,0,2021
A5047934112,Rutger M. van der Schrier,0000-0003-1422-3830,Leiden University Medical Center,6,68,0,2,2026
A5055186073,Ladina P Gubser,,University of Zurich,6,67,0,0,2025
A5014273907,Amanda Khan,0000-0001-9480-0807,"University of California, San Francisco",3,67,1,0,2024
A5079550920,Gilmar Gutiérrez,0000-0003-0337-3737,University of Alberta,9,67,6,0,2025
A5039423320,Ana Clara Cristóvão,0000-0001-5806-4478,University of Beira Interior,4,67,0,0,2021
A5108992671,Luzia Caflisch,,University of Zurich,7,67,0,0,2026
A5074901587,Tor-Morten Kvam,0000-0002-3354-1511,University of Oslo,12,67,9,1,2026
A5057129585,Daniel T. Myran,0000-0002-8038-300X,University of Ottawa,7,67,4,2,2026
A5071015129,Alan Rockefeller,0000-0002-5746-8611,Island Hospital,5,67,0,0,2026
A5102726643,Antonino Petralia,0000-0002-2163-1608,University of Catania,6,67,0,2,2025
A5025605812,Esther Jean Langdon,0000-0002-5883-3000,Conselho Nacional de Desenvolvimento Científico e Tecnológico,7,67,4,3,2016
A5063753394,Rebecca Ehrenkranz,0000-0003-2810-6045,Johns Hopkins University,9,67,3,0,2026
A5055374411,Roberto Guidotti,0000-0002-0807-6005,University of Chieti-Pescara,3,67,0,0,2025
A5030050456,A.M. Krohn,,Johns Hopkins University,3,67,0,1,1985
A5074044976,Robert J. Sbordone,,"University of California, Irvine",8,67,5,2,1982
A5020252722,Bridget W. Brox,0000-0001-5395-2185,Victoria University of Wellington,3,67,2,0,2018
A5035906765,Morin Rd,,,4,67,0,2,1979
A5032807949,Stella Pereira de Almeida,0000-0002-6973-602X,Universidade de São Paulo,4,67,4,0,2005
A5051855937,Pamela A. Lucchesi,,Nationwide Children's Hospital,3,67,0,1,2009
A5015096763,Amanda A. Braun,0000-0003-1789-5923,Cincinnati Children's Hospital Medical Center,5,67,0,0,2013
A5078228312,Robyn M. Amos‐Kroohs,,Cincinnati Children's Hospital Medical Center,3,67,0,0,2013
A5014399881,Liesbeth Degand,0000-0003-1062-9243,UCLouvain,4,67,0,0,2017
A5080436503,Mercedes Pérez‐Hernández,0000-0002-2211-0943,Universidad Complutense de Madrid,3,67,1,0,2021
A5029008716,M.L. Pinheiro,,Universidade de São Paulo,6,67,0,0,2014
A5076982811,Murilo Campos Battisti,,Universidade Federal de São Paulo,5,67,3,0,2009
A5054214862,Alireza Ebrahimzadeh‐Bideskan,0000-0003-4333-250X,Mashhad University of Medical Sciences,3,67,0,1,2017
A5051291310,Michael N. Gandy,0009-0004-0391-9562,The University of Western Australia,5,67,1,0,2023
A5014053418,Matthew J. McIldowie,0000-0001-8323-8636,The University of Western Australia,3,67,0,0,2012
A5036545204,Neil D. Woodward,0000-0002-7472-5990,Vanderbilt Psychiatric Hospital,3,67,0,0,2011
A5074377959,Matthew Di Rago,0000-0003-3490-5214,Victorian Institute of Forensic Medicine,7,67,5,0,2025
A5113668232,Seung Jun Kwack,,Changwon National University,5,67,1,0,2014
A5035573112,Leigh Coney,0009-0002-7174-9142,UNSW Sydney,5,67,3,0,2023
A5031717235,Nicholas J. Penington,0000-0003-4153-0078,SUNY Downstate Health Sciences University,7,67,6,0,1996
A5070555037,Edward M. Adlaf,,University of Toronto,4,67,3,0,2009
A5024390570,Zhishan Liang,,Guangzhou University,3,67,0,0,2022
A5029285817,Fangjie Han,,Guangzhou University,3,67,0,0,2022
A5076804324,Wencai Fu,,Guangzhou University,3,67,0,0,2022
A5111709519,Li Niu,0000-0003-3652-2903,Guangzhou University,3,67,0,3,2022
A5001687906,Zhiqiong Chen,0000-0001-9557-3239,Chongqing Medical University,9,67,0,9,2026
A5057992164,Marcin Zawadzki,0000-0003-2146-9724,Wrocław University of Science and Technology,4,67,1,1,2024
A5003712961,Paweł Szpot,0000-0002-5352-3492,Wroclaw Medical University,4,67,1,3,2024
A5001764037,S. Dorado Pombo,,Hospital Universitario 12 De Octubre,5,67,0,0,2008
A5063724756,Clara Fleiz,0000-0002-5297-2579,Instituto Nacional de Psiquiatría Ramón de la Fuente Muñiz,4,67,0,2,2023
A5079769591,Aiman Abrahim,0000-0002-0363-8785,AIT Austrian Institute of Technology GmbH,3,67,0,0,2008
A5089071405,Kurt W. Haack,,Lawrence Livermore National Laboratory,12,67,0,0,2023
A5040006423,Johnson Fam,0000-0003-4431-8793,SingHealth,3,67,0,0,2024
A5064300481,Nicholas Mischel,0000-0001-7209-0867,Wayne State University,3,67,1,1,2022
A5040701714,Maria Salvina Signorelli,0000-0002-6941-9454,University of Chieti-Pescara,5,67,0,0,2025
A5037114160,Amanda E. Downey,0000-0002-5206-7798,"University of California, San Francisco",13,66,8,0,2026
A5050982938,Oriol Romaní,0000-0001-6939-0711,Universitat Rovira i Virgili,3,66,0,2,2021
A5003915227,Girish Prayag,0000-0001-6243-2747,University of Canterbury,5,66,4,1,2025
A5069482413,Rocio Rodriguez‐Juarez,,University of Lethbridge,4,66,0,0,2025
A5076750613,Magdalena Piegza,0000-0002-8009-7118,Medical University of Silesia,5,66,0,1,2023
A5104108535,Lucas Silva Rodrigues,0000-0002-1369-967X,Universidade de São Paulo,7,66,3,0,2026
A5032764691,Virginia Ramírez-Cruz,0000-0002-5197-1304,Universidad de Guadalajara,4,66,0,0,2024
A5029534432,Giuliana Furci,0000-0001-7937-650X,,4,66,0,0,2024
A5063934463,Stefan Wellek,0000-0001-8369-8122,Heidelberg University,4,66,0,0,2026
A5082468471,Johan Lundberg,0000-0002-4298-3936,Karolinska Institutet,6,66,0,2,2026
A5047330377,Hans Rutrecht,,Mind Science Foundation,3,66,0,0,2025
A5101854574,Fabiana Pereira Santos,0000-0002-6096-4392,Universidade de São Paulo,15,66,2,0,2026
A5100818624,Somdatta Saha,,Virginia Commonwealth University,3,66,0,0,2026
A5045938022,Tobias Stevens,,University of Exeter,4,66,0,1,2024
A5109149762,Hudson Hoagland,,National Institutes of Health,4,66,2,1,1957
A5111750490,John Christian Gillin,,,3,66,2,0,1976
A5003226282,Irving M. Cohen,,Thomas Jefferson University,3,66,3,0,1974
A5059827827,Wolfgang H Vogel,0000-0002-0611-5365,Thomas Jefferson University,3,66,0,3,1974
A5100433431,Yu Zhang,0000-0001-8562-344X,Kunming Institute of Botany,3,66,2,1,2021
A5024694580,Xiao‐Jiang Hao,0000-0001-9496-2152,Kunming Institute of Botany,3,66,0,2,2021
A5027814932,Saskia J. Rietjens,0000-0002-0338-1350,University Medical Center Utrecht,3,66,1,0,2025
A5043761499,Sara Morley‐Fletcher,0000-0003-0423-5563,Université de Lille,3,66,3,0,2004
A5037150635,Helen Rosengarten,,New York University,4,66,3,0,1977
A5012981223,Giulio Maffii,,,3,66,3,0,1959
A5029818822,Mengying Sun,0000-0002-1137-7546,Beijing University of Posts and Telecommunications,4,66,0,0,2026
A5040252972,Yukun Chen,0000-0001-5523-3942,South China University of Technology,4,66,0,2,2022
A5030739669,Kerstin Henkel,,University of Freiburg,3,66,1,0,2020
A5071962662,Michel Mallaret,0000-0001-7819-0017,Centre Hospitalier Universitaire de Grenoble,4,66,0,2,2018
A5085013929,Burkhard Madea,0000-0002-1248-1556,University of Bonn,4,66,0,2,2022
A5013176250,Margaret Elena Hellard,0000-0002-5055-3266,Burnet Institute,3,66,0,0,2023
A5049807654,Martin Richter,0000-0003-0878-6442,Fraunhofer Research Institution for Microsystems and Solid State Technologies,6,66,2,2,2025
A5058699813,Umberto Albert,0000-0001-9781-4219,University of Trieste,3,66,0,0,2025
A5024314727,Raissa Nobrega,,George Washington University,3,66,1,0,2022
A5013692208,Zenaide Quezado,0000-0001-9793-4368,National Institutes of Health,3,66,0,3,2022
A5067637091,Ashok Seshadri,0000-0001-6386-7232,Mayo Clinic,3,66,1,0,2024
A5014589273,Ilaria Marcelli,0009-0001-6252-2600,Università Cattolica del Sacro Cuore,7,66,0,0,2025
A5028513872,Joseph La Torre,0000-0002-0260-1438,University of Ottawa,9,65,5,0,2025
A5076428581,Sean M. Grady,,University of Wisconsin–Madison,4,65,0,0,2025
A5033350413,Timur Zanikov,0009-0005-1321-7107,University of Lethbridge,3,65,2,0,2025
A5031621850,Shima Asghari,0000-0002-9801-3402,University of Lethbridge,3,65,0,0,2025
A5057389293,Alyssa Groves,0000-0003-0482-4755,University of Lethbridge,3,65,0,0,2025
A5059745101,Mackenzie Cameron,0009-0009-1259-9659,University of Lethbridge,3,65,0,0,2025
A5002192129,Anna Fiselier,,University of Calgary,3,65,0,0,2025
A5029388239,Veronika Andrashko,0000-0001-5488-3345,Charles University,10,65,2,0,2026
A5103254095,Kimberley Day,0000-0002-4925-3602,Melbourne Bioinformatics,5,65,0,0,2026
A5062966368,Bruno Gianfratti,0000-0002-3753-8387,Universidade Federal de São Paulo,4,65,3,1,2021
A5065549573,Ricardo Tabach,0000-0001-8026-9015,Universidade de Santo Amaro,3,65,0,1,2024
A5059038077,Jerry B. Brown,0000-0002-2115-0652,Florida International University,4,65,4,0,2021
A5013901887,Gemma Montalvo,0000-0002-5640-8908,Universidad de Alcalá,5,65,0,2,2024
A5076033503,Georg Northoff,0000-0002-5236-0951,University of Ottawa,3,65,2,1,2025
A5041762374,Lucienir Pains Duarte,0000-0002-8885-6625,Universidade Federal de Minas Gerais,4,65,0,0,2021
A5033363529,Sidney Augusto Vieira Filho,0000-0002-8171-8035,Universidade Federal de Ouro Preto,4,65,0,3,2021
A5091398848,Anthony G. Hudetz,0000-0003-2241-1751,University of Michigan,11,65,0,0,2026
A5055383582,Mariana Bendlin Calzavara,0000-0003-4088-9759,Behavioral Pharma (United States),4,65,1,0,2021
A5010152592,Wissam El‐Hage,0000-0003-3877-0855,Université de Tours,6,65,0,1,2026
A5047361486,James W. B. Elsey,0009-0004-3292-7510,University of Amsterdam,6,65,6,0,2023
A5063580897,Masato Nozawa,,Niigata University,4,65,2,2,2010
A5028047049,Marcus Rattray,0000-0002-6620-9830,King's College London,3,65,1,2,2006
A5078042044,Robert Goutarel,,Centre National de la Recherche Scientifique,6,65,3,2,1977
A5083060102,Mark S. Kleven,0000-0001-5413-4475,University of Kentucky,4,65,3,0,2008
A5015431252,Nikki Rommers,0000-0003-0311-5009,University Hospital of Basel,3,65,0,0,2023
A5018758188,Nina Hutter,,University Hospital of Basel,3,65,0,0,2023
A5022843855,Stefan Borner,,University of Bern,3,65,1,1,1988
A5067488158,Cheng‐Yi Cheng,0000-0003-3161-3339,Tri-Service General Hospital,5,65,1,0,2024
A5046942603,Gianpiero Boatto,0000-0001-6271-2378,University of Sassari,3,65,1,2,2016
A5016405761,Osamu Suzuki,0000-0002-3566-5681,Hamamatsu University,3,65,1,0,2011
A5028285775,Freidoon Erdmann,,Justus-Liebig-Universität Gießen,3,65,0,0,2011
A5010615100,Johanna Prugger,0000-0003-4519-3558,Charité - Universitätsmedizin Berlin,5,65,1,0,2026
A5000849399,Paul Radin,,,5,65,4,1,2015
A5006906194,Annelies Cannaert,0000-0002-8654-1371,Ghent University,3,65,0,0,2020
A5082632470,Methsiri Edirisinghe,,Queensland Health,3,65,0,0,2018
A5010235734,Rebecca M. Heltsley,,,3,65,1,1,2023
A5026869612,Michael Tsokos,0000-0001-7805-6352,Charité - Universitätsmedizin Berlin,3,65,0,3,2021
A5022253744,Wioleta Maruszak,0000-0002-4922-4465,Instytut Farmaceutyczny,6,65,0,0,2019
A5083491404,Erika Fromm,,University of Chicago,3,65,3,0,2017
A5037323059,Verner Knott,0000-0002-4969-3819,University of Ottawa,3,65,2,1,2019
A5015110313,Judy F. McIntosh,,Royal Ottawa Mental Health Centre,3,65,0,0,2019
A5079348967,Vadim Ilivitsky,,Royal Ottawa Mental Health Centre,3,65,0,0,2019
A5048366752,Adeline Jullien,,Centre Hospitalier Universitaire de Toulouse,4,65,0,0,2025
A5070273499,Mingming Zhao,0000-0001-5513-1305,Chiba University,3,65,0,0,2024
A5027440193,Giulia Stefanelli,0009-0003-9099-2786,University of Chieti-Pescara,3,65,0,0,2023
A5054295513,Katarina E. Leão,0000-0001-7295-1233,Universidade Federal do Rio Grande do Norte,7,64,1,0,2024
A5101447266,David Horton,0009-0001-9456-3060,University of Wisconsin–Madison,3,64,0,0,2025
A5099298824,Caroline Beit,,Johns Hopkins University,4,64,0,0,2026
A5080450999,Alden Doerner Rinaldi,,Harvard University,5,64,1,0,2025
A5007424003,Mohammad Taghi Joghataei,0009-0005-6748-6468,Iran University of Medical Sciences,3,64,0,0,2025
A5069291017,Felipe Rebello Lourenço,0000-0002-2630-151X,Universidade de São Paulo,3,64,0,0,2020
A5003417955,Nigel Netzband,,University of the West of England,5,64,0,0,2024
A5019305066,Diego Pinzon Rubiano,,,3,64,0,0,2023
A5030321974,Francesca Mottarlini,0000-0001-8172-1384,University of Milan,4,64,0,0,2026
A5004780718,Lucia Caffino,0000-0001-8045-3146,University of Milan,4,64,2,1,2026
A5014663258,Fabio Fumagalli,0000-0002-8814-7706,University of Milan,3,64,0,2,2026
A5039681849,Hannes M. Schwelm,0000-0001-7867-5831,University of Freiburg,7,64,1,0,2024
A5007320671,Holly Fernandez Lynch,0000-0001-7813-9879,University of Pennsylvania,5,64,1,1,2026
A5027062897,Isabel Santana de Rose,0000-0001-5629-8203,Universidade Federal de Santa Catarina,14,64,10,3,2025
A5053489498,Jason Younkin,0009-0007-4274-1762,Virginia Commonwealth University,4,64,1,0,2026
A5080636538,Simon Zhornitsky,0000-0003-2024-7062,Yale University,3,64,3,0,2023
A5104147869,Rudy Schreiber,,Maastricht University,4,64,0,1,2026
A5076621370,Partha S. Roop,0000-0001-9654-5678,University of Auckland,5,64,0,2,2025
A5084244272,Benedikt Pulver,0000-0002-7772-2111,University of Freiburg,6,64,1,0,2024
A5076213595,Rui Dai,0000-0003-1446-7173,University of Michigan,9,64,8,0,2026
A5010172433,Alireza Foroumadi,0000-0003-2416-5611,Tehran University of Medical Sciences,11,64,0,0,2024
A5071664246,Richard G. Fessler,0000-0002-7432-0950,University of Chicago,4,64,0,0,1978
A5112767893,Takako Inoue,,National Research Institute of Police Science,6,64,0,4,1976
A5050610078,J. J. Ghosh,0000-0002-3219-8416,University of Calcutta,10,64,0,10,2008
A5103383158,Alice A. Larson,,University of Minnesota,6,64,5,0,1989
A5033561234,Anne Camille La Flamme,0000-0002-2344-7281,University of Auckland,3,64,0,0,2022
A5012668362,Roger D. Weiss,0000-0001-7503-828X,Harvard University,3,64,0,1,2022
A5004754354,Ernest S. Barratt,,The University of Texas Medical Branch at Galveston,3,64,0,1,2006
A5059344509,Sylvie Deheul,,Centre Hospitalier Universitaire de Lille,12,64,1,0,2025
A5003694962,Heather Hobbs,0000-0001-8474-9016,Monash University,5,64,0,0,2000
A5089560955,Ícaro A. Simon,0000-0003-4550-4248,University of Copenhagen,4,64,2,0,2026
A5048035528,Kasper Harpsøe,0000-0002-9326-9644,University of Copenhagen,4,64,0,0,2026
A5058641800,Frank Wappler,0000-0001-9020-3060,Witten/Herdecke University,4,64,0,0,2012
A5111540690,Mark Ulrich Gerbershagen,,Witten/Herdecke University,4,64,1,1,2012
A5038676522,Chuanhui Xu,0000-0002-1212-3636,Guangxi University,3,64,2,0,2017
A5120191248,Jos Ten Berge,,Vrije Universiteit Amsterdam,4,64,4,0,2025
A5102732393,Jérôme Guitton,0000-0001-6180-5708,Hospices Civils de Lyon,3,64,0,0,2014
A5027089826,Yôhei Hashimoto,0000-0002-2521-0536,,3,64,1,1,1981
A5016007623,Hamid Ghodse,,"St George's, University of London",3,64,2,1,2010
A5090947313,Mina Askovic,0000-0002-9834-5263,The University of Sydney,3,64,0,1,2022
A5045819255,Fermín Fernández‐Calderón,0000-0002-2981-1670,Universidad de Huelva,5,64,2,1,2020
A5006375336,Sharday Catherine Mosurinjohn,0000-0001-9829-8551,Harvard University,3,64,3,0,2025
A5041259777,Hilde Rosing,0000-0003-3124-692X,The Netherlands Cancer Institute,6,64,0,0,2020
A5110492818,Jérôme Durussel,,University of Glasgow,5,64,0,0,2018
A5022798640,Jonathan Shurlock,0000-0001-8681-6534,Sheffield Teaching Hospitals NHS Foundation Trust,6,64,0,0,2018
A5003428441,Martin Mooses,,University of Tartu,6,64,0,0,2018
A5084767379,Severin Mairinger,0000-0001-5094-9351,Medical University of Vienna,5,64,1,0,2026
A5020030500,Ad F. Roffel,0000-0001-9796-3855,,4,64,1,0,2024
A5005197756,Eric S. Schwenk,0000-0003-3464-4149,Thomas Jefferson University,3,64,2,1,2024
A5060653698,Jagadish P. Gogate,0000-0002-9174-793X,Janssen Research & Development (United States),5,64,0,0,2022
A5029973096,Nicky J. Mehtani,0000-0003-4277-6889,University Medical Center Groningen,7,63,4,0,2025
A5083389508,Lars Regestein,0000-0003-1258-7171,Leibniz-Institut für Naturstoff-Forschung und Infektionsbiologie e. V. - Hans-Knöll-Institut (HKI),3,63,0,1,2025
A5057449473,John A. Razidlo,0000-0002-9108-2253,Faculty of Public Health,4,63,1,0,2025
A5042622898,Yu‐Kang Tu,0000-0002-2461-474X,National Taiwan University,3,63,0,1,2026
A5011036385,Jesús M. Rodilla,0000-0001-6114-3572,University of Beira Interior,4,63,0,0,2021
A5054543118,Louise Penzenstadler,0000-0003-1379-0243,University of Geneva,21,63,2,5,2026
A5045481419,Kevin O. St. Arnaud,0000-0002-4962-1612,University of Alberta,5,63,4,0,2025
A5078242970,Bénédicte Nobile,0000-0002-2570-6996,Centre National de la Recherche Scientifique,5,63,2,0,2024
A5065763584,Steve Kisely,0000-0003-4021-2924,The University of Queensland,4,63,3,1,2026
A5015921295,Juan Scuro,0000-0002-8837-0019,Universidad de Ciencias y Humanidades,18,63,12,0,2026
A5038127051,Hannes Todt,0000-0002-1147-4370,Medical University of Vienna,4,63,0,0,2021
A5069046112,Darko Hren,0000-0001-6465-6568,University of Split,6,63,0,2,2025
A5054623676,Brian E. McGeeney,,Brigham and Women's Hospital,3,63,2,1,2024
A5002714682,Balaji Selvam,0000-0002-7677-290X,University of Illinois Urbana-Champaign,4,63,0,0,2022
A5041481754,Erik Procko,0000-0002-0028-490X,University of Illinois Urbana-Champaign,4,63,0,0,2022
A5053940473,Diwakar Shukla,0000-0003-4079-5381,University of Illinois Urbana-Champaign,4,63,0,4,2022
A5018632144,Frank J. Vocci,0000-0003-2143-0950,Friends Research Institute,4,63,2,0,2022
A5047551432,Leigh C. Walker,0000-0002-9282-2743,The University of Melbourne,3,63,0,1,2026
A5024778745,Casey R. Guillot,0000-0002-9038-1606,University of Southern California,6,63,5,0,2016
A5025478762,Linh M. Van,0009-0000-9249-9539,University of Sheffield,3,63,3,0,2007
A5000334337,Judith A. Hargreaves,,AstraZeneca (United Kingdom),3,63,0,0,2007
A5054185380,Paola Soldani,0000-0003-1703-0962,University of Pisa,12,63,0,0,2010
A5030194767,David M. Compton,0000-0001-9669-1616,Palm Beach Atlantic University,7,63,7,0,2019
A5104268227,Josua Zimmermann,,University of Zurich,11,63,2,0,2026
A5010682036,Andrea Gogos,0000-0003-2107-4669,Mental Health Research Institute,5,63,0,3,2022
A5008684643,Farzad Kobarfard,0000-0001-6679-3275,Shahid Beheshti University,3,63,0,0,2013
A5070973875,Anna‐Carin Wihlbäck,0009-0007-5476-1525,University Hospital of Umeå,3,63,3,0,2003
A5040883327,Allison White,0000-0002-4936-8688,West Virginia University,3,63,1,0,2020
A5075879139,David Peter Siderovski,0000-0002-0688-8210,West Virginia University,3,63,0,1,2020
A5000523071,Xiaoyi Liu,0000-0002-1760-4375,Beijing University of Posts and Telecommunications,3,63,2,0,2024
A5063035025,Marta Rychert,0000-0003-4170-1615,Massey University,6,63,0,2,2026
A5017856755,Tobias Kieliba,0000-0002-9238-5336,University of Cologne,3,63,0,0,2019
A5047470048,Guido Pelletti,0000-0003-3263-1758,Azienda USL di Bologna,4,63,1,0,2025
A5018493371,Paolo Fais,0000-0002-2270-9956,University of Bologna,3,63,0,1,2024
A5112741124,Mats Bergström,,GlaxoSmithKline (United Kingdom),3,63,1,0,2022
A5045947279,Andreas Daniel Meid,0000-0003-3537-3205,Heidelberg University,6,63,0,0,2026
A5037178737,Salvador Martin Guinjoan,0000-0002-1958-4259,Laureate Institute for Brain Research,4,63,2,0,2023
A5015234492,Matteo E.M. Vismara,0000-0002-9533-8615,University of Milan,9,63,1,0,2025
A5021315512,Philippe Cestac,,Centre Hospitalier Universitaire de Toulouse,3,63,0,0,2023
A5016442402,Eva G. Katz,0000-0002-6293-1674,Janssen Research & Development (United States),3,63,2,0,2021
A5090931498,Bennett S. Levitan,0000-0001-9069-8446,,3,63,0,2,2021
A5043500597,Soham Rej,0000-0002-3908-9124,Queen's University Belfast,3,62,0,0,2025
A5027742316,John Gardner,0000-0001-7417-348X,Monash Medical Centre,14,62,2,2,2026
A5061829570,Mehdi Mahammadli,,University of Ottawa,4,62,0,0,2024
A5084127621,Iga Stokłosa,0000-0002-7283-5491,Medical University of Silesia,4,62,1,0,2023
A5077142042,Christian N. Schmitz,0009-0005-1908-4026,Heidelberg University,6,62,0,0,2026
A5091612145,Alejandra Mondino,0000-0002-8746-2464,Universidad de la República de Uruguay,3,62,0,0,2021
A5019635231,Carey Wilson,0000-0003-2222-9714,The University of Melbourne,10,62,0,0,2025
A5041661281,Alexia Anjos-Santos,0000-0001-7431-7148,Universidade Federal de São Paulo,5,62,0,0,2023
A5100678721,Xin‐Min Li,0000-0001-8546-8590,University of Alberta,5,62,0,1,2025
A5047650713,Susannah Pick,0000-0003-2001-6723,King's College London,8,62,0,0,2025
A5091597802,Gisela Lima,0000-0003-3452-0824,University of Coimbra,8,62,3,0,2026
A5076512952,Marta Teixeira,0000-0003-3647-6767,University of Coimbra,8,62,0,0,2026
A5101621460,Matthew J. Burke,0000-0003-4999-2330,University of Toronto,3,62,1,0,2026
A5035150766,Daniel Montanini,,Universidade Federal do Rio Grande do Norte,3,62,0,0,2025
A5085321621,Ewerton Teixeira,,Universidade Federal do Rio Grande do Norte,3,62,0,0,2025
A5093673247,Rodrigo Florence-Vilela,,Universidade Federal do Rio Grande do Norte,3,62,0,0,2025
A5111109262,Rosana K. A. de Macedo,,Universidade Federal do Rio Grande do Norte,3,62,0,0,2025
A5051316905,Nicolas Milon,,DemeRx (United States),3,62,0,0,2015
A5033191848,Mari D. Heghinian,,DemeRx (United States),3,62,0,0,2015
A5070147587,Nandor Garamszegi,,DemeRx (United States),3,62,0,0,2015
A5079100962,Ceyda Sayalı,0000-0002-3420-5499,Johns Hopkins University,6,62,3,1,2026
A5028506802,Thomas K. Henthorn,0000-0002-8993-3936,University of Colorado Anschutz,3,62,0,1,2022
A5046285770,Madeline M. Pantoni,0000-0001-6572-0162,,7,62,5,0,2026
A5003136065,Michael D. Wunderli,,University of Zurich,7,62,3,0,2026
A5049538298,Maraine Catarina Tadini,0000-0002-2952-4727,Universidade de São Paulo,4,62,4,0,2023
A5035870131,Marta Semerdžieva,,Czech Academy of Sciences,3,62,2,0,1986
A5068774597,Louis J. Riceberg,,Brandeis University,3,62,3,0,1978
A5091097481,Pedro Rosa‐Neto,0000-0001-9116-1376,Aarhus University,5,62,5,0,2004
A5026776723,Hideaki Watanabe,0000-0002-9367-5167,Aarhus University,4,62,0,0,2004
A5073940625,Richard Jed Wyatt,0009-0004-3343-7046,National Institute of Mental Health,4,62,2,1,1985
A5031159916,R. H. Liu,,Fooyin University,3,62,1,2,2009
A5108482620,Justus Beike,,University of Cologne,3,62,0,0,2017
A5091386357,R.L. Fitzgerald,,Virginia Commonwealth University,3,62,1,0,1990
A5008109512,Corina Schmidhauser,,University of Zurich,3,62,0,0,2016
A5038739874,Alexandra Karden,0009-0002-1314-6124,Medical University of Vienna,3,62,0,1,2025
A5073264801,Anastasio Tini,0000-0001-7814-8038,Marche Polytechnic University,7,62,0,0,2026
A5101404753,Murat Demirtaş,0000-0002-6035-7752,Yale University,3,62,0,0,2021
A5020738134,John Dunlop,0000-0003-2741-6383,AstraZeneca (United States),3,62,0,1,2014
A5090658220,James L. Marini,,Yale University,3,62,2,0,1981
A5003500558,Shurui Cao,0000-0001-6204-9908,Southwest University of Political Science & Law,8,62,3,0,2025
A5037847679,Kateryna Nohejlová,0000-0002-5874-0912,Charles University,4,62,0,0,2018
A5070492897,Fares Qeadan,0000-0002-3376-220X,Loyola University Chicago,4,62,4,0,2025
A5063181032,Dougbédji Fatondji,0000-0002-4804-1050,International Crops Research Institute for the Semi-Arid Tropics,5,62,0,0,2026
A5077515687,Anna Lembke,0000-0002-1352-487X,Stanford Medicine,5,62,0,4,2026
A5040383472,Laurent Martarello,,Biogen (United States),3,62,0,0,2025
A5054805107,Genevieve F. Dash,0000-0002-4394-0700,University of Missouri,4,62,4,0,2023
A5101642416,Yun Lin WU,0000-0003-3394-9880,Anhui Medical University,5,62,0,4,2025
A5035939767,Gregory W. Mattingly,0000-0002-0234-6860,Political Research Associates,3,62,1,0,2025
A5011587262,Lin Sun,0000-0001-7496-7685,Weifang Medical University,5,62,0,4,2024
A5063616061,Niloufar Pouyan,0000-0003-4606-3528,University of Michigan,12,61,6,0,2026
A5018174970,Laura Jackson,0000-0002-3331-9056,Draper Laboratory,3,61,0,0,2023
A5023492117,Paolo Mura,0000-0001-6260-4991,Taylor's University,4,61,0,0,2024
A5110212476,Julien Fontaine,,SKEMA Business School,4,61,0,4,2024
A5003093543,Hannes Sigrist,0009-0004-3662-5376,University of Zurich,3,61,0,0,2026
A5108135089,Markus Rudin,,University of Zurich,3,61,0,2,2020
A5000724733,Grecia Ramirez-Ovalle,0000-0002-0575-0949,Stanford University,3,61,0,0,2023
A5078047182,Ali R. Awan,0000-0002-0011-1865,St Thomas' Hospital,3,61,1,0,2024
A5063285518,Yvonne Bonomo,0000-0003-2583-0687,The University of Melbourne,4,61,1,0,2025
A5010736184,Marianna E. Schmidt,0009-0007-0377-6815,Max Planck Institute for Human Cognitive and Brain Sciences,3,61,0,0,2023
A5087773625,Victor Distefano Wiltenburg,0000-0002-6302-6182,University of Ottawa,3,61,2,0,2024
A5087602950,Sandra D. Comer,0000-0002-8166-548X,Columbia University Irving Medical Center,3,61,0,0,2025
A5059351279,Tigran Makunts,0000-0001-5536-1266,University of California San Diego,4,61,3,0,2024
A5064101943,Ruben Abagyan,0000-0001-9309-2976,University of California San Diego,4,61,0,2,2024
A5077554386,Kate Godfrey,0000-0001-6329-7145,Imperial College London,5,61,2,0,2026
A5074204111,Jan Szczypiński,0000-0002-5682-5840,Medical University of Warsaw,10,61,0,1,2026
A5040247083,Jonathan W. Kanen,0000-0002-4095-5405,Mount Sinai Hospital,4,61,4,0,2025
A5036522374,Qiang Luo,0000-0002-0426-6039,Fudan University,3,61,0,0,2025
A5091066494,Hanneke E.M. den Ouden,0000-0001-7039-5130,Radboud University Nijmegen,3,61,0,3,2025
A5070480193,Thomas Jeff Martin,0000-0003-2800-5308,Wake Forest University Health Sciences,4,61,0,1,2024
A5109074529,Asaf A. Qureshi,,,3,61,2,1,1969
A5100708346,Dan Luo,0000-0001-6408-3165,University of Kentucky,3,61,0,0,2022
A5047821487,Stephan Anagnostaras,0000-0002-6906-1181,University of California System,6,61,0,6,2026
A5057469440,Robert W. Gould,0000-0003-4861-1874,Wake Forest University Health Sciences,5,61,1,2,2021
A5035118593,D. Bailly,0000-0002-2809-0525,Université de Lille,4,61,2,0,2001
A5021761166,Patrick J. Guiry,0000-0002-2612-8569,University College Dublin,4,61,0,0,2007
A5111983297,ALAN K. KEENAN,,University College Dublin,4,61,0,1,2007
A5108085664,Gethin J. McBean,,University College Dublin,4,61,0,3,2007
A5014312299,Fatemeh Kermanian,0000-0001-5625-6820,Alborz University of Medical Sciences,8,61,5,0,2022
A5057510513,Sanghwan In,,National Forensic Institute,4,61,0,0,2023
A5084703314,Miklós Palkovits,0000-0003-0578-0387,Semmelweis University,3,61,0,0,2011
A5037563478,Tony E. Larkin,0000-0002-7470-7039,University of Michigan,5,61,0,0,2026
A5043020317,Paul Picton,0000-0002-9150-3687,University of Michigan,4,61,0,0,2023
A5069132162,Ellen Janke,,University of Michigan,4,61,0,0,2023
A5090551240,Amy McKinney,0000-0002-6659-8135,University of Michigan,4,61,0,0,2023
A5056489564,Diane M. Boland,,Dade County Medical Examiner Department,3,61,2,1,2022
A5001169009,Canjia Zhai,0000-0002-5348-2790,"University of Maryland, College Park",4,61,0,0,2026
A5048686814,Stephan Köhler,0000-0002-2978-0982,Charité - Universitätsmedizin Berlin,4,61,0,3,2019
A5000802991,Jamie S. Egbert,0000-0001-6288-8058,Loyola University Chicago,3,61,0,1,2023
A5037346382,Andrés Canales‐Johnson,0000-0002-2747-8894,University of Cambridge,4,61,0,0,2024
A5017057708,Sameer Jauhar,0000-0002-3878-3659,King's College London,6,61,2,0,2024
A5025385192,Michael D. Kritzer,0000-0002-1921-4418,Harvard University,3,61,2,0,2026
A5041082751,Amy Lehrner,0000-0002-4862-9970,James J. Peters VA Medical Center,8,60,2,1,2026
A5021835786,Tom Kennedy,0000-0003-4621-5974,The University of Queensland,4,60,0,0,2025
A5021635136,Vítor Bruno,0000-0002-1092-523X,Universidade de São Paulo,12,60,8,0,2026
A5075094017,Richard Kanaan,0000-0003-0992-1917,Austin Health,7,60,0,2,2025
A5038640590,Henrique M. Fernandes,0000-0003-1245-0474,Aarhus University,5,60,0,0,2024
A5032427156,Christopher William Fagg,0000-0001-6072-7832,Universidade de Brasília,7,60,0,0,2026
A5105465839,Tiecheng Liu,0009-0004-8533-7143,University of Michigan,7,60,0,0,2025
A5039489164,Wendy D’Andrea,0000-0003-0717-9755,New School,4,60,0,4,2025
A5051820299,Shane Darke,0000-0001-8718-7055,UNSW Sydney,6,60,5,0,2026
A5005221320,Timothy R. Nicholson,0000-0002-2350-2332,King's College London,8,60,0,3,2026
A5017565153,Cees van Leeuwen,0000-0002-4441-2440,Maastricht University,3,60,0,0,2022
A5059713313,Caifeng Ding,0000-0002-5281-0158,Kunming Medical University,3,60,0,1,2025
A5007976560,Lisa A. Lione,0000-0001-6694-6956,University of Hertfordshire,5,60,0,2,2023
A5054788136,Francesco Bavato,0000-0002-3787-6706,University of Zurich,11,60,5,0,2026
A5035572398,Hamed Ekhtiari,0000-0001-6902-8798,University of Minnesota,4,60,0,0,2025
A5080801548,James E. Glazer,0000-0002-4682-2240,Northwestern University,3,60,2,0,2026
A5031236554,Claudio Castellano,0000-0002-3773-3801,National Research Council,6,60,4,1,1979
A5024994932,F. J. A. Matos,0000-0002-1714-0072,Universidade Federal do Ceará,3,60,1,0,1977
A5044613238,Kirsten M. Krebs,,University of California San Diego,3,60,2,1,1994
A5046400387,Grzegorz Kreiner,0000-0003-3719-2889,Maj Institute of Pharmacology,3,60,0,0,2018
A5024738405,Luciano Minuzzi,0000-0001-7532-1851,Aarhus University,5,60,1,0,2009
A5005366049,Mansoureh Soleimani,0000-0003-1482-6519,Iran University of Medical Sciences,5,60,0,1,2015
A5088965171,Sandra M. Nijmeijer,,Utrecht University,3,60,0,0,2011
A5056961169,Suzette M. Evans,0000-0002-5397-2853,Columbia University,3,60,2,0,2026
A5016839955,Franz Moggi,0000-0003-3302-7229,University of Bern,3,60,2,1,2020
A5066186835,Jürgen Jage,,Johannes Gutenberg University Mainz,3,60,3,0,2006
A5109150503,Jerome Levine,,National Institute of Mental Health,3,60,3,0,1966
A5075799959,Primo N. Lara,0000-0001-9512-0002,University of California Davis Medical Center,7,60,0,0,2012
A5075567899,Sébastien Goutal,0000-0001-7797-0740,Centre National de la Recherche Scientifique,3,60,0,0,2026
A5081418514,Marie Therese Bartossek,0000-0003-3108-078X,Technische Universität Dresden,4,60,2,0,2023
A5008067024,Johanna Kemmerer,,Klinikum im Friedrichshain,4,60,0,0,2023
A5049120233,Rayus Kuplicki,0000-0003-2954-6421,Laureate Institute for Brain Research,3,60,0,0,2022
A5101820868,Chen Zheng,0000-0002-4540-2711,Zunyi Medical University,3,60,1,0,2022
A5066942293,Simone Pardossi,0009-0004-3002-529X,University of Siena,3,60,2,0,2026
A5021147260,M.A. Codet,,Janssen (France),8,60,1,0,2024
A5060016115,Edgar Antonio Estrella-Parra,0000-0002-7362-0070,Universidad Autónoma de Tlaxcala,3,59,3,0,2025
A5055994447,Francisco Javier Alarcón-Aguilar,0000-0002-0071-1318,Universidad Autónoma Metropolitana,3,59,0,3,2025
A5044716766,Katie Addicott,,Maine Medical Center,3,59,0,0,2023
A5040818661,Krista J. Siefried,0000-0002-6534-3325,New South Wales Department of Health,10,59,0,1,2026
A5008639309,Manzar Zare,0000-0002-7537-2787,University of Ottawa,3,59,1,0,2025
A5020215901,Ole A. Andreassen,0000-0002-4461-3568,Oslo University Hospital,7,59,0,6,2026
A5010885167,Robert L. Tanguay,0000-0001-6190-3682,Allen Institute for Brain Science,3,59,0,0,2025
A5113916490,Robbert‐Jan Verkes,,Radboud University Nijmegen,10,59,0,8,2021
A5076378104,Trent Emerick,0000-0002-3802-5946,University of Pittsburgh Medical Center,7,59,3,3,2024
A5027614540,Anira Escrichs,0000-0002-6482-9737,Universitat Pompeu Fabra,6,59,0,0,2026
A5052103715,Brandon Richardson,0000-0002-0325-9216,McGill University,5,59,3,0,2026
A5002367723,Carolina Seybert,0000-0003-4028-5648,Champalimaud Foundation,8,59,3,1,2026
A5015673688,Gregory Jones,0000-0002-3959-1077,The University of Texas MD Anderson Cancer Center,8,59,2,1,2026
A5067556860,Michael Van Ameringen,0000-0002-4357-5184,McMaster University Medical Centre,3,59,2,0,2025
A5100282324,Sheida Shadani,,Discovery Institute,7,59,7,0,2026
A5007604702,Zane B. Andrews,0000-0002-9097-7944,Discovery Institute,5,59,0,0,2026
A5100674571,Li Ren,0000-0003-0604-9166,The Affiliated Yongchuan Hospital of Chongqing Medical University,4,59,3,1,2025
A5069126017,Dimitri De Bundel,0000-0002-6234-9908,Vrije Universiteit Brussel,4,59,0,2,2025
A5110605474,Jack Swain,,"Institute of Materials, Minerals and Mining",5,59,3,0,2026
A5001883869,Shampa Ghosh,0000-0002-3252-7216,National Institute of Nutrition,3,59,0,0,2024
A5082781899,Marilia Santoro Cardoso,0000-0002-4558-3209,Universidade Estadual de Campinas (UNICAMP),3,59,2,0,2023
A5010110651,Antonella Campanale,0000-0002-4282-6746,McGill University,4,59,1,0,2026
A5058585089,P B Bradley,,,3,59,3,0,1956
A5066932642,James H. Howard,,University of North Dakota,5,59,5,0,1983
A5017099812,Angela Paterna,0000-0002-4903-4143,University of Lisbon,4,59,3,0,2025
A5057100294,Silva Mulhovo,,Pedagogical University,4,59,0,0,2025
A5024790937,Maria‐José U. Ferreira,0000-0002-8742-1486,University of Lisbon,3,59,0,2,2025
A5036316081,Anca Frinculescu,0000-0002-9892-4812,King's College London,4,59,2,0,2026
A5034863994,Trevor Shine,,"St George's, University of London",3,59,0,0,2024
A5000264069,Jui‐Hu Shih,0000-0001-7884-1246,Tri-Service General Hospital,5,59,2,1,2023
A5055637570,Mirela Praisler,0000-0003-0936-4399,"""Dunarea de Jos"" University of Galati",11,59,1,7,2021
A5041130910,Ann‐Kathrin Stock,0000-0001-7113-4020,Technische Universität Dresden,16,59,0,2,2026
A5073884448,Christian Beste,0000-0002-2989-9561,Technische Universität Dresden,15,59,0,0,2026
A5107118809,Nancy Almand Ator,0000-0001-7969-1470,Johns Hopkins University,3,59,0,1,2013
A5109002552,Rebecca Mattern,,University Hospital Heidelberg,3,59,0,0,2011
A5101001966,Buyi Xu,,Sichuan Police College,3,59,1,0,2022
A5009689583,Hallvard Gjerde,0000-0003-1465-3128,Oslo University Hospital,6,59,3,2,2023
A5069746808,Justyna Hobot,0000-0002-4464-6415,Jagiellonian University,11,59,0,0,2026
A5066214647,Kamkam Woumou,,Institut d'Économie Rurale,4,59,1,2,2024
A5010380553,Julián Urrutia,0000-0001-9708-2353,Yale University,4,59,1,0,2025
A5039688980,Vaskar Das,,Rush University Medical Center,3,59,2,0,2025
A5113554756,Asokumar Buvanendran,0000-0002-5126-3068,Rush University Medical Center,3,59,0,1,2025
A5002968416,Davide Papola,0000-0001-6482-8593,University of Verona,3,59,0,0,2022
A5067530063,Tiziano Acciavatti,0000-0001-6400-6995,Agenzia Sanitaria Regionale Abruzzo,3,59,0,0,2025
A5052397088,Alessandro Carano,,,3,59,0,0,2025
A5043394863,Matteo Lupi,0000-0002-3183-0096,,3,59,2,0,2025
A5065805342,Ana María Ortiz Bernal,0000-0003-3304-6497,University of Wisconsin–Madison,6,58,2,0,2025
A5041372559,Jamie Beachy,0009-0009-9513-7862,Multidisciplinary Association for Psychedelic Studies,5,58,2,1,2026
A5085230038,Eleanor White,0000-0002-6498-0242,Australian Regenerative Medicine Institute,3,58,1,0,2024
A5101545617,Liming Zhang,0000-0002-9071-8985,Institute of Pharmacology,3,58,0,3,2026
A5024916325,Suporn Sukpraprut‐Braaten,0000-0002-3789-7996,Kansas City University,4,58,0,2,2024
A5029986844,Regina Célia de Oliveira,0000-0001-7891-2630,Universidade de Brasília,9,58,2,5,2026
A5034604911,Adam S. Hogendorf,0000-0003-3311-3266,Maj Institute of Pharmacology,5,58,0,0,2024
A5006523340,Ryszard Bugno,0000-0003-3741-674X,Maj Institute of Pharmacology,5,58,0,0,2024
A5022670452,Agnieszka Nikiforuk,0000-0002-2424-8348,Maj Institute of Pharmacology,5,58,0,1,2024
A5029647740,Bernd Brabec de Mori,0000-0002-2150-4924,Philipps University of Marburg,4,58,4,0,2021
A5008175255,Rubén García‐Cabrerizo,0000-0001-5835-5531,Health Research Institute of the Balearic Islands,5,58,5,0,2025
A5027045017,Hélène Richard-Lepouriel,0000-0002-0778-3728,University of Geneva,4,58,0,1,2026
A5055892687,Marianna Mazza,0000-0002-3007-8162,Agostino Gemelli University Polyclinic,5,58,0,0,2024
A5082589193,Emil Märcher-Rørsted,0000-0002-2783-6655,University of Copenhagen,5,58,2,0,2025
A5022760671,Mona Eliasson,,Uppsala University,3,58,3,0,1977
A5004378300,Karl Verebey,,,3,58,2,1,1994
A5069126678,Prescott T. Leach,,University of Michigan,4,58,0,0,2025
A5088492215,Alana Oakly,,Victoria University of Wellington,3,58,2,0,2019
A5105358160,Robert W Kerwin,,King's College London,3,58,0,0,2012
A5017451361,Helen Salouros,0000-0002-0513-6332,National Measurement Institute,5,58,3,2,2019
A5077703791,Masumi Iwai,,Chiba University,3,58,0,0,2025
A5037711789,Stephen M. Liebowitz,,,3,58,0,0,1980
A5109086128,Simon M. N. Efange,,University of Buea,4,58,2,0,2006
A5001664593,Françoise Saurini,0000-0002-5107-2114,Inserm,4,58,0,0,2008
A5053639649,Radu Oprean,0000-0001-7708-3367,Iuliu Hațieganu University of Medicine and Pharmacy,3,58,0,1,2023
A5108558574,Marcus Sherode Delatte,,Louisiana State University Health Sciences Center New Orleans,3,58,0,0,2024
A5012555377,Ana Sofia Alberto‐Silva,0000-0001-5662-0581,Medical University of Vienna,4,58,3,0,2024
A5011759192,Jean J. Schensul,0000-0003-2786-2340,Institute For Community Research,3,58,0,2,2018
A5106415090,Carlos Van Peteghem,,Ghent University,4,58,3,0,2001
A5003820375,Dina Manetti,0000-0002-5881-6550,University of Florence,5,58,0,0,2025
A5046381036,María Novella Romanelli,0000-0002-5685-3403,University of Florence,5,58,0,0,2025
A5034981595,Anton Luf,0000-0003-4013-7135,Medical University of Vienna,4,58,0,0,2023
A5080323147,Peter S. Talbot,0000-0003-3492-0801,University of Manchester,3,58,0,0,2023
A5086070470,J. L. Evenden,,University of Delaware,5,58,3,2,2008
A5062248507,Jorge Verdú-Andrés,0000-0002-7261-4488,Universitat de València,3,58,0,1,2016
A5022823228,Hiroyuki Kamakura,,National Institute of Health Sciences,3,58,0,0,2008
A5002692749,Anne Line Bretteville‐Jensen,0000-0001-5356-2777,Norwegian Institute of Public Health,5,58,2,1,2022
A5044827511,Laura Mills,0000-0002-0969-2002,University of the Sunshine Coast,4,58,4,0,2023
A5037696083,Diethart Schmid,0000-0002-2225-9836,Medical University of Vienna,4,58,0,0,2018
A5026501484,Derek Peak,0000-0002-8876-3605,University of Saskatchewan,4,58,0,4,2016
A5067324265,Francesco Errico,0000-0002-3636-7395,CEINGE Biotecnologie Avanzate Franco Salvatore (Italy),3,58,1,0,2015
A5112278557,Ma. Elena Medina-Mora,,Instituto Nacional de Psiquiatría Ramón de la Fuente Muñiz,3,58,2,0,2012
A5015658461,Chengyu Wang,0000-0003-0516-332X,Guangzhou Medical University,3,58,0,0,2026
A5106541601,Chenyang Xu,0000-0003-3827-4544,Nanjing Maternity and Child Health Care Hospital,3,58,0,0,2025
A5102858570,Carlo Ignazio Cattaneo,0000-0002-6930-8105,,5,58,0,1,2026
A5051901548,Tingting Zhu,0000-0002-6146-9676,Chiba University,3,58,1,0,2024
A5046135404,Noah Chisamore,0000-0003-3325-5854,University Health Network,13,57,4,0,2026
A5012567636,Ezekiel Emanuel,0000-0002-9796-5735,University of Pennsylvania,3,57,0,1,2025
A5074023433,Nicole Fadahunsi,0000-0001-8333-7167,University of Copenhagen,3,57,3,0,2025
A5090584338,Christoffer Clemmensen,0000-0003-2456-9667,University of Copenhagen,3,57,0,3,2025
A5078131240,Tracey Varker,0000-0002-7139-062X,The University of Melbourne,3,57,3,0,2026
A5050978353,Jaclyn M. Winter,0000-0001-6273-5377,University of Utah,3,57,0,0,2022
A5013686072,Júlia Sonsin‐Oliveira,0000-0002-4905-8145,Universidade de Brasília,5,57,0,2,2023
A5047132385,Zarah R. Haniff,0000-0002-1771-3205,King's College London,3,57,2,0,2024
A5031517880,Corel Yakobi,,Hadassah Medical Center,3,57,0,0,2023
A5039931035,Michal Saban,,Hadassah Medical Center,3,57,0,0,2023
A5063668744,Adham Salama,,Hadassah Medical Center,3,57,0,0,2023
A5002885546,Elad Lerer,,Hadassah Medical Center,4,57,1,0,2026
A5108315379,Ruibin Su,0000-0002-8286-9759,,8,57,0,7,2026
A5007494402,Pavel Mohr,0000-0002-9851-3271,Charles University,4,57,2,0,2025
A5060138037,Dhakshin Ramanathan,0000-0002-5212-3067,University of California San Diego,11,57,0,6,2026
A5078829093,Hui Yan,0000-0002-1204-9165,Institute of Forensic Science,4,57,0,2,2025
A5078508373,Kerem Böge,0000-0001-8263-4936,Medizinische Hochschule Brandenburg Theodor Fontane,5,57,0,0,2026
A5019202413,Praachi Tiwari,0000-0003-1762-0217,Johns Hopkins University,8,57,4,0,2026
A5052956885,Ali Razmi,0000-0001-8480-3588,"Academic Center for Education, Culture and Research",4,57,0,2,2024
A5030605254,Marta Lapo Pais,0000-0001-8593-0810,University of Coimbra,7,57,2,0,2025
A5024072533,Yasser Khazaal,0000-0002-8549-6599,Centre Hospitalier Universitaire Vaudois,3,57,1,0,2025
A5030291531,Ivani Brys,0000-0001-7859-1160,Lund University,4,57,2,0,2023
A5089573141,Elias Eriksson,0000-0002-4128-2046,University of Gothenburg,3,57,0,3,2026
A5073475150,Adam M. Leventhal,0000-0002-1217-525X,University of Southern California,3,57,0,2,2024
A5112444858,D. C. Dyer,,University of Washington,3,57,1,2,1977
A5020998015,Michael E Davis,0000-0001-7666-4856,Yale University,3,57,3,0,1975
A5091124177,Desirée B. Spronk,0000-0002-9334-3971,Trimbos Institute,3,57,1,0,2025
A5050464958,Marcello Solinas,0000-0002-0664-5964,Inserm,5,57,0,0,2025
A5038306729,Timothy Leary,,,3,57,3,0,1993
A5025324679,Dallas K. Bates,,Michigan Technological University,4,57,0,4,1981
A5000053450,NELLA MISON-CRIGHEL,,,10,57,5,2,1971
A5065008828,Dariusz Zuba,0000-0001-5133-1756,,4,57,1,2,2016
A5024651931,Yoshio Minabe,,Hamamatsu University,5,57,0,1,2003
A5088401686,Megan M. W. Straiko,0000-0001-5053-7920,University of Cincinnati,4,57,3,0,2010
A5008937989,Melissa C. Selinger,0009-0009-1418-5118,University of Florida,4,57,0,0,2012
A5005951890,Julia Radenkova–Saeva,,"National Institute of Emergency Medicine ""Pirogov""",3,57,1,0,2021
A5029809756,R. Francis Schlemmer,,University of Illinois Chicago,3,57,2,0,1986
A5074388483,Ivan Casselman,,Southern Cross University,3,57,2,1,2018
A5031636756,David S. Galstyan,0000-0001-6220-3485,St Petersburg University,5,57,0,0,2024
A5066252280,Jens Damsgaard Mikkelsen,0000-0001-9824-7359,NeuroSearch (Denmark),3,57,0,1,2014
A5100405787,Ping Zhang,0000-0002-0269-104X,Beijing University of Posts and Telecommunications,5,57,1,4,2026
A5032294999,Florina Maria Truta,,Iuliu Hațieganu University of Medicine and Pharmacy,3,57,1,0,2024
A5025904541,Mihaela Tertiş,0000-0003-2572-6724,Iuliu Hațieganu University of Medicine and Pharmacy,3,57,0,0,2024
A5083893342,Olga V. Kupriyanova,0000-0002-3615-0049,Kazan State Medical University,5,57,0,0,2024
A5008087509,Håvard Furuhaugen,0000-0002-8870-0428,Oslo University Hospital,5,57,0,1,2024
A5011427604,Emma Davies,0000-0003-3577-3276,Oxford Brookes University,8,57,0,0,2026
A5011970588,Marloes Kleinjan,0000-0002-4545-5549,Utrecht University,3,57,0,1,2023
A5037418657,Felicitas Wagener,,German Sport University Cologne,3,57,0,0,2024
A5046000181,Young Geun Shin,0000-0002-7135-8988,Chungnam National University,5,57,0,1,2018
A5002861174,Musa Basseer Sami,0000-0002-4420-8618,University of Nottingham,7,57,6,1,2024
A5075075614,Pierluigi Politi,0000-0002-4602-2032,University of Pavia,3,57,0,1,2025
A5113528214,Alan L. Mueller,,,3,57,1,2,2000
A5107901832,Sophie Bouju,,Janssen (France),3,57,0,2,2022
A5002579654,Lucca S. Souza,0000-0001-6003-5537,Universidade Federal da Bahia,4,57,0,0,2022
A5087398570,Aditi Shah,0000-0002-7260-8256,,13,57,0,0,2025
A5053048205,Bessel A. van der Kolk,0000-0003-4790-4907,Brain Trauma Foundation,3,56,3,0,2026
A5035024500,Shreyas Bhat,0000-0001-7019-9180,Institute of Pharmacology,4,56,4,0,2023
A5092986716,Julia Czurylo,,University of Southern Denmark,4,56,0,0,2026
A5047405265,Agnete Overgaard,0000-0003-2058-9986,Copenhagen University Hospital,4,56,0,0,2023
A5076638767,Donald Sharpe,0000-0001-9890-9383,University of Regina,3,56,0,3,2023
A5079480008,Danielle Schlosser,0000-0001-7652-0924,Pathfinder International,3,56,0,0,2023
A5035647193,Mai Himedan,,Johnson & Johnson (United States),4,56,0,0,2026
A5082990162,Janika Ruuska,0000-0002-3978-2033,University of Southern Denmark,4,56,0,0,2026
A5001361324,Emilia Carbone,0000-0001-9095-2838,Regione Campania,3,56,0,0,2026
A5100595075,Kirran Ahmad,,Imperial College London,5,56,0,0,2026
A5055559084,Hsiao‐Ying Wey,0000-0002-1425-8489,Harvard University,9,56,0,4,2025
A5005897405,Juuso Kähönen,0000-0003-3945-3368,University of Helsinki,6,56,4,0,2025
A5020926759,Mary Tresa Zanda,0000-0003-4459-6937,Temple College,3,56,0,0,2024
A5017625090,Fabio Friso,0000-0001-5427-956X,Instituto Nacional de Rehabilitación,10,56,0,0,2025
A5056098144,Ahnjili Zhuparris,0000-0002-1413-1648,Radboud University Nijmegen,3,56,1,0,2021
A5102944466,Ian D. Watson,0000-0003-2294-3715,Aintree University Hospital,3,56,0,0,1999
A5090786394,Polona Jamnik,0000-0001-7648-4767,University of Ljubljana,3,56,0,0,2012
A5071586144,Borut Štrukelj,,University of Ljubljana,3,56,0,3,2012
A5091306679,Peter Kovacic,,San Diego State University,4,56,4,0,2015
A5050938986,Nirmal Bhide,,University of Cincinnati,4,56,2,0,2013
A5029394233,Yang Lü,0000-0002-9945-9166,Harvard University,3,56,1,0,2015
A5012277231,Justin M. Holler,,Armed Forces Institute of Pathology,3,56,1,0,2019
A5024424191,Raminta Daniulaityte,0000-0001-6507-3866,Wright State University,3,56,2,1,2009
A5031177060,Pamela J. Durant,,Indiana University School of Medicine,4,56,0,0,2015
A5075550558,Cláudia Margalho,0000-0003-1661-0367,National Legal Medicine Institute,4,56,3,0,2019
A5108789259,Ting‐I Lai,,National Taiwan University Hospital,4,56,2,1,2006
A5035169308,Cheng‐Chung Fang,0000-0001-5386-6674,National Taiwan University,4,56,1,2,2006
A5036030208,Jon Waldron,0000-0002-2094-6114,University College London,6,56,1,0,2025
A5021246814,Á. Palma,,Hospital Del Mar,5,56,0,0,2017
A5050574735,Unax Lertxundi,0000-0002-9575-1602,University of the Basque Country,3,56,0,2,2026
A5011236976,Marie Gérardin,0000-0001-7404-6325,Centre Hospitalier Universitaire de Nantes,4,56,0,0,2020
A5017240795,Patrick H. Hughes,0000-0002-2343-8377,,3,56,1,0,1992
A5086578802,Emily S. Gillissie,0000-0003-3469-8788,University Health Network,3,56,0,0,2022
A5113021296,Miriam G. Mooij,,Erasmus MC - Sophia Children’s Hospital,4,56,4,0,2017
A5054464938,Nikolaos Pitsikas,0000-0002-5119-8227,University of Thessaly,3,56,3,0,2018
A5101449743,Patrick J McNamara,0000-0003-2756-0887,Boston University,6,56,6,0,2024
A5025351706,Abigail M. Freeman,0000-0003-2465-0174,University College London,5,56,2,0,2022
A5052113458,Ian Colman,0000-0001-5924-0277,University of Ottawa,4,56,0,1,2026
A5048625554,Andreas Duma,0000-0001-6335-5392,Universitätsklinikum Tulln,4,56,0,0,2026
A5088278842,Marco Niello,0000-0002-0518-5791,Medical University of Vienna,5,55,0,0,2024
A5046465972,Ben Carter,0000-0003-0318-8865,King's College London,3,55,0,0,2026
A5072798102,Paul Nagib,0000-0001-8538-3116,Emory University,7,55,0,0,2026
A5063473999,Melissa Whippo,,"Lesbian, Gay, Bisexual and Transgender Community Center",3,55,0,3,2023
A5047075726,Carolina Maggio,0000-0001-5550-5557,South London and Maudsley NHS Foundation Trust,9,55,0,0,2026
A5048557173,Victoria Williamson,0000-0002-3110-9856,King's College London,6,55,0,1,2025
A5036339125,Kim Roddy,,,3,55,0,0,2025
A5037455916,Ana Carolina Luchiari,0000-0003-3294-7859,Universidade Federal do Rio Grande do Norte,3,55,0,3,2018
A5074130161,Mary K. Lear,0000-0003-2540-9534,Oregon Clinic,5,55,1,1,2025
A5040714759,Kat F. Kiilerich,0009-0000-8769-6968,Copenhagen University Hospital,3,55,2,0,2023
A5020400356,Mengfei Xiong,0000-0002-4666-3884,University of Copenhagen,3,55,0,0,2023
A5075345095,Agata Casado-Sainz,0000-0002-8219-9222,Copenhagen University Hospital,3,55,0,0,2023
A5017611220,Nelson Francisco Correa-Netto,0000-0002-8106-8888,Faculdade de Ciências Médicas da Santa Casa de São Paulo,4,55,2,0,2020
A5061059143,Kaixin Huang,0000-0002-9746-7947,Discovery Institute,4,55,0,0,2026
A5044072275,Hermany Munguba,0000-0002-8480-8423,Cornell University,3,55,0,0,2024
A5045433632,Erin Greaves,0000-0001-9165-5851,Discovery Institute,3,55,0,0,2024
A5039407232,Jihane Homman‐Ludiye,0000-0001-6689-1457,Australian Regenerative Medicine Institute,4,55,0,0,2026
A5090963559,Michael S. Placzek,0000-0002-5224-6024,Harvard University,6,55,3,0,2024
A5088869241,Brian Holoyda,0000-0002-8634-6090,Contra Costa Health Services,8,55,6,1,2026
A5092786416,Alan C. Courtes,,The University of Texas Health Science Center at Houston,4,55,3,0,2026
A5088242621,Charline Bottinelli,0000-0002-4779-0666,Luminex (United States),13,55,7,2,2026
A5112906833,M. C. Ramage,,University of North Carolina at Chapel Hill,3,55,0,0,2025
A5082410691,Alice Ameline,0000-0002-1117-0887,,17,55,2,2,2025
A5084364321,João Quevedo,0000-0003-3114-6611,The University of Texas Health Science Center at Houston,7,55,0,2,2026
A5023038599,Sarah J. Hill,,Scripps Research Institute,3,55,3,0,2023
A5089374061,Kate L. White,0000-0001-8894-9621,University of North Carolina at Chapel Hill,5,55,1,0,2015
A5088963813,Gerald Falkenberg,0000-0002-2229-1027,,3,55,3,0,1972
A5033436520,Diana Warshay,,The Ohio State University,4,55,0,4,1969
A5000233653,E Crighel,,,8,55,2,5,1970
A5050729207,Ian S. Blagbrough,0000-0003-0307-4999,University of Bath,3,55,0,1,2025
A5044335769,Román Serrat,0000-0001-5530-2135,Instituto de Salud Carlos III,3,55,0,0,2014
A5107632676,Eduardo Soriano,0000-0001-9260-9291,Instituto de Salud Carlos III,3,55,0,1,2014
A5027215216,William T. Carpenter,0000-0002-3141-9838,,3,55,2,0,2008
A5064719503,V. Ferraz-de-Paula,,Universidade de São Paulo,6,55,4,0,2014
A5013787759,Cláudia P.B. Martins,,University of Manchester,4,55,1,1,2010
A5076484904,Jeffrey Bonnici,,OLVG,4,55,1,0,2026
A5113495063,William O. Boggan,,University of Chicago,3,55,1,1,1982
A5034339136,Paul C. Moser,0000-0002-6887-3508,,4,55,3,1,1993
A5077852420,Ivan Langa,0000-0002-6164-1122,Cooperativa de Ensino Superior Politécnico e Universitário,4,55,2,0,2024
A5002921425,Serge Schneider,0000-0003-0485-8269,Laboratoire National de Santé,3,55,1,1,2025
A5008693128,Boniek G. Vaz,0000-0003-1197-4284,Universidade Federal de Goiás,8,55,0,5,2021
A5010399141,Lucina E. Lizarraga,0000-0001-5395-9192,University of Arizona,3,55,2,0,2014
A5000585914,Christina Grumann,0000-0003-3240-1848,University of Freiburg,3,55,2,0,2026
A5086889048,Ami Rokach,0000-0002-8057-6776,,4,55,4,0,2003
A5049849503,Fátima Martel,0000-0002-0525-3416,Universidade do Porto,4,55,0,4,2018
A5014346550,Alexandre Marchand,0000-0002-2670-6939,Agence française de lutte contre le dopage,3,55,1,2,2021
A5060281565,Vincent Giampietro,0000-0002-9381-8201,King's College London,5,55,0,0,2021
A5078882442,Longbin Zheng,0000-0002-3020-7307,Nanjing Medical University,3,55,3,0,2023
A5005018294,Wenbo Liang,0000-0002-8534-8529,Nanjing Medical University,3,55,0,0,2023
A5101521626,Zhiqiang Ren,0000-0003-1583-7877,Nanjing Medical University,3,55,0,0,2023
A5007681223,Brianne Brown,0000-0002-5856-6344,Johnson & Johnson (United States),3,55,0,1,2025
A5055495598,Qiang Fu,0000-0002-3232-4224,Third People's Hospital of Chengdu,4,55,0,2,2023
A5005012109,Mark S. George,0000-0003-1767-1815,Medical University of South Carolina,4,54,0,0,2025
A5036897187,Andrew Hodge,0000-0003-0726-0836,,3,54,3,0,2023
A5033336432,Robert Strayhan,,California Institute of Integral Studies,3,54,0,2,2023
A5075148149,Francis Rodriguez Bambico,0000-0001-8221-9986,Memorial University of Newfoundland,3,54,0,1,2025
A5073220617,Andreea O. Diaconescu,0000-0002-3633-9757,Centre for Addiction and Mental Health,7,54,0,7,2025
A5101226022,Benke Hong,0009-0000-7557-8278,Westlake University,7,54,0,0,2025
A5038639784,Benjamin R. Lichman,0000-0002-0033-1120,York University,6,54,0,0,2025
A5000965551,Mariano Kaliterna,0000-0002-1748-7586,Klinički Bolnički Centar Split,4,54,0,0,2024
A5024121606,Laura Smit‐Rigter,0000-0001-9767-1318,Trimbos Institute,6,54,0,3,2025
A5066212399,Isis M. Ornelas,0000-0002-8765-3324,D’Or Institute for Research and Education,7,54,2,0,2026
A5062849213,Melaine N. Sebastian,,Louisiana State University Health Sciences Center New Orleans,3,54,0,0,2020
A5029936389,Edmundo Lopez-Sola,0000-0002-9062-4428,Universitat Pompeu Fabra,15,54,3,1,2026
A5052226942,Richard Matzopoulos,0000-0001-9063-6210,South African Medical Research Council,4,54,2,0,2026
A5042337225,Robert Morlock,0000-0002-8723-2562,,4,54,0,0,2026
A5023581436,Christiane Montag,0000-0002-3307-276X,Humboldt-Universität zu Berlin,4,54,0,2,2026
A5041682968,Gesche Jűrgens,0000-0002-3317-8118,OLVG,4,54,0,0,2026
A5031558806,Carlos Zúbaran,0000-0002-3313-8503,Universidade Federal do Rio Grande do Sul,3,54,3,0,2000
A5046845518,Joel Elkes,,,3,54,1,2,1967
A5112789071,A. J. Hutt,,King's College London,3,54,0,0,2002
A5030875271,Linda P. Dwoskin,,University of Minnesota,3,54,2,0,1988
A5003579304,Sebastián A. Barrientos,0000-0001-6693-2685,Lund University,4,54,0,0,2024
A5012023326,Pär Halje,0000-0003-4009-1747,Lund University,5,54,1,2,2024
A5007939686,Per Petersson,0000-0001-6697-0171,Lund University,4,54,0,2,2024
A5109638415,A. Cowan,,Temple University,3,54,1,2,2008
A5051156582,A. BROSSI,0009-0003-5954-7537,National Institutes of Health,3,54,1,2,1993
A5104358602,Richard M. Hill,,The Ohio State University,4,54,2,0,1973
A5008067693,Jon Clardy,0000-0003-0213-8356,Harvard University,3,54,0,1,2014
A5002872855,Celso Arango,0000-0003-3382-4754,Universidad Complutense de Madrid,6,54,0,1,2025
A5042277071,Shaul Schreiber,0000-0002-2189-0693,Tel Aviv University,6,54,0,0,2026
A5048373929,Enrique García‐España,0000-0002-4601-6505,Universitat de València,4,54,0,3,2010
A5101415169,Alain Souza,0000-0001-5485-4181,Université des Sciences et Techniques de Masuku,3,54,1,0,2020
A5047017537,Andreas von Ameln-Mayerhofer,0000-0003-2827-1585,University of Tübingen,5,54,0,3,2014
A5046200410,Débora B. S. Soares,,Universidade Federal de Minas Gerais,3,54,2,0,2021
A5006868497,Blažena Cagáňová,0000-0002-2773-2717,OLVG,3,54,0,0,2026
A5083031695,Òscar Miró,0000-0001-8127-166X,Hospital Clínic de Barcelona,5,54,1,0,2026
A5079749691,Adrian M. Moughty,,OLVG,3,54,0,0,2026
A5041041347,Raido Paasma,,OLVG,3,54,0,0,2026
A5055215212,Kristiina Põld,,OLVG,3,54,0,0,2026
A5026664762,Guillermo Burillo Putze,0000-0001-5679-7846,Universidad Europea de Canarias,4,54,1,1,2024
A5074258972,Melanie Menge,,,3,54,1,0,2006
A5108485778,B. Gómez,,Universidad Autónoma de Madrid,3,54,0,0,1992
A5030625731,Peter L. Katavic,0000-0002-6295-4323,University of Iowa,3,54,0,0,2008
A5113487109,Ray H. Liu,,University of Alabama at Birmingham,3,54,1,1,2017
A5028922629,Pedro J. Caballero Vallés,,Hospital Universitario 12 De Octubre,3,54,3,0,2008
A5112667463,Jorge Jonathan Oswaldo Garza‐García,0000-0001-6307-6908,University of New Brunswick,4,54,0,0,2024
A5013117438,Mohammadamin Shahsavarani,0000-0002-7011-2775,University of New Brunswick,4,54,1,0,2024
A5054928199,WHJ Vaes,,Netherlands Organisation for Applied Scientific Research,6,54,0,1,2019
A5071637040,Vasileia Kotoula,0000-0002-6391-0285,King's College London,5,54,2,0,2026
A5048233145,Sherry Lam,,National Institute on Drug Abuse,3,54,0,0,2022
A5065538415,Meghan L. Carlton,,National Institute on Drug Abuse,3,54,0,0,2022
A5064992398,Juan L. Gomez,0000-0003-3170-9904,National Institute on Drug Abuse,3,54,0,0,2022
A5056446196,Marta Sánchez‐Soto,0000-0003-3343-5628,National Institute of Neurological Disorders and Stroke,3,54,0,0,2022
A5101907681,Hongwei Sun,0000-0001-7645-8593,Weifang Medical University,3,54,0,0,2024
A5040380017,Haoning Guo,,Mianyang Third People's Hospital,3,54,3,0,2025
A5027943498,Shuying Yuan,,Mianyang Third People's Hospital,3,54,0,0,2025
A5091210687,Silin Wu,0009-0005-4340-7817,Mianyang Third People's Hospital,3,54,0,0,2025
A5024916990,Miaoquan He,,Mianyang Third People's Hospital,3,54,0,0,2025
A5101875963,Jisheng Wang,0009-0003-4482-4220,Mianyang Third People's Hospital,3,54,0,2,2025
A5100367374,Gang Wang,0000-0002-4118-7372,Capital Medical University,3,54,0,1,2023
A5100775054,Zhongyu Wang,0000-0002-4188-643X,Zhengzhou University,3,54,0,0,2024
A5113200747,Susanna Myers,,Cape Town HVTN Immunology Laboratory / Hutchinson Centre Research Institute of South Africa,5,53,0,0,2026
A5030340063,Bonnie A. McGregor,0000-0003-0531-9347,Integrative Medicine Institute,5,53,0,1,2026
A5006008799,Tânia Marcourakis,0000-0002-0076-5017,Universidade de São Paulo,11,53,0,5,2026
A5016544445,Jennifer S. Jewell,0000-0002-6434-529X,Denver Health Medical Center,6,53,2,0,2026
A5002925558,Caroline T. Golden,0000-0003-2530-3975,Pathways Behavioral Services,9,53,2,0,2026
A5040983228,Peter Tanuseputro,0000-0002-4409-0795,University of Hong Kong,5,53,1,1,2026
A5086634784,Jessica L. Nielson,0000-0002-3677-3959,University of Minnesota System,8,53,4,0,2025
A5008794047,Ciarán Martin Fitzpatrick,0000-0002-9996-4541,,3,53,1,0,2022
A5023604084,Steffen Thirstrup,0000-0003-0903-682X,European Medicines Agency,4,53,0,3,2025
A5072901635,Thomas Riemer,0000-0002-8068-3192,Humboldt-Universität zu Berlin,8,53,0,3,2026
A5110325256,Alexander Dawson,,"University at Albany, State University of New York",27,53,26,1,2024
A5107168524,C Donegan,0009-0005-6936-4587,University of Auckland,8,53,5,0,2026
A5084936260,Luc Humbert,,Centre Hospitalier Universitaire de Lille,16,53,0,0,2025
A5066743819,David I. Astrachan,,Yale University,3,53,0,0,1980
A5043868283,K. Ranga Rao,0009-0000-6194-007X,University of West Florida,3,53,2,1,1975
A5046626524,Milton Fingerman,,Tulane University,3,53,1,2,1975
A5110124257,Salvatore J. Salamone,,,3,53,1,2,1997
A5015012824,Chunhua Wei,0000-0001-9674-2727,Yale University,4,53,0,4,1974
A5034154404,Dane Aronsen,,Victoria University of Wellington,8,53,5,1,2016
A5003490961,David M. Cole,0000-0001-9260-0430,University of Basel,14,53,0,0,2026
A5005588636,B.L. Roth,,,7,53,0,0,2020
A5075956212,Lorena do Nascimento Pantaleão,,Universidade de São Paulo,3,53,3,0,2013
A5082660459,Jan Dirk Blom,0000-0003-3214-903X,Leiden University,5,53,2,3,2025
A5078091303,Laleska Brunelle Queiroz Lima,0000-0001-9662-6865,Instituto Venezolano de Investigaciones Científicas,4,53,4,0,1994
A5103883926,Lucimey Lima,,Instituto Venezolano de Investigaciones Científicas,3,53,3,0,1993
A5003753139,Michaela Fujáková,,National Institute of Mental Health,5,53,0,0,2014
A5068111260,Lolke P. Pepplinkhuizen,,Erasmus MC,4,53,1,1,2003
A5010705838,Merel van Nuland,0000-0003-1763-7334,The Netherlands Cancer Institute,5,53,4,0,2022
A5052691668,Noriyuki Fuku,0000-0001-7792-5835,Juntendo University,5,53,0,0,2017
A5041990344,Georgie Bruinvels,0000-0002-9352-7228,St Mary's University Twickenham London,5,53,0,0,2017
A5077827992,Charles R. Pedlar,0000-0002-3075-9101,St Mary's University Twickenham London,5,53,0,0,2017
A5080293244,Richard J. Burden,0000-0002-2811-5454,St Mary's University Twickenham London,5,53,0,0,2017
A5033695752,Brendan Yee,,Affymetrix (United States),5,53,0,0,2017
A5079884421,Anne Keenan,0000-0001-5601-2682,University of Glasgow,5,53,0,0,2017
A5062071364,John McClure,0000-0003-4839-5462,University of Glasgow,5,53,0,0,2017
A5030597698,Carla Hayes,,University of Bridgeport,3,53,0,0,1979
A5048750714,Daniel Eichner,,,4,53,0,1,2023
A5091889351,Jonathan Thomas Elliott,0000-0002-8485-0234,Dartmouth College,5,53,1,0,2025
A5035122641,Zofia Rogóż,0000-0002-8538-3594,Maj Institute of Pharmacology,3,53,0,0,2016
A5074139693,Markus Kosel,0000-0001-7030-3208,University Hospital of Geneva,3,53,0,1,2021
A5017408775,Giovanni Camardese,0000-0002-8139-9230,Università Cattolica del Sacro Cuore,5,53,0,1,2026
A5022150947,Raoul Bitar,,University of Zurich,3,52,0,0,2025
A5066226340,Christina Rossgoderer,,University of Zurich,3,52,0,0,2025
A5116616854,Maeva Thévenaz,,University of Zurich,3,52,0,0,2025
A5093582215,Yara Kreis,,University of Zurich,3,52,0,0,2025
A5030523325,Carlos Nordt,0000-0002-1156-152X,University of Zurich,3,52,0,0,2025
A5053196078,Prashanth Puspanathan,0000-0001-6941-9764,,3,52,0,1,2024
A5019999427,Benjamin J. B. Bréant,0000-0002-1885-3963,University of Oxford,5,52,3,0,2026
A5061367170,Vladyslav V. Vyazovskiy,0000-0002-4336-6681,University of Oxford,5,52,0,5,2026
A5023475644,Julie M. Deleemans,0000-0001-8645-0990,University of Calgary,7,52,1,0,2026
A5037446509,Damian Świeczkowski,0000-0002-5648-4652,Nicolaus Copernicus University,19,52,16,1,2026
A5041436032,Dila Suay,0000-0002-5268-9992,University of Zurich,11,52,5,0,2026
A5006671236,Ilhui A Wicki,0000-0002-5511-7981,University of Zurich,6,52,0,0,2025
A5030253248,Aleksandra Nikolić‐Kokić,0000-0002-1116-2035,University of Belgrade,8,52,1,0,2024
A5074919455,Zorana Oreščanin-Dušić,0000-0002-2772-0134,University of Belgrade,9,52,1,0,2024
A5047512493,Min Shen,0000-0001-8979-0122,Institute of Forensic Science,3,52,0,0,2021
A5031016300,Roman Stanaszek,0000-0002-6864-6858,Centralne Laboratorium Kryminalistyczne Policji,8,52,1,5,2025
A5077906288,Alex R. Kelman,0000-0003-0780-7619,Ontario Centre of Excellence for Child and Youth Mental Health,3,52,0,1,2025
A5017070785,Alina Wilkowska,0000-0001-7258-6811,Gdańsk Medical University,8,52,6,0,2026
A5012899367,Matthew D. DeMars,0000-0002-7268-5286,Max Planck Institute for Chemical Ecology,5,52,3,0,2024
A5053072299,Christopher L. Robinson,0000-0002-6276-9056,Brigham and Women's Hospital,4,52,3,0,2024
A5056731763,Víctor Echeverry‐Alzate,0000-0001-9059-3513,Universidad Nebrija,4,52,0,1,2026
A5058100282,Elena Giné,0000-0001-6305-6237,Universidad Complutense de Madrid,3,52,0,0,2026
A5048378222,Andrea Ossato,0000-0001-8984-4733,Università Cattolica del Sacro Cuore,3,52,1,0,2019
A5109707330,Milan Chytil,,,5,52,0,0,2025
A5103579203,Sharon Engel,,,3,52,0,0,2025
A5007569728,Livia Goto‐Silva,0000-0001-7750-6921,D’Or Institute for Research and Education,5,52,0,0,2024
A5038834764,Dario Jalilzadeh Masah,0000-0001-8326-3399,Humboldt-Universität zu Berlin,4,52,1,0,2026
A5066533515,R Naquet,,Centre National de la Recherche Scientifique,4,52,0,4,1980
A5081407597,Steven J. McNall,,Stanford Medicine,3,52,2,0,1984
A5072685462,John R. Bergen,,Clark University,5,52,3,1,1972
A5035965102,Henriette H. Gettner,,,10,52,4,1,1980
A5001987869,Mandel Lr,,,3,52,2,0,1977
A5111708490,Douglas M. Ho,,Harvard University,3,52,0,0,2013
A5088595128,John S. Oliver,0000-0002-5489-0737,University of Glasgow,3,52,0,1,2000
A5058555511,Jakub Schimmelpfennig,0009-0005-3355-1153,Uniwersytet SWPS,3,52,3,0,2025
A5043119460,Kamila Jankowiak-Siuda,0000-0002-0210-2487,Uniwersytet SWPS,3,52,0,3,2025
A5074347135,Charles Patrick France,0000-0001-5157-6307,National Institute on Drug Abuse,3,52,1,2,2008
A5051294116,Johannes C. Brengelmann,,Maudsley Hospital,3,52,3,0,1959
A5041058651,Julia Seibert,,University of Basel,4,52,4,0,2015
A5080271134,Tatyana V. Strekalova,0000-0001-9937-5600,Maastricht University,3,52,0,0,2022
A5022216753,Elena V. Petersen,0000-0002-8150-7553,Moscow Institute of Physics and Technology,3,52,0,0,2022
A5047812841,Karsten Ruscher,0000-0001-7211-2499,Lund University,3,52,1,0,2012
A5046872712,Samira Djezzar,0000-0003-2413-230X,Hôpital Fernand-Widal,7,52,0,6,2021
A5111756378,Peter Gaudenz Waser,,University of Zurich,5,52,2,2,1978
A5085718667,Thomas J. Riedlinger,,Harvard University,3,52,3,0,1994
A5034307447,Jennifer Debenham,0000-0002-9596-9484,The University of Sydney,5,52,4,0,2024
A5060582118,Martin G. Schmid,0000-0003-0055-660X,University of Graz,3,52,0,3,2026
A5021374083,Kristin Nash,,University Medical Center Groningen,3,52,0,0,2026
A5013972202,Deirdre Ruane,,University of Kent,4,52,4,0,2017
A5038448217,Toru Nishikawa,0000-0001-6636-7540,Tokyo Medical and Dental University,7,52,2,5,2018
A5048960705,Markus Dold,0000-0001-8914-2192,Medical University of Vienna,5,52,1,0,2025
A5078789772,Jan Spijker,0000-0003-1480-9647,Pro Persona,4,52,0,0,2025
A5109394231,Roseanne Lane,,Janssen Research & Development (United States),14,52,0,0,2024
A5112802077,Chris Adrian,,Children's Hospital of Los Angeles,3,51,1,0,2023
A5052719456,Mu‐Hong Chen,0000-0001-6516-1073,Taipei Veterans General Hospital,8,51,6,1,2025
A5030345952,Melanie Ganz,0000-0002-9120-8098,University of Copenhagen,3,51,0,0,2026
A5046629784,Lena Oestreich,0000-0002-4978-7794,The University of Queensland,9,51,2,4,2026
A5057147486,Quynh Nguyen,0000-0003-1330-9026,Miami University,3,51,0,0,2024
A5028069840,Lucas M. Friedberg,,Miami University,3,51,1,0,2024
A5101443569,Zhiguo Yu,0000-0003-1493-8932,Shenyang Pharmaceutical University,3,51,0,0,2021
A5050397107,Tiago Franco de Oliveira,0000-0003-2594-8415,Universidade Federal de Ciências da Saúde de Porto Alegre,10,51,0,8,2026
A5058988830,Jamila Hokanson,,Yale University,13,51,1,1,2026
A5051702844,Felix Scholkmann,0000-0002-1748-4852,University of Zurich,8,51,4,0,2025
A5039906500,Theodore D. Satterthwaite,0000-0001-7072-9399,University of Pennsylvania,8,51,0,5,2026
A5034301856,Paul S. Regier,0000-0002-7942-1654,University of Pennsylvania,5,51,2,0,2026
A5038386548,Roberto De Filippo,0000-0002-4085-9114,Allen Institute for Brain Science,5,51,4,0,2026
A5101991197,Sandeep Singh,0000-0002-8106-8220,Hebrew University of Jerusalem,3,51,1,0,2022
A5084849836,Philippe De Deurwaerdère,0000-0002-1226-3516,Université de Bordeaux,5,51,1,3,2025
A5068863461,Chloe Rybicki-Kler,0000-0002-5359-088X,University of Michigan,3,51,0,0,2025
A5008966469,Brendan Le Daré,0000-0002-5907-2450,Inserm,5,51,4,0,2022
A5063835119,Naama Levy‐Cooperman,,,4,51,3,0,2026
A5028378129,Cameron Adams,,,4,51,1,0,2019
A5085364808,Jitka Annen,0000-0002-7459-4345,University of Liège,7,51,0,3,2026
A5113435842,Beverly Kovacic,,University of Michigan,3,51,1,1,1979
A5109812923,Mario E. Alburges,,University of Utah,3,51,3,0,2000
A5032223085,Ágnes K. Mike,,Medical University of Vienna,3,51,0,0,2013
A5103087233,Péter Lukács,0000-0001-5790-9715,Medical University of Vienna,3,51,0,0,2013
A5045513187,Juliana Midori Toia Katayama,,Universidade de São Paulo,5,51,1,1,2021
A5088939137,Ren Iwata,0000-0001-5400-2472,Tohoku University,3,51,0,1,1986
A5040760654,Jolanta Kochana,0000-0002-6256-8078,Jagiellonian University,6,51,5,0,2008
A5004864557,Kyu Hyuck Chung,0000-0003-4283-0742,Sungkyunkwan University,3,51,0,2,2012
A5025313365,Melissa A. Bodnar Willard,,Michigan State University,4,51,4,0,2019
A5111883395,Victoria L. McGuffin,,Michigan State University,4,51,0,1,2019
A5100733413,Xianbin Wang,0000-0003-4890-0748,Western University,15,51,0,5,2026
A5015210332,Kora DeBeck,0000-0003-2045-1653,Simon Fraser University,4,51,0,3,2024
A5041647188,Lucas Richert,0000-0002-5593-4383,University of Wisconsin–Madison,9,51,6,2,2023
A5042234460,Arne W. Hovin,,,3,51,1,1,1979
A5023039989,Cláudia Cavadas,0000-0001-8020-9266,Centro de Neurociências e Biologia Celular,3,51,0,2,2011
A5109499211,Xueting Shao,,Dalian Maritime University,3,51,0,0,2024
A5041203070,Degao Wang,0000-0002-0841-2793,Dalian Maritime University,3,51,0,3,2024
A5016470715,Ute Pyell,0000-0002-5461-0707,Philipps University of Marburg,3,51,0,1,2013
A5016995290,Linn Gjersing,0000-0003-0829-2020,Norwegian Institute of Public Health,4,51,1,0,2020
A5100608883,Kyung‐Hee Kim,0000-0003-0214-0296,Brock University,3,51,1,0,2024
A5016595085,François Lompo,,Institut de l'Environnement et Recherches Agricoles,4,51,0,1,2019
A5041516219,Brit Silja Rohr,,Heidelberg University,3,51,3,0,2024
A5047341072,Frederick W. Larsen,,National Institutes of Health,4,51,0,4,2008
A5100604904,Xiaobin Wang,0000-0003-1302-9104,Southwest Medical University,7,51,0,7,2025
A5002830650,Zachary Bosshardt,0009-0000-3082-8667,Emory University,3,50,1,0,2025
A5025914309,Crosbie Watler,,Island Health,6,50,0,2,2026
A5006133654,Sebastiaan Werten,0000-0003-2244-9688,Universität Innsbruck,4,50,0,3,2024
A5003346151,Paola Rodrı́guez,0000-0003-3535-6093,Universidad de la República de Uruguay,5,50,2,0,2024
A5078611912,Salvatore Campanella,0000-0002-7331-5906,Université Libre de Bruxelles,3,50,0,1,2024
A5041913822,Heather Olsen,0000-0002-1494-3910,Health and Hospital Corporation,3,50,0,0,2026
A5102895907,Laura de la Fuente,0000-0002-8580-5857,Favaloro University,5,50,0,0,2025
A5086293407,Alexander De Foe,0000-0002-5532-3291,Monash University,8,50,1,4,2026
A5109668492,Claudius Elsner,,University of Zurich,5,50,0,0,2025
A5093581955,Alexandra Hempe,,Technische Universität Dresden,5,50,0,0,2025
A5113433757,C. R. Steinhart,,SIB Swiss Institute of Bioinformatics,5,50,0,0,2025
A5022830508,Kiffer G. Card,0000-0001-6545-1249,Simon Fraser University,7,50,3,0,2023
A5109703463,Mauro Scala,,Universidad Europea de Madrid,3,50,3,0,2026
A5021743002,Giuseppe Fanelli,0000-0001-7930-563X,Radboud University Nijmegen,3,50,0,1,2026
A5046572401,Paul Summergrad,0000-0001-9991-6761,Tufts University,3,50,2,0,2024
A5002251483,Stefan Leucht,0000-0002-4934-4352,Technical University of Munich,5,50,0,0,2026
A5061811239,Hideaki Tani,0000-0002-8782-0399,Keio University,6,50,1,0,2025
A5004038831,Adrian Hase,0000-0003-3072-706X,University of Fribourg,3,50,2,0,2026
A5028152392,Pehr Granqvist,0000-0003-0747-5028,Stockholm University,12,50,0,9,2026
A5071367022,James Oluwagbamigbe Fajemiroye,0000-0001-7440-7581,Universidade Federal de Goiás,6,50,1,4,2026
A5049587248,Robert R. Edwards,0000-0003-4873-0443,Brigham and Women's Hospital,4,50,1,0,2023
A5090979518,Dietmar Schmitz,0000-0003-2741-5241,German Center for Neurodegenerative Diseases,4,50,0,4,2024
A5051344799,Arnold Dihrberg,,,4,50,0,3,2016
A5078771543,Tyler S. Kaster,0000-0002-5299-4794,Centre for Addiction and Mental Health,8,50,1,0,2025
A5078371495,Rif S. El‐Mallakh,0000-0002-4992-8016,University of Louisville,5,50,3,1,2026
A5090436407,Varro E. Tyler,,University of Washington,5,50,2,3,1979
A5082062213,John R. Richards,0000-0003-1251-3877,University of California Davis Medical Center,3,50,2,0,2020
A5003052957,Élson Alves Costa,0000-0003-1996-0901,Universidade Federal de Goiás,5,50,0,0,2023
A5024698554,Elisabet Teixidó,0000-0002-0146-876X,Universitat de Barcelona,4,50,1,0,2023
A5010730267,John R. Grothusen,0000-0001-5751-5388,University of Pennsylvania,3,50,0,0,2021
A5051650140,Stephany L. Tandy,,Indiana University – Purdue University Indianapolis,3,50,0,0,2005
A5055774253,Bryan D. McElroy,,University of Pittsburgh,3,50,0,0,2025
A5039338360,Myrna R. Rosenfeld,0000-0001-5095-2534,,3,50,2,0,1981
A5103280846,Andy V. Phan,0000-0003-2170-0332,University of Colorado Denver,3,50,0,0,2019
A5053659921,Yeun‐Mun Choo,0000-0001-9891-5898,University of Malaya,3,50,0,0,2019
A5110887130,I. HREBÍČKOVÁ,,Charles University,3,50,0,0,2017
A5061086784,Mária Ševčíková,,Charles University,3,50,0,0,2017
A5074771047,A. Knapp,0000-0002-7128-3074,Hôpital Raymond-Poincaré,7,50,2,0,2026
A5103393448,Ronald J. Peters,,,3,50,0,2,2007
A5032124426,Jochen Schrooten,,,3,50,0,0,2025
A5004046897,Matthew Baldock,0000-0003-0689-1388,The University of Adelaide,4,50,3,1,2022
A5054700399,Jacques Bruinvels,,Erasmus University Rotterdam,4,50,3,1,1988
A5108698670,Jinsong Ni,,Allergan (United States),3,50,3,0,2012
A5005554747,Mark J. Benvenga,,Eli Lilly (United States),3,50,1,1,2019
A5108482789,Stephen F. Chaney,,Eli Lilly (United States),3,50,0,0,2019
A5059048471,Leif Z. Scheick,0000-0003-3346-2327,Jet Propulsion Laboratory,3,50,3,0,2003
A5031108819,Leo G. Abood,,University of Rochester Medicine,6,50,2,3,1982
A5005257759,Nicolas Salem,,Biogen (United States),3,50,0,0,2025
A5085556975,Tetsuya Suhara,0000-0003-2916-225X,Japan Science and Technology Agency,3,50,0,1,2016
A5008687314,Rebecca Anne Pope,0000-0001-6889-589X,University College London,3,50,0,0,2022
A5043217726,Brian J. Mickey,0000-0002-7847-7680,University of Utah,7,50,0,0,2025
A5054062963,Beatrice Benatti,0000-0003-0539-7150,University of Milan,10,50,0,0,2026
A5115589198,Jing Wang,0000-0002-3793-3264,Capital Medical University,3,50,0,0,2023
A5042973352,Ana María González-Pinto,0000-0002-2568-5179,University of the Basque Country,6,50,1,0,2025
A5044554133,Nigel Strauss,,Melbourne Clinic,5,49,2,0,2025
A5078165559,Sandy R. Shultz,0000-0002-2525-8775,Australian Regenerative Medicine Institute,6,49,1,3,2026
A5061926206,Amy Hauck Newman,0000-0001-9065-4072,National Institutes of Health,5,49,0,2,2023
A5045533041,Alberte Wollesen Breum,0000-0002-8399-4308,University of Copenhagen,3,49,0,0,2025
A5001954122,Hugh McGovern,,Deakin University,9,49,6,0,2026
A5009046602,Kevin A. Schug,0000-0003-4817-9508,The University of Texas at Arlington,3,49,0,3,2025
A5002969658,Nora D. Volkow,0000-0001-6668-0908,National Institutes of Health,4,49,1,0,2026
A5029712264,Evan Lewis-Healey,0000-0002-5914-5277,Brighton and Sussex Medical School,10,49,7,0,2026
A5064946477,Joachim Neumann,0000-0001-5018-3851,Martin Luther University Halle-Wittenberg,7,49,4,2,2025
A5038198504,Ulrich Gergs,0000-0001-6986-485X,Martin Luther University Halle-Wittenberg,7,49,2,5,2025
A5006554285,Sharmin Ghaznavi,0000-0002-3773-9760,Harvard University,4,49,3,0,2025
A5078569776,Lisa Fredenburg,,"University of California, San Francisco",3,49,0,0,2026
A5014162780,Kengo Yonezawa,0009-0006-4953-0004,Keio University,5,49,1,0,2025
A5022888550,Georges Massiot,0000-0002-3507-8559,Centre National de la Recherche Scientifique,3,49,1,1,2026
A5070859670,David Fabregat‐Safont,0000-0002-2918-227X,Universitat Jaume I,3,49,1,0,2023
A5001332900,Katherine L. Mills,0000-0002-9714-1832,The University of Sydney,4,49,0,2,2026
A5078478674,Bayissi Bading-Taïka,0000-0002-5586-2578,University of Hertfordshire,4,49,4,0,2020
A5046032429,Steffen Sinning,0000-0001-6971-6929,Yale University,5,49,1,3,2019
A5060070540,Anthony L. Riley,0000-0003-3770-0652,American University,16,49,0,12,2026
A5028279927,Matthias Lehr,0000-0003-1645-7913,University of Münster,3,49,0,0,2014
A5050456741,Ghorban Taghizadeh,0000-0002-0145-9599,Iran University of Medical Sciences,3,49,3,0,2020
A5035308709,Hajar Mehdizadeh,0000-0002-4325-8875,Tehran University of Medical Sciences,3,49,0,0,2020
A5101777358,Mohammad Sharifzadeh,0000-0001-9171-468X,Tehran University of Medical Sciences,3,49,0,2,2020
A5079751092,Manuj Ahuja,0000-0002-4846-8249,Auburn University,3,49,0,0,2016
A5111368548,C. M. B. Pare,,,5,49,3,0,1968
A5003938065,Desiree L. Allen,,University of Glasgow,3,49,2,0,2000
A5051283897,Farshid Sadeghipour,0000-0003-0817-5393,University of Geneva,3,49,1,0,1998
A5079241702,Jean‐Luc Veuthey,0000-0002-7513-3241,University of Geneva,3,49,0,2,1998
A5112514784,Elizabeth B. de Sousa Fernandes Perna,,Maastricht University,4,49,1,0,2020
A5008039357,Brandon J. Stamper,,University of Mississippi,3,49,1,0,2025
A5091694024,Murrell Godfrey,0000-0002-2596-0310,University of Mississippi,3,49,0,1,2025
A5080809571,Jae Chul Cheong,0000-0001-7082-8979,Supreme Prosecutors Office of the Republic of Korea,3,49,1,0,2008
A5064930489,Raehannah J. Jamshidi,,The University of Texas at San Antonio Health Science Center,3,49,1,0,2022
A5103539737,Laura C. Sullivan,,The University of Texas at San Antonio Health Science Center,3,49,1,0,2022
A5076525705,Louise Birrell,0000-0002-1335-1382,The University of Sydney,5,49,0,1,2025
A5021716448,Jannis Dinkelacker,0000-0003-0343-8473,Tilburg University,5,49,1,3,2023
A5088544437,Idriss Sermé,,Institut de l'Environnement et Recherches Agricoles,5,49,0,0,2026
A5101992086,David E. Williams,0000-0002-6958-1566,Oregon State University,3,49,0,3,2023
A5053546348,John Daniel Cahill,0000-0002-6623-5860,Yale University,3,49,2,0,2018
A5073872303,Suhas Ganesh,0000-0003-1833-1986,Yale University,4,49,3,0,2026
A5088055981,Andrea Huppertz,0000-0001-7393-1250,Heidelberg University,3,49,2,0,2019
A5041791625,Qingqin S. Li,0000-0003-4182-4535,Janssen Research & Development (United States),3,49,3,0,2023
A5113985988,Taiane de A. Cardoso,,McMaster University,3,49,0,0,2023
A5088104887,Guangyou Duan,0000-0002-6199-7882,Second Affiliated Hospital of Chongqing Medical University,4,49,0,2,2024
A5030860744,Nils C. Gassen,0000-0002-4265-3398,University of Bonn,3,49,0,1,2021
A5046498611,Sivan Schipper,,Spital Uster,4,48,2,0,2025
A5027417286,Tobias Søgaard Juul,,Copenhagen University Hospital,3,48,1,0,2024
A5090137323,Cheneal Puljević,0000-0002-3658-9772,The University of Queensland,9,48,0,3,2026
A5023698042,Vwaire Orhurhu,0000-0002-2794-738X,University of Pittsburgh Medical Center,4,48,0,0,2024
A5010272892,Zurika Murray,0000-0002-1836-3040,University of the Free State,3,48,1,0,2026
A5103154694,Óscar Soto-Angona,0000-0003-0234-4280,Universitat Autònoma de Barcelona,9,48,2,2,2026
A5049919699,Britt Hofmann,0000-0002-2379-9623,University Hospital in Halle,6,48,0,0,2025
A5084665529,Marvin M. Urban,,Heidelberg University,3,48,2,0,2026
A5026095038,Julia Rohde,0009-0005-0719-6565,Johns Hopkins University,4,48,0,0,2024
A5000258984,Paweł Holas,0000-0002-4210-3396,University of Warsaw,6,48,5,1,2025
A5008212869,Alain Baert,0000-0003-1056-6553,Centre Hospitalier Universitaire de Rennes,6,48,0,0,2022
A5088035424,Renaud Bouvet,0000-0003-3002-6829,Centre Hospitalier Universitaire de Rennes,5,48,0,1,2021
A5018380909,Döst Öngür,0000-0001-8151-5759,Harvard University,3,48,1,0,2024
A5000523561,Lewis Couchman,0000-0002-0464-7886,"St George's, University of London",3,48,1,0,2025
A5023092024,Lukas Roediger,0000-0002-1179-6054,Humboldt-Universität zu Berlin,4,48,0,1,2026
A5110618176,John Eustice O’Brien,,Trinity College Dublin,4,48,0,0,2020
A5004505963,A.S. Sai-Halász,,,3,48,2,0,2000
A5082089624,Michael Collins,0000-0001-6423-0161,National Measurement Institute,5,48,2,1,2022
A5019123080,John Brown,,Australian National University,6,48,2,1,2014
A5113925596,Plutarco Naranjo,,,3,48,3,0,1983
A5087737186,David J. Greenblatt,0000-0003-4719-6226,Tufts University,3,48,1,1,2023
A5029439758,Théo Willeman,0000-0002-0348-7171,Centre Hospitalier Universitaire de Grenoble,15,48,9,2,2026
A5080131782,Steluța Gosav,0000-0002-9076-595X,"""Dunarea de Jos"" University of Galati",7,48,3,0,2020
A5041868780,Satoshi Deyama,0000-0002-5502-9746,Kanazawa University,5,48,3,0,2023
A5056997312,Paola Marrocu,,University of Cagliari,3,48,1,0,2002
A5039205749,Tai Nguyen‐Ky,,University of Southern Queensland,4,48,4,0,2026
A5013921441,Takashi Hakamatsuka,,National Institute of Health Sciences,3,48,0,0,2021
A5036909810,Damian Bartuzi,0000-0001-9927-376X,Medical University of Lublin,3,48,2,0,2025
A5059100019,Agnieszka Anna Kaczor,0000-0001-8679-9623,Medical University of Lublin,3,48,0,2,2025
A5048692133,Emma Louise Barrett,0000-0003-0540-5691,The University of Sydney,3,48,0,0,2024
A5064879007,Paul T. Maruff,0000-0002-6947-9537,The University of Melbourne,3,48,0,1,2024
A5110529055,Asami Umino,,Tokyo Medical and Dental University,4,48,0,0,2017
A5081401284,Ludivine Boudieu,0000-0002-4774-9313,Centre National de la Recherche Scientifique,3,48,1,0,2025
A5039846974,Dingding Wang,0000-0002-2554-0324,Eye & ENT Hospital of Fudan University,3,48,0,0,2024
A5077071562,Wenshan Zhai,,Nanjing University of Chinese Medicine,4,48,0,0,2026
A5059388549,Karina Sergi,,Pacific States University,5,47,0,0,2026
A5005981632,Tim Mantingh,0000-0002-3414-6388,King's College London,6,47,0,1,2026
A5012049055,Robson Savoldi,0000-0002-4031-4288,Universidade Federal de Pernambuco,7,47,6,1,2023
A5017599520,Dimitria Electra Gatzia,0000-0003-2330-2661,University of Akron,3,47,1,2,2024
A5014953700,Lauren Okano,0000-0001-9280-0555,,3,47,1,0,2024
A5023120401,Jessika Urbanavicius,0009-0009-0203-4339,Instituto de Investigaciones Biológicas Clemente Estable,4,47,0,0,2023
A5052949752,Sara Fabius,0009-0008-2556-0369,Instituto de Investigaciones Biológicas Clemente Estable,5,47,0,0,2023
A5023018921,Daniela M. Peluso,0000-0001-6276-3247,University of Kent,9,47,8,0,2025
A5112082597,Andrew A. Herring,,University of Massachusetts Chan Medical School,3,47,0,3,2024
A5060733256,David Martı́nez-Vargas,0000-0002-6392-1670,Instituto Nacional de Psiquiatría Ramón de la Fuente Muñiz,5,47,0,1,2026
A5116132701,Romária Bárbara da Costa Bezerra,,Universidade Federal do Rio Grande do Norte,3,47,0,0,2026
A5064184266,Noemí Santana,0000-0003-1485-5416,Centro de Investigación Biomédica en Red de Salud Mental,4,47,0,0,2019
A5058760354,Melissa L. Perreault,0000-0002-5775-8950,University of Guelph,4,47,2,0,2026
A5103079864,Samuel E. Williamson,0009-0002-0108-8764,Usona Institute,7,47,3,0,2026
A5074753906,Nikhil R. Tasker,0000-0002-9293-979X,University of Pittsburgh,6,47,2,0,2024
A5059452468,Mahima Bansal,0000-0002-8077-0886,University of Auckland,4,47,1,0,2025
A5113566845,Ying‐Jun Cao,,University of Illinois Chicago,3,47,1,1,1997
A5085073644,Hans Weidmann,,Sandoz Group AG (Switzerland),6,47,6,0,1960
A5084514956,Ana Beatriz Fagundo,0000-0003-1703-9457,Universitat Autònoma de Barcelona,3,47,2,0,2011
A5080968621,Noriyuki Kogure,,Chiba University,3,47,0,0,2025
A5108195576,Robert A. Roth,,Michigan State University,4,47,3,1,1980
A5110157252,S.N. Pradhan,,Howard University,5,47,1,4,1979
A5090592292,Susan Adele Welsh,,Victoria University of Wellington,3,47,2,0,2018
A5078615730,Jan Bert Gramsbergen,0000-0002-2032-5123,University of Southern Denmark,5,47,2,0,2009
A5017916478,Hossein Haghir,0000-0003-1066-2369,Mashhad University of Medical Sciences,4,47,0,3,2015
A5087602431,Walter J. Cretney,,,3,47,0,0,1970
A5091391810,Philip Le Quesne,,,3,47,0,0,1970
A5029785550,Bruce McKague,,,3,47,0,0,1970
A5021333644,Weiping Peng,,Weizmann Institute of Science,3,47,2,1,2004
A5038870948,Malcolm J. Boyce,0000-0001-8807-612X,Hammersmith Medicines Research,3,47,0,0,2026
A5101845274,Mohammad Yasin Karami,0000-0001-8767-5817,Mazandaran University of Medical Sciences,8,47,8,0,2016
A5017229105,Sanzio Candeletti,0000-0001-8905-7393,University of Bologna,5,47,0,0,2026
A5067718462,Ellen Ann Walker,0000-0002-9323-7896,Temple University,6,47,2,3,2019
A5000932276,Aurora J.A.E. van de Loo,0000-0002-0016-9151,Utrecht University,3,47,1,0,2022
A5028155072,Joris C. Verster,0000-0002-6455-2096,Utrecht University,8,47,0,5,2022
A5117136334,Anna M. M. Vernier,0000-0001-7226-4417,"University of California, Davis",3,47,0,0,2026
A5040033261,Piero Chiacchiaretta,0000-0003-1089-9809,University of Chieti-Pescara,3,47,0,0,2023
A5058481418,Carlo Sestieri,0000-0002-3057-3382,University of Chieti-Pescara,3,47,0,0,2023
A5079527213,Antonio Ferretti,0000-0002-8459-0129,University of Chieti-Pescara,3,47,0,0,2023
A5051200036,Fataneh Dabaghian,,Iran University of Medical Sciences,3,47,0,0,2013
A5061649099,Lê Minh Giang,0000-0003-3370-4453,Hanoi Medical University,3,47,0,2,2024
A5039013685,Alida Cosenza,0000-0003-3161-469X,University of Palermo,3,47,2,0,2018
A5020439920,Carmelo Massimo Maida,0000-0002-6989-9259,University of Palermo,3,47,1,1,2018
A5069634726,Donatella Piscionieri,,"Azienda Ospedaliera Universitaria Policlinico ""Paolo Giaccone"" di Palermo",3,47,0,0,2018
A5047556982,Francesca Di Gaudio,0000-0002-5910-5750,"Azienda Ospedaliera Universitaria Policlinico ""Paolo Giaccone"" di Palermo",3,47,0,0,2018
A5007377992,Gaspare Viviani,0000-0002-0497-9557,University of Palermo,3,47,0,2,2018
A5049859311,Owen Bowden‐Jones,0000-0001-7361-3041,Central and North West London NHS Foundation Trust,8,47,4,4,2022
A5042253752,Dima Abdulrahim,,Central and North West London NHS Foundation Trust,8,47,4,4,2022
A5088225817,Felicitas Ernst,,Humboldt-Universität zu Berlin,4,47,0,0,2023
A5060512263,Michael H. Bloch,0000-0003-0352-4080,Yale University,9,47,2,0,2025
A5010531755,Alwin D. R. Huitema,0000-0003-1939-4639,Utrecht University,5,47,0,1,2024
A5013644644,Tsontcho Ianchulev,0000-0002-9893-5909,New York Eye and Ear Infirmary,6,47,3,3,2023
A5078719332,Lukas Witt,,Heidelberg University,3,47,1,0,2016
A5055147040,Francisco González‐Sáiz,0000-0002-1545-4457,Universidad de Granada,3,47,1,0,2017
A5082267696,Giovanni Bartolucci,0009-0003-4557-5369,Università Cattolica del Sacro Cuore,3,47,0,0,2024
A5006764886,Oliver J. Lopena,,Janssen Scientific Affairs (United States),4,47,0,1,2025
A5036093248,Boney Joseph,0000-0002-1576-9344,Mayo Clinic,3,47,1,0,2024
A5101683597,Christopher J. Hammond,0000-0003-3540-8201,Johns Hopkins University,3,46,0,1,2023
A5050260720,Tahlia R. Harrison,0009-0004-1300-6337,University of Ottawa,3,46,3,0,2025
A5040074320,Ana Gradillas,0000-0001-7290-5210,Universidad San Pablo CEU,3,46,0,0,2021
A5012487569,Jacek Kurzepa,0000-0002-7524-8831,Medical University of Lublin,3,46,0,0,2022
A5045347211,Hanna M. Tolle,0000-0003-1837-8442,Imperial College London,5,46,3,0,2025
A5010050973,Valeria Buzzelli,0000-0003-4647-7405,Roma Tre University,3,46,1,0,2026
A5010844563,Viviana Trezza,0000-0002-3922-6045,Roma Tre University,4,46,0,4,2026
A5071673808,Rachael Grazioplene,0000-0001-8708-4531,Yale University,7,46,0,0,2026
A5012979660,Shaun Hurley,0009-0007-4173-1669,Pathways Behavioral Services,5,46,0,0,2026
A5005098704,Eugenii A. Rabiner,0000-0003-3612-6687,Invicro (United Kingdom),5,46,0,0,2026
A5067499997,Marc N. Potenza,0000-0002-6323-1354,Yale University,4,46,1,0,2024
A5024505824,Martha N. Havenith,0000-0002-2329-7500,Ernst Strüngmann Institute for Neuroscience,9,46,2,3,2026
A5022211050,Adam Bayes,0000-0002-2976-822X,Black Dog Institute,4,46,3,0,2025
A5082001219,Oskar Enghoff,0000-0002-2155-9474,Aarhus University,3,46,1,0,2025
A5047479125,B. Sklarofsky,,Cold Spring Harbor Laboratory,4,46,0,0,1960
A5040416458,F Sicuteri,,University of Florence,3,46,1,2,1977
A5037040395,MORRIS EDWARD OPLER,,Claremont Colleges,4,46,4,0,1939
A5076355167,Ratnasamy Somanathan,0000-0003-1220-082X,Instituto Tecnológico de Tijuana,3,46,0,2,2015
A5002193945,Giorgia Sprega,0009-0009-7368-7193,Marche Polytechnic University,5,46,2,0,2026
A5090980325,Ramón Martínez‐Máñez,0000-0001-5873-9674,Universitat de València,5,46,0,1,2026
A5054560856,Tamara Vasiljevik,,University of Kansas,3,46,2,0,2014
A5026341546,Brian Edward Perron,0009-0008-4865-451X,University of Michigan,4,46,3,0,2026
A5110121854,D.A. Kalbhen,,University of Bonn,4,46,4,0,2008
A5007308039,Antje Opitz,0000-0001-6106-1307,Technische Universität Dresden,8,46,2,0,2026
A5113489499,Martin M. Katz,,,3,46,1,2,1971
A5015816495,Martin R. Graf,0000-0001-5539-5597,Temasek Life Sciences Laboratory,3,46,1,1,2024
A5080014850,Marion Girardot,0000-0001-9445-3139,Centre National de la Recherche Scientifique,3,46,3,0,2012
A5073988774,Christiane Deregnaucourt,,Centre National de la Recherche Scientifique,3,46,0,0,2012
A5054883303,Alexandre Deville,,Centre National de la Recherche Scientifique,3,46,0,0,2012
A5027600122,Lionel Dubost,,Centre National de la Recherche Scientifique,3,46,0,0,2012
A5072369511,Lengo Mambu,0000-0002-6700-2647,Centre National de la Recherche Scientifique,3,46,0,3,2012
A5034179903,Jean Guilhem,,Centre National de la Recherche Scientifique,3,46,0,0,1983
A5113625260,J Vetulani,,Maj Institute of Pharmacology,5,46,3,1,2006
A5100725992,Peng Paul Wen,0000-0003-0939-9145,University of Southern Queensland,3,46,0,0,2013
A5100443879,Yan Li,0000-0002-4694-4926,University of Southern Queensland,3,46,0,3,2013
A5111446482,Tsuyoshi Goromaru,,Fukuyama University,6,46,0,6,1993
A5024894163,Akiko Inomata,0000-0001-7111-4791,Tokyo Metropolitan Institute of Public Health,4,46,0,3,2023
A5019658199,Markus Alexander Rothschild,0000-0001-8408-6478,University of Cologne,5,46,0,3,2022
A5048027042,Carolin Hühn,0000-0001-6865-1043,Philipps University of Marburg,3,46,3,0,2007
A5012451264,Nathan J. Lachowsky,0000-0002-6336-8780,University of Victoria,6,46,0,2,2022
A5011209027,Kerry Ann Armstrong,0000-0002-3871-7862,University of the Sunshine Coast,3,46,0,1,2021
A5042956311,Connor Burns,0009-0008-9365-3612,Presage Biosciences (United States),254,46,0,1,2025
A5071882311,Aminata Bicego,0000-0003-2796-040X,University of Liège,3,46,0,0,2024
A5084213165,Matteo Carminati,0009-0004-9014-0273,IRCCS Ospedale San Raffaele,6,46,2,0,2026
A5118969723,Wei Wang,0000-0002-2281-8706,University of Electronic Science and Technology of China,3,46,0,2,2024
A5104263384,Owen S. Muir,,,7,45,1,6,2025
A5111180758,Joshua Woolley,,San Francisco VA Medical Center,7,45,0,4,2026
A5060868416,Cynthia Lam,0000-0003-1434-7411,University of Cambridge,3,45,0,0,2023
A5102885522,Joyce Santos de Jesus,0009-0000-9587-5421,University of Basel,3,45,0,0,2025
A5062521491,Rosana Camarini,0000-0002-8131-6108,Universidade de São Paulo,8,45,1,0,2026
A5059880836,José Beethoven Figueiredo Barbosa,,Universidade Federal do Rio de Janeiro,3,45,0,0,2024
A5046534116,Enrico Amico,0000-0001-6705-9689,University of Birmingham,5,45,0,3,2026
A5055275304,Marije E. Otto,0000-0002-5767-604X,Leiden University,10,45,3,0,2026
A5059173163,Basant Pradhan,0000-0003-4788-3819,Cooper University Hospital,3,45,1,0,2023
A5008957561,Caroline Rutherford,0000-0001-8611-0523,Columbia University,4,45,0,0,2024
A5048539054,Brian D. Kangas,0000-0002-4597-9801,McLean Hospital,7,45,0,3,2026
A5115003013,Gabriela Sawicka,0009-0006-5991-7691,Universitat Pompeu Fabra,6,45,1,0,2026
A5079782164,Himanshu Khandelia,0000-0001-9913-6394,University of Southern Denmark,6,45,0,5,2025
A5017250248,Ali Asghar Hakami Zanjani,0000-0002-0206-9074,University of Southern Denmark,6,45,1,1,2025
A5031612338,Katherine Hendy,0000-0003-4128-1649,University of Michigan,4,45,4,0,2021
A5073632616,H. Umit Sayin,,Istanbul University,4,45,4,0,2016
A5080369012,Bastian Hengerer,0000-0002-7811-9795,Boehringer Ingelheim (Germany),4,45,0,0,2026
A5037819358,Justyna Kamińska,,University of Warsaw,4,45,0,3,2025
A5086196461,Daniel J. Hauke,0000-0003-1772-9239,University College London,4,45,0,0,2025
A5102124072,Kunio Ogasawara,,Tohoku University,4,45,1,3,2009
A5061398678,Steven Hayden Pollock,,The University of Texas at San Antonio,5,45,4,0,1976
A5023415244,Gang Deng,0000-0002-0136-2535,Harvard University,3,45,0,0,2010
A5109056548,R. K. Datta,,University of Calcutta,8,45,8,0,2008
A5110415660,Henri Lynn Heimann,,,4,45,3,0,2008
A5073736900,Yoko Nawata,,Nagasaki International University,3,45,3,0,2024
A5091773258,Tsuneyuki Yamamoto,0000-0001-5247-2884,Nagasaki International University,3,45,0,2,2024
A5109336417,Mihoko N. Nakashima,,Nagasaki University,3,45,0,0,2007
A5071380353,Marcello Serra,0000-0003-4025-7233,University of Cagliari,4,45,0,0,2026
A5025051160,Sally Freeman,0000-0002-3831-9151,University of Manchester,4,45,0,0,2010
A5025512765,Bagher Pourheydar,0000-0001-9823-6887,Urmia University of Medical Sciences,3,45,0,0,2014
A5054764126,Jin Suzuki,,Tokyo Metropolitan Institute of Public Health,3,45,0,0,2023
A5103755272,Andrew N. Gifford,,Brookhaven National Laboratory,3,45,2,0,1996
A5082254259,Joy Eliaerts,0000-0002-7415-0998,Institut National de Criminalistique et de Criminologie,5,45,0,1,2025
A5026437283,Andreas Thomas,0000-0003-1199-0743,German Sport University Cologne,6,45,0,0,2025
A5036802793,Nicolò Schifano,0000-0003-4828-4316,Ospedale di Circolo e Fondazione Macchi,3,45,1,1,2025
A5068315250,Johanna Gripenberg,0000-0001-9981-1417,Region Stockholm,3,45,0,2,2022
A5079210038,Adrian Cherney,0000-0002-1114-7046,The University of Queensland,3,45,1,0,2018
A5036986332,Sabrina Molinaro,0000-0001-7221-0873,Istituto di Fisiologia Clinica,3,45,2,0,2026
A5045041274,Matthew Sunderland,0000-0001-8452-364X,The University of Sydney,4,45,0,0,2026
A5108458182,R. Colin Garner,,University of York,6,45,0,2,2019
A5035663146,Roser Sanchez-Todo,0000-0003-1580-8750,Universitat Pompeu Fabra,9,45,0,2,2026
A5043203102,W.J. Thiel,,,3,45,3,0,1986
A5054707179,George R. Gay,,University of California San Francisco Medical Center,4,45,1,0,1971
A5100411291,He Huang,0000-0001-9307-871X,Second Affiliated Hospital of Chongqing Medical University,3,45,0,0,2024
A5069744941,Jianguo Feng,0000-0002-5830-3317,Southwest Medical University,3,45,0,0,2024
A5060482504,Holly Frances Levin-Aspenson,0000-0002-3980-8299,University of North Texas,4,44,0,0,2026
A5066820418,Jack Grinband,0000-0001-7658-6755,WinnMed,3,44,0,0,2024
A5093581995,J. Chai-Rees,,Pathfinder International,5,44,0,0,2025
A5044047898,Adam Aronovich,,Universitat Rovira i Virgili,3,44,1,0,2021
A5039154815,Hans‐Peter Landolt,0000-0003-0887-9403,University of Zurich,4,44,0,0,2026
A5031361426,Isabel Werle,0000-0002-0870-1405,Universidade Federal de Santa Catarina,5,44,4,0,2026
A5001072565,Cameron M. Longo,,Albany State University,3,44,2,0,2020
A5056964718,Pablo Nùñez,0000-0002-5898-6664,Universidad de Valladolid,7,44,0,0,2026
A5066437036,Guadalupe Rivero,0000-0002-2537-4047,University of the Basque Country,3,44,0,0,2025
A5042406441,Laurent Tritschler,0000-0002-7041-0764,Inserm,3,44,0,0,2025
A5093545074,Nir Tadmor,,Inspira Medical Center Vineland,10,44,1,0,2026
A5089942580,Liz Dennett,0000-0003-0758-5411,University of Alberta,4,44,0,0,2026
A5084628160,Emma Robinson,0000-0002-1299-6541,University of Bristol,6,44,1,5,2026
A5007432154,Wayne Kepner,0000-0003-3182-6131,University of California San Diego,4,44,1,0,2025
A5024449485,Keith D. White,0000-0002-4442-5743,University of Florida,3,44,1,0,2021
A5071058234,Tyler G. Ekins,0000-0002-9801-4843,University of Michigan,5,44,3,0,2026
A5017571226,Omar J. Ahmed,0000-0003-3300-7658,University of Michigan,5,44,0,5,2026
A5028559117,Jared W. Young,0000-0003-3732-5776,University of California San Diego,3,44,0,3,2026
A5027556916,Georg Juckel,0000-0001-9860-9620,Landschaftsverband Westfalen-Lippe,5,44,0,2,2026
A5055830766,Francesc A. Esteve‐Turrillas,0000-0003-1543-1877,Universitat de València,5,44,1,4,2025
A5014721630,M M Janot,,ETH Zurich,3,44,0,1,1956
A5030229988,Jun Hatazawa,0000-0003-1425-0521,The University of Osaka,4,44,0,0,2022
A5060323171,Daniel Röshammar,0009-0005-1633-7999,,3,44,0,0,2023
A5012011534,Mark Galizio,0000-0001-9505-9010,University of North Carolina Wilmington,4,44,2,2,2015
A5074302959,Sandra L. Hrometz,,Manchester University,3,44,3,0,2016
A5089813777,Lise Gutknecht,,University of Würzburg,4,44,0,0,2011
A5038437689,Laurent Galineau,0000-0003-4960-1643,Université de Tours,4,44,2,0,2010
A5028207329,Sylvie Chalon,0000-0003-1865-8380,Université de Tours,3,44,0,2,2010
A5038701086,Catherine Belzung,0000-0001-6095-5974,Université de Tours,3,44,0,1,2010
A5078916398,Gerhard Wolber,0000-0002-5344-0048,Freie Universität Berlin,6,44,0,3,2026
A5056055248,Cecilie Löe Licht,0000-0003-2220-2722,University of Copenhagen,3,44,1,0,2012
A5109522366,W.-I. Tsay,,,3,44,0,0,2020
A5023150225,Els De Letter,,Ghent University,5,44,3,0,2005
A5053984741,Jan Van Bocxlaer,0000-0002-4505-5510,Ghent University,4,44,0,1,2003
A5026986084,Gabriela Vanini,0000-0002-0501-8336,Universidade Federal do Rio de Janeiro,8,44,0,6,2026
A5074217058,Heike B. Lebsanft,,University of Tübingen,4,44,4,0,2005
A5035334062,David G. I. Kingston,0000-0001-8944-246X,Virginia Tech,4,44,4,0,1979
A5058754140,Bilel Moslah,0000-0002-9997-0626,Tunis University,4,44,3,0,2026
A5068507947,Dorra Amira,,Tunis University,3,44,0,0,2023
A5057698507,Gavin E. Reid,0000-0002-9675-1444,The University of Melbourne,3,44,0,1,2022
A5015512536,Mélina Fatseas,0000-0002-1298-7418,Université de Bordeaux,3,44,0,0,2022
A5036091074,David R. Gandara,0000-0003-1784-048X,UC Davis Comprehensive Cancer Center,7,44,0,0,2013
A5074057226,Jonathan M.J. Derry,0009-0005-7620-0003,Presage Biosciences (United States),250,44,240,1,2025
A5058625423,Michelle St. Pierre,0000-0002-4522-3166,University of British Columbia,3,44,2,0,2025
A5111695518,Yoshimi Hamabe,,,4,44,0,0,2013
A5059994165,Ruquan Han,0000-0003-4335-8670,Capital Medical University,9,44,0,7,2026
A5031221345,Ana Lúcia S. Rodrigues,0000-0001-6285-8780,Universidade Federal de Santa Catarina,4,44,0,3,2025
A5015915047,Camila Brito Puertas,0000-0002-9181-6800,Universidade Federal de São Paulo,3,44,0,0,2021
A5081797614,Na Zhou,0000-0003-2656-7948,First Affiliated Hospital of Chengdu Medical College,3,44,1,0,2025
A5006749910,Cinzia Niolu,0000-0001-6173-2684,University of Rome Tor Vergata,3,44,0,0,2025
A5019070873,Baeleigh VanderZwaag,0000-0003-3217-0031,University of Victoria,3,43,2,0,2026
A5033732343,Mauricio A. García-Barrera,0000-0002-4302-4964,University of Victoria,3,43,0,2,2026
A5004364114,Diana McHerron,0009-0003-1747-9521,Deakin University,3,43,1,0,2025
A5036686524,Amit Shwartz,,Hebrew University of Jerusalem,3,43,0,0,2026
A5108458663,Alex Buko,,Metacomp Technologies (United States),3,43,0,0,2025
A5058441292,Marina Goulart da Silva,0000-0001-5354-7948,Universidade do Sul de Santa Catarina,3,43,3,0,2022
A5043422880,Antonia Manduca,0000-0001-9730-2467,Fondazione Santa Lucia,3,43,1,1,2025
A5047671230,Ruth Goldstein,0000-0003-1969-6450,University of Wisconsin System,3,43,3,0,2021
A5034002799,Gary Gilmour,0000-0003-1777-6975,Pathways Behavioral Services,11,43,0,0,2026
A5005646897,Nathalie Cartiser,0000-0001-7853-2996,Hospices Civils de Lyon,5,43,1,0,2023
A5032237331,Yoko Nakamura,0000-0002-9622-1005,Max Planck Institute for Chemical Ecology,7,43,0,0,2026
A5033941687,Jill O. Robinson,0000-0002-0487-304X,Baylor College of Medicine,7,43,1,1,2026
A5016837501,Megan E. Patrick,0000-0003-3594-4944,University of Michigan,3,43,0,2,2026
A5006816507,Andrea Fiorillo,0000-0002-6926-0762,"University of Campania ""Luigi Vanvitelli""",4,43,0,3,2026
A5011564791,Jussi Jylkkä,0000-0002-0655-5977,Åbo Akademi University,14,43,10,4,2026
A5034759163,Javier Hidalgo Jiménez,0000-0002-8920-3650,Consejo Superior de Investigaciones Científicas,5,43,4,0,2026
A5071976698,Barak Shapira,0000-0001-5268-8976,Israel Ministry of Health,3,43,2,0,2023
A5112001738,Paola Rosca,,Hebrew University of Jerusalem,4,43,0,1,2023
A5015803423,Monique C. Braude,,University of Mississippi,3,43,0,3,1978
A5100624203,Zhiyuan Ma,0000-0002-8118-7545,Florida Atlantic University,4,43,1,1,2019
A5028480756,Ratchanee Rodsiri,0000-0002-8622-689X,University of Nottingham,3,43,3,0,2010
A5007938863,Maria Antonietta Casu,0000-0001-8105-6652,Istituto di Farmacologia Traslazionale,6,43,0,0,2026
A5050293617,Andrew M. McDonagh,0000-0002-9502-1175,University of Technology Sydney,5,43,0,4,2026
A5006586242,Kirk W. Elifson,,Georgia State University,3,43,0,0,2007
A5022873698,Claire E. Sterk,0000-0001-6349-1909,Emory University,3,43,0,3,2007
A5089476402,Júlia Martinelli Magalhães Kahl,0000-0001-5758-0294,Universidade Estadual de Campinas (UNICAMP),3,43,2,0,2022
A5001452407,José Manuel Matey,0000-0001-5051-9941,Universidad de Alcalá,3,43,2,0,2024
A5077513897,Carmen García‐Ruiz,0000-0001-5925-3449,Universidad de Alcalá,3,43,0,1,2024
A5015992006,Ricardo Leal Cunha,0000-0003-0444-7742,Universidade Estadual de Campinas (UNICAMP),4,43,1,0,2023
A5019991935,Pedro Afonso de Paula Pereira,0000-0001-5433-4493,Universidade Federal da Bahia,4,43,0,2,2023
A5111617959,Stefania Bonaccorso,,North London NHS Foundation Trust,5,43,0,0,2025
A5086651927,Maksymilian Bielecki,0000-0002-2881-4976,Uniwersytet SWPS,3,43,0,0,2022
A5101857298,Joseph H. Porter,0000-0002-0799-1383,Northern Michigan University,5,43,0,3,2024
A5064951888,José Eduardo Guimarães Pereira,0000-0003-2320-4607,,3,43,3,0,2025
A5044841304,Carlos Darcy Alves Bersot,0000-0002-0464-7990,Universidade Federal de São Paulo,3,43,0,0,2025
A5101866410,Maximilian Koch,0000-0003-4355-5922,Helmholtz Munich,3,43,3,0,2023
A5036799670,Panagiotis Symvoulidis,0000-0002-1396-3426,Helmholtz Munich,3,43,0,0,2023
A5047570469,Michaela Aichler,,Helmholtz Munich,3,43,0,0,2023
A5110328021,Pilar Beatriz Garcia-Allende,,Helmholtz Munich,3,43,0,0,2023
A5074211261,Axel Karl Walch,0000-0001-5578-4023,Helmholtz Munich,3,43,0,0,2023
A5077799061,Penglei Wang,0000-0003-0276-7224,Anhui Medical University,3,43,2,0,2025
A5104181526,Nina Hou,0009-0000-5879-6097,Anhui Medical University,3,43,1,0,2025
A5033636078,David M. Kern,0000-0001-5417-3925,Johnson & Johnson (United States),3,43,0,0,2026
A5092898382,Sara G. Gloeckler,0009-0000-8316-0672,McGill University Health Centre,4,42,2,0,2025
A5082635131,Per Carlbring,0000-0002-2172-8813,Stockholm University,3,42,0,1,2026
A5049974384,Joel Gruneau Brulin,0000-0001-7123-8348,Stockholm University,6,42,0,1,2025
A5085851336,Mona Irrmischer,0000-0003-3671-5035,,4,42,3,0,2025
A5045171386,Hessel Engelbregt,0000-0001-9896-696X,Ludwig-Maximilians-Universität München,4,42,0,2,2025
A5038549035,Jing‐Ke Weng,0000-0003-3059-0075,Northeastern University,5,42,0,4,2026
A5115889210,Katelijne V. van der Heijden,0009-0006-1783-357X,Leiden University Medical Center,6,42,4,0,2026
A5046358115,Claire Roberts,0009-0009-1705-325X,Beckley Foundation,3,42,0,1,2026
A5101378009,Jennifer Xiao,,University of Ottawa,3,42,0,0,2025
A5042118065,Alissa Bazinet,,Multidisciplinary Association for Psychedelic Studies,14,42,1,1,2026
A5007585612,Orla Mallon,,Imperial College London,3,42,0,0,2026
A5059600880,Steven Shoptaw,0000-0002-3583-0026,"University of California, Los Angeles",4,42,0,2,2026
A5027866312,Kodye L. Abbott,0000-0002-1439-1060,Auburn University,4,42,2,0,2021
A5042012924,Kristina Gill,0000-0001-6755-1139,Memorial Medical Center,4,42,0,0,2021
A5039367478,Patrick Flannery,0009-0008-4343-4198,Rocky Vista University,4,42,0,0,2021
A5110555358,Dawn M. Boothe,,Auburn University,3,42,0,0,2021
A5042967274,Satyanarayana R. Pondugula,0000-0002-5806-0183,Auburn University,4,42,0,4,2021
A5018204178,Laurence Labat,0000-0001-8291-3054,Université Paris Cité,15,42,1,11,2025
A5081151451,Jeffrey K Aronson,0000-0003-1139-655X,University of Oxford,5,42,3,2,2024
A5068988523,Patrik Roser,0000-0003-0633-125X,London Rebuilding Society,3,42,2,1,2026
A5022431420,A G Paul,,,4,42,2,2,1973
A5108198423,Syed F. Ali,,National Center for Toxicological Research,3,42,0,2,1999
A5081109730,Leandro Oka Duarte,0000-0002-3381-7995,Universidade de São Paulo,5,42,4,0,2026
A5049036435,Jason Ditton,,University of Sheffield,4,42,2,1,2002
A5031239708,Ameneh Rezayof,0000-0002-2806-2057,University of Tehran,5,42,0,0,2026
A5091459676,O. Hayden Griffin,0000-0002-2217-4015,University of Alabama,3,42,2,0,2013
A5053766148,Jean Chang‐Fong,,Virginia Commonwealth University,3,42,0,0,2007
A5039783605,Katsuyuki Kaneda,0000-0001-7046-9275,Kanazawa University,4,42,0,4,2024
A5085900274,Connor J. Haggarty,0000-0001-6678-0570,Wayne State University,8,42,4,0,2026
A5025960226,Harumi Maeda,,Fukuyama University,3,42,0,0,1993
A5047640763,Sarah Parylak,0000-0003-1756-0736,Duke University,4,42,0,0,2010
A5045836619,Théo Pezel,0000-0002-6716-8444,Hôpital Lariboisière,9,42,2,4,2025
A5079777010,Antonin Trimaille,0000-0001-9279-4220,"Hôpital Civil, Strasbourg",5,42,0,0,2024
A5081546040,Clément Delmas,0000-0001-9180-9128,Hôpital Rangueil,5,42,0,0,2024
A5011634495,Svante Vikingsson,0000-0001-5977-3049,RTI International,5,42,0,0,2026
A5037660153,Henrik Gréen,0000-0002-8015-5728,Linköping University,4,42,0,4,2025
A5023978843,Andrew Smirnov,0000-0002-2041-8864,The University of Queensland,7,42,3,0,2018
A5061052378,Jake Moses Najman,0000-0001-7079-2080,The University of Queensland,6,42,0,3,2018
A5110186347,Miaoling He,,UC Davis Comprehensive Cancer Center,5,42,0,0,2013
A5102102965,Walter Houston Clark,,,6,42,5,1,2010
A5007046941,Yacouba Ouédraogo,0000-0001-9581-9059,Institut de l'Environnement et Recherches Agricoles,3,42,3,0,2026
A5045719174,Jean‐Baptiste Sibiri Taonda,,Institut de l'Environnement et Recherches Agricoles,3,42,0,0,2026
A5084422281,Bernard Tychon,0000-0002-9367-7306,University of Liège,3,42,0,0,2026
A5038626233,Sebastian W. Ahn,,Brigham and Women's Hospital,11,42,0,0,2026
A5064256487,Lúcio Garcia de Oliveira,0000-0001-9805-8347,Universidade de São Paulo,3,42,0,0,2014
A5024548949,Matthew L. Hiller,0000-0002-5619-0101,,3,42,0,0,2003
A5053783509,Manuel Arrojo,0000-0002-5609-7134,Complejo Hospitalario Universitario de Santiago,3,42,0,0,2024
A5022569520,Diego Quattrone,0000-0002-6051-8309,King's College London,5,42,0,0,2020
A5077708840,Islam Mohammad Shehata,0000-0003-3663-3056,Ain Shams University,3,42,1,2,2025
A5061274955,Catharina Messell,,University of Copenhagen,3,41,1,0,2025
A5016829878,Owen S. Muir,0000-0002-4003-338X,Radiall (France),16,41,1,12,2026
A5038695654,Michael S. Gaffrey,0000-0002-9334-1079,Duke University,3,41,0,0,2024
A5052461843,Charles Dauré,,Inserm,3,41,0,0,2024
A5021656749,Margot Morgiève,0000-0002-1305-3860,Centre National de la Recherche Scientifique,4,41,0,1,2026
A5005271512,Daniel E. Lidstone,0000-0002-5545-3790,Kennedy Krieger Institute,3,41,0,0,2023
A5025787531,Stewart H. Mostofsky,0000-0002-8515-2411,Kennedy Krieger Institute,3,41,0,0,2023
A5062906939,Amanda F. Mejia,0000-0002-4312-8974,Indiana University Bloomington,3,41,0,0,2023
A5074471537,Michael P. Torrens-Spence,0000-0003-2644-1712,Whitehead Institute for Biomedical Research,3,41,1,0,2026
A5065893595,Michał Pruc,0000-0002-2140-9732,John Paul II Catholic University of Lublin,7,41,0,0,2026
A5038162865,Lorena T. L. Guerra,,Universidade de São Paulo,4,41,0,0,2026
A5007724150,David E. Gard,0000-0002-0446-4000,San Francisco State University,3,41,2,0,2026
A5073745691,Kellie Pertl,0009-0008-0861-3609,Oregon Health & Science University,15,41,1,0,2026
A5091098247,Vojtěch Viktorin,0000-0003-0801-2244,National Institute of Mental Health,11,41,1,0,2026
A5033709638,Julie D. Megler,,,4,41,0,3,2021
A5093029655,Katarina Jerotic,,University of Oxford,5,41,2,0,2026
A5107559080,Marion Haberkamp,0009-0009-8835-1481,Federal Institute for Drugs and Medical Devices,4,41,0,1,2026
A5026047460,Michael Pugliese,0000-0003-2794-1436,University of Ottawa,4,41,0,0,2026
A5055564557,H. Aronson,,"University of Maryland, Baltimore",3,41,3,0,1998
A5090014370,Trevor James Petcher,,,4,41,2,2,1974
A5041844532,Robert C. Zaczek,,National Institute on Drug Abuse,3,41,1,1,1992
A5034085357,Saranya Thiruvottriyur Shanmugam,0000-0002-1243-6085,University of Antwerp,3,41,1,0,2023
A5082431415,Rebecca C. Coray,0000-0001-7775-6859,University of Zurich,11,41,6,2,2026
A5077765248,Tudor M. Ionescu,0000-0002-7623-9566,University of Tübingen,9,41,8,0,2025
A5068745437,Per E. Andrén,0000-0002-4062-7743,Uppsala University,9,41,0,0,2022
A5068321695,Elisabeth Mocaër,,Institut de Recherches Internationales Servier (France),3,41,0,0,2011
A5017437941,Claire Bouleti,0000-0001-6922-0093,Université de Poitiers,4,41,0,0,2024
A5063237282,Benoît Lattuca,0000-0001-6167-500X,Centre Hospitalier Universitaire de Nîmes,4,41,0,0,2025
A5089554990,Reza Rossanaly Vasram,0000-0003-4212-9649,Centre Hospitalier Universitaire de La Réunion,3,41,0,0,2024
A5014372112,Guillaume Schurtz,0000-0001-6679-2379,Centre Hospitalier Universitaire de Lille,4,41,0,0,2025
A5024590968,Charles Fauvel,0000-0001-6243-2544,Inserm,3,41,1,0,2024
A5039936186,Thomas Bochaton,0000-0002-5889-7506,Hospices Civils de Lyon,3,41,0,0,2024
A5076572416,Marta Massano,0000-0001-9368-6512,University of Turin,5,41,0,0,2024
A5007922126,Arthur E. Jacobson,0000-0002-0011-8354,United States Department of Health and Human Services,4,41,0,1,2010
A5062917416,Jessica A. Bertout,,Presage Biosciences (United States),30,41,0,0,2024
A5034917686,Shanu Modi,0000-0001-6427-7373,Memorial Sloan Kettering Cancer Center,4,41,0,0,2023
A5042743608,Komal L. Jhaveri,0000-0003-0472-1254,Memorial Sloan Kettering Cancer Center,4,41,0,0,2023
A5074911126,Jeanin Elise van Hooft,0000-0002-4424-0079,Amsterdam UMC Location University of Amsterdam,3,41,0,0,2017
A5037564673,Fuchao Chen,0000-0001-9738-6744,Hubei University of Medicine,3,41,0,2,2026
A5024547407,Qiaoyi Zhang,,Janssen (United States),4,41,0,1,2022
A5093109383,Julia Colcott,,The University of Melbourne,3,40,2,0,2026
A5088253012,Anthony Vincent Fernandez,0000-0003-1376-4520,University of Southern Denmark,4,40,0,3,2025
A5003151201,Christy Capone,0000-0002-1720-171X,Brown University,6,40,1,0,2026
A5038404541,Erica Eaton,0000-0002-0901-712X,Brown University,6,40,1,1,2026
A5033307396,Carolina L. Haass‐Koffler,0000-0002-5634-5679,Allen Institute for Brain Science,4,40,0,4,2025
A5108562065,Jianjing Cao,,National Institute on Drug Abuse,3,40,0,0,2020
A5023782543,Sean M. Nestor,0000-0002-8848-5027,Sunnybrook Health Science Centre,10,40,0,2,2026
A5010423515,Joseph Tafur,,,4,40,0,1,2026
A5057423073,Adriano B. L. Tort,0000-0002-9877-7816,Universidade Federal do Rio Grande do Norte,5,40,0,0,2024
A5108285827,Peretz Golding,,Hadassah Medical Center,3,40,0,0,2026
A5113262565,Aleksander Kwaśny,,Gdańsk Medical University,6,40,1,0,2026
A5038278697,Eva Morunga,0000-0002-8050-7201,Auckland City Hospital,5,40,0,0,2025
A5106285226,Cyrus Rohani-Shukla,,Imperial College London,4,40,0,0,2025
A5059958690,Miranda Arakelian,0000-0003-0193-318X,National Institute of Mental Health,4,40,0,0,2026
A5081320129,Margit Anne Petersen,0000-0002-9145-6745,Aarhus University,6,40,3,0,2025
A5024227587,Xin Wang,0000-0002-3237-108X,Institute of Forensic Science,4,40,1,1,2025
A5073683295,Els Lagrou,0009-0008-0262-5000,Universidade Federal do Rio de Janeiro,3,40,3,0,2018
A5027636060,Agata Faron‐Górecka,0000-0002-8202-190X,Maj Institute of Pharmacology,3,40,0,3,2024
A5028609651,Nicholas T. Van Dam,0000-0002-1131-0739,The University of Melbourne,3,40,0,1,2025
A5088050505,Akhil Anand,0000-0003-4132-2690,Cleveland Clinic,10,40,0,0,2025
A5031959127,Yunli Zhao,0000-0002-4775-2811,Shenyang Pharmaceutical University,3,40,0,0,2023
A5031134162,Emuri Abé,0000-0003-3966-7243,Inserm,9,40,0,0,2026
A5055504191,N Ambache,,,4,40,4,0,1975
A5049840168,Fabio De‐Giorgio,0000-0001-7433-0924,Università Cattolica del Sacro Cuore,3,40,1,0,2022
A5080991740,Rie Ikeda,0000-0003-2163-1031,Nagasaki University,3,40,1,0,2012
A5028649848,Felipe Reviriego,0000-0002-4126-7305,Universidad Complutense de Madrid,3,40,3,0,2008
A5048262227,Morgan Alonzo,0000-0001-6308-1635,University of Technology Sydney,5,40,2,1,2026
A5047128542,Ghada Miremont‐Salamé,0000-0002-6468-8903,Inserm,6,40,0,0,2022
A5030965793,Françoise Haramburu,0000-0001-5667-5195,Université de Bordeaux,4,40,0,1,2020
A5000561694,Aurora Arrúe,0000-0002-9173-6229,Osakidetza,6,40,3,1,2026
A5076384013,Irina Majumder,,University of South Australia,4,40,3,0,2012
A5033294194,Jean‐Guillaume Dillinger,0000-0002-0604-1976,Hôpital Lariboisière,7,40,0,2,2025
A5035015657,François Roubille,0000-0002-5288-9687,Hôpital Arnaud de Villeneuve,4,40,0,0,2025
A5018045771,Franck Boccara,0000-0002-6908-9678,Inserm,5,40,0,0,2025
A5078925364,Paul A. Slater,,University of Manchester,3,40,2,0,1982
A5101726077,Eric Li,0000-0001-9062-9184,Agilent Technologies (Australia),3,40,0,0,2021
A5018527224,Nicolas C. Clark,0000-0001-8697-6183,The Royal Melbourne Hospital,3,40,0,0,2021
A5061700130,Stephanie Tzanetis,,,3,40,0,0,2021
A5059400592,Justine Perino,0000-0003-0039-0734,Inserm,4,40,2,0,2022
A5012868012,Robert J. Kemp,,Queensland Government,4,40,0,1,2018
A5012251218,Petr Winkler,0000-0002-7244-0051,National Institute of Mental Health,4,40,4,0,2019
A5017420608,Charles W. Flexner,0000-0002-4495-5349,Johns Hopkins University,3,40,1,1,2012
A5068906210,Jim Xiangxin Shen,0000-0002-2000-598X,Bristol-Myers Squibb (United States),3,40,1,0,2015
A5089942083,Kenan Sofuoğlu,0000-0001-7871-0043,Zeynep Kamil Hospital,3,40,0,1,2016
A5017050426,Afarin Rahimi‐Movaghar,0000-0002-5761-1668,Johns Hopkins University,3,40,0,1,2022
A5062065777,Behrang Shadloo,0000-0003-1884-9371,Tehran University of Medical Sciences,3,40,0,0,2022
A5033511148,Masoumeh Amin‐Esmaeili,0000-0002-3888-3254,Johns Hopkins University,3,40,0,2,2022
A5087471581,William Vaughn McCall,0000-0001-5035-7858,Augusta University,4,40,0,1,2023
A5073605956,Jakub Słupski,0000-0002-4579-0208,Gdańsk Medical University,4,40,1,0,2026
A5027250223,Jean-François Stephan,0009-0000-7376-208X,College of Family Physicians of Canada,9,39,1,0,2026
A5095894414,Brennan M. Carrithers,,University of New Mexico,7,39,1,0,2026
A5078662039,Christopher Poppe,0009-0003-6846-0329,Deutsches Zentrum für Psychische Gesundheit,6,39,5,0,2026
A5027811701,Henrique Castro Santos,0000-0001-9926-3887,King's College London,3,39,3,0,2025
A5094014277,Débora Copa,0009-0009-8067-5879,Universidad de Buenos Aires,8,39,2,0,2026
A5079751064,Michaela Barber,0000-0001-5114-6905,Monash University,7,39,4,0,2025
A5019501233,William Trender,0000-0003-3947-5532,Imperial College London,5,39,0,0,2026
A5063648274,Xingbing Huang,0000-0002-2960-2502,Guangzhou Medical University,3,39,0,0,2025
A5072571463,Calvin Bohner,,Yale University,6,39,0,0,2026
A5112416887,Jeffrey Eilbott,,China Geological Survey,5,39,0,0,2026
A5083774019,Anastasia Jankovsky,0000-0003-1559-0958,Eastern Michigan University,7,39,0,0,2026
A5077000472,Prerana Patel,,Yale University,6,39,0,0,2026
A5051611172,Lucia Amoroso,,Yale University,6,39,0,0,2026
A5060108048,Frank Wiegand,0000-0002-1096-3957,Beckley Foundation,3,39,0,3,2024
A5036001319,Joy M. Schmitz,0000-0002-3561-4614,Texas Tech University,4,39,0,0,2025
A5018300444,Julian Savulescu,0000-0003-1691-6403,National University of Singapore,8,39,0,2,2025
A5009913688,Richard J. Ortiz,0000-0002-1209-9744,Northern Illinois University,9,39,0,0,2026
A5117136332,Yara A. Khatib,0000-0002-8342-7100,University of California System,4,39,0,0,2026
A5069844293,Jörg Fachner,0000-0003-4239-6915,Anglia Ruskin University,5,39,3,1,2025
A5073869164,Sebastian Olbrich,0000-0001-5557-4878,University of Zurich,7,39,1,1,2026
A5011880587,Anna Waldstein,0000-0001-6384-5770,University of Kent,3,39,1,0,2025
A5069682721,Paul B. Rosenberg,0000-0003-1106-4299,Johns Hopkins University,3,39,0,2,2025
A5002342124,Predrag Petrović,0000-0002-5536-945X,Karolinska Institutet,5,39,1,2,2025
A5025325607,Danielle Libong,,Centre National de la Recherche Scientifique,4,39,3,0,2025
A5082013510,Stéphane Bouchonnet,0000-0003-2636-1093,École Polytechnique,3,39,0,2,2003
A5043749034,Adam J. Rock,0000-0002-1430-3745,Deakin University,3,39,1,2,2013
A5112823326,Mark G. LeSage,,University of Minnesota,3,39,2,0,2018
A5047632381,Ole Lajord Munk,0000-0002-7232-5088,Aarhus University,4,39,0,0,2004
A5040414343,Domino Ef,,,4,39,1,3,1979
A5018394396,Laura Xicota,0000-0003-2832-9214,Hospital del Mar Research Institute,3,39,0,0,2018
A5010819036,Ibrahim M. Shokry,,Ross University School of Veterinary Medicine,7,39,5,0,2019
A5062913708,John J. Callanan,0000-0003-4356-1783,Ross University School of Veterinary Medicine,7,39,0,1,2019
A5039105540,Xiaoxiao Ma,0000-0001-8661-5660,Shanghai Jiao Tong University,3,39,0,0,2021
A5110523820,Manuel Blanco,,Centro de Investigacion Principe Felipe,3,39,0,0,2009
A5016540753,Chun Hoe Tan,0000-0002-1730-6650,Lincoln University College,4,39,2,0,2023
A5008913552,Hoang V. Le,0000-0002-8392-7113,University of Mississippi,9,39,0,8,2023
A5006843877,Reynald Le Boisselier,0000-0001-6918-0132,Centre Hospitalier Universitaire de Caen Normandie,8,39,1,2,2024
A5051481358,Adam W. Keasling,,Andrew College,11,39,3,1,2025
A5059293861,Eduard Kelemen,0000-0002-2101-6314,Charles University,7,39,0,0,2025
A5003938419,Louisette Le Men‐Olivier,,Université de Reims Champagne-Ardenne,3,39,0,0,1983
A5070597369,Igor Pereira,0000-0002-4329-0701,Universidade Federal de Goiás,5,39,0,0,2021
A5065225018,Nobuyuki Okamura,0000-0002-5991-7812,Tohoku University,3,39,0,2,2012
A5088313610,Živorad Maličević,,Military Medical Academy,6,39,1,3,2011
A5071412960,Marc Goralski,0009-0000-0933-9746,Centre hospitalier universitaire d'Orléans,3,39,0,0,2023
A5005074733,Étienne Puymirat,0000-0002-0533-9682,Hôpital Européen Georges-Pompidou,3,39,0,0,2023
A5104036697,Patrick Henry,0000-0002-9544-5031,Assistance Publique – Hôpitaux de Paris,3,39,0,1,2023
A5063281662,Abderrazek Hédhili,0000-0001-7240-8951,Tunis University,3,39,0,3,2026
A5074110261,Rafael Linden,0000-0002-6966-5073,Universidade Feevale,4,39,0,3,2024
A5082828165,Boris D. Drujan,,Instituto Venezolano de Investigaciones Científicas,4,39,0,3,1992
A5051505658,Ellen Johanna Amundsen,0000-0001-9754-1628,Norwegian Institute of Public Health,3,39,0,0,2022
A5018771667,Ritu A. Shetty,0000-0003-4240-6423,University of North Texas Health Science Center,7,39,0,0,2026
A5056956617,Ming‐Chyi Huang,0000-0001-9751-9834,Taipei Medical University Hospital,3,39,0,3,2024
A5100779040,Mark A. Turner,0000-0002-5299-8656,University of Liverpool,4,39,0,3,2019
A5079054481,Cecilia U. D. Stenfors,0000-0002-8411-0666,Stockholm University,4,39,0,0,2025
A5066428868,Petra Skeffington,0000-0002-4830-1131,Murdoch University,3,39,0,1,2025
A5081349381,Sondra K. Stickney,,The University of Texas Health Science Center at Houston,5,39,0,0,1981
A5112823640,Earl R. Gardner,,The University of Texas Health Science Center at Houston,6,39,0,2,1982
A5074209626,Mark Perl,,The University of Texas Health Science Center at Houston,4,39,0,2,1979
A5031213755,Daniele Piomelli,0000-0002-2983-774X,"University of California, Irvine",4,39,0,1,2024
A5033965398,Rui Liu,0000-0002-4092-2339,Tang Du Hospital,3,39,0,0,2025
A5047165235,Jun‐Ma Yu,0000-0003-4053-5942,Anhui Medical University,3,39,1,2,2026
A5068576397,Michel Dorval,0000-0002-3207-8211,Centre National des Soins Palliatifs et de la Fin de Vie,11,38,4,5,2026
A5092795521,Theodore Piper,,University of Birmingham,3,38,1,0,2025
A5100327995,Xin Wang,0000-0002-7174-3042,University of Florida,3,38,0,0,2025
A5065016689,Ismaël Conejero,0000-0002-9142-1278,Inserm,3,38,1,1,2025
A5007663400,Kent E. Hutchison,0000-0002-4805-9277,University of Colorado Anschutz,10,38,1,6,2026
A5073877033,Ariane Spitalier,,Universitat Autònoma de Barcelona,3,38,0,0,2024
A5087332321,Natalia Malikowska‐Racia,0000-0003-1250-7768,Maj Institute of Pharmacology,4,38,2,0,2023
A5072655660,Joanna Gołębiowska,0000-0003-2250-2995,Maj Institute of Pharmacology,4,38,0,2,2023
A5082491541,Gregory Corder,0000-0003-0031-0773,Neurosciences Institute,3,38,0,2,2025
A5055980478,Elizabeth J. D’Amico,0000-0002-8527-7804,Yale University,3,38,0,0,2024
A5083493446,Chelsea Witherow,,Yale University,3,38,0,0,2024
A5065974780,Henry Schaer,,Yale University,3,38,0,0,2024
A5006234017,Mathias E. Jensen,0000-0002-2555-4785,University of Copenhagen,3,38,2,0,2025
A5013581820,Chris Elcock,0000-0001-6722-9414,Centre National de la Recherche Scientifique,11,38,9,2,2023
A5061406594,William A. Schutt,0000-0003-0473-1380,Case Western Reserve University,3,38,1,1,2024
A5060120183,Julie J. Exline,0000-0003-3544-2469,Case Western Reserve University,4,38,3,0,2025
A5015963195,Kathleen C. Pait,0000-0001-6703-5126,Case Western Reserve University,4,38,0,1,2025
A5038931083,Joshua Wilt,0000-0001-7059-6389,Case Western Reserve University,4,38,0,2,2025
A5042377487,R. Liu,,Barnard College,4,38,1,0,2025
A5069715854,Aki Nikolaidis,0000-0001-8960-1934,Child Mind Institute,4,38,1,0,2025
A5048887691,Paolo Berretta,0000-0002-1748-5628,Istituto Superiore di Sanità,4,38,0,0,2023
A5031660916,Lauro Sollero,,Universidade Federal do Rio de Janeiro,3,38,1,1,2008
A5109031780,Thomas J. Haley,,"University of California, Los Angeles",4,38,4,0,1963
A5029592866,Bin Di,0000-0002-1907-1736,China Pharmaceutical University,3,38,0,1,2026
A5052524365,Melina Felicitas Wiedmann,0000-0001-7250-4329,Technische Universität Dresden,4,38,1,0,2022
A5082401167,Veit Roessner,0000-0002-1873-7081,Technische Universität Dresden,4,38,0,0,2022
A5005895372,Yulia Golub,0000-0002-9191-5884,Technische Universität Dresden,4,38,0,2,2022
A5085591731,Hélène Eysseric‐Guerin,0000-0002-2466-5635,Centre Hospitalier Universitaire de Grenoble,11,38,0,0,2026
A5038683026,Françoise Stanke‐Labesque,0000-0002-4643-6323,Inserm,11,38,0,3,2026
A5090887757,Sarah Carobini Werner de Souza Eller,0000-0003-2200-6959,Universidade Federal de Ciências da Saúde de Porto Alegre,9,38,0,1,2026
A5089284826,Wei‐Han Hsiao,0000-0001-7255-9223,National Yang Ming Chiao Tung University,9,38,6,0,2020
A5023187643,Chia-Chi Huang,0000-0001-8806-3302,National Yang Ming Chiao Tung University,8,38,0,8,2020
A5101628028,Jie Mo Tian,0000-0003-2233-6245,Southwest University of Political Science & Law,4,38,0,0,2025
A5073256417,Jiade You,,Southwest University of Political Science & Law,3,38,0,0,2024
A5101547411,Ellen M. Leslie,0000-0002-4729-7601,The University of Queensland,6,38,5,0,2018
A5034944739,Yong Sup Lee,0000-0001-6523-6979,Kyung Hee University,3,38,0,0,2026
A5070591512,Jacek Sein Anand,0000-0002-7258-8558,OLVG,4,38,0,1,2026
A5113037413,Diakalia Sogodogo,,Institut d'Économie Rurale,4,38,2,0,2023
A5010480125,Louis Robert Pasquale,0000-0002-5835-3496,Harvard University,3,38,1,1,2018
A5043994887,Robert Neal Weinreb,0000-0001-9553-3202,University of California San Diego,3,38,0,1,2018
A5054817228,Jeffrey J. Houlton,0000-0003-2423-658X,University of Washington,246,38,3,0,2025
A5035335987,Daniel R. Clayburgh,0000-0002-3296-4926,Oregon Health & Science University,246,38,0,0,2025
A5102861780,Amine Benyamina,0000-0002-3679-1858,Université Paris-Saclay,4,38,0,3,2024
A5083201900,Geoffrey D. Miller,0000-0003-0729-8324,,3,38,1,0,2023
A5093582169,Paolo Giunnelli,,Regione Campania,3,38,0,0,2026
A5079757766,Azzurra Martini,,Azienda Sanitaria Ospedaliera S.Croce e Carle Cuneo,3,38,0,0,2026
A5022605830,Erin E. Mauney,0000-0003-2317-8541,Tufts Medical Center,4,37,2,0,2025
A5009836932,Benjamin T. Dunkley,0000-0001-6173-1171,University of Toronto,7,37,0,4,2025
A5031940067,José Augusto Silva Reis,0009-0005-5397-4751,Universidade de São Paulo,9,37,1,0,2026
A5054137020,Charlotte H. Nykjær,0000-0001-8759-3491,Rigshospitalet,3,37,0,0,2025
A5075003968,Matthias Hartmann,0000-0003-1132-1339,,4,37,0,0,2026
A5040978296,Antonia Bendau,0000-0002-3789-6205,Humboldt-Universität zu Berlin,3,37,1,0,2026
A5090693201,Elle B. Hellwarth,0000-0003-4498-7700,Miami University,3,37,0,0,2025
A5007576676,Mika Turkia,0000-0002-8575-9838,,19,37,19,0,2025
A5060026865,Paolo Fusar‐Poli,0000-0003-3582-6788,University of Pavia,8,37,2,0,2025
A5020717453,Teodora Vidonja Uzelac,0000-0003-3700-688X,University of Belgrade,8,37,3,0,2024
A5039109921,Nikola Tatalović,0000-0002-0745-8845,University of Belgrade,8,37,4,0,2024
A5090699665,Peter Giacobbe,0000-0001-6642-6221,Sunnybrook Health Science Centre,7,37,0,1,2026
A5069078473,Ian B. Hickie,0000-0001-8832-9895,The University of Sydney,6,37,1,5,2026
A5077271987,Andrew Maxwell Phineas Jones,0000-0001-9106-5341,University of Guelph,3,37,0,3,2026
A5012813212,Luís Madeira,0000-0003-2718-9758,University of Lisbon,3,37,0,1,2026
A5037690990,Charles W. Schindler,0000-0001-7911-9116,Office of Extramural Research,3,37,2,0,2024
A5046913723,Darren Svirskis,0000-0001-9435-1773,University of Auckland,3,37,0,1,2025
A5115834223,Christine E. Dri,0009-0006-0123-2016,Brain and Cognition Discovery Foundation,12,37,0,0,2026
A5088207384,John T. Elder,,University of Washington,3,37,3,0,1964
A5038689270,M. ABOO ZAR,,,3,37,0,3,1975
A5110070658,G. J. KAPADIA,,,8,37,7,1,1974
A5054586325,Amadeo J. Pesce,0000-0003-3748-9703,Illinois Institute of Technology,3,37,1,1,2019
A5040723647,K. Bláha,,,4,37,4,0,1974
A5082590419,Z. Koblicová,,,4,37,0,0,1974
A5033227757,Jan Trojánek,,,4,37,0,4,1974
A5005670390,Philip Wisecup,,,3,37,0,1,1970
A5110904979,John W. Boja,,Northeast Ohio Medical University,3,37,1,0,1989
A5018665932,Maria Dulce Cotrim,0000-0003-3943-5995,Centro de Inovação em Biomedicina e Biotecnologia,5,37,0,5,2021
A5063353873,Francisco Radler de Aquino Neto,0000-0003-2374-9228,Universidade Federal do Rio de Janeiro,6,37,0,2,2026
A5006837150,José Miguel Eltit,0000-0002-5288-1669,Virginia Commonwealth University,4,37,0,3,2023
A5043941966,‬Siamak Shahidi,0000-0001-8196-5223,Hamedan University of Medical Sciences,5,37,0,0,2020
A5090501183,Luana Rianne Rocha,0000-0002-0828-6379,Universidade Estadual de Londrina,3,37,2,0,2024
A5073698677,Nathalie Sumien,0000-0002-0077-9873,University of North Texas Health Science Center,6,37,0,0,2026
A5090538714,Basma Damiri,0000-0001-8242-391X,An-Najah National University,4,37,1,3,2025
A5073212894,Michael P. Dalton,0000-0001-5296-5099,University of Pittsburgh,19,37,19,0,2024
A5016925682,Mary Hongying Cheng,0000-0001-5833-8221,Stony Brook University,19,37,0,0,2024
A5081814496,İvet Bahar,0000-0001-9959-4176,Stony Brook University,19,37,0,0,2024
A5017348794,Naoual Boujedaini,0000-0002-4011-5967,Boiron (France),3,37,1,0,2021
A5091649917,Evelyn Krohmer,0009-0004-8636-7993,Heidelberg University,4,37,0,0,2024
A5101888670,Yi Qin,0000-0002-8844-3097,Netherlands Institute for Neuroscience,3,37,2,0,2022
A5022899126,Till Nierhaus,0000-0003-0906-592X,Freie Universität Berlin,3,37,0,1,2023
A5090198360,Francesco Bartoli,0000-0003-2612-4119,University of Milano-Bicocca,4,37,3,1,2024
A5059819318,Jair de Jesus Mari,0000-0002-5403-0112,Universidade Federal de São Paulo,3,37,0,2,2022
A5112463389,Meiyan Zhou,0009-0003-8703-6013,Xuzhou Medical College,7,37,1,0,2025
A5103330431,Olivier Guillin,,Centre Hospitalier du Rouvray,3,37,0,0,2026
A5075595871,Virginie Moulier,0000-0002-0402-0901,Centre Hospitalier du Rouvray,3,37,0,1,2026
A5042213758,Joachim Morrens,,Janssen (Belgium),7,37,3,1,2023
A5091516423,Joar Øveraas Halvorsen,0000-0002-0961-6579,Norwegian University of Science and Technology,3,36,1,1,2024
A5091191033,Noam Goldway,0000-0001-8816-5667,King's College London,5,36,0,0,2026
A5052580279,Pravesh Sharma,0000-0002-9503-5016,Mayo Clinic Health System,3,36,2,1,2026
A5062369777,Omer A. Syed,0000-0002-4027-5223,Sunnybrook Health Science Centre,16,36,11,0,2026
A5037237207,André Do,,University of British Columbia,5,36,2,0,2025
A5109597865,Baruch Rael Cahn,,University of Southern California,4,36,1,1,2026
A5050790732,Mateo Sánchez Petrement,0000-0002-7346-3976,University of Amsterdam,4,36,4,0,2026
A5109632366,Austin J. Mallard,,University of Colorado Denver,4,36,2,0,2026
A5089756098,Anja Sofie Petersen,0000-0002-0125-6038,Copenhagen University Hospital,3,36,0,0,2024
A5077640621,Sara Marie Ulv Larsen,0000-0002-9046-2430,University of Copenhagen,3,36,0,0,2024
A5054721141,Kristoffer Brendstrup‐Brix,0009-0006-8683-4277,University of Copenhagen,4,36,2,0,2026
A5018165002,Rigmor Jensen,0000-0001-6433-5887,University of Copenhagen,3,36,0,0,2024
A5047963260,Peter R. Guzzo,0009-0007-4773-8052,Australian Physiotherapy Association,11,36,0,0,2026
A5082028137,Giancarlo Vanini,0000-0001-7161-8113,University of Michigan,6,36,0,0,2025
A5038792717,Alexia L. Zylko,,Miami University,4,36,2,0,2025
A5063250140,Evan Lewis,0000-0001-9024-150X,University of Toronto,6,36,1,3,2025
A5114231867,Michal Lazar,,Hebrew University of Jerusalem,5,36,2,0,2025
A5099738150,Chloe Shevakh,,Hebrew University of Jerusalem,4,36,0,0,2025
A5023416939,Kevin McKernan,0000-0002-3908-1122,ID Genomics (United States),9,36,7,0,2023
A5010538525,Stephen McLaughlin,0000-0002-9558-8294,,9,36,0,7,2023
A5106081194,Gaël Le Roux,0000-0001-9860-0722,Inserm,4,36,1,1,2023
A5094083506,Sam Vaillancourt,0009-0007-2220-9998,Stanford Medicine,4,36,0,0,2026
A5068221347,Karsten Fatur,0000-0002-4557-2999,University of New Brunswick,4,36,3,0,2024
A5108011741,J. Martı́n Torres-Valencia,0000-0001-6426-7562,Universidad Autónoma del Estado de Hidalgo,3,36,0,1,2026
A5071435056,Gerard Flaherty,0000-0002-5987-1658,Ollscoil na Gaillimhe – University of Galway,3,36,1,1,2024
A5059395032,Katinka Hooyer,0000-0002-7938-112X,Medical College of Wisconsin,4,36,1,0,2024
A5036206701,Hagit Bonny‐Noach,0000-0002-5092-520X,,7,36,2,0,2026
A5082610582,Birgitta Woods,,Vancouver Coastal Health,3,36,0,2,2025
A5076092672,Rika Takaba,,Meijo University,5,36,3,0,2026
A5079107661,Keisuke Yoshida,0000-0002-8384-9418,Meijo University,5,36,0,0,2026
A5111458764,Eri Hosomi,,Meijo University,3,36,0,0,2024
A5108412221,R. Kawase,,Meijo University,3,36,0,0,2026
A5048244424,Hiroko Kitagawa,,Meijo University,4,36,0,0,2026
A5113030027,Hirotaka Goto,,Meijo University,3,36,0,0,2024
A5113030028,Mizuki Achiwa,,Meijo University,3,36,0,0,2024
A5014830673,Shinji Kitagaki,0000-0001-7496-7773,Meijo University,5,36,0,0,2026
A5000916584,Mario Mikulincer,0000-0003-3639-0146,Hebrew University of Jerusalem,9,36,0,1,2026
A5080524725,Francesca Zoratto,0000-0002-3626-8928,Istituto Superiore di Sanità,8,36,0,0,2026
A5047294959,Lucie Bartova,0000-0002-1769-8025,Medical University of Vienna,9,36,1,3,2026
A5113517694,Richard D. O'Brien,,Cornell University,3,36,0,3,1968
A5084688341,Sakumi Mizutani,,National Institute of Health Sciences,4,36,0,0,2023
A5046636502,Jinah L. Kim,,University of California System,3,36,0,0,2026
A5010993730,Kaitlin R. Van Alstyne,,Ionis Pharmaceuticals (United States),3,36,0,0,2026
A5111896299,Virginia S. Seybold,,University of Minnesota,3,36,2,1,2008
A5079142913,Natasha Bukholt,,Victoria University of Wellington,5,36,2,0,2016
A5010756773,Bob Prue,,University of Missouri–Kansas City,3,36,3,0,2016
A5080836386,Barbara Budzyńska,0000-0001-5917-9285,Medical University of Lublin,6,36,3,1,2025
A5014653344,Farzaneh Mohammadzadeh,,Iran University of Medical Sciences,5,36,1,0,2017
A5080459731,José Luis González,0000-0001-5252-2247,Universidad Rey Juan Carlos,3,36,1,0,2008
A5004742642,Cecilia Peñacoba,0000-0001-6307-5921,Universidad Rey Juan Carlos,3,36,2,0,2008
A5008173282,Henri‐Philippe Husson,,Institut de Chimie des Substances Naturelles,3,36,0,2,1981
A5078882820,Marta Cimadevila,0000-0002-5090-8311,Universidade de Santiago de Compostela,4,36,1,0,2024
A5003371097,Kauê de Oliveira Chinaglia,0000-0001-6595-4014,Universidade Estadual de Campinas (UNICAMP),3,36,1,0,2025
A5073216705,Dan Joseph Stein,0000-0001-7218-7810,University of Cape Town,4,36,1,1,2017
A5070676250,Andrew A. Pieper,0000-0001-6299-6577,University Hospitals of Cleveland,3,36,1,1,2024
A5113923026,Alexandre Peyré,,Centre Hospitalier Universitaire de Bordeaux,5,36,1,1,2025
A5035953226,Bénédicte Lelièvre,0000-0003-4014-4028,Centre Hospitalier Universitaire d'Angers,4,36,0,1,2023
A5076549217,Gregory Thomas Collins,0000-0002-2499-3356,The University of Texas at San Antonio Health Science Center,3,36,0,1,2025
A5043547920,Hira Shahzad Sardar,0000-0001-7127-6643,Dartmouth College,6,36,0,0,2025
A5080774390,Konstantinos D. Linos,0000-0001-9462-652X,Dartmouth–Hitchcock Medical Center,4,36,0,0,2025
A5014687168,Eric R. Henderson,0000-0002-0371-010X,Dartmouth College,4,36,0,2,2025
A5109685212,William S. Kerwin,,Presage Biosciences (United States),25,36,0,0,2023
A5058803727,Udomsak Udomnilobol,0000-0003-2204-9406,Chulalongkorn University,6,36,3,0,2024
A5030702440,Suree Jianmongkol,0000-0002-2919-2339,Chulalongkorn University,4,36,0,0,2024
A5006276373,Wilson Van Dusen,,,3,36,3,0,1974
A5113626383,Alfred Bamiso Makanjuola,0000-0003-1332-6651,University of Ilorin,4,36,0,0,2024
A5054916952,Tommaso Vannucchi,,Azienda Usl Toscana Centro,4,36,0,1,2026
A5072289908,Xiaohua Zou,0000-0002-3489-9152,Affiliated Hospital of Guizhou Medical University,5,36,0,2,2026
A5018909434,Bailong Hu,0000-0003-1126-5381,Guiyang Medical University,3,36,0,0,2025
A5033188471,Heather Rozjabek,,Janssen Research & Development (United States),3,36,1,0,2023
A5049122731,Yanle Xie,,Zhengzhou University,3,36,1,0,2025
A5101594939,Shuhan Chen,0000-0002-1873-7540,Zhengzhou University,3,36,0,0,2025
A5089600333,Helmut Trimmel,0000-0002-7327-0699,Danube Private University,3,36,0,3,2025
A5048335696,Avinash Hosanagar,0000-0002-2056-1097,University of Michigan,5,35,2,1,2025
A5072349739,Paul Seli,0000-0002-5398-6999,Draper Laboratory,4,35,0,0,2025
A5022059275,Emily Whinkin,,Integrative Medicine Institute,4,35,2,0,2026
A5109633638,Jim Gilligan,,,5,35,1,0,2025
A5027545650,Meris Williams,0000-0002-4338-5831,,3,35,2,0,2023
A5066805491,Laura Borghans,0000-0001-5580-1153,Centre for Human Drug Research,8,35,0,0,2026
A5015889589,Zoë Dubus,0000-0002-6165-0782,Institut d'Etudes Politiques de Paris,13,35,11,1,2026
A5111190976,Samantha Hilbert,,Johns Hopkins University,6,35,0,0,2026
A5111410015,Jack Bergman,,Harvard University,12,35,0,5,2021
A5004933884,Bonnie Glass‐Coffin,0009-0004-8382-0537,Utah State University,4,35,4,0,2025
A5054102952,Nehal P. Vadhan,0000-0003-0162-4256,Northwell Health,3,35,0,1,2025
A5013276707,Sheetal A. Raithatha,,,4,35,2,0,2023
A5036437788,Jillian M. Hagel,0000-0002-8517-8590,,4,35,0,0,2023
A5088941032,Lisa Yu,0009-0009-9101-6684,,4,35,0,0,2023
A5055056347,Jonathan Gallant,,,3,35,0,0,2023
A5026678057,Amar G. Chittiboyina,0000-0002-7047-5373,University of Mississippi,5,35,0,0,2024
A5111719123,Amitava Dasgupta,,Texas Medical Center,7,35,7,0,2016
A5074444381,Petra P. M. Hurks,0000-0002-4366-3707,Maastricht University,4,35,0,0,2026
A5048830214,Anna Fejtová,0000-0002-1815-4409,Friedrich-Alexander-Universität Erlangen-Nürnberg,6,35,0,5,2025
A5047168843,Patrick Elf,0000-0001-7420-4434,Middlesex University Malta,3,35,1,0,2024
A5011622853,Amy Isham,0000-0001-6089-709X,Swansea University,3,35,1,1,2024
A5090532838,Poul Videbech,0000-0003-0127-4348,Psykiatrien i Region Syddanmark,4,35,0,3,2023
A5023304914,Sune Puggaard Vogt Straszek,0000-0002-7611-0842,Aarhus University Hospital,4,35,0,1,2023
A5113594595,Edward W. Voss,,University of Illinois Urbana-Champaign,11,35,7,3,2016
A5020231925,Giorgia Corli,0000-0002-2973-2446,University of Ferrara,5,35,2,0,2025
A5109207053,J. P. KUTNEY,,,3,35,3,0,1977
A5012596671,Adi M. Treasurywala,,,3,35,0,0,1977
A5064280267,Ray A. Larsen,,Bowling Green State University,4,35,0,0,2023
A5088033680,Nicholas B. Miner,0000-0002-4753-7548,Superior Court of California,3,35,1,0,2024
A5002218517,Hervé Galons,,Inserm,3,35,0,0,2008
A5048732827,Dominique Crété,,Centre National de la Recherche Scientifique,3,35,0,0,2008
A5010304099,Satoshi Numazawa,0000-0002-4818-1061,SHOWA Medical University,4,35,0,1,2014
A5075893498,Peter Rosenmund,,Goethe University Frankfurt,6,35,6,0,1975
A5020017880,Wolfgang H. Haase,,Goethe University Frankfurt,6,35,0,0,1975
A5017170501,Rainer Frische,,Goethe University Frankfurt,6,35,0,6,1975
A5071416530,Ben Bogun,0000-0002-6711-2256,New Zealand Institute for Public Health and Forensic Science,4,35,0,1,2026
A5086665194,K.‐A. Kovar,,University of Tübingen,3,35,0,1,1999
A5064391077,María C. Mandujano,0000-0001-9855-6645,Instituto de Ecología,8,35,1,5,2022
A5009655897,Chuang‐Hsin Chiu,0000-0002-7275-6558,Tri-Service General Hospital,5,35,1,0,2024
A5088678144,Maria Nieddu,0000-0001-7589-0464,University of Sassari,3,35,1,0,2016
A5033561040,Lucia Burrai,,University of Sassari,3,35,1,0,2016
A5045857175,Iris Ngo,,University of Calgary,3,35,2,0,2024
A5083104098,Thomas P. Blackburn,0000-0001-9317-7507,,3,35,3,0,1982
A5051623238,Judith Noijen,0000-0003-0684-2527,Jellinek,4,35,0,1,2021
A5011024834,Gal Shoval,0000-0003-1034-3640,Tel Aviv University,3,35,2,1,2021
A5013162094,Milica Ninković,0000-0003-3303-9916,Military Medical Academy,3,35,2,0,2007
A5005310474,Vesna Selaković,0000-0002-9087-1525,Military Medical Academy,3,35,0,0,2007
A5010015685,Peter Neis,0009-0008-4358-4110,Johannes Gutenberg University Mainz,3,35,0,0,2003
A5032156349,Prateep Beed,0000-0003-1044-8223,Humboldt-Universität zu Berlin,3,35,1,0,2023
A5051277902,Pham Quoc Chinh,,,3,35,0,0,2025
A5082808273,Jessica Moe,0000-0001-9557-1671,Vancouver General Hospital,3,35,1,2,2026
A5070583038,Peter W. Rose,0000-0001-9981-9750,University Hospital Heidelberg,3,35,0,0,2022
A5063666331,Krzysztof Wędzony,,Maj Institute of Pharmacology,3,35,0,3,2011
A5047821467,Felicitas Stoll,0000-0003-3005-0546,Heidelberg University,6,35,3,0,2025
A5006845416,Naoki Yamamoto,0009-0004-8616-175X,Tokyo Medical and Dental University,4,35,0,0,2018
A5016148637,James H. Segars,0000-0001-5969-376X,National Institutes of Health,3,35,0,0,2006
A5068649838,Lena Vera Danyeli,0000-0003-1504-7533,Jena University Hospital,5,35,3,0,2024
A5012096281,Zümrüt Duygu Şen,0000-0001-8246-5650,Jena University Hospital,5,35,1,0,2024
A5071760745,Charalampos Brakatselos,0009-0007-4889-2633,University of Ioannina,3,35,2,0,2024
A5000586747,Foteini Delis,,University of Ioannina,3,35,0,0,2024
A5109777674,Michail-Zois Asprogerakas,,University of Ioannina,3,35,0,0,2024
A5033452909,Hannah E. Bowrey,0000-0002-3774-4201,Johnson & Johnson (United States),6,35,0,1,2025
A5035592163,Yu Qi,0000-0001-8029-2207,Xuzhou Medical College,7,35,3,0,2026
A5101729268,Yunyun Zhang,0000-0002-3898-539X,Xijing Hospital,3,35,0,0,2025
A5043153151,Amanda Teeple,,Janssen Scientific Affairs (United States),11,35,2,0,2025
A5010871917,Stine Bjerrum Møeller,0000-0002-5019-8065,University of Southern Denmark,3,35,3,0,2022
A5083921219,Krzysztof Gbyl,0000-0001-6309-8736,Glostrup Hospital,3,35,0,0,2022
A5021614246,Maike Andreasen,,Aarhus University Hospital,3,35,0,0,2022
A5002610230,Stephen F. Austin,0000-0001-5988-0565,University of Southern Denmark,3,35,0,0,2022
A5033472445,Poul Erik Buchholtz,0000-0002-3198-5856,Aarhus University Hospital,3,35,0,0,2022
A5077016832,Line Fønss,,Glostrup Hospital,3,35,0,0,2022
A5084867069,Simon Hjerrild,0000-0001-6673-2798,Aarhus University Hospital,3,35,0,0,2022
A5086721952,Lise Hogervorst,,,3,35,0,0,2022
A5025782085,Martin Balslev Jørgensen,0000-0002-1321-8901,University of Copenhagen,3,35,0,0,2022
A5003330256,Nicolai Ladegaard,0000-0002-7404-0203,University of Copenhagen,3,35,0,0,2022
A5006779696,Klaus Martiny,0000-0002-7317-5958,,3,35,0,0,2022
A5076880467,Jonas Meile,,Psychiatry Region Zealand,3,35,0,0,2022
A5024122806,Aake Packness,0000-0002-4695-6214,University of Southern Denmark,3,35,0,0,2022
A5045538674,Karen Rodriguez Sigaard,0000-0003-1761-6576,Aarhus University Hospital,3,35,0,0,2022
A5080190477,Krista Nielsen Straarup,0000-0001-6423-3071,Aalborg University Hospital,3,35,0,0,2022
A5039896994,Claus Havregaard Soerensen,,Psychiatry Region Zealand,3,35,0,0,2022
A5032325068,Birgitte Welcher,,Psychiatry Region Zealand,3,35,0,0,2022
A5023278399,Pol Puigseslloses,0000-0003-2542-972X,Institut Químic de Sarrià,4,34,2,0,2025
A5045951431,Sue-Ling Chang,,Centre National des Soins Palliatifs et de la Fin de Vie,10,34,0,0,2026
A5036462310,Cody Callon,0000-0001-5571-413X,British Columbia Centre on Substance Use,3,34,1,0,2022
A5067635334,Tien‐Wei Hsu,0000-0003-4136-1251,Kaohsiung Medical University,4,34,2,1,2026
A5108144977,Yu‐Chen Kao,,Tri-Service General Hospital,3,34,0,0,2024
A5062969397,Raphael Caio Tamborelli Garcia,0000-0002-7080-3955,Fundação de Apoio à Universidade Federal de São Paulo,4,34,0,1,2025
A5036953420,Larissa Helena Torres,0000-0002-7065-7484,Universidade Federal de Alfenas,4,34,0,1,2025
A5108712837,Luc Lucas,,The Netherlands Cancer Institute,3,34,0,0,2024
A5063009369,Cynthia E. Ortiz,,University of Alabama at Birmingham,3,34,1,1,2026
A5050968304,Zuzanna Gaca,0009-0004-7200-0402,,4,34,0,0,2025
A5063092297,Carlos Roncero,0000-0003-1421-7385,Universidad de Salamanca,5,34,3,2,2025
A5058181715,Dimosthenis Tsapekos,0000-0002-1972-4813,King's College London,4,34,0,0,2026
A5012174690,Isa R. S. Rodrigues,,Universidade Estadual de Santa Cruz,4,34,0,0,2024
A5050707894,Katherine M. Nautiyal,0000-0002-5249-2380,Dartmouth College,6,34,1,5,2026
A5030862329,Gregory T. Carter,0000-0001-7617-4750,Washington State University Spokane,3,34,1,0,2024
A5101426205,Akash Goel,0000-0001-8545-9782,St. Michael's Hospital,3,34,1,1,2025
A5068762836,Petri Kajonius,0000-0003-0629-353X,Lund University,13,34,2,11,2026
A5093559502,Natan Silva-Costa,,Universidade Federal do Rio Grande do Norte,5,34,1,0,2026
A5047316144,Zachary Herrmann,0000-0001-7816-4177,Baystate Health,4,34,2,1,2025
A5032064736,Christian Paetz,0000-0002-5776-7574,Max Planck Institute for Chemical Ecology,3,34,0,0,2022
A5049713492,Sharan Sidhu,,AstraZeneca (United Kingdom),3,34,0,2,2024
A5091773942,Larissa Araújo Rolim,0000-0002-2403-1026,Universidade Federal do Vale do São Francisco,4,34,0,2,2025
A5009657727,Ryan K. Lanier,,Pinney Associates (United States),5,34,2,0,2025
A5037992228,Vu Ngan Binh,0000-0003-1285-7514,,3,34,0,1,2026
A5073854998,Ângelo de Fátima,0000-0003-2344-5590,Universidade Federal de Minas Gerais,5,34,0,2,2025
A5035087579,Edward Leete,,,3,34,2,1,1966
A5079976291,Henri Depoortere,,,3,34,2,0,2008
A5013256355,Arthur M. Sackler,,Long Island University,6,34,3,2,1970
A5103536640,A. Stanley Weltman,,Long Island University,6,34,3,0,1970
A5080068818,ROBERT L. ROUNTREE,0000-0001-9499-7021,National Center for Toxicological Research,3,34,0,1,2020
A5053611652,Mark L. Elliott,,"University of California, Los Angeles",3,34,1,1,1982
A5036029940,Sotiris Athanaselis,0000-0001-5888-1187,National and Kapodistrian University of Athens,3,34,0,1,2025
A5109560922,Harry Freeman,,,3,34,1,1,1960
A5072611806,Janine Tatjana Schmid,,Heidelberg University,3,34,3,0,2013
A5110080300,Ciara N. Gillis,,Yale University,3,34,0,3,1978
A5005766368,Tadashi Yamamuro,0000-0002-5880-2466,National Research Institute of Police Science,6,34,0,0,2026
A5110338210,Matthew Rizzo,0000-0003-3015-0184,University of Iowa,3,34,0,1,2010
A5110424942,Lewis Carl Mokrasch,,Harvard University,3,34,2,1,1968
A5068090421,Ian H. Stevenson,0000-0002-1428-5946,Louisiana State University,4,34,3,1,1960
A5101650978,Sachiko Tanaka,0000-0001-5221-0606,SHOWA Medical University,3,34,0,0,2014
A5040002893,Daniel Stankevicius,,Universidade de São Paulo,4,34,3,0,2012
A5081656867,John A. Newmeyer,,,5,34,3,1,1986
A5062633167,Sarah Radley,,University of Liverpool,3,34,0,0,2025
A5000908789,H Leuner,,Universitätsmedizin Göttingen,5,34,3,2,1996
A5111879707,Danièle Debruyne,,Centre Hospitalier Universitaire de Caen Normandie,3,34,2,1,2020
A5074694026,Shantha M. W. Rajaratnam,0000-0001-7527-8558,Monash University,4,34,1,0,2011
A5018788118,Bernd J. Pichler,0000-0001-6784-5524,University of Tübingen,3,34,0,0,2022
A5085370518,Courtney Huff,0000-0002-0929-9016,University of Cincinnati,5,34,3,0,2016
A5102868225,Matthew O. Howard,0000-0001-5052-541X,University of Michigan,3,34,0,1,2010
A5011553712,Loren Keith Henry,0000-0001-7998-7589,University of North Dakota,5,34,1,2,2018
A5068761485,Christopher John Fowler,0000-0002-6658-7874,AstraZeneca (Sweden),4,34,2,1,1992
A5025969742,Nima Shekarriz,,Tehran University of Medical Sciences,3,34,0,0,2013
A5112729090,Trần Thị Thanh Huế,,Hanoi University of Pharmacy,3,34,3,0,2025
A5051870567,Karim Jerbi,0000-0002-3790-9651,Mila - Quebec Artificial Intelligence Institute,5,34,0,2,2026
A5111071774,O. Lee McCabe,,"University of Maryland, Baltimore",4,34,3,0,1977
A5053392688,Paul Loren Swiecicki,0000-0003-2286-3555,University of Michigan,243,34,0,0,2025
A5010026747,Allison Berger,0000-0003-1217-2005,,243,34,0,0,2025
A5006628679,Marlene Schaumaeker,,University Hospital Heidelberg,3,34,0,0,2020
A5032861190,Mariana Toricelli,0000-0001-8901-6735,Universidade de São Paulo,3,34,1,0,2024
A5027297235,Christine A. Dominas,0000-0001-6837-7603,Brigham and Women's Hospital,7,34,0,0,2025
A5054368865,Tracey Ko,,AstraZeneca (United States),3,34,2,1,2008
A5100332173,Hanwen Zhang,0000-0001-7710-5116,Memorial Sloan Kettering Cancer Center,4,34,0,0,2023
A5032462383,David Musyimi Ndetei,0000-0001-6891-4990,University of Nairobi,3,34,1,0,2023
A5005810884,Andrea Brugnami,0000-0001-8310-8671,Università Cattolica del Sacro Cuore,4,34,0,0,2024
A5102716031,Romina Caso,0009-0002-6861-0166,Università Cattolica del Sacro Cuore,4,34,0,0,2024
A5052816829,Feng Lv,0000-0003-0891-466X,The Affiliated Yongchuan Hospital of Chongqing Medical University,3,34,0,0,2025
A5042111294,Elizabeth Knock,,St Vincent's Hospital Melbourne,7,33,2,0,2026
A5017118759,Elise C. Tarbi,0000-0003-2452-6632,University of Vermont,6,33,2,0,2026
A5055035871,Luisina Castelli Rodríguez,0000-0001-8713-3065,Universidad de la República de Uruguay,3,33,2,0,2025
A5062304624,Stephen Parker,0000-0002-6022-3981,Queensland Health,6,33,0,3,2025
A5072900702,Christopher B. Germann,0000-0002-1573-4651,Witten/Herdecke University,14,33,14,0,2026
A5103065734,Amanda Kim,0000-0002-7815-0389,Brigham and Women's Hospital,4,33,1,0,2025
A5022151263,Francesco Bevione,0000-0003-1992-5460,University of Turin,3,33,1,0,2025
A5053666839,Ryan J. Rakoczy,,Miami University,4,33,2,0,2025
A5084651976,Khaleel Rajwani,0000-0003-4296-7183,McGill University,9,33,8,0,2026
A5093992338,Salma Laabi,0009-0006-4946-1723,Noorda College of Osteopathic Medicine,3,33,3,0,2025
A5093992339,Claire LeMmon,0009-0006-3794-8817,Noorda College of Osteopathic Medicine,3,33,0,0,2025
A5101308813,Callie Vogel,,Noorda College of Osteopathic Medicine,3,33,0,0,2025
A5014528999,M. Chacón,0009-0007-4495-9802,Noorda College of Osteopathic Medicine,3,33,0,0,2025
A5082760525,Víctor M. Jiménez,0000-0003-3771-6072,Roseman University of Health Sciences,3,33,0,3,2025
A5108232389,Danielle Giffort,,University of Health Sciences and Pharmacy,4,33,3,1,2020
A5031410035,Camile Bahi,0000-0002-8746-6748,Vrije Universiteit Amsterdam,3,33,3,0,2023
A5006917915,Hongshuang Wang,0009-0001-8797-4822,Chinese Academy of Sciences,7,33,1,0,2025
A5075093461,Jeffrey A. Lieberman,0000-0002-1899-1776,Columbia University,5,33,3,2,2021
A5072752257,Maciej Stokłosa,0000-0003-0105-5401,Medical University of Silesia,4,33,0,0,2024
A5072564468,Felix Bermpohl,0000-0002-3260-6328,Humboldt-Universität zu Berlin,4,33,0,0,2025
A5111850130,C.K. Atterwill,,Brunel University of London,3,33,1,2,2022
A5059919378,Juan Cuiule,,,4,33,0,1,2023
A5053546358,Héctor Vargas-Pérez,0000-0002-9907-7192,Universidad Intercultural del Estado de México,4,33,3,1,2026
A5064708553,Jacqui T.C. Robinson,0000-0001-6671-5437,Horsham Hospital,3,33,3,0,1974
A5111845727,Wagner H. Bridger,,Albert Einstein College of Medicine,3,33,1,1,1981
A5112335068,Jeffrey L. Winkelhake,,University of Illinois Urbana-Champaign,8,33,3,3,1975
A5084206531,Makoto Hayashi,0000-0001-6389-4265,Chiba University,3,33,0,0,1979
A5056532327,M. O. Baron,,Cold Spring Harbor Laboratory,4,33,1,1,1958
A5080609423,Artemisia Dona,0000-0002-2427-1185,National and Kapodistrian University of Athens,3,33,0,0,2025
A5076928891,Gianfranco Natale,0000-0002-7025-6111,University of Pisa,6,33,0,0,2006
A5090969745,Pierre Baumann,0000-0002-6253-5225,,3,33,1,0,2010
A5010126262,A. Ian Scott,0000-0003-0001-7024,,3,33,3,0,1973
A5000577148,C. C. Wei,,,3,33,0,3,1973
A5068493171,Asuka Kaizaki,,SHOWA Medical University,3,33,2,0,2014
A5101831306,Aline Barbosa Ribeiro,0000-0001-9930-8360,Universidade de São Paulo,4,33,0,0,2014
A5003771371,Caitlin Hughes,0000-0001-7835-1976,Flinders University,3,33,1,0,2023
A5017228289,Bengt Tandberg,,AstraZeneca (Sweden),3,33,0,1,1986
A5059774721,Adrian M. T. Linacre,0000-0001-5890-5548,Flinders University,3,33,1,2,2025
A5114009418,Jack L. Altman,,University of Chicago,3,33,3,0,1979
A5051143655,Miguel Muñoz-Bartual,,Universitat de València,3,33,1,0,2025
A5049876115,Louis J. DeFelice,0000-0002-4594-3171,Virginia Commonwealth University,4,33,1,0,2016
A5081170059,Moritz Bruno Petzold,0000-0002-7801-1434,MSB Medical School Berlin,3,33,0,0,2026
A5033140181,Roberta Zilles Hahn,0000-0002-0403-0683,Universidade Feevale,3,33,2,0,2022
A5009315161,Lilian de Lima Feltraco Lizot,0000-0003-3165-1407,Universidade Feevale,3,33,0,0,2022
A5037937738,Anelise Schneider,0000-0001-6836-612X,Universidade Feevale,3,33,0,0,2022
A5044448284,Jianjiang Lu,0000-0002-4481-3471,Shihezi University,3,33,0,0,2023
A5100688739,Yujun Yan,0000-0003-3776-4293,Shihezi University,3,33,0,0,2023
A5001938153,Marie‐Odile Krebs,0000-0002-4715-9890,Inserm,3,33,1,1,2014
A5001484639,Farihah Ali,0000-0002-2968-3824,Centre for Addiction and Mental Health,6,33,6,0,2026
A5079187966,Cayley Russell,0000-0001-9634-9554,Centre for Addiction and Mental Health,6,33,0,0,2026
A5006299082,László Institóris,,University of Szeged,4,33,3,1,2025
A5031366359,Sílvia Font‐Mayolas,0000-0002-4216-3604,Universitat de Girona,3,33,0,1,2024
A5092916764,Joy Krecké,0000-0003-0938-7224,University of Exeter,5,33,0,0,2026
A5075718864,Christina R. Merritt,0000-0002-8830-4863,The University of Texas Medical Branch at Galveston,3,33,0,0,2025
A5071532092,Kyle Deans,,Brigham and Women's Hospital,4,33,0,0,2022
A5088286175,Benjamin Ferland,,Brigham and Women's Hospital,4,33,0,0,2022
A5087914233,Christina Pressl,0000-0001-6108-2263,Rockefeller University,3,33,0,0,2023
A5039225060,Larry Norton,0000-0003-3701-9250,Memorial Sloan Kettering Cancer Center,3,33,0,0,2023
A5102508071,Mohammad M. Uddin,,Memorial Sloan Kettering Cancer Center,3,33,0,0,2023
A5047713528,Clifford A. Hudis,0000-0001-7144-8791,Memorial Sloan Kettering Cancer Center,3,33,0,0,2023
A5040275059,Jacqueline Bromberg,0000-0002-7957-9339,Memorial Sloan Kettering Cancer Center,3,33,0,0,2023
A5015672299,Heiko M. Schöder,0000-0002-5170-4185,Memorial Sloan Kettering Cancer Center,3,33,0,0,2023
A5082878792,Josef J. Fox,0000-0001-7828-3475,Memorial Sloan Kettering Cancer Center,3,33,0,0,2023
A5010094006,Giuseppe Carrà,0000-0002-6877-6169,University of Milano-Bicocca,4,33,1,2,2024
A5043595820,Dan Rujescu,0000-0002-1432-313X,Medical University of Vienna,7,33,0,4,2026
A5071455209,Steven D. Targum,0000-0003-1054-5197,,3,33,2,0,2026
A5092189010,Ornella Di Marco,,University of Chieti-Pescara,4,33,0,0,2024
A5093764769,Louis Plourde,,Centre National des Soins Palliatifs et de la Fin de Vie,5,32,3,0,2026
A5016972944,Pim Cuijpers,0000-0001-5497-2743,Babeș-Bolyai University,6,32,0,0,2026
A5059079864,Chiranth Bhagavan,0000-0002-7983-4280,The University of Melbourne,12,32,7,0,2026
A5055225392,Oliver Davis,0000-0003-2655-2789,University College Cork,5,32,4,0,2026
A5058668741,Michiel J. van Esdonk,0000-0001-8159-0273,,4,32,0,0,2025
A5082885757,Kim Hoffman,0000-0003-3063-7881,Oregon Health & Science University,15,32,1,0,2026
A5029365572,Sarah Kratina,0000-0002-3804-7045,Institute of Social Work,10,32,7,0,2026
A5047533046,Michail Kalfas,0000-0003-3029-9149,King's College - North Carolina,4,32,3,0,2026
A5058260336,Rosie H. Taylor,0000-0001-6742-4842,King's College London,3,32,0,0,2023
A5050436430,Isabela Araújo e Amariz,0000-0002-7482-813X,Universidade Federal do Vale do São Francisco,3,32,2,0,2022
A5092630170,Sravani Yerram,0009-0000-4611-6453,National Institute of Pharmaceutical Education and Research - Ahmedabad,3,32,0,0,2026
A5041133128,Julien Tempone-Wiltshire,0000-0001-6252-1790,Australian College of Applied Psychology,3,32,3,0,2024
A5010791224,Itsuki Terao,0000-0003-0662-5637,Toho University,3,32,3,0,2024
A5085277389,Maren Hermanns‐Clausen,0000-0002-9803-7324,University of Freiburg,5,32,0,3,2026
A5113998322,G.P. Gupta,,University of Lucknow,5,32,1,4,1968
A5025636413,Cédric Mazoyer,0000-0002-7086-3261,,4,32,3,0,2020
A5023454754,WILLIAM ANTOPOL,,University of Calcutta,5,32,0,3,1974
A5017615034,William J. Keller,0000-0001-7427-9890,University of Louisiana at Monroe,3,32,1,0,1980
A5041129315,Tracey Luxton,,Wilfrid Laurier University,3,32,1,2,1996
A5112324059,A.-M. Dittrich,,Psychiatrische Universitätsklinik Zürich,3,32,2,0,1976
A5059443714,E. Alvarez,0000-0002-7566-5678,Universidad de Valladolid,3,32,1,2,2025
A5009696441,Farshad Naghshvar,0000-0002-0465-9158,Mazandaran University of Medical Sciences,5,32,0,3,2016
A5055071589,Pankaj Pandey,0000-0001-9128-8254,University of Mississippi,5,32,0,0,2023
A5055907201,Robert J. Doerksen,0000-0002-3789-1842,University of Mississippi,6,32,0,0,2023
A5057913428,Guillaume Drevin,0000-0002-3289-1544,Centre Hospitalier Universitaire d'Angers,3,32,3,0,2024
A5004254586,Marie B Briet,0000-0003-3738-5998,Centre National de la Recherche Scientifique,3,32,0,0,2024
A5024805771,Chadi Abbara,0000-0002-8882-2441,Centre Hospitalier Universitaire d'Angers,3,32,0,3,2024
A5073870977,Sàndra Demetriou,,University of Michigan,3,32,0,0,1979
A5055533380,Diogo A. Fonseca,0000-0002-8244-139X,Centro de Inovação em Biomedicina e Biotecnologia,4,32,4,0,2021
A5014354004,Horace H. Loh,0000-0002-3409-4100,Wayne State University,3,32,0,2,2008
A5083706106,Hélène Donnadieu‐Rigole,0000-0001-8398-812X,Inserm,8,32,0,1,2026
A5002419699,TOHORU YUI,,Takeda (Japan),3,32,3,0,1958
A5022452900,Jingling Shen,0000-0003-0177-1985,Capital Normal University,4,32,0,1,2011
A5042018543,Mohammad Bagher Rezaee,0000-0002-8093-4588,"Islamic Azad University, Tehran",3,32,1,1,2014
A5036202497,Hossein Ali Mashayekhi,,Islamic Azad University Tonekabon,3,32,2,0,2014
A5063677490,H.Y. Yu,0000-0002-1527-8756,Nanyang Technological University,3,32,0,2,2011
A5025817624,Marco Flôres Ferrão,0000-0002-3332-0540,Universidade Federal do Rio Grande do Sul,4,32,0,3,2025
A5085084621,Maarten Quireyns,0000-0003-3397-3186,University of Antwerp,5,32,2,1,2026
A5114251444,Ronald T. Coutts,,,3,32,2,1,2003
A5103260604,Tibor Varga,0000-0003-4802-8056,University of Szeged,3,32,0,1,2022
A5084016871,Éva Margit Kereszty,,University of Szeged,3,32,0,2,2025
A5026322975,Dong‐Seok Yim,0000-0003-2754-7500,The Catholic University of Korea Seoul St. Mary's Hospital,3,32,0,2,2017
A5024342214,Alain Braillon,0000-0001-5735-9530,,4,32,2,0,2024
A5042406680,Dennis Huszar,0000-0001-7742-7940,Takeda (United States),244,32,0,0,2025
A5085768806,Madis Vasser,0000-0001-5239-1099,University of Tartu,3,32,0,0,2023
A5028493896,Juhan Pikamäe,,University of Tartu,3,32,0,0,2023
A5025936391,Esther W. Chan,0000-0002-7602-9470,University of Hong Kong,3,32,0,1,2026
A5053533015,Huanzhong Liu,0000-0003-3095-5249,Anhui Medical University,3,32,0,1,2024
A5036167770,Frédéric Dorandeu,0000-0002-1707-8352,Service de Santé des Armées,3,32,2,0,2025
A5054814660,Anna Onisiforou,0000-0003-3380-7356,University of Cyprus,4,32,2,0,2025
A5018949278,Andria Michael,0009-0009-8193-8423,University of Cyprus,4,32,2,0,2025
A5061223341,Elmar Mammadov,0000-0002-7354-1508,"University of Maryland, Baltimore",3,32,0,0,2025
A5093446753,Morfeas Koumas,0009-0004-3453-5334,University of Cyprus,5,32,0,0,2026
A5002193328,Nisha Ravindran,0000-0002-0468-1099,Centre for Addiction and Mental Health,3,32,0,0,2025
A5109261409,Swapna U. Karkare,,Janssen Scientific Affairs (United States),6,32,3,0,2024
A5086308332,Jason N. Compton,0009-0004-3058-6783,University of California San Diego,4,32,0,1,2026
A5016684721,Carl Smith,0000-0001-8490-4864,University of East London,5,31,3,1,2025
A5087948982,P. Deschamps,0000-0001-8862-9046,Egyptian Initiative for Personal Rights,4,31,0,0,2025
A5064592268,Huda Al-Shamali,0000-0002-3995-7075,St. Michael's Hospital,4,31,2,0,2025
A5007724266,Thibault Mura,0000-0001-6420-1336,Inserm,3,31,0,0,2026
A5093390890,Luca V. Färber,,Heidelberg University,3,31,0,0,2026
A5025011942,Shaun Yon‐Seng Khoo,0000-0002-0972-3788,UNSW Sydney,3,31,0,0,2022
A5113762702,DJ Nutt,,Imperial College London,3,31,0,1,2026
A5022690352,Kairi Kreegipuu,,University of Tartu,3,31,0,3,2020
A5069853286,Candace Necyk,0000-0002-3799-2694,University of Alberta,3,31,0,0,2024
A5071605633,Belle Buzzi,0000-0003-0031-7377,Virginia Commonwealth University,7,31,1,1,2026
A5042887851,Eda Köşeli,0000-0002-4812-4024,Virginia Commonwealth University,4,31,2,0,2025
A5087782225,David Dadiomov,0000-0002-9247-3168,University of Southern California,6,31,2,1,2026
A5013314501,Dayanne Mozaner Bordin,0009-0007-6936-1508,University of Technology Sydney,3,31,0,0,2020
A5046004941,Glauber Loures de Assis,0000-0003-4739-4329,Universidade Federal de Minas Gerais,12,31,5,3,2026
A5031994273,Nicole D. Fitzgerald,0000-0001-7779-5874,Columbia University,6,31,1,1,2025
A5068984187,Mara Bresjanac,,University of Ljubljana,5,31,0,0,2021
A5010574775,M. Nikolič,0000-0002-2564-7287,Charles University,16,31,5,0,2026
A5089357533,Shelby A. McGriff,0000-0002-0832-0127,National Institute on Drug Abuse,3,31,2,0,2025
A5080753001,Benjamin A. Korman,0000-0001-9686-5399,University of Konstanz,6,31,6,0,2024
A5071389566,Elizabeth A. Bemis,0000-0002-3556-3175,Health and Hospital Corporation,4,31,0,0,2026
A5005178956,Arnold Chang,,Northeastern University,6,31,1,0,2025
A5052690772,Christopher W. Thomas,0000-0001-5371-7257,Pathways Behavioral Services,10,31,1,0,2026
A5037518546,Jean‐Sébastien Raul,0000-0002-9991-3795,Institut de Médecine et d'Epidémiologie Africaines,12,31,0,1,2026
A5020433840,Uwe Kirchhefer,0000-0002-2838-2579,University of Münster,4,31,0,0,2025
A5107587401,Joëlle Dornbierer,,University of Zurich,3,31,0,0,2026
A5088613867,Liliana Patarroyo-Rodríguez,0000-0002-8822-699X,Mayo Clinic,5,31,3,0,2026
A5045989859,Ilana Seltzer Goldstein,0000-0002-1256-0799,São Paulo Museum of Art,4,31,2,0,2018
A5047236669,Pierfelice Cutrufelli,0000-0002-7078-482X,University of Catania,4,31,2,0,2024
A5027653673,Alessandro Rodolico,0000-0003-2196-0601,University of Catania,5,31,1,1,2024
A5035474749,Carmen Concerto,0000-0002-7426-5250,University of Catania,6,31,2,0,2024
A5039967972,Ludovico Mineo,0000-0002-9692-2696,University of Catania,4,31,0,0,2024
A5015951085,Michael Pascoe,0000-0002-7794-8970,Cardiff University,6,31,1,0,2024
A5028820316,Iván Mindlin,0000-0001-6041-6081,Centre National de la Recherche Scientifique,5,31,2,0,2026
A5005825453,Jacobo Sitt,0000-0002-3878-4846,Centre National de la Recherche Scientifique,5,31,0,0,2026
A5134726695,Nicole Schow,0009-0007-9504-889X,Health and Hospital Corporation,3,31,0,0,2026
A5020013658,Elizabeth N. Dewey,0000-0001-9891-3884,Cleveland Clinic,7,31,0,0,2025
A5017895351,Marisol S. Castaneto,0000-0003-4426-6663,Defense Information School,3,31,1,0,2026
A5056931032,P Goetz,,Charles University,3,31,1,2,1974
A5030909315,Radim J. Šrám,0000-0002-2500-4572,Charles University,3,31,2,0,1974
A5038540966,Cláudia Mancilha Rocha,0000-0003-2994-1747,Universidade Federal de Minas Gerais,3,31,1,0,2025
A5084332770,Michio Takido,,University of Michigan,3,31,0,1,1970
A5030049346,Nathan Dao,0000-0003-4116-491X,Scripps Research Institute,3,31,0,0,2026
A5087355186,A Hopf,,,3,31,3,0,1974
A5110242099,H Eckert,,,3,31,0,3,1974
A5084343494,Jeremy Webster,,Victoria University of Wellington,4,31,3,1,2016
A5064450719,Yusuf Cem Kaplan,0000-0003-0369-7934,İzmir University of Economics,3,31,2,1,2023
A5048231975,Mehrdad Jahanshahi,0000-0001-8845-6018,Golestan University of Medical Sciences,5,31,3,0,2015
A5084074955,Javier Navarro‐Zaragoza,0000-0003-1653-8131,Instituto Murciano de Investigación Biosanitaria,3,31,3,0,2019
A5077433905,M. Victoria Milanés,0000-0002-0984-2218,Instituto Murciano de Investigación Biosanitaria,3,31,0,0,2019
A5031720381,M. Luisa Laorden,0000-0002-9767-9261,Instituto Murciano de Investigación Biosanitaria,3,31,0,3,2019
A5058929087,Sybille Schulz,,University of Bremen,3,31,3,0,2013
A5038600404,Francesca Fernandez,0000-0002-0926-5473,Inserm,3,31,3,0,2003
A5053697992,Suelynn E. Ren,,National Institutes of Health,3,31,0,2,2016
A5110387844,John F. Alder,,University of Manchester,3,31,0,2,2009
A5029392311,Hoda Lavasani,0000-0002-8696-6396,Tehran University of Medical Sciences,11,31,0,0,2026
A5108900402,C. Post,,AstraZeneca (Sweden),3,31,0,0,1989
A5074506832,Stephen John Kohut,0000-0002-6906-8818,Harvard University,7,31,0,3,2024
A5053652463,Ryan D. Ward,0000-0003-1036-0555,University of Otago,8,31,0,7,2026
A5077771317,Diane M. Ruffing,,,3,31,3,0,1983
A5032880379,Deborah V. A. de Aguiar,0000-0002-8769-1339,Universidade Federal de Goiás,3,31,0,0,2021
A5016846269,Takahiro Tougan,0000-0002-5248-548X,The University of Osaka,3,31,0,0,2024
A5081095022,Toshihiro Horii,0000-0002-3000-2045,The University of Osaka,3,31,0,0,2024
A5113881697,Reha Celikel,,University of Akron,4,31,2,0,2014
A5011751936,Kottayil I. Varughese,0000-0003-0880-7362,University of Arkansas for Medical Sciences,4,31,0,4,2014
A5011474651,Andrew S. Chappell,0000-0003-4784-7893,New Zealand Institute for Public Health and Forensic Science,3,31,1,1,2026
A5041894212,Sheree Ann Pagsuyoin,0000-0003-4090-957X,University of Massachusetts Lowell,3,31,1,2,2025
A5062134389,João Pedro Silva,0000-0002-5656-0897,Universidade do Porto,5,31,0,0,2022
A5059032985,Shih‐Jen Tsai,0000-0002-9987-022X,National Yang Ming Chiao Tung University,6,31,0,2,2024
A5063075372,Wudan Han,0000-0002-3619-3305,Western University,5,31,3,0,2024
A5088143464,Tamás Csesztregi,,Bűnügyi Szakértői és Kutatóintézet,3,31,1,0,2017
A5014899914,Xaver Funk,0000-0002-7779-7260,,7,31,0,0,2026
A5065279964,Alex Sparreboom,0000-0003-2660-6644,The Ohio State University,3,31,2,1,2016
A5004847530,Lisa Cosgrove,0000-0003-3101-5726,University of Essex,3,31,0,0,2024
A5060855534,Virginia Milano,,,3,31,0,0,2021
A5035919584,Rocco Di Tella,,Consejo Nacional de Investigaciones Científicas y Técnicas,3,31,0,0,2021
A5049345399,Francesca Castaldo,0000-0002-4947-4552,Neuroelectrics Barcelona SLU (Spain),5,31,0,0,2026
A5108451603,Flavia Regina Carreno,,The University of Texas at San Antonio Health Science Center,3,31,3,0,2022
A5044093658,Declan M. McLoughlin,0000-0003-4574-2799,Trinity College Dublin,5,31,2,1,2026
A5081791105,Andrea Aguglia,0000-0002-2003-2101,Ospedale Policlinico San Martino,3,31,0,0,2026
A5101504674,Changjiang Li,0000-0002-1671-7183,Weifang Medical University,3,31,0,0,2024
A5013960194,Júlia Vendrell-Serres,0000-0002-1333-7943,Universitat Autònoma de Barcelona,3,31,2,0,2024
A5060209926,Elena Koning,0000-0001-5241-0288,Queen's University,9,30,7,0,2026
A5023151190,Ángela S. Guarda,0000-0003-1355-729X,Johns Hopkins University,3,30,0,2,2025
A5057783269,John J. B. Allen,0000-0002-3417-6720,University of Arizona,4,30,0,2,2026
A5083120627,Amandine Luquiens,0000-0002-9402-442X,Inserm,3,30,1,2,2026
A5058096595,R. Cameron Wolf,0009-0004-8332-0321,VA Portland Health Care System,3,30,0,0,2025
A5039696964,F. Nishide,,Faculdade de Ciências Médicas da Santa Casa de São Paulo,4,30,0,0,2019
A5035520474,G Galfano,,Faculdade de Ciências Médicas da Santa Casa de São Paulo,4,30,0,0,2019
A5016392737,Fumiya Tamura,,Faculdade de Ciências Médicas da Santa Casa de São Paulo,4,30,0,0,2019
A5051721474,Jair Guilherme Santos-Junior,0000-0002-9988-2589,Faculdade de Ciências Médicas da Santa Casa de São Paulo,4,30,0,0,2019
A5093590789,Jonathon Marinis,0009-0006-8487-4152,The University of Sydney,3,30,2,0,2025
A5082219956,Caio Jovita-Farias,0009-0001-5484-3025,Universidade Estadual de Santa Cruz,3,30,0,0,2024
A5027540060,Nailton M. S. de Jesus,,Universidade Estadual de Santa Cruz,3,30,0,0,2024
A5028155514,Kurt Stocker,0000-0002-6161-7114,University of Zurich,3,30,3,0,2026
A5035147464,Zahra Halvaei Khankahdani,,Islamic Azad University Medical Branch of Tehran,3,30,0,0,2022
A5036404024,J Müller,,University Hospital Zurich,4,30,0,0,2025
A5037819900,Robert B. Laprairie,0000-0002-9994-433X,University of Saskatchewan,6,30,3,1,2024
A5093863231,Emily C. Fewster,,Canadian Armed Forces,5,30,0,0,2026
A5056722620,Dustin Marlan,,Massachusetts School of Law,3,30,3,0,2026
A5104648763,Antonio d'Attilio,,University of Chieti-Pescara,5,30,0,0,2025
A5104648764,Giovanna Mammarella,,University of Chieti-Pescara,6,30,0,0,2026
A5091498097,Kai Kupferschmidt,,,3,30,3,0,2024
A5034120148,Dasiel O. Borroto‐Escuela,0000-0002-5736-373X,Karolinska Institutet,5,30,2,2,2025
A5091142022,Sarah N. Magee,0000-0001-8659-3916,University of North Carolina at Chapel Hill,5,30,1,0,2025
A5064287511,Aleksi Hupli,0000-0003-4377-5749,University of Helsinki,4,30,2,2,2025
A5063472068,Gabriele M. König,0000-0003-0003-4916,University of Bonn,3,30,1,0,2025
A5054216760,Evi Kostenis,0000-0001-8284-5514,University of Bonn,3,30,0,0,2025
A5087016479,Sudhan Pachhain,0009-0007-5879-5810,Bowling Green State University,3,30,0,0,2022
A5007215107,Sayantan Roy Choudhury,,Bowling Green State University,3,30,0,0,2022
A5025877669,Vipaporn Phuntumart,0000-0003-4604-0043,Bowling Green State University,3,30,0,0,2022
A5100395858,Youngsoo Kim,0000-0001-8289-0331,University of Michigan,3,30,0,0,2025
A5056086091,Robert T. Kennedy,0000-0003-2447-7471,University of Michigan,3,30,0,0,2025
A5084294934,Amorn Slosse,0000-0002-6270-9184,Institut National de Criminalistique et de Criminologie,3,30,0,0,2023
A5077490102,Barry D. Waterhouse,0000-0002-2086-4290,Drexel University,3,30,0,3,2011
A5037770995,Mehrdad Hashemi,0000-0003-0627-6991,"Islamic Azad University, Tehran",5,30,0,0,2019
A5078754068,Reza Mahdian,0000-0003-1458-4767,Pasteur Institute of Iran,3,30,0,0,2015
A5111953776,Nima Molavi,,Tehran University of Medical Sciences,3,30,0,0,2013
A5060051540,Cecília de Andrade Bhering,,Universidade Federal do Rio de Janeiro,4,30,0,0,2024
A5039260540,DARIUSZ K. GRECH,0000-0002-3638-1250,University of Wrocław,3,30,3,0,2015
A5041021937,Zygmunt Mazur,0000-0003-1253-7895,University of Wrocław,3,30,0,3,2015
A5081186706,Rudolf Morgenstern,,Humboldt-Universität zu Berlin,3,30,0,1,1986
A5014394545,Toni B. Kline,0000-0001-5496-1366,,3,30,2,0,1982
A5006946764,Beáta Sperlágh,0000-0003-0099-591X,HUN-REN Institute of Experimental Medicine,3,30,0,1,2024
A5047746084,Balázs Lendvai,0000-0001-9289-4715,Gedeon Richter (Hungary),3,30,0,1,2024
A5034970520,Samuel Robin Chamberlain,0000-0001-7014-8121,Southern Health NHS Foundation Trust,3,30,0,2,2025
A5112724221,Torgny H. Svensson,,Karolinska Institutet,4,30,1,3,2012
A5076221415,Peter Hertel,,Karolinska Institutet,3,30,0,0,1996
A5047541176,Stephen Siff,,Harvard University,8,30,8,0,2018
A5080387547,Mohamed Nasser Baco,0000-0001-7420-2156,Université de Parakou,5,30,0,0,2023
A5022114988,Susanne H. M. Gruber,,Karolinska Institutet,3,30,1,0,1997
A5112010155,Raphael Nishimura,,Institute for Social Research,3,30,0,0,2012
A5038884044,Luciana Morita Ishihara,0009-0009-2262-8695,Universidade de São Paulo,3,30,0,0,2012
A5056150063,Barry Stimmel,,,4,30,3,1,2014
A5087357161,Lorenzo Moccia,0000-0003-3176-6060,Agostino Gemelli University Polyclinic,5,30,3,0,2026
A5113887977,Jianliang Sun,0000-0001-5568-8162,Zhejiang Chinese Medical University,4,30,0,1,2025
A5070932973,Guang-Fen Zhang,0000-0002-3934-8368,Shandong Provincial Hospital,5,30,0,1,2026
A5100710939,Chunyuan Zhang,0000-0002-4527-8802,Southern Medical University,3,30,0,0,2023
A5031601007,Wei Gen Zeng,0000-0002-3059-9427,Southern Medical University,3,30,1,0,2023
A5105457474,Patrick Lefèbvre,0000-0002-2216-5442,,3,30,0,0,2023
A5101758354,Na Xing,0000-0003-2712-3222,First Affiliated Hospital of Zhengzhou University,4,30,0,2,2026
A5052738130,Johanne Hébert,0000-0003-4023-9246,Université du Québec à Rimouski,4,29,0,0,2025
A5093764771,Marianne Masse-Grenier,,Université Laval,4,29,1,0,2026
A5000765190,Jamarie Geller,0000-0001-9049-4400,Draper Laboratory,4,29,3,0,2026
A5042699520,Zofia Kozak,0000-0001-8122-234X,Sheppard Pratt Health System,7,29,3,3,2026
A5068086853,Danilo Davyt,0000-0002-4141-2322,Universidad de la República de Uruguay,3,29,0,0,2025
A5093582030,Hannes Zaczek,,University of Basel,3,29,0,0,2026
A5079094106,Dean J. Tantillo,0000-0002-2992-8844,University of California System,3,29,0,0,2026
A5025887009,Chiara Caporuscio,0000-0003-3267-6251,Deutsches Zentrum für Psychische Gesundheit,5,29,4,0,2026
A5037438463,Brian Pilecki,0000-0002-3943-3386,Oregon Clinic,7,29,1,3,2025
A5000707628,Josefina Herrera Santoyo,,Universidad Nacional Autónoma de México,3,29,0,0,2019
A5039483193,Pratheek Mangini,,"Rutgers, The State University of New Jersey",3,29,1,0,2021
A5071046327,Letícia Birk,0000-0002-9229-5840,Universidade Federal de Ciências da Saúde de Porto Alegre,8,29,3,0,2026
A5074827243,Liam T. Kane,0000-0001-7075-0104,,6,29,0,0,2021
A5085578203,Brad Martins,,Yale University,3,29,0,0,2026
A5056650801,Adrianne R. Wilson‐Poe,0000-0002-6304-5295,Legacy Health,9,29,1,0,2026
A5063116474,Elizabeth Wolfson,,Fields Institute for Research in Mathematical Sciences,3,29,1,0,2024
A5069050201,Chenchen Song,0000-0003-4574-6431,Nanyang Technological University,7,29,2,0,2026
A5001534010,Caine Barlow,0000-0001-6682-7500,Organogenesis (United States),7,29,0,0,2025
A5008734541,Valerie A. Canady,,,25,29,25,0,2026
A5011532196,Grace Blest‐Hopley,0000-0002-3192-2433,King's College London,7,29,4,1,2026
A5032140239,Tyler Oesterle,0000-0002-7363-8086,Mayo Clinic,3,29,0,1,2025
A5101555176,Matthew D. Sacchet,0000-0002-8619-5237,Harvard University,10,29,0,3,2026
A5066732692,Sarah Slabaugh,,Baystate Health,3,29,0,1,2025
A5111183070,Diana Orsini,0009-0009-6641-0057,University Health Network,9,29,3,0,2026
A5004309319,Alberto Hernández-León,0000-0002-6864-6735,Instituto Nacional de Psiquiatría Ramón de la Fuente Muñiz,3,29,1,0,2026
A5093271295,Aylín R. Tabal-Robles,0009-0009-5552-4710,Universidad Autónoma del Estado de Hidalgo,3,29,1,0,2026
A5046621609,Cristina Cusin,0000-0002-6334-9918,Harvard University,6,29,0,0,2026
A5084581096,Salar Vaseghi,0000-0002-2436-9887,"Academic Center for Education, Culture and Research",3,29,0,3,2026
A5005341193,Fabrizio Martino,,University of Chieti-Pescara,3,29,0,0,2025
A5113384147,Sandra N. Poetzsch,,University of Zurich,8,29,0,0,2026
A5021227407,Kevin Domanegg,0000-0002-1215-4264,Central Institute of Mental Health,3,29,1,0,2024
A5006777529,Giuseppe Di Giovanni,0000-0003-2006-563X,Korea University,3,29,1,1,2026
A5029959687,Sabrina Corrêa da Costa,0000-0003-0112-1480,Mayo Clinic,3,29,3,0,2025
A5039173092,Bharathi Avula,0000-0002-8656-9526,University of Mississippi,5,29,1,0,2025
A5054639809,Melissa Funaro,0000-0001-6846-4846,Yale University,4,29,0,0,2025
A5003689747,Richard Hill,0000-0001-8528-1486,The Ohio State University,4,29,2,2,2017
A5078249331,Ioanna Amaya,0000-0002-7815-6270,Humboldt-Universität zu Berlin,5,29,2,0,2024
A5010118280,Winston Chiong,0000-0001-9188-1920,"University of California, San Francisco",3,29,0,2,2025
A5006417922,Matthias Grill,,Actelion (Switzerland),9,29,0,0,2026
A5036499679,Maria Giulia Tullo,0000-0002-2327-2063,University of Chieti-Pescara,3,29,0,0,2026
A5035185964,Michael A. Wheeler,0000-0002-0689-6384,Brigham and Women's Hospital,3,29,1,2,2025
A5041537416,Catherine Lemeur,,,3,29,0,0,2013
A5051797882,Violeta Kontrimavičiūtė,,Lithuanian University of Health Sciences,6,29,4,0,2007
A5017083399,Nick Sleegers,0000-0002-8140-4386,University of Antwerp,4,29,0,0,2023
A5024141050,Shabnam Movassaghi,0000-0002-0320-9569,"Islamic Azad University, Tehran",6,29,3,1,2019
A5067915070,Nicholas S. Akins,0000-0001-8846-3349,University of Mississippi,8,29,7,0,2023
A5004100710,Kazuki Nagayasu,0000-0002-7438-732X,Kyoto University,3,29,2,0,2010
A5018307253,Hisashi Shirakawa,0000-0002-4129-0978,Kyoto University,3,29,0,0,2010
A5011798315,Yalda H. Ardakani,0000-0003-3719-6732,Tehran University of Medical Sciences,11,29,0,5,2026
A5039009028,Gjalt-Jorn Peters,0000-0002-0336-9589,Maastricht University,6,29,2,1,2021
A5063156786,Naoki Uzawa,,Hoshi University,4,29,1,0,2020
A5071455878,Francisney Pinto do Nascimento,0000-0002-6657-4045,Universidade Federal da Integração Latino-Americana,3,29,0,2,2022
A5022416584,Robert C. Fuller,0000-0002-4146-0885,Bradley University,3,29,2,1,2020
A5111866575,R.-L. Lin,,,3,29,1,1,1975
A5034645580,Hongtao Su,0009-0001-7432-1240,Southwest University of Political Science & Law,6,29,0,0,2026
A5003257803,Joerg Roehrich,,Johannes Gutenberg University Mainz,4,29,1,1,2021
A5016176687,Joëlle Micallef,0000-0002-7172-7835,Inserm,8,29,0,6,2022
A5049691933,Gennady Ivanovich Zebrev,0000-0002-7285-1248,National Research Nuclear University MEPhI,3,29,3,0,2014
A5067936716,Maxim S. Gorbunov,0000-0002-4017-7033,National Research Nuclear University MEPhI,3,29,0,0,2014
A5020255115,Kasim Acar,,Karolinska Institutet,3,29,0,0,2023
A5011118280,Tung‐Ping Su,0000-0002-9049-8935,National Yang Ming Chiao Tung University,4,29,0,2,2024
A5017646677,Todd M. Hillhouse,0000-0002-1432-1476,University of Wisconsin–Green Bay,4,29,3,0,2024
A5030049936,Magnus M. Halldin,0000-0001-5531-4224,AlzeCure Pharma (Sweden),6,29,0,0,2024
A5100712503,Jingping Wang,0000-0003-2699-1650,Harvard University,3,29,0,1,2025
A5065559404,Etzel Cardeña,0000-0001-6775-8017,Lund University,5,29,5,0,2025
A5010075178,David P. Herzog,0000-0001-6406-7990,Johannes Gutenberg University Mainz,5,29,4,0,2021
A5090421078,Giulia Treccani,0000-0002-7224-3445,Johannes Gutenberg University Mainz,4,29,0,1,2021
A5110407440,Marianne B. Müller,0000-0002-0269-6131,Johannes Gutenberg University Mainz,4,29,0,3,2021
A5101692635,Qian Liu,0000-0001-8598-5256,Chongqing University,3,29,0,0,2024
A5101985809,Ting Yang,0000-0003-4300-0492,Third People's Hospital of Chengdu,3,29,2,0,2024
A5008006694,Mary Pat Petrillo,,Janssen Scientific Affairs (United States),3,29,0,0,2024
A5045051249,Yusheng Yao,0000-0001-8488-8876,Fujian Medical University,5,29,0,5,2026
A5026868619,Miriam Kaiyo,,Draper Laboratory,3,28,0,1,2025
A5052883633,Sierra Carter,0000-0003-3842-3175,Georgia State University,3,28,2,0,2025
A5066710208,Anton L.V. Avanceña,0000-0002-4903-870X,The University of Texas at Austin,3,28,2,1,2026
A5020110017,Roxanne Sholevar,0009-0008-1775-3101,Harvard University,8,28,3,0,2025
A5033221741,Paula P. Schnurr,0000-0002-6195-716X,Dartmouth College,6,28,0,4,2026
A5049315614,Robert F. Dougherty,0000-0002-1254-5943,Pathways Behavioral Services,6,28,3,2,2026
A5085478686,Gregory Ryslik,,Pathways Behavioral Services,5,28,0,2,2026
A5108335177,Sara Ellis,,The Ohio State University,4,28,2,0,2026
A5103133978,Wendy Feng,0000-0002-8664-9745,VA Palo Alto Health Care System,3,28,0,0,2026
A5021823042,Melissa J. Lewis,0000-0001-6643-191X,Virginia Commonwealth University,3,28,0,0,2025
A5054492364,Josephine C. McGowan,0000-0001-5132-3377,Harvard University,6,28,0,0,2025
A5042491914,D. Parker Kelley,0000-0001-8492-2704,San Francisco VA Medical Center,3,28,1,0,2025
A5091238332,Henrique Fernandes Antunes,0000-0002-4215-9314,Centro Brasileiro de Análise e Planejamento,26,28,20,1,2025
A5082256940,Dino Dvořák,0000-0003-3884-1393,,5,28,0,0,2026
A5102951395,Bruno Pires,0000-0002-4181-9130,University of Beira Interior,3,28,2,0,2025
A5084382435,Carolyn F. Wong,0000-0002-0699-1285,University of Southern California,3,28,0,2,2026
A5026132568,Janna Ataiants,0000-0002-4435-1828,Drexel University,3,28,0,0,2026
A5077621590,Bridgid M. Conn,0000-0002-8649-1642,University of Southern California,3,28,2,0,2026
A5006685879,Stephen E. Lankenau,0000-0002-6928-0085,Drexel University,3,28,0,1,2026
A5050210882,João Maurício Castaldelli-Maia,0000-0001-9621-2291,Universidade de São Paulo,6,28,4,1,2026
A5082833067,Jean‐François Wiart,0000-0003-1037-1078,Centre Hospitalier Universitaire de Lille,11,28,2,0,2025
A5005924978,Keming Yun,0000-0001-5934-4164,Ministry of Public Security of the People's Republic of China,3,28,0,1,2024
A5012588252,Michael W. Decker,0000-0002-6773-6245,University of Würzburg,3,28,0,3,2025
A5113679893,J.M. Llobet,,Universitat de Barcelona,4,28,0,3,2012
A5016635569,Miguel Casas,0000-0003-3496-8522,Universitat Autònoma de Barcelona,4,28,0,1,2017
A5047331691,Simon Mensah Ametamey,0000-0003-4285-6731,ETH Zurich,4,28,1,0,2014
A5024534750,José Enrique de la Rubia Ortí,0000-0001-6808-9505,Valencia Catholic University Saint Vincent Martyr,3,28,0,0,2021
A5036721306,Alinde E. Wallinga,,University of Groningen,3,28,3,0,2011
A5033835492,Jaap M. Koolhaas,,University of Groningen,3,28,0,0,2011
A5026599496,Bauke Buwalda,,University of Groningen,3,28,0,3,2011
A5111460413,Tohru Hino,,,4,28,2,2,1976
A5002239926,Boris Ettienne Duffau,0009-0007-7027-2246,Instituto de Salud Pública de Chile,3,28,3,0,2016
A5086905561,Péter Petschner,0000-0002-3198-858X,Semmelweis University,11,28,10,0,2018
A5011908372,Viola Tamási,0000-0001-7419-5603,Semmelweis University,11,28,0,0,2018
A5012798312,H. Gourlain,0000-0001-6389-883X,Hôpital Lariboisière,5,28,0,0,2024
A5032589320,Matthijs Blankers,0000-0002-8821-3312,Trimbos Institute,4,28,2,0,2025
A5083054475,Virgínia M. F. Gonçalves,0000-0002-9151-516X,Cooperativa de Ensino Superior Politécnico e Universitário,3,28,0,0,2024
A5063393722,Magda Psichoudaki,0000-0002-0197-7302,University of Cyprus,3,28,2,0,2026
A5108817819,Charlotte Mayer,,Hôpital Raymond-Poincaré,3,28,1,0,2026
A5063380287,Yann Harel,0000-0002-8970-1983,Institut Universitaire de Gériatrie de Montréal,3,28,0,0,2026
A5039212224,Stephen Snelders,0000-0001-5638-0602,Utrecht University,5,28,3,0,2023
A5100694499,Min‐Ho Park,0000-0003-0891-8230,Chungnam National University,3,28,1,0,2018
A5053959984,Ali Ibrahim,0000-0002-8454-0551,Africa Rice Center,3,28,1,0,2022
A5017673049,Qinjun Chu,0000-0001-9210-5691,Zhengzhou University,3,28,2,0,2025
A5081469768,Bo-Ran Deng,0009-0002-6361-917X,Nantong University,3,28,2,0,2026
A5079965357,Chengchuan Chen,,Southwest Medical University,3,28,1,0,2025
A5114126373,Yifen Zhuo,0009-0009-1312-5367,,4,28,1,0,2026
A5076256339,Skye A. Miner,0000-0002-8848-2440,RAND Corporation,4,27,0,0,2025
A5018546125,Yann Joly,0000-0002-8775-2322,McGill University,3,27,0,0,2025
A5019827939,Morten Peter Lietz,0000-0002-0629-3698,University of Fribourg,4,27,0,3,2025
A5051209585,Carrie K. Jones,0000-0002-1287-9839,Vanderbilt University,3,27,0,1,2024
A5060483072,Craig W. Lindsley,0000-0003-0168-1445,Vanderbilt University Medical Center,6,27,3,0,2024
A5064074605,Zohaib Nadeem,0009-0004-1889-9859,The University of Queensland,3,27,2,0,2025
A5101383503,Connie Ludwig,,"University of California, San Francisco",3,27,0,0,2026
A5074840299,Meredith Bock,0000-0002-8704-916X,"University of California, San Francisco",3,27,0,0,2026
A5063520767,Katiah Llerena,0000-0002-9769-172X,"University of California, San Francisco",4,27,0,0,2026
A5099336938,Amber McKernan,,"University of California, San Francisco",3,27,0,0,2026
A5058409297,Ivar W Goksøyr,0009-0001-7656-625X,Østfold Hospital Trust,7,27,0,0,2026
A5049335564,Christine Hauskeller,0000-0001-8497-6614,University of Exeter,3,27,2,0,2024
A5010700554,Sandra Szafoni,0000-0003-4980-5734,Medical University of Silesia,4,27,2,0,2025
A5017040379,Sarann Bielavitz,0000-0003-2104-6991,Oregon Health & Science University,7,27,0,0,2026
A5052448109,Francisco Madrid-Gambín,0000-0001-9333-0014,Hospital Del Mar,3,27,3,0,2026
A5071768267,Christopher Lo,0000-0003-2171-6254,University of Toronto,7,27,0,2,2026
A5084720096,Alistair R. McTaggart,0000-0002-0996-1313,The University of Queensland,6,27,5,0,2025
A5060152507,Louise S. Shuey,0000-0001-7813-834X,,5,27,0,0,2024
A5077870365,A. Drenth,0000-0002-8510-1534,The University of Queensland,5,27,0,1,2024
A5013332746,J. Cobb Scott,0000-0001-6538-9043,Philadelphia VA Medical Center,5,27,0,0,2026
A5019346537,Michael Levine,0000-0003-2543-3809,Johns Hopkins University,3,27,1,1,2026
A5044658520,Patric Plesa,0000-0003-4124-0433,Toronto Metropolitan University,3,27,2,1,2025
A5012262210,Justyna K. Hinchcliffe,0000-0002-9069-5023,University of Bristol,5,27,4,0,2026
A5065598788,Julia M. Bartlett,,University of Bristol,3,27,0,0,2026
A5092866688,Katie Kamenish,0009-0008-8660-6754,University of Bristol,3,27,0,0,2026
A5025310123,Roberto Arban,,Boehringer Ingelheim (Germany),4,27,0,1,2026
A5059296969,Sophia Lin,,"University of California, Davis",3,27,0,0,2025
A5061098272,Chiara Platella,0000-0002-6997-1767,Federico II University Hospital,3,27,2,0,2025
A5071370272,Mattia Mori,0000-0003-2398-1254,University of Siena,3,27,1,0,2025
A5001103078,Daniela Montesarchio,0000-0001-6295-6911,Federico II University Hospital,3,27,0,3,2025
A5037273807,Patrícia Cavalcanti-Ribeiro,,Universidade Federal do Rio Grande do Norte,6,27,1,0,2026
A5032899260,Verónica Bisagno,0000-0002-4332-2734,Consejo Nacional de Investigaciones Científicas y Técnicas,7,27,3,4,2026
A5060207911,Malcolm Hopwood,0000-0001-6004-4521,The University of Melbourne,7,27,5,0,2026
A5025974894,Tiago Coutinho,0000-0002-0545-9457,Universidade Federal do Rio de Janeiro,5,27,4,1,2023
A5075824363,Andreas Krabbe,0000-0001-8650-5074,Åbo Akademi University,7,27,3,0,2025
A5087793870,Saulius Kazlauskas,,,3,27,2,0,2008
A5033378665,ROBERT G. BENEDICT,,University of Washington,3,27,2,0,1968
A5086408004,L.R. Brady,,University of Washington,3,27,0,1,1968
A5102895132,Eric L. Harvey,0000-0003-2190-7675,Scripps Research Institute,5,27,3,0,2018
A5068293541,Randall C. Clark,,Auburn University,3,27,0,1,2014
A5002063414,A.E. NEELY,,William S. Hall Psychiatric Institute,4,27,0,3,1975
A5077219897,MICHAEL A. BEAUDOIN,,National Center for Toxicological Research,3,27,0,0,2011
A5079305919,Brett T. Thorn,,National Center for Toxicological Research,3,27,0,0,2011
A5112297376,Steen Jakobsen,,Aarhus University,7,27,0,0,2007
A5064754939,Takuji Shoda,0000-0001-9640-5253,National Institute of Health Sciences,4,27,3,0,2023
A5043560147,Claudio Agnorelli,0000-0002-9100-7800,University of Siena,10,27,3,0,2026
A5070894857,John E. Macor,,Pfizer (United States),3,27,2,0,1994
A5110046923,Zsuzsanna Fürst,,Semmelweis University,3,27,0,1,2009
A5041008622,Ryoichi Nagata,,,4,27,3,0,1996
A5055838486,Foluso Agboola,0009-0009-2367-7392,Institute for Clinical and Economic Review,3,27,1,1,2024
A5044360004,Jai Whelan,0000-0002-7543-5418,University of Otago,7,27,4,0,2026
A5077939328,Rhonda Conerly Holliday,0000-0003-4517-7662,University of Kentucky,3,27,1,0,2016
A5056087866,Stéphane Malbranque,,Centre Hospitalier Universitaire d'Angers,3,27,0,0,2026
A5067140213,József Tı́már,0000-0001-9183-0859,Semmelweis University,3,27,1,0,2005
A5030234822,Árpád László Szabó,0000-0002-1504-2049,Sanofi (Hungary),3,27,0,0,2005
A5044362437,Santiago Nogué,0000-0003-3508-8391,Hospital Clínic de Barcelona,3,27,1,0,2013
A5072212376,Amie C. Hayley,0000-0002-4470-4718,Swinburne University of Technology,8,27,2,1,2020
A5102204082,Pinjia Meng,,China People's Public Security University,4,27,3,0,2010
A5068541222,Hye Hyun Yoo,0000-0001-8282-852X,Hanyang University,3,27,0,2,2026
A5059485420,Emma C. Gordon,0000-0002-0117-2811,University of Glasgow,5,27,3,0,2025
A5115590085,MA Turner,,University of Liverpool,3,27,2,1,2019
A5031710228,M. G. Mooij,,Erasmus MC - Sophia Children’s Hospital,5,27,2,0,2019
A5000540926,Alexandros Makriyannis,0000-0003-3272-3687,Northeastern University,3,27,0,2,2008
A5021191857,Tiffany M. Scharadin,,Accelerated Medical Diagnostics (United States),6,27,2,0,2018
A5011139271,Punyabhorn Rattanacheeworn,0000-0002-7513-0630,Chulalongkorn University,4,27,4,0,2021
A5075218504,Stephen John Kerr,0000-0002-1919-4525,Chulalongkorn University,3,27,0,0,2021
A5070358085,Wonngarm Kittanamongkolchai,0000-0002-6658-4964,Chulalongkorn University,3,27,0,0,2021
A5019381945,Natavudh Townamchai,0000-0003-3854-361X,Chulalongkorn University,3,27,0,0,2021
A5083754428,Suwasin Udomkarnjananun,0000-0003-4087-9032,Chulalongkorn University,3,27,0,0,2021
A5047759927,Kearkiat Praditpornsilpa,0000-0002-2846-9498,Chulalongkorn University,3,27,0,0,2021
A5038474416,Thanundorn Thanusuwannasak,,Chulalongkorn University,3,27,0,0,2021
A5079029375,Boonsri Ongpipattanakul,,Chulalongkorn University,3,27,0,0,2021
A5072932253,Yingyos Avihingsanon,0000-0002-5718-3843,Chulalongkorn University,3,27,0,0,2021
A5077839956,Pajaree Chariyavilaskul,0000-0003-1096-6020,Chulalongkorn University,3,27,0,3,2021
A5084680366,Mareile H. Breithaupt,,University Hospital Heidelberg,3,27,3,0,2023
A5070669878,Lenka A. Taylor,,University Hospital Heidelberg,3,27,0,0,2023
A5025203212,Torsten Hoppe‐Tichy,0000-0001-6172-0106,University Hospital Heidelberg,3,27,0,0,2023
A5049258678,Markus Dachtler,,,3,27,0,0,2023
A5079953598,Rakesh Venkatesh,0009-0006-1212-7641,,3,27,0,0,2023
A5014466222,Karin Eggenreich,,,3,27,0,0,2023
A5103270389,Michael J. Brammer,0000-0001-9800-2052,King's College London,3,27,0,0,2021
A5100366191,Si Xuan Chen,0000-0002-4196-0740,Shandong First Medical University,3,27,0,0,2025
A5088210913,Pierre de Maricourt,0009-0004-2527-331X,Centre Hospitalier Sainte-Anne,8,27,0,1,2026
A5067555000,Andrea Parolin Jackowski,0000-0001-8842-5406,Universidade Federal de São Paulo,4,27,0,2,2021
A5093764770,Robert Foxman,,Canadian Arthritis Patient Alliance,3,26,0,0,2025
A5007027911,Brian R. Christie,0000-0002-6830-0160,University of Victoria,6,26,0,2,2026
A5082173582,Michael Alpert,,Beth Israel Deaconess Medical Center,3,26,0,0,2025
A5089875530,Santiago Madero,0000-0002-1123-4211,Centro de Investigación Biomédica en Red de Salud Mental,3,26,2,0,2025
A5114208896,Andrew W. Bismark,0000-0003-0381-642X,University of California San Diego,10,26,0,1,2026
A5088096716,Nahanga Verter,0000-0002-5889-134X,Mendel University in Brno,3,26,0,3,2022
A5081398262,Joseph A. De Leo,0000-0002-1793-119X,Compassionate Cancer Care,5,26,0,3,2025
A5026664487,Daniel H. Grossman,,University of Alabama at Birmingham,3,26,1,0,2026
A5066708131,Roberto Ciccocioppo,0000-0003-3126-9240,Università di Camerino,4,26,1,1,2026
A5032092254,Gabriele Floris,0000-0002-5818-774X,Yale University,4,26,3,0,2026
A5056272459,Luca Pellegrini,0000-0002-2855-2865,University of Hertfordshire,4,26,1,0,2025
A5046416771,Naomi Fineberg,0000-0003-1158-6900,University of Hertfordshire,4,26,0,1,2025
A5012685144,Caroline L. Alves,0000-0003-4708-1330,Aschaffenburg University of Applied Sciences,7,26,7,0,2025
A5061851539,Francisco A. Rodrigues,0000-0002-0145-5571,Universidade de São Paulo,4,26,0,1,2024
A5033913847,Christiane Thielemann,0000-0002-9814-4744,Aschaffenburg University of Applied Sciences,5,26,0,0,2025
A5024276554,Manuel Ciba,0000-0003-2951-135X,Aschaffenburg University of Applied Sciences,4,26,0,3,2024
A5027962781,Michelle CQ Lin,0000-0002-6295-7970,University of British Columbia,3,26,0,0,2025
A5061047157,Paulo Rogério Morais,0000-0002-0336-3793,Universidade Federal de Rondônia,3,26,0,1,2026
A5054290023,W. J. Rorabaugh,,University of Washington,5,26,5,0,2019
A5072296703,Sarah G. Cook,0000-0002-5547-3580,Allen Institute for Brain Science,6,26,3,0,2025
A5012127614,Jaideep S. Bains,0000-0002-3634-6463,Allen Institute for Brain Science,6,26,0,0,2025
A5061983678,Pierre Chue,0000-0002-7916-415X,University of Alberta,6,26,3,3,2023
A5065132759,Timothy J. Wiegand,0000-0001-9004-2914,Strong Memorial Hospital,3,26,2,0,2023
A5069080001,Gilberto Di Petta,,Ospedale Santa Maria,3,26,0,1,2025
A5008253709,Gustavo A. Angarita,0000-0001-5568-9878,Yale University,5,26,0,4,2025
A5067038384,Cato Grønnerød,0000-0001-7915-9601,University of Oslo,3,26,1,2,2025
A5012195642,Chongguang Chen,0000-0003-3097-8176,Temple University,4,26,1,0,2026
A5039630440,Asta Kubilienė,0000-0002-0449-6547,,10,26,10,0,2017
A5058479683,Ilona Sadauskienė,0000-0002-5639-4163,,10,26,0,0,2017
A5100321336,Hua Liu,0000-0003-2798-3337,Johns Hopkins University,3,26,0,0,2024
A5059169615,Daniel Stjepanović,0000-0003-4307-423X,The University of Queensland,3,26,0,0,2026
A5010057632,Jared VanderZwaag,0000-0002-1546-0304,University of Victoria,3,26,1,0,2026
A5021223799,Marie‐Ève Tremblay,0000-0003-2863-9626,University of Victoria,3,26,1,2,2026
A5049743326,Hans Persson,0000-0001-6329-8295,Karolinska Institutet,3,26,3,0,2016
A5069491039,Petra P M Hurks,,Maastricht University,3,26,0,0,2025
A5051743657,Miyuan Zhang,0000-0002-1433-3514,University of Science and Technology of China,4,26,2,0,2026
A5052654379,Mehmet Sofuoglu,0000-0002-5401-4681,Yale University,7,26,3,1,2025
A5044588276,Leah M. Salinsky,0000-0002-7065-6748,University of Washington,5,26,5,0,2026
A5072055734,Claudia Pascovich,0000-0003-2899-306X,,4,26,2,1,2026
A5078375805,Charles Clay Dahlberg,,New York State Psychiatric Institute,4,26,1,0,1979
A5014168391,Yuji Nakahara,,,4,26,1,1,1980
A5004960875,Donald E. Brooks,0000-0002-7946-4320,University of British Columbia,3,26,0,3,1999
A5038151040,Bridger Wh,,,5,26,2,3,2022
A5061256851,Enrique Ibarra‐Laclette,0000-0003-1441-1938,Instituto de Ecología,11,26,11,0,2016
A5057927549,Flor Zamudio-Hernández,,Instituto Politécnico Nacional,11,26,0,0,2016
A5109890684,Claudia Anahí Perez-Torres,,Instituto de Ecología,9,26,0,0,2015
A5066383004,Victor A. Albert,0000-0002-0262-826X,"University at Buffalo, State University of New York",11,26,0,0,2016
A5017015866,Enrique Ramı́rez-Chávez,0009-0003-2902-7055,Instituto Politécnico Nacional,11,26,0,0,2016
A5067650314,Araceli Fernández-Cortés,,Instituto Politécnico Nacional,11,26,0,0,2016
A5088213692,Carlos Ligne Calderón-Vázquez,0000-0002-6674-2504,Instituto Politécnico Nacional,11,26,0,0,2016
A5035252824,José Luís Olivares-Romero,0000-0001-7389-3514,Instituto de Ecología,9,26,0,0,2015
A5004095859,Alfredo Herrera‐Estrella,0000-0002-4589-6870,Instituto Politécnico Nacional,9,26,0,0,2015
A5038313175,Luís Herrera‐Estrella,0000-0001-7936-3856,Instituto Politécnico Nacional,11,26,0,11,2016
A5036499625,István Bókkon,0000-0002-7140-9693,University of Massachusetts Lowell,3,26,0,3,2022
A5046591359,James J. Chambers,0000-0003-3883-8215,Purdue University West Lafayette,4,26,1,0,2006
A5019097665,Karel Šlais,0000-0001-9957-9187,Central European Institute of Technology – Masaryk University,24,26,9,0,2012
A5048587359,Alexandra Šulcová,0000-0001-8854-558X,Central European Institute of Technology – Masaryk University,31,26,3,28,2012
A5051104251,Jonathan Sperry,0000-0001-7288-3939,University of Auckland,4,26,2,2,2023
A5109203750,Júlia Tímár,,Semmelweis University,4,26,0,0,2009
A5032770710,James R. Pearson,,Victoria Police,3,26,0,0,2020
A5075206771,C.J. Schmidt,,,4,26,1,1,1994
A5045305762,Susanna Gyarmati,,Semmelweis University,3,26,1,0,2007
A5112506723,M José Burgueño,,Instituto Nacional de Toxicología y Ciencias Forenses,4,26,4,0,2019
A5110569067,Sergio Sánchez,0000-0001-9903-6203,Instituto Nacional de Toxicología y Ciencias Forenses,4,26,0,2,2019
A5049983483,Michael W. Duffel,0000-0002-6079-7459,,3,26,0,1,2010
A5034283939,Hiroto Nakano,0000-0002-2557-7207,Muroran Institute of Technology,4,26,0,1,2011
A5011868296,Lydia Johnson‐Ferguson,0000-0003-3717-1332,University of Zurich,4,26,1,0,2026
A5005471471,Jie Mei,0000-0002-2834-8346,Western University,3,26,1,0,2024
A5022751577,Hein T. van Schie,0000-0002-1149-5198,Radboud University Nijmegen,3,26,0,3,2024
A5110814329,Yasufumi Kataoka,,Kyushu University,3,26,0,0,1981
A5049900988,Frank J. Ayd,,,3,26,3,0,1977
A5039010978,B.O. Fabriek,,Netherlands Organisation for Applied Scientific Research,3,26,0,0,2015
A5031234698,Christopher C. DuFort,0009-0009-7446-7977,Presage Biosciences (United States),240,26,0,0,2025
A5017694538,Emily E. Killingbeck,0000-0002-5108-5089,Nanostring Technologies (United States),240,26,0,0,2025
A5036390831,Michael Leon,0000-0003-3982-2063,Nanostring Technologies (United States),240,26,0,0,2025
A5041340974,Claire Williams,0000-0001-5467-149X,Nanostring Technologies (United States),240,26,0,0,2025
A5040965653,Mark Gregory,0000-0003-4149-4724,Nanostring Technologies (United States),240,26,0,0,2025
A5017986819,Kimberly H.W. Sottero,,Presage Biosciences (United States),28,26,0,0,2024
A5057408680,Andreas Breenfeldt Andersen,0000-0003-3361-3009,Aarhus University,3,26,2,0,2025
A5068264612,Jacob Bejder,0000-0002-9698-9188,University of Copenhagen,3,26,0,0,2025
A5089412069,Thomas Christian Bonne,0000-0002-4714-1981,University of Copenhagen,3,26,1,0,2025
A5020166486,Nikolai Baastrup Nordsborg,0000-0001-7077-9265,University of Copenhagen,3,26,0,3,2025
A5063789387,Tiia Kuuranne,0000-0003-1638-6182,Centre Hospitalier Universitaire Vaudois,3,26,0,1,2026
A5075805060,Candan İltemir Duvan,,Fatih University,3,26,1,0,2010
A5075319963,Devon Thompson,,Brigham and Women's Hospital,3,26,0,0,2022
A5077329607,Yuyan Jin,0009-0002-2099-8595,Peking University Third Hospital,3,26,0,1,2026
A5100455312,Tao Li,0000-0002-5108-1774,University of California Davis Medical Center,3,26,0,0,2023
A5042404471,Ina Giegling,0000-0001-8407-7512,Martin Luther University Halle-Wittenberg,3,26,0,0,2013
A5000648987,Yalin Du,,Weifang Medical University,3,26,2,0,2022
A5068719939,Jheng‐Yan Wu,0000-0002-3290-1909,Chi Mei Medical Center,5,26,0,0,2026
A5072258227,Walter J. Duffy,0009-0006-5261-9659,Alivation (United States),4,26,0,0,2025
A5030742890,Mary Stedman,,Stedman Clinical Trials,3,26,0,0,2025
A5024991123,Rebecca M. Allen,0000-0002-7880-6958,,3,26,0,0,2025
A5077734682,Gustavo Alva,0000-0001-9742-398X,ATP Clinical Research (United States),4,26,0,0,2025
A5008366005,Ziad H. Nahas,0000-0002-8391-5673,University of Minnesota,4,26,0,0,2025
A5033092639,Christopher L. Kriedt,,Washington University in St. Louis,4,26,0,0,2025
A5009277492,Mark T. Bunker,0000-0001-5871-0687,LivaNova (United Kingdom),3,26,0,0,2025
A5094311906,Olivia Shy,,LivaNova (United Kingdom),4,26,0,0,2025
A5102160858,Quyen Tran,,LivaNova (United Kingdom),3,26,0,0,2025
A5040905947,Jarrett Robert Rose,0000-0001-6528-5236,SUNY Polytechnic Institute,7,25,6,1,2026
A5090933971,Marc J. Weintraub,0000-0001-8724-120X,UCLA Medical Center,6,25,4,0,2026
A5030319968,Paniz Heydari,0000-0002-7236-305X,The Netherlands Cancer Institute,3,25,1,0,2024
A5102613407,Linda C. Kunz,,Heidelberg University,3,25,0,0,2026
A5093861751,Barbara Rohrmoser,,Heidelberg University,3,25,0,0,2026
A5067129421,P. Mediano,,Queen Mary University of London,3,25,0,0,2026
A5035412775,Sarah E. Domoff,0000-0001-6011-8738,Central Michigan University,4,25,0,0,2024
A5061858180,Kyle C Scherr,0000-0002-9694-0624,Central Michigan University,4,25,0,0,2024
A5084117707,André Brooking Negrão,0000-0002-8133-6723,Universidade de São Paulo,7,25,0,3,2026
A5060903420,Zachary A. Cordner,0000-0001-6000-567X,Johns Hopkins University,5,25,0,2,2025
A5080197981,Taynah Pereira Galdino,0000-0003-4177-6430,Universidade Federal de Campina Grande,7,25,3,0,2026
A5087489433,Lucas Cordeiro de Oliveira,0000-0002-0853-3472,Universidade Federal de Campina Grande,5,25,1,0,2025
A5015725104,Mateus Araújo da Luz,0000-0003-1713-4825,Universidade Federal de Campina Grande,5,25,1,0,2025
A5017271286,Antônio Gilson Barbosa de Lima,0000-0003-1691-1872,Universidade Federal de Campina Grande,5,25,0,0,2025
A5051005007,Suédina Maria de Lima Silva,0000-0002-2073-0989,Universidade Federal de Campina Grande,6,25,0,1,2026
A5045392401,Marcus Vinícius Lia Fook,0000-0002-8566-920X,Universidade Federal de Campina Grande,6,25,0,3,2026
A5016964058,Manupat Lohitnavy,0000-0002-4439-0560,Naresuan University,5,25,0,4,2026
A5039317866,Milica Mijović,0000-0003-1884-6066,University of Nis,4,25,0,0,2024
A5104365858,Júlia Nagy,,Bűnügyi Szakértői és Kutatóintézet,3,25,2,0,2020
A5078792334,Tibor Veress,,Bűnügyi Szakértői és Kutatóintézet,3,25,0,3,2020
A5031270828,Timothy Y. James,0000-0002-1123-5986,University of Michigan,4,25,0,3,2024
A5051448405,Jens H. van Dalfsen,0000-0002-4388-8447,University Medical Center Groningen,9,25,0,5,2026
A5089262544,Joana Fernandes,0000-0002-5775-532X,Laboratório de Ciências Forenses e Psicológicas Egas Moniz,3,25,1,0,2022
A5031638359,Stephan Tap,0000-0002-9604-1098,University Medical Center Groningen,5,25,3,0,2026
A5024729733,Emerson Arcoverde Nunes,0000-0002-2001-4536,Universidade Federal do Rio Grande do Norte,3,25,0,0,2026
A5053225433,Andrea Ens,0000-0002-6023-1041,University of Saskatchewan,3,25,3,0,2025
A5025565913,S. K. Spoelstra,0000-0002-7242-991X,American Society of Addiction Medicine,3,25,1,2,2026
A5020266584,Eli J. Müller,0000-0003-2497-0194,The University of Sydney,3,25,0,0,2023
A5103245471,Hiroyuki Miyamoto,0000-0002-5388-8053,RIKEN Center for Brain Science,3,25,0,0,2023
A5074948910,Kazuhiro Yamakawa,0000-0002-1478-4390,RIKEN Center for Brain Science,3,25,0,0,2023
A5079499220,Andrew E. Hudson,0000-0001-7292-5406,"University of California, Los Angeles",3,25,0,0,2023
A5004627402,Nader Pouratian,0000-0002-0426-3241,The University of Texas Southwestern Medical Center,3,25,0,0,2023
A5030844680,Leila M. Soravia,0000-0002-4924-7771,University of Bern,3,25,0,1,2025
A5099169049,Aurelija Ippolito,0000-0002-3579-204X,University of Oxford,5,25,3,1,2026
A5093729778,Kaike Thiê da Costa Gonçalves,0009-0009-3600-4453,Universidade de São Paulo,6,25,1,0,2026
A5102741246,Eduardo Igor Torquato Cardoso Lopes,0000-0002-3079-9533,Universidade Federal do Rio Grande do Norte,5,25,1,0,2026
A5012235859,Jon E. Grant,0000-0001-7784-7021,University of Chicago,5,25,3,0,2026
A5100395108,Xiaodan Wang,0000-0002-1104-0345,Washington University in St. Louis,5,25,0,0,2026
A5030671314,Annie R. Bice,,Washington University in St. Louis,5,25,0,0,2026
A5071284741,Jordan G. McCall,0000-0001-8295-0664,Washington University in St. Louis,5,25,0,0,2026
A5103150294,Adam Q. Bauer,0000-0002-8364-3209,Washington University in St. Louis,5,25,1,4,2026
A5064385465,Umed Boltaev,0000-0002-0040-7228,Irish Life (Ireland),3,25,1,0,2025
A5015202184,Katrin Faber,0000-0002-7172-0676,Credit Suisse (Switzerland),4,25,0,0,2026
A5063506824,André R. Brunoni,0000-0002-6310-3571,Universidade de São Paulo,4,25,0,0,2026
A5036206190,Wellington Alves de Barros,0000-0002-3479-0720,Universidade Federal de Minas Gerais,3,25,0,0,2025
A5052035939,Araceli Cabrero-Castel,,Universitat Pompeu Fabra,3,25,0,0,2008
A5035331569,Madan Kumar Paudel,,Kyushu University,3,25,2,0,2017
A5101823124,Hiroyuki Tanaka,0000-0003-3777-6112,Kyushu University,3,25,1,1,2017
A5103638443,Satoshi Morimoto,0009-0002-1506-3920,Kyushu University,3,25,0,2,2017
A5078374250,Diletta Berardinelli,0009-0001-3005-5825,Marche Polytechnic University,3,25,0,0,2023
A5113759244,Kanhaiya R. Shah,,William S. Hall Psychiatric Institute,3,25,0,0,1975
A5085684718,R.S. LAWRENCE,,William S. Hall Psychiatric Institute,3,25,0,1,1975
A5035078794,Arthur C. Hastings,,Sofia University,3,25,3,0,2006
A5057060507,Gail A. A. Cooper,0000-0002-8637-8674,,3,25,1,0,2007
A5001595259,Erin Heather,,University of Technology Sydney,3,25,3,0,2020
A5008872103,Grażyna Biała,0000-0001-8270-9635,Medical University of Lublin,5,25,0,3,2022
A5052588242,Zahra Nadia Sharifi,0000-0002-7662-8123,"Islamic Azad University, Tehran",3,25,0,1,2016
A5068024184,Dita Spálovská,0000-0001-9503-6329,"University of Chemistry and Technology, Prague",3,25,0,0,2022
A5040921208,Vladimı́r Setnička,0000-0002-9615-7955,"University of Chemistry and Technology, Prague",3,25,0,2,2022
A5090530947,Jenny Becam,0000-0003-3492-9769,Assistance Publique Hôpitaux de Marseille,6,25,3,0,2022
A5061572357,László Tóthfalusi,0000-0003-3089-1003,Semmelweis University,9,25,0,0,2018
A5013053391,Frank Scott Hall,0000-0002-0822-4063,University of Toledo,4,25,1,2,2025
A5053275074,Carol Anne Paronis,0000-0002-3203-1966,Harvard University,4,25,1,2,2021
A5038824477,Steven P. Kurtz,0000-0002-4243-8129,Nova Southeastern University,5,25,2,2,2020
A5109073265,Elisabet Kaa,,Aarhus University,3,25,0,2,2003
A5033159462,Fabrício A. Pamplona,0000-0002-0376-1644,Universidade Federal de Santa Catarina,4,25,3,0,2025
A5111658859,Marilyn E. Carroll,,,5,25,1,0,2010
A5068173543,Nikita P. Ilyin,0000-0002-2167-0121,St Petersburg University,3,25,1,0,2024
A5068267697,Mikael S. Mor,,St Petersburg University,3,25,0,0,2024
A5045900737,Christopher M. Bache,,Youngstown State University,3,25,3,0,2014
A5059368484,Susan D. Airhart,0000-0001-7040-1238,Jackson Laboratory,5,25,0,0,2023
A5000966901,Clifford G. Tepper,0000-0001-7105-1102,"University of California, Davis",5,25,0,0,2023
A5049657362,Alexandra Drakaki,0000-0001-8865-3548,"University of California, Los Angeles",5,25,0,0,2023
A5052069448,Karim Chamie,,"University of California, Los Angeles",5,25,0,0,2023
A5076383743,Emma Claesdotter‐Knutsson,0000-0002-6832-2482,Lund University,10,25,0,2,2026
A5082988312,Simon A. Hermann,0000-0002-5561-8022,Heidelberg University,6,25,1,0,2025
A5033153774,Lluís Miquel-Rio,0000-0002-3547-6004,Consejo Superior de Investigaciones Científicas,3,25,0,0,2020
A5023104507,Anna Castañé,0000-0002-2578-445X,Universitat de Vic - Universitat Central de Catalunya,3,25,0,3,2020
A5037958078,Sharath K. Bhagavatula,0000-0002-9194-0932,Brigham and Women's Hospital,6,25,1,0,2026
A5067701153,Caroline Wass,0009-0003-8487-9963,Sahlgrenska University Hospital,3,25,1,0,2024
A5085668440,Sylwia Janowska,,Celon Pharma (Poland),6,25,3,0,2022
A5074594600,Maciej Wieczorek,,Celon Pharma (Poland),6,25,1,2,2022
A5035469274,Maurizio Simmaco,0000-0003-4164-1472,Azienda Ospedaliera Sant'Andrea,4,25,0,2,2025
A5101871803,Yuanyuan Xu,0000-0003-3521-0115,Zunyi Medical University,3,25,2,0,2025
A5048425111,Danilo Atripaldi,0000-0003-3889-3265,"University of Campania ""Luigi Vanvitelli""",3,25,0,0,2026
A5046322034,Ottavia Susini,0009-0002-7495-1741,University of Chieti-Pescara,3,25,0,0,2026
A5037972104,Nicole Bezerra de Medeiros Lima,0009-0009-9776-6419,Universidade Federal do Rio Grande do Norte,4,25,0,0,2026
A5022914218,Aldielyson Jorge Cavalcante de Brito,0009-0003-4723-4840,University of Calgary,4,25,0,0,2026
A5048493310,Federico Luigi Motta,0000-0003-1249-4397,University of Milano-Bicocca,5,25,0,0,2026
A5013570716,Lisa Harding,,,6,25,3,2,2026
A5019354567,Alvydas Navickas,,Vilnius University,3,25,0,0,2021
A5038772618,Neil W. Bailey,0000-0002-8483-1068,Australian National University,4,24,1,1,2026
A5063944170,Jeremy I Skipper,0000-0002-5503-764X,University College London,9,24,2,3,2026
A5093752491,Maria Sarang,0009-0003-9358-5756,Warneford Hospital,4,24,1,0,2026
A5083763369,Jenni Manuel,,University of Otago,3,24,0,1,2025
A5057651746,Cameron Lacey,0000-0001-9898-6784,University of Kent,3,24,1,2,2025
A5067811740,Scharif Bahri,,Charité - Universitätsmedizin Berlin,4,24,0,0,2026
A5051793196,Chandra E. Khalifian,0000-0002-2436-6176,University of California San Diego,6,24,1,0,2026
A5043652422,Kayla Knopp,0000-0002-1535-2864,University of California San Diego,6,24,0,2,2026
A5053973617,Fredrik Hieronymus,0000-0003-0930-6068,University of Gothenburg,3,24,2,0,2026
A5066282124,Marshall Tyler,0000-0001-5401-3104,University of the West Indies System,5,24,0,0,2025
A5057231634,Maria Helha Fernandes-Nascimento,0000-0001-6402-6806,Universidade de São Paulo,6,24,6,0,2025
A5035585158,Cezar Silvino Gomes,0000-0001-6406-9662,Universidade Federal do Rio Grande do Norte,3,24,2,0,2024
A5015898636,David S. Jevotovsky,0009-0004-0236-2600,New York University,5,24,3,0,2024
A5090111607,Harman Chopra,0000-0003-1574-278X,Johns Hopkins University,6,24,2,0,2024
A5115558540,Nerea Martínez-Álvarez,,University of the Basque Country,3,24,1,0,2025
A5086106929,José Marcos Teixeira de Alencar Filho,0000-0001-8878-8557,Universidade Federal da Bahia,3,24,0,1,2024
A5086664966,Juliana Lima Constantino,0000-0002-1889-7341,University Medical Center Groningen,4,24,4,0,2026
A5027116885,Andrei-Nicolae Vasilescu,0000-0003-2594-3964,Heidelberg University,3,24,2,0,2023
A5046438933,Célia Cabral,0000-0003-4562-6683,University of Coimbra,8,24,1,0,2026
A5000701158,Noelle C. Anastasio,0000-0001-5579-4213,The University of Texas Medical Branch at Galveston,6,24,0,0,2026
A5072189614,Scot McIntosh,0000-0001-9331-8648,High Point University,3,24,1,0,2026
A5075062768,Scott E. Hemby,0000-0002-6987-1133,High Point University,3,24,0,1,2026
A5075967165,Carlton Bone,,,3,24,0,1,2026
A5012331658,Aimee Tollan,,,4,24,0,1,2019
A5100036463,Lavinia Stegemann,0009-0007-3892-8399,Trimbos Institute,3,24,0,0,2025
A5069213417,João P. De Aquino,0000-0001-7357-8215,Yale University,7,24,0,5,2026
A5074476486,Jacinta L. Watkins,0000-0002-7200-1331,University of Calgary,3,24,3,0,2023
A5101572884,Qiushi Li,0000-0001-7317-5168,University of Calgary,3,24,0,0,2023
A5091612127,Sam Yeaman,0000-0002-1706-8699,University of Calgary,3,24,0,0,2023
A5023847881,Binyamin Z. Lebovits,,,3,24,3,0,1962
A5061056935,Brooks Carder,,"University of California, Los Angeles",4,24,2,2,1976
A5083301071,Tomio Inoue,0000-0001-6848-0491,Yokohama City University,5,24,1,3,2013
A5017258615,Ivo Moreno,,University of Beira Interior,3,24,3,0,2016
A5101766519,Feng Yan,0000-0002-7123-4475,University of North Carolina at Chapel Hill,3,24,0,0,2011
A5083827028,Alena Máchalová,0000-0001-8937-5834,Masaryk University,4,24,3,0,2013
A5075307705,Dagmar Vršková,,University of Veterinary Sciences Brno,7,24,0,2,2012
A5017883635,Federica Fulceri,0000-0003-0790-1218,University of Pisa,4,24,1,0,2010
A5002092743,Hubert Gerwe,0000-0002-0642-3181,University of Würzburg,3,24,3,0,2024
A5003618602,Maiko Fujimori,0000-0003-1639-3390,,4,24,1,0,1974
A5109560839,N S Shah,,,3,24,3,0,1979
A5055184283,Andrew B. Hawkey,0000-0001-8864-1897,University of North Carolina Wilmington,3,24,2,0,2015
A5015236291,L. Brooke April,,University of North Carolina Wilmington,3,24,0,1,2015
A5013143397,Shuo Yang,0000-0002-9404-3583,Institute of Forensic Science,3,24,1,0,2023
A5072802624,David N. Teller,,,7,24,1,4,1970
A5023441163,Seong Jong Kim,0000-0002-4585-3950,Agricultural Research Service,6,24,0,0,2023
A5082335762,Rowan P. Ogeil,0000-0002-8476-7123,Monash University,6,24,6,0,2017
A5002429989,Szilvia Vas,0000-0001-7236-5672,Semmelweis University,3,24,1,0,2011
A5103911255,Tivadar Farkas,,,3,24,0,0,2024
A5084216113,Bezhan Chankvetadze,0000-0003-2379-9815,Tbilisi State University,3,24,0,3,2024
A5082855062,Robert Adron Harris,0000-0001-8870-5950,The University of Texas at Austin,3,24,1,1,2014
A5001490067,Maryam Sohrabi,0000-0003-4622-1039,Hamedan University of Medical Sciences,3,24,0,2,2014
A5019322626,Himwich He,0009-0003-8300-7354,,4,24,0,4,1998
A5039432444,Marion Leclercq,,Hôpital Lariboisière,3,24,2,0,2019
A5028917418,Marion Soichot,,Hôpital Lariboisière,5,24,2,0,2019
A5084132389,Emmanuel Bourgogne,0000-0001-7753-8587,Hôpital Lariboisière,4,24,0,1,2019
A5081120393,Alberto Giusiani,,University of Pisa,3,24,0,0,2002
A5026228808,M. Douglas Anglin,,"University of California, Los Angeles",3,24,1,1,2006
A5060214198,Kanji Izumi,,Kagoshima University,3,24,0,2,1991
A5000295635,Dylmitr Rittoo,,,3,24,1,1,1992
A5036212034,Cristina Delgado-Sallent,0000-0002-2202-1043,Boston University,5,24,5,0,2026
A5008213180,Tianhong Tim Qiu,0000-0003-3285-6789,Western University,3,24,3,0,2022
A5032762418,John Paul Minda,0000-0002-4081-010X,Western University,4,24,0,3,2026
A5075487446,Irina Velikyan,0000-0002-3732-8857,Uppsala University,3,24,1,1,2025
A5016991744,Thomas John Semrad,0000-0002-7810-5887,Tahoe Forest Hospital,5,24,0,0,2023
A5080105357,May Thet Cho,0000-0002-7152-0017,University of California Davis Medical Center,5,24,0,0,2023
A5100728167,Edward Jae-Hoon Kim,0000-0002-8660-7465,University of California Davis Medical Center,5,24,0,2,2023
A5043801003,Luisa Euler,0000-0002-8649-0324,German Sport University Cologne,3,24,3,0,2024
A5064011075,Claudia Pisanu,0000-0002-9151-4319,University of Cagliari,4,24,3,0,2026
A5036599898,Mikołaj Matłoka,0000-0001-9891-1838,Celon Pharma (Poland),4,24,2,0,2022
A5047068471,Manfred Klöbl,0000-0003-2107-8803,Medical University of Vienna,5,24,0,1,2025
A5024023467,Jonathan G. Yost,,Uniformed Services University of the Health Sciences,3,24,3,0,2022
A5087002935,R. Cerlino,,Regione Campania,5,24,0,0,2025
A5100391173,Qian Wang,0000-0003-4531-9499,Henan University,3,24,0,1,2025
A5029222613,Xinxu Ma,,University of Science and Technology of China,3,24,1,0,2026
A5047687623,Ang Liu,0009-0000-5558-0856,Second Affiliated Hospital of Fujian Medical University,4,24,2,0,2026
A5100755614,Xiaoqi Zhang,0000-0003-0707-0928,Second Affiliated Hospital of Fujian Medical University,4,24,1,0,2026
A5019085371,J.-Y Wang,0000-0002-1660-7777,First Affiliated Hospital of Anhui Medical University,3,24,1,1,2026
A5113003665,Micah Linton,,Pacific States University,3,23,0,0,2026
A5108864498,Rhianna Rich,,"University of California, Los Angeles",3,23,1,0,2026
A5070129323,Brittany Youssef,0000-0001-9768-5285,University of Southern California,3,23,0,0,2026
A5109639421,L. Schwartzberg,,,3,23,0,0,2026
A5044126578,Anita Slomski,,,3,23,3,0,2022
A5060578045,Sarah Hales,0000-0001-6404-8124,University of Toronto,8,23,1,4,2026
A5046681370,Caroline Hayes,0000-0002-1953-5262,Cumbria Northumberland Tyne and Wear NHS Foundation Trust,4,23,3,0,2025
A5090562448,Lilith Becher,,Humboldt-Universität zu Berlin,3,23,1,0,2026
A5011649514,Mairead Healy,,University of Cambridge,3,23,0,0,2025
A5101784305,Hakjun Lee,0000-0002-5777-4256,Imperial College London,3,23,0,0,2025
A5032988191,Maria Lara Porpino de Meiroz Grilo,,Universidade Federal do Rio Grande do Norte,4,23,1,0,2026
A5088927864,Naja Støckel Jessen,,University of Southern Denmark,4,23,0,0,2024
A5099023959,Caleigh Propes,0009-0002-3198-480X,Johns Hopkins University,4,23,1,0,2026
A5081438266,Cid Pinheiro Farias,0000-0002-9734-2300,Universidade Federal de Pelotas,3,23,2,0,2023
A5010434416,Janaína Xavier,0000-0001-8061-857X,Universidade Federal de Pelotas,3,23,1,0,2023
A5058217568,Giana de Paula Cognato,0000-0001-9537-5355,Universidade Federal de Pelotas,3,23,0,1,2023
A5054109207,Zhen Xuen Brandon Low,0009-0000-3324-8705,Monash University Malaysia,3,23,3,0,2026
A5085562654,Daniel M. Ingram,,,3,23,0,2,2025
A5074830501,Jens Knud Larsen,0000-0002-1417-7056,Aarhus University Hospital,3,23,3,0,2021
A5076697088,Lajos Horváth,0000-0003-3558-7094,University of Debrecen,3,23,1,0,2026
A5062997770,Sergio Pérez Rosal,0009-0003-9884-7700,Stiftung Warentest,4,23,2,0,2026
A5056476155,Xavier Westergaard,0009-0009-4813-0166,Columbia University Irving Medical Center,3,23,0,0,2025
A5062521080,Adriana M. Mendieta,,Columbia University,3,23,0,0,2025
A5094296268,Jennifer Hwu,,Columbia University,3,23,0,0,2025
A5026787858,David Sulzer,0000-0001-7632-0439,Columbia University Irving Medical Center,3,23,0,0,2025
A5046324764,Oliver J. Krentzman,0000-0002-2018-3700,Washington University in St. Louis,3,23,0,0,2026
A5018225466,Chao‐Cheng Kuo,0000-0001-9332-2743,Washington University in St. Louis,3,23,0,0,2026
A5034073486,Katie Anderson,0000-0002-3156-7427,Middlesex University London,6,23,4,0,2024
A5003985752,Musa Iyiola Ajibola,0000-0002-6042-2120,"University of Maryland, Baltimore",3,23,0,0,2025
A5005756447,Henrique Soares Carneiro,,Universidade Federal de São Paulo,3,23,3,0,2022
A5014259366,Yonatan Stern,0000-0002-6588-8165,University of Haifa,3,23,0,0,2025
A5075194192,Roy Salomon,0000-0002-6688-617X,University of Haifa,4,23,0,4,2025
A5018241549,Fabien Vinckier,0000-0003-4984-6296,Allen Institute for Brain Science,4,23,0,2,2026
A5073615299,Rahmatullah Qureshi,0000-0001-9184-1216,,3,23,0,0,2025
A5032480970,Nathália Siqueira Almeida,,Universidade de Brasília,3,23,3,0,2018
A5110175504,Jack W. Schweitzer,,NYU Langone Health,3,23,0,1,1975
A5113665720,Nasir Mohamad,,Sultan Zainal Abidin University,4,23,0,2,2023
A5064815642,María Paz García‐Portilla,0000-0003-3643-1622,Universidad de Oviedo,3,23,1,0,2003
A5042882153,Małgorzata Frankowska,0000-0002-6646-6140,Maj Institute of Pharmacology,5,23,4,0,2020
A5028571034,Jared Ragland,,Utah State University,5,23,0,3,2024
A5006817285,Roberta Noseda,0000-0002-4946-7926,Ospedale regionale di Lugano,3,23,1,0,2026
A5083393995,Alessandro Ceschi,0000-0002-4308-0405,OLVG,3,23,0,1,2026
A5034289302,Juan Ortega Pérez,,OLVG,3,23,0,0,2026
A5060955934,Bryon H. Adinoff,0000-0002-7464-2642,VA North Texas Health Care System,3,23,1,1,2013
A5110555216,Xiang‐Hai Cai,0000-0002-6723-6988,Kunming Institute of Botany,4,23,0,3,2024
A5112231631,Showa Ueki,,Kyushu University,4,23,2,1,1983
A5054942187,Mario Amend,,University of Tübingen,9,23,0,0,2025
A5020683761,Andreas Maurer,0000-0003-2412-5361,University of Tübingen,9,23,0,0,2025
A5019683699,Hans F. Wehrl,0000-0003-4692-3209,University of Tübingen,8,23,0,0,2025
A5103233420,Kristina Herfert,0000-0003-0231-7717,University of Tübingen,9,23,0,9,2025
A5035269471,Miguel Angel Pinillos,,Complejo Hospitalario de Navarra,3,23,0,2,2013
A5013335339,Edmund Przegaliński,0000-0002-7578-2196,,5,23,2,3,2011
A5057291914,Frédéric Aknouche,,Centre Hospitalier Universitaire de Grenoble,5,23,3,0,2023
A5027356743,Tina M. Binz,0000-0001-6783-1202,University of Zurich,5,23,0,0,2026
A5040729134,Norberto Cysne Coimbra,0000-0002-4676-2620,Universidade de São Paulo,7,23,0,6,2023
A5079874777,Irina Falkenberg,0000-0003-3699-0803,,4,23,1,0,2026
A5047780953,Cüneyt Yildiz,0000-0002-8386-6189,,4,23,0,1,2026
A5049602281,Ban A. AbdulMajeed,,Nahrain University,4,23,0,4,2017
A5100713152,Sisi Wang,0000-0003-2566-4578,University of California Davis Medical Center,6,23,1,0,2023
A5059972541,Sven Christian Voss,0000-0001-9608-4744,Anti-Doping Laboratory,3,23,0,0,2026
A5011706262,Joshua C. Zamora,,The University of Texas Medical Branch at Galveston,3,23,1,0,2025
A5026602129,Guy Simon,0009-0002-9871-0934,Bar-Ilan University,7,23,6,1,2026
A5091124551,Thomas Härtung,0000-0003-1359-7689,Roche (Switzerland),3,23,0,2,2020
A5049513090,Xianqiang Zhang,0000-0003-0701-8484,,3,23,1,0,2025
A5100457513,Meng Li,0000-0002-8320-5241,Jena University Hospital,5,23,0,3,2024
A5021902363,Fuyuki Tokanai,0000-0002-3563-3882,Yamagata University,3,23,0,0,2014
A5048740503,Lawrence Park,0000-0002-1834-494X,National Institute of Health,4,23,0,0,2025
A5015401685,Anna Misiachna,0009-0008-9138-6047,Czech Academy of Sciences,3,23,0,0,2024
A5087115321,Jan Korábečný,0000-0001-6977-7596,University Hospital Hradec Králové,3,23,0,0,2024
A5013928095,Markéta Chvojková,0000-0002-7630-7362,National Institute of Mental Health,3,23,0,0,2024
A5047405666,Jana Žďárová Karasová,0000-0003-0891-9591,University Hospital Hradec Králové,3,23,0,0,2024
A5038085167,Lukáš Prchal,0000-0001-9698-4478,University Hospital Hradec Králové,3,23,0,0,2024
A5081906645,Marharyta Kolcheva,0000-0002-1722-169X,Czech Academy of Sciences,3,23,0,0,2024
A5014911652,Martin Hořák,0000-0002-4359-051X,Czech Academy of Sciences,3,23,0,2,2024
A5113985802,Henricus Gerardus Ruhé,0000-0001-6072-0358,Radboud University Nijmegen,5,23,0,3,2025
A5111348775,Mia C Santucci,,Yale University,5,23,3,0,2026
A5086408216,P. Perko,,Celon Pharma (Poland),3,23,0,0,2022
A5056772996,Ewa Tratkiewicz,,Celon Pharma (Poland),3,23,0,0,2022
A5101837124,Qibin Chen,0000-0001-5923-8345,The Affiliated Yongchuan Hospital of Chongqing Medical University,4,23,0,0,2025
A5100317779,Haijun Li,0000-0001-6631-123X,Nanchang University,4,23,0,0,2025
A5063972764,Dechang Peng,0000-0002-0835-3375,Nanchang University,5,23,0,1,2026
A5101537713,Guangyao Wu,0000-0002-0456-3682,Nanchang University,4,23,0,3,2025
A5043783685,Bernadette M. Fitzgibbon,0000-0002-5339-5304,Australian National University,3,22,0,0,2026
A5111208897,Merve Akan,,Heidelberg University,3,22,0,0,2026
A5115863901,Skylar J. Gaughan,0000-0002-3851-7430,"University of California, San Francisco",5,22,3,0,2026
A5114395867,Franklin King,0009-0007-4928-7873,Harvard University,11,22,2,5,2026
A5084178767,Arran Frood,,,4,22,4,0,2015
A5104327106,Alene Sze Jing Yong,0000-0001-6032-4582,Monash University,3,22,3,0,2025
A5063428081,J. Simon Bell,0000-0002-6115-2767,Monash University,4,22,0,4,2026
A5022117993,Łukasz Szarpak,0000-0002-0973-5455,John Paul II Catholic University of Lublin,8,22,1,0,2026
A5093065994,Tessa Watford,0009-0006-6366-4367,Keele University,4,22,2,0,2026
A5039402686,Timothy Piatkowski,0000-0002-6177-0266,Griffith University,7,22,0,3,2026
A5033680780,Ana Mijušković,0000-0003-2521-7380,University of Belgrade,3,22,0,0,2018
A5087691319,Mihajlo Spasić,0000-0001-9046-0139,University of Belgrade,4,22,0,0,2019
A5057415599,Raúl Felipe Palma-Álvarez,0000-0002-6428-9865,Universitat Autònoma de Barcelona,3,22,2,0,2021
A5015634555,Lara Grau‐López,0000-0003-1297-1819,Universitat Autònoma de Barcelona,4,22,0,1,2021
A5077711147,Elena Ros‐Cucurull,0000-0002-1171-2973,Universitat Autònoma de Barcelona,3,22,0,0,2021
A5042856631,Alfonso Carlos Abad,0000-0001-5706-7693,Vall d'Hebron Institut de Recerca,3,22,0,0,2021
A5083789193,Jakob Hohwy,0000-0003-3906-3060,Australian Regenerative Medicine Institute,4,22,0,0,2026
A5063630602,Cristiano Chaves,0000-0002-9878-1700,McMaster University,5,22,1,0,2026
A5100738301,Zitong Wang,0000-0003-3564-5223,University of Alberta,4,22,4,0,2025
A5017059128,Ryan Cook,0000-0001-8754-995X,Oregon Health & Science University,6,22,0,0,2026
A5067841330,Alexander D. Maitland,,National Institute on Drug Abuse,7,22,2,0,2026
A5065576316,Robert A. Neimeyer,0000-0002-6918-3445,Edison Welding Institute,4,22,0,0,2025
A5019120486,Roberta Biolcati,0000-0002-5584-1996,University of Bologna,3,22,1,1,2023
A5064669717,Jocelyne Rondeau,,Yale University,4,22,0,0,2026
A5073711789,Natalie G. Cavalco,,Institute of Cell Biology and Neurobiology,4,22,0,0,2026
A5136141248,I Glenn Cohen,0000-0002-0223-3305,Harvard University,3,22,1,1,2026
A5067105054,Jennifer Lyke,,Stockton University,3,22,2,1,2019
A5092114090,Elise K. Burkhartzmeyer,,Usona Institute,3,22,0,0,2026
A5032330654,Anahita Bassir Nia,0000-0002-3890-3518,Yale University,8,22,1,3,2025
A5116346988,Serena Panichella,,University of Chieti-Pescara,3,22,0,0,2026
A5064557125,David Hammond,0000-0001-8197-6010,University of Waterloo,3,22,1,2,2025
A5046125337,Agata Machaczka,0000-0001-6378-4795,Maj Institute of Pharmacology,3,22,1,0,2023
A5114800556,Mélusine Humbert‐Droz,,University of Basel,4,22,1,0,2026
A5023909933,Molly Carlyle,0000-0002-8083-814X,University of Exeter,3,22,3,0,2019
A5031017825,Juliana Harkki,0000-0003-2776-576X,University of Helsinki,3,22,1,0,2022
A5066251483,Ghislaine Vuillon-Cacciuttolo,,Centre National de la Recherche Scientifique,3,22,1,0,1975
A5103388174,Sven‐Åke Persson,,Umeå University,3,22,3,0,1978
A5067306185,Hiroki Segawa,0000-0001-7626-3331,National Research Institute of Police Science,4,22,0,0,2024
A5016932678,Nor Suliana Mustafa,0000-0003-1011-2893,Sultan Zainal Abidin University,6,22,6,0,2025
A5054503356,Joseph A. Kim,0000-0001-5671-8693,McMaster University,3,22,0,0,2002
A5007558965,Katarzyna Kaszubska,,Medical University of Lublin,3,22,0,0,2018
A5064503367,Nicole M. Ashpole,0000-0002-0696-2599,University of Mississippi,4,22,0,0,2022
A5059330237,Stefanie Iwersen‐Bergmann,0000-0001-7687-1388,University Medical Center Hamburg-Eppendorf,3,22,0,3,2024
A5076918566,Mauro Federici,0000-0003-4563-1677,Fondazione Santa Lucia,4,22,1,0,2022
A5082528797,Nicola Biagio Mercuri,0000-0001-6700-7491,University of Rome Tor Vergata,4,22,0,4,2022
A5049377053,Sedat Karabulut,0000-0002-3311-2768,University of Windsor,3,22,2,0,2024
A5019227777,James W. Gauld,0000-0002-2956-9781,University of Windsor,3,22,0,2,2024
A5029287111,Mary Jane Meegan,0000-0002-8930-5753,Trinity College Dublin,3,22,0,1,2011
A5016306208,Nathália Andrezza Carvalho de Souza,0000-0003-1126-0126,Universidade Federal Rural de Pernambuco,3,22,1,0,2025
A5034285779,Viviane Ferraz de Paula,,Universidade de São Paulo,3,22,3,0,2011
A5014857872,Iraj Amiri,0000-0003-4587-736X,Hamedan University of Medical Sciences,3,22,0,0,2017
A5101774914,Amitava Dasgupta,0000-0001-9014-1904,The University of Texas Health Science Center at Houston,3,22,2,1,2012
A5064835122,Natalie Meert,,Institut National de Criminalistique et de Criminologie,5,22,3,0,2026
A5017655532,Nicolas Gambier,0000-0002-3032-4212,Centre Hospitalier Régional et Universitaire de Nancy,5,22,0,2,2026
A5075100483,Devin R. Lander,,Groupe d'Étude des Méthodes de l'Analyse Sociologique de la Sorbonne,3,22,3,0,2021
A5043038805,Clara Vega Vega,,,3,22,1,0,2023
A5086816678,Esperanza Navarro Escayola,,,3,22,2,0,2023
A5103160509,B. Yildirim,0000-0002-5974-5344,Instituto de Salud Carlos III,3,22,3,0,2024
A5106923449,S.S. Sahin,,Bakırköy Psychiatric Hospital,3,22,0,0,2024
A5089736903,Andrew S. London,0000-0001-6339-4279,Syracuse University,3,22,2,0,2025
A5056548473,Kenneth R. Gundle,0000-0003-0451-0561,Oregon Health & Science University,29,22,25,0,2025
A5026451121,Seth M. Pollack,0000-0002-2466-0607,University of Washington,26,22,0,2,2024
A5048376646,Matthew J. Thompson,0000-0002-5889-1534,University of Washington,25,22,1,0,2024
A5050823872,Lindsay Byrne,,Alder Hey Children's NHS Foundation Trust,4,22,1,0,2015
A5067609728,Francis P. Crawley,0000-0002-6893-5916,,3,22,1,0,2015
A5036912205,Heili Varendi,0000-0003-0238-3853,Tartu University Hospital,4,22,0,0,2015
A5073836447,Thomas C. Hawk,,Duke University,3,22,0,0,2017
A5001543955,Makoto Kataoka,0000-0002-5349-3174,Setsunan University,3,22,0,0,2017
A5080803089,Erik Sjögren,0000-0003-4318-6039,Uppsala University,3,22,3,0,2019
A5042127888,Sally H. Ditzler,,Presage Biosciences (United States),7,22,0,0,2022
A5012776738,Ryan M. Field,0000-0002-2254-7328,,4,22,0,0,2025
A5041075627,Zahra M. Aghajan,0000-0003-4245-3975,,4,22,0,0,2025
A5070575481,Katherine L. Perdue,0000-0003-2846-3149,,4,22,0,0,2025
A5042075783,Wesley C. Ryan,,,4,22,0,2,2025
A5002910039,Bhavna Solanki,0000-0002-5559-6062,Janssen Research & Development (United States),3,22,0,0,2023
A5100765601,Fu‐Shan Xue,0000-0002-1028-6036,Fujian Medical University,8,22,1,5,2025
A5087757378,Jennifer Kern Sliwa,0000-0002-4567-096X,Janssen Scientific Affairs (United States),4,22,1,0,2024
A5010673180,Anne‐Cécile Petit,0000-0003-4143-9848,Centre National de la Recherche Scientifique,3,22,0,0,2023
A5079548367,Simone C. Jansen,0000-0002-1175-5877,Leiden University Medical Center,3,22,2,0,2024
A5026505090,Tiantian Chu,0000-0003-4901-7084,Tongji Hospital,3,22,3,0,2026
A5093582265,Alessandro Guffanti,,University of Pavia,12,22,4,0,2026
A5052085373,Tiziano Prodi,0009-0001-8528-0480,University of Milan,4,22,0,0,2026
A5100637034,Lifeng Li,0000-0002-7492-4017,Nanchang University,3,22,0,0,2025
A5104318888,Yingke Deng,,Nanchang University,3,22,0,0,2025
A5058758460,Zhi-Yuan Chen,0000-0002-5639-2352,Second Affiliated Hospital of Fujian Medical University,3,22,0,3,2026
A5022171730,Glorister A. Altê,0000-0003-3600-7303,Universidade Federal de Santa Catarina,3,22,3,0,2025
A5012387907,Steven E. Harte,0000-0002-2929-8694,University of Michigan,6,21,0,2,2026
A5003434684,Daniel J. Clauw,0000-0002-8114-7818,University of Michigan,4,21,0,0,2025
A5064637864,Hannah Thurgur,0000-0001-7714-3446,Imperial College London,3,21,1,0,2025
A5113193594,Pearl Allard,,Island Health,5,21,0,0,2026
A5093747698,Kayla Greenstien,0000-0003-0616-2070,The University of Sydney,3,21,0,0,2025
A5058165911,Anthony C. Vernon,0000-0001-7305-1069,King's College London,3,21,0,0,2024
A5018493023,Danhao Zheng,,Wuhan Institute of Physics and Mathematics,3,21,0,0,2026
A5052636162,Rupika Delgoda,0000-0002-6100-481X,University of the West Indies,6,21,1,4,2026
A5018679525,Christopher P. Holstege,,University of Virginia,3,21,2,1,2024
A5029312421,Victorita E. Ivan,0000-0002-9353-2326,University of Lethbridge,6,21,4,0,2024
A5079389616,Ingrid M. Esteves,,University of Lethbridge,6,21,0,0,2024
A5021491947,Mônica C. Santos,0000-0002-3898-0679,Universidade Estadual Paulista (Unesp),6,21,3,0,2024
A5103075741,Brett Robbins,0009-0009-0540-7751,University of Alberta,3,21,0,0,2025
A5028136846,Thaísa Meira Sandini,0000-0002-7095-4243,University of Alberta,3,21,0,0,2025
A5004119835,Rebekah van Bruggen,0000-0003-1487-1918,University of Alberta,3,21,0,0,2025
A5014515937,Jessica L. Maltman,0009-0004-4469-745X,Virginia Commonwealth University,10,21,2,0,2026
A5107417965,Elisa Hernández‐Álvarez,0009-0009-7879-7578,Universidad de Las Palmas de Gran Canaria,7,21,3,0,2026
A5108391925,Veniero Gambaro,,University of Milan,3,21,3,0,2016
A5081416807,Silvia Laura Guzmán‐Gutiérrez,0000-0002-5982-4720,Universidad Nacional Autónoma de México,3,21,1,1,2023
A5074295410,Brian Winston,,Johns Hopkins University,5,21,0,0,2026
A5016621760,Yu‐Guang Fan,0000-0002-3028-9752,Hainan Medical University,4,21,0,1,2026
A5067234053,Rajshekhar Karpoormath,0000-0002-1247-5754,University of KwaZulu-Natal,4,21,0,0,2025
A5044292726,Sophie Allard,0000-0001-5540-6372,Hôpital Pontchaillou,6,21,5,0,2020
A5054807419,M. Frances Vest,0000-0002-3411-2874,Louisiana State University,5,21,0,0,2026
A5038516780,Ana Miguel Fonseca Pego,0000-0002-3224-9738,City University of New York,4,21,1,0,2026
A5044651841,Félix Schoeller,0000-0002-1298-4284,School for Advanced Research,6,21,5,0,2026
A5091866579,Abhinandan Jain,0000-0002-7816-8714,Massachusetts Institute of Technology,5,21,0,0,2026
A5010930651,Vladimir Adrien,0000-0001-8035-8843,Inserm,4,21,0,0,2024
A5081457786,Pattie Maes,0000-0002-7722-6038,Massachusetts Institute of Technology,4,21,0,1,2024
A5015243338,Aneta Petrušková,0009-0000-7146-6105,Charles University,8,21,5,0,2026
A5012414728,Aurora Savino,0000-0002-0783-7191,University of Turin,4,21,4,0,2026
A5022966176,Kenneth Dewhurst,,St Albans City Hospital,3,21,2,1,1980
A5088478953,G. Dean,,,3,21,0,3,1963
A5110765435,Naotoshi Murakami,,Yamaguchi University,4,21,4,0,1980
A5113713884,John I. Thornton,,"University of California, Berkeley",3,21,0,3,1979
A5004454391,Janine Baptista Coimbra,,Universidade de São Paulo,4,21,3,0,2015
A5056980060,Jason Foote,,Victoria University of Wellington,4,21,3,0,2017
A5035168709,Noèlia Fernàndez‐Castillo,0000-0001-9948-0312,Centre for Biomedical Network Research on Rare Diseases,3,21,2,0,2016
A5020539457,Marta Ribasés,0000-0003-1039-1116,Vall d'Hebron Institut de Recerca,3,21,0,0,2016
A5005518560,Bru Cormand,0000-0001-5318-4382,Centre for Biomedical Network Research on Rare Diseases,3,21,0,3,2016
A5003531649,Joseph Zohar,0000-0002-6925-9104,Tel Aviv University,3,21,0,0,2026
A5103993441,Yutaka Morita,,University of Zurich,4,21,4,0,1976
A5062502171,Manfred Hesse,,University of Zurich,6,21,2,0,1976
A5108216108,Hans Schmid,,University of Zurich,4,21,0,3,1976
A5061241936,Adelina Ion,,"""Dunarea de Jos"" University of Galati",6,21,4,0,2020
A5062532771,Sarah L. Cresswell,0000-0002-1988-0701,Griffith University,3,21,0,3,2022
A5109810441,Jason J. Paris,0000-0002-5628-1134,University of Mississippi,4,21,0,0,2023
A5071273168,Femke M. J. Gresnigt,0000-0002-6428-8600,Utrecht University,8,21,3,1,2026
A5026590348,Rafael Scorsatto Ortiz,0000-0002-9272-3219,Federal Police of Brazil,3,21,0,1,2021
A5074285319,Ivan Simić,0000-0001-6573-7757,University of Kragujevac,4,21,3,0,2014
A5089083884,David M. Moore,0000-0003-1078-9247,University of British Columbia,3,21,0,1,2021
A5078964296,Madson Moreira Nascimento,0000-0003-4405-6519,Universidade Federal da Bahia,3,21,2,0,2023
A5041432888,Melise Lemos Nascimento,0000-0001-8350-5722,Universidade Federal da Bahia,3,21,0,0,2023
A5044050628,Jeancarlo Pereira dos Anjos,0000-0001-8353-1066,Universidade Federal da Bahia,3,21,0,0,2023
A5049857343,Gisele O. da Rocha,0000-0002-1847-8745,Universidade Federal da Bahia,3,21,0,0,2023
A5047680659,Ivanice Ferreira dos Santos,0000-0002-0390-2005,Universidade Estadual de Feira de Santana,3,21,0,0,2023
A5001041075,Linda Wittkop,0000-0003-2403-0960,Institut national de recherche en sciences et technologies du numérique,5,21,0,0,2023
A5038549895,Gary B. Deutsch,0000-0002-2501-0235,Northwell Health,24,21,2,0,2024
A5032760756,Jessica L. Davis,0000-0002-2725-1518,Indiana University Indianapolis,11,21,0,0,2024
A5068677359,Robert G. Maki,0000-0002-9853-2528,Northwell Health,26,21,0,23,2024
A5067244795,Caroline J. Earnshaw,,University of Liverpool,3,21,0,0,2015
A5060071225,Alessandro Schipani,,University of Liverpool,3,21,0,0,2015
A5084114212,Sarah Siner,,Alder Hey Children's NHS Foundation Trust,3,21,0,0,2015
A5057720310,Fatimata Saba,,Institut de l'Environnement et Recherches Agricoles,3,21,3,0,2025
A5079876188,Alimata Arzouma Bandaogo,,Institut de l'Environnement et Recherches Agricoles,3,21,0,0,2025
A5034186270,Amanda M. Bunting,0000-0002-2103-9655,New York University,4,21,0,0,2026
A5055898939,Richard I. Shader,0000-0002-1888-7565,,3,21,1,1,1991
A5084950964,Carl A. P. Ruck,,,3,21,3,0,2022
A5019831692,Bruce A. Lodge,,,3,21,0,2,1994
A5031545850,Felipe Campos Ribeiro,0000-0003-3028-3307,Universidade Federal do Rio de Janeiro,4,21,2,0,2025
A5051903205,Danielle Cozachenco,0000-0002-2258-8314,Universidade Federal do Rio de Janeiro,3,21,1,0,2024
A5030795396,Elentina K. Argyrousi,0000-0003-3716-807X,Columbia University,3,21,0,0,2024
A5029860329,Agnieszka Staniszewski,0009-0001-2362-9587,Columbia University,3,21,0,0,2024
A5032823810,Fernanda G. De Felice,0000-0001-8358-0589,Universidade Federal do Rio de Janeiro,3,21,0,0,2024
A5040130968,Mychael V. Lourenco,0000-0002-1078-0296,Universidade Federal do Rio de Janeiro,4,21,0,0,2025
A5041283272,Ottavio Arancio,0000-0001-6335-164X,Columbia University,4,21,0,0,2025
A5070851422,Sergio Teixeira Ferreira,0000-0001-7160-9866,Universidade Federal do Rio de Janeiro,4,21,0,4,2025
A5068313484,Clotilde Wicart,0009-0001-5889-8138,Janssen (France),6,21,0,0,2026
A5039370667,Colette Kosik‐Gonzalez,0009-0008-0507-9033,Janssen Research & Development (United States),3,21,1,0,2025
A5013740415,Melissa P. DelBello,0000-0003-1837-4126,University of Cincinnati,3,21,1,0,2025
A5085160573,Carmen Moreno,0000-0003-0541-4846,Universidad Complutense de Madrid,3,21,1,0,2025
A5037421266,Erhan Kavakbasi,0000-0002-4261-7450,University of Münster,8,21,7,1,2026
A5067056885,Nicolaja Girone,0000-0003-0761-2096,University of Milan,5,21,0,0,2026
A5115604216,Lan Lan,0000-0003-2161-4936,First Affiliated Hospital of Guangzhou Medical University,3,21,1,1,2025
A5113136182,Wen-Xi Xie,0009-0002-9680-2755,Second Affiliated Hospital of Fujian Medical University,3,21,0,0,2025
A5010670420,Filippo Mazzoni,0009-0009-6684-7689,University of Pavia,6,21,2,0,2026
A5026469183,Djamila Bennabi,0000-0001-5080-2501,Inserm,3,21,0,0,2026
A5082428614,Benjamin Tsang,0000-0002-0176-821X,University of Toronto,4,20,0,2,2026
A5081093073,Maya Armstrong,,University of New Mexico,3,20,1,0,2026
A5031036617,René Zeiss,0000-0002-2471-8004,Universität Ulm,3,20,3,0,2024
A5073712778,Kevin T. Beier,0000-0002-4934-1338,"University of California, Irvine",3,20,0,0,2025
A5101686372,Katarzyna Kamińska,0000-0002-7936-9374,Medical University of Warsaw,4,20,1,1,2026
A5090383062,Ekaterina Nosova,0000-0002-4474-2757,British Columbia Centre on Substance Use,3,20,0,0,2022
A5053858250,Miguel Farinha‐Ferreira,0000-0003-1240-0717,Inserm,3,20,2,0,2024
A5021255614,Ana M. Sebastião,0000-0001-9030-6115,University of Lisbon,6,20,0,4,2026
A5054382582,Yair Dor‐Ziderman,0000-0002-2005-3770,IBM Research - Haifa,10,20,2,2,2026
A5080128857,Shana Harris,0000-0002-1532-5057,University of Central Florida,3,20,2,1,2024
A5029788824,Lauren Johansen,0000-0003-1180-0428,Swinburne University of Technology,4,20,3,0,2025
A5012923938,Nathan Bryson,0009-0002-4290-1264,Morristown High School,3,20,0,0,2025
A5039476381,Bryan M. Krause,0000-0001-5203-0381,University of Wisconsin–Madison,5,20,0,0,2026
A5067443328,Jesús M. González Mariscal,0000-0003-1918-4076,Benemérita Universidad Autónoma de Puebla,4,20,2,0,2025
A5010796808,Nigel Fechner,0000-0003-4803-048X,,3,20,0,0,2024
A5074876496,Nikkie Venekamp,,The Netherlands Cancer Institute,3,20,0,0,2022
A5004597958,Rajeev Ramchand,0000-0002-3082-206X,RAND Corporation,4,20,1,1,2026
A5007278551,Bradford Martins,0000-0002-4916-2604,Yale University,5,20,0,0,2026
A5072374687,Raeghan L. Mueller,0000-0001-5249-1532,University of Colorado Anschutz,6,20,0,3,2026
A5079990354,Susanna Prepeliczay,,University of Bremen,4,20,4,0,2024
A5007990350,Kateřina Syrová,0000-0003-4091-1303,Charles University,12,20,2,0,2026
A5021475314,Óscar Calavia Sáez,,,3,20,1,1,2021
A5087992516,D. Dhananjaya,,,3,20,0,0,2023
A5034019140,Françoise Le Dévéhat,,Centre National de la Recherche Scientifique,3,20,0,0,2018
A5042055152,A ZHAO,0000-0001-6745-5980,University of Pennsylvania,3,20,0,0,2025
A5077676614,Merima Šabanović,0000-0002-6867-5739,Cornell University,9,20,9,0,2024
A5011916591,Pirjo Kristiina Virtanen,0000-0002-5879-1074,University of Helsinki,6,20,6,0,2021
A5029621910,Robert N. Pechnick,0000-0002-2238-9964,Western University of Health Sciences,3,20,1,1,2023
A5065548680,Fabian P. Steinmetz,0000-0003-2443-2687,Goethe University Frankfurt,3,20,1,0,2023
A5062332272,Caspar Montgomery,,University of Exeter,4,20,3,0,2026
A5072306028,Anna Kowalczuk,,,3,20,2,0,2016
A5033465369,Megan Rundel,,Psychoanalytic Institute of Northern California,4,20,2,2,2025
A5083378392,Frances F. Moore,,United States Department of Veterans Affairs,3,20,0,3,1968
A5055537681,Peter T. Furst,,University of Pennsylvania,3,20,3,0,2011
A5065259496,Lee Hoffer,0000-0003-2740-6580,Case Western Reserve University,3,20,1,0,2025
A5009964078,Majid Katebi,0000-0003-4957-9941,Iran University of Medical Sciences,4,20,0,2,2017
A5017682330,Jo Røislien,0000-0002-7168-2833,University of Oslo,5,20,0,4,2017
A5113840339,Allen S. Ginsberg,,,4,20,3,1,2006
A5110117801,Ronald J. Peters,,The University of Texas Health Science Center at Houston,3,20,0,2,2005
A5039185908,Andrea Vaccari,0000-0002-3356-326X,University of Genoa,3,20,3,0,1978
A5012084766,Renata Pereira Limberger,0000-0003-2561-2647,Universidade Federal do Rio Grande do Sul,3,20,0,2,2020
A5048913465,Karen L. Jones,0000-0002-1155-5816,Victoria University of Wellington,3,20,3,0,2010
A5091534914,R Osman,0000-0003-2803-8783,,3,20,0,0,2018
A5017206145,Eva Gil-Martins,0000-0002-8142-562X,Universidade do Porto,4,20,3,0,2025
A5072701399,Jifen Wang,0000-0002-0578-2297,China People's Public Security University,4,20,1,1,2021
A5030374139,Samuel Mesihää,0000-0002-5167-3817,University of Helsinki,3,20,3,0,2020
A5042468344,Pascale Jolliet,0000-0003-0191-9249,Inserm,7,20,0,0,2023
A5007634747,B. Brusint Olivares,,Hospital Universitario 12 De Octubre,3,20,0,2,2004
A5081638545,B. Jerez Basurco,,Hospital Universitario 12 De Octubre,3,20,0,0,2004
A5063785194,Agnieszka Chłopaś‐Konowałek,0000-0003-2814-8114,Wroclaw Medical University,3,20,0,2,2026
A5044477526,Sara Odoardi,0000-0002-5143-8649,Università Cattolica del Sacro Cuore,3,20,0,0,2023
A5007170874,Mark Anthony Hoffman,,,3,20,2,0,2018
A5075395567,Johannes Khinast,0000-0002-2076-1822,,3,20,0,0,2014
A5076648089,Erika Bachmann,,,3,20,2,0,2016
A5012460400,Ahmet Erdem,0000-0001-9944-6894,Gazi University,4,20,0,0,2021
A5078922881,Hiroshi Yamazaki,0000-0002-1068-4261,Showa Pharmaceutical University,3,20,1,1,2021
A5045035200,Kirsten Anderson,,Presage Biosciences (United States),4,20,0,0,2022
A5005247376,Nicole Rodrigues da Silva,0000-0002-1149-0776,Universidade de São Paulo,3,20,0,0,2024
A5041587336,Fatema El Sayegh,,Carleton University,3,20,0,0,2024
A5044542819,Joao D. Calixtro,,Universidade Federal do Rio de Janeiro,3,20,1,0,2025
A5009484766,Rubens L Soares‐Neto,0000-0002-6708-4312,Universidade Federal do Rio de Janeiro,3,20,0,0,2025
A5066950709,Natarajan Perumal,0000-0002-2612-5907,Johannes Gutenberg University Mainz,3,20,0,0,2021
A5026046162,Caroline Manicam,0000-0001-5891-1155,Johannes Gutenberg University Mainz,3,20,0,0,2021
A5101462008,Jan Engelmann,0000-0001-8818-0138,Johannes Gutenberg University Mainz,3,20,0,0,2021
A5026407953,Tanja Jene,,Johannes Gutenberg University Mainz,3,20,0,0,2021
A5113261032,Mengcao Weng,,Children's Hospital of Zhejiang University,3,20,2,0,2025
A5049024618,Yue Bo Jin,0009-0004-1021-910X,Children's Hospital of Zhejiang University,3,20,0,3,2025
A5036889376,Xianwen Hu,0000-0002-8342-8162,Second Affiliated Hospital of Anhui Medical University,5,20,0,4,2025
A5064776541,Denise Erbuto,0000-0002-6403-7254,Azienda Ospedaliera Sant'Andrea,4,20,0,0,2026
A5108463688,Morgan C.H. Cheng,,Brain and Cognition Discovery Foundation,3,20,1,0,2026
A5012967975,Robert M. Morrison,0000-0002-8421-8183,,3,20,2,0,2019
A5023673240,Yang Zhou,0000-0002-1548-973X,Capital Medical University,5,20,2,0,2025
A5066662098,Uwe Herwig,0000-0002-9933-5171,Universität Ulm,6,19,3,3,2026
A5067502721,Jessica Jeffrey,0000-0003-4334-5626,"University of California, Los Angeles",5,19,2,1,2026
A5021317150,Brendan Tao,0000-0001-7069-3162,University of British Columbia,3,19,0,0,2025
A5021371430,Bilal A. Bari,0000-0002-8381-3802,McLean Hospital,3,19,0,0,2026
A5064757368,Karine Viana-Ferreira,0000-0002-4386-8673,Universidade de São Paulo,5,19,0,0,2025
A5022722986,Bjørn Holmøy,0009-0008-2166-1760,Akershus University Hospital,4,19,1,0,2025
A5113023948,Brent P. Forester,,Yale University,4,19,1,0,2023
A5067449127,Bruno Ramos Gomes,0000-0002-3961-7070,Universidade Estadual de Campinas (UNICAMP),9,19,8,0,2025
A5107136033,Nilubon Thaoboonruang,,Naresuan University,4,19,3,0,2026
A5095881087,Dan Petrovitch,,Texas Tech University,15,19,11,1,2026
A5021703830,John D. Dunne,0000-0002-9404-7007,University of Wisconsin–Madison,6,19,0,0,2025
A5029682495,Larissa Joaquim,0000-0003-1702-7552,Universidade do Sul de Santa Catarina,4,19,2,0,2025
A5031274503,Richard Simon Machado,0000-0002-2329-0501,Universidade do Sul de Santa Catarina,4,19,0,0,2025
A5064983734,Suelen de Souza Ramos,0000-0002-2159-611X,Universidade do Sul de Santa Catarina,3,19,0,0,2025
A5081581563,Lara Rodrigues da Rosa,0000-0002-2992-4966,Universidade do Sul de Santa Catarina,4,19,1,0,2025
A5063486628,Linério Ribeiro de Novais,,Universidade do Sul de Santa Catarina,4,19,0,0,2025
A5040501352,Khiany Mathias,0000-0002-0067-3227,,4,19,0,0,2025
A5099426097,Yasmin Ribeiro Strickert,,Universidade do Sul de Santa Catarina,4,19,0,0,2025
A5037968221,Jéssica Schaefer Chaves,,Universidade do Sul de Santa Catarina,4,19,0,0,2025
A5019323383,Larissa Espindola da Silva,0000-0001-7514-6272,Universidade do Sul de Santa Catarina,4,19,0,0,2025
A5074670587,Mariana Pacheco de Oliveira,0000-0002-2046-2101,Universidade do Sul de Santa Catarina,4,19,0,0,2025
A5020673349,Mariella Reinol da Silva,0000-0003-1482-3860,Universidade do Sul de Santa Catarina,4,19,0,0,2025
A5033329844,Franciane Bobinski,0000-0002-3537-1712,Universidade do Sul de Santa Catarina,4,19,0,0,2025
A5053113107,Gislaine Tezza Rezin,0000-0002-1352-0369,Universidade do Sul de Santa Catarina,4,19,0,0,2025
A5012249902,Fabrícia Petronilho,0000-0003-3240-2808,,4,19,0,0,2025
A5111212525,Nick Wellman,,University of Pennsylvania,3,19,0,0,2026
A5084949673,David Mischoulon,0000-0001-7233-5860,Massachusetts General Hospital,3,19,0,2,2026
A5092488360,Stefan Modzelewski,0009-0001-2448-1190,Medical University of Białystok,4,19,1,0,2025
A5020484322,Napoleon Waszkiewicz,0000-0002-7021-5133,Medical University of Białystok,7,19,1,4,2026
A5033757501,James Chue,,University of Alberta,3,19,0,1,2023
A5021920586,Ben David Rifkin,,Leiden University,3,19,1,0,2025
A5045239826,Pauline Braekow,,Martin Luther University Halle-Wittenberg,3,19,1,0,2025
A5085016309,Suresh Sundram,0000-0002-9674-0227,Monash University,6,19,0,1,2026
A5051060728,Leehe Peled‐Avron,0000-0002-4454-1031,Bar-Ilan University,7,19,2,5,2026
A5100631692,Fei Xu,0000-0001-9219-1235,Ningxia Center for Diseases Prevention and Control,5,19,0,4,2026
A5013947619,Joanne Lusher,0000-0002-7035-0255,Regent's University London,5,19,0,5,2025
A5071878696,Sarah Delcourte,0000-0003-1904-177X,Inserm,10,19,1,0,2026
A5025759106,Ya’el Courtney,0000-0002-4562-500X,Boston Children's Hospital,3,19,3,0,2025
A5031534265,Maria K. Lehtinen,0000-0002-7243-2967,Boston Children's Hospital,3,19,0,3,2025
A5069854594,Fréderico Duarte Garcia,0000-0003-1926-9053,Universidade Federal de Minas Gerais,3,19,0,0,2021
A5065697207,Mark D. Kvarta,0000-0002-1093-1648,National Institute of Mental Health,4,19,0,1,2026
A5050448737,Kunal NANDY,0000-0003-2743-9470,Emory University,3,19,2,0,1964
A5113679529,Geoffrey H. Bourne,,Emory University,3,19,0,3,1964
A5018468205,Mariana Cecchetto Figueiredo,,Universidade Estadual de Campinas (UNICAMP),3,19,2,0,2013
A5043852746,Mark J. Edwards,0000-0003-4496-6635,Australian National University,3,19,0,2,2014
A5013844311,Kristina Puls,0000-0002-2541-7350,Freie Universität Berlin,3,19,3,0,2024
A5073349725,Mohammad Ali Ebrahimzadeh,0000-0002-8769-9912,Mazandaran University of Medical Sciences,3,19,0,1,2014
A5102527665,Hannah E. Shaw,0009-0007-1600-2894,University of Arkansas for Medical Sciences,4,19,1,0,2026
A5065130530,Anna Boguszewska‐Czubara,0000-0003-2203-1636,Medical University of Lublin,3,19,1,1,2024
A5030991863,Akram Nezhadi,0000-0002-3821-9441,Aja University of Medical Sciences,3,19,0,0,2021
A5071019856,Mingsheng Huang,0000-0003-4749-4231,,4,19,0,3,2009
A5087847373,Daniel M Fatovich,0000-0001-9414-6905,The University of Western Australia,3,19,1,1,2022
A5101846864,Na-Hyun Lee,0000-0002-5305-7428,National Forensic Institute,3,19,0,0,2025
A5073209682,R. Vertua,,University of Genoa,3,19,0,2,1987
A5077692563,Fernando Barreto de Moura,0000-0003-0411-5078,Harvard University,3,19,3,0,2021
A5058216130,Serena Stamatakos,0000-0002-3019-3857,University of Zurich,3,19,1,0,2022
A5063652802,Juseon Lee,0000-0003-4097-7206,National Forensic Institute,3,19,0,0,2022
A5046268955,Alberto Madinaveitia,,Consejo Superior de Investigaciones Científicas,3,19,3,0,1999
A5005721284,Gabriel de la Fuente,0000-0003-0083-776X,Consejo Superior de Investigaciones Científicas,3,19,0,0,1999
A5100626105,Antonio G. González,0000-0002-2624-0606,Consejo Superior de Investigaciones Científicas,3,19,0,2,1999
A5045563936,Norbert Wodarz,0000-0001-9070-8448,University of Würzburg,3,19,3,0,1994
A5113556537,Jobst Böning,,,3,19,0,3,1994
A5034856875,Acile Nahlawi,0009-0001-6128-7864,Harvard University,3,19,2,0,2025
A5003169177,Bruno Lacarelle,0000-0002-7122-5851,Hôpital de la Timone,3,19,0,0,2022
A5045396101,Caroline Solas,0000-0002-0943-9648,Hôpital de la Timone,6,19,1,1,2026
A5040331434,Mattias Persson,0000-0002-4383-2902,Linköping University,3,19,2,0,2026
A5064557799,Stanislas Spilka,,Inserm,3,19,0,2,2025
A5046921350,Marco Bortolato,0000-0002-4498-9637,University of Florida,4,19,1,3,2026
A5112068513,François P. Monnet,0000-0003-0425-6524,Centre National de la Recherche Scientifique,3,19,1,0,2009
A5060862370,Niki C. Kiepek,0000-0003-2053-5080,Dalhousie University,3,19,3,0,2019
A5088016955,Joyoti Dey,,Presage Biosciences (United States),24,19,0,0,2023
A5035553903,Joshua Falcon,0000-0002-2133-1736,Florida International University,5,19,5,0,2025
A5080153638,Jinsong Tang,0000-0003-3796-1377,Central South University,3,19,2,0,2024
A5111614320,Marie Simpson,,,3,19,1,0,2011
A5071352286,Alicia Moreno‐Gonzalez,0000-0003-2246-3439,Presage Biosciences (United States),3,19,0,0,2017
A5091474693,Héctor J. Caruncho,0000-0003-4614-9495,University of Victoria,3,19,0,2,2025
A5058491805,Julia Diniz Grossi,0000-0002-6612-3092,Brazilian Association of Psychiatry,3,19,1,0,2026
A5053005249,Yu‐Tao Xiang,0000-0002-2906-0029,University of Macau,3,19,0,1,2025
A5029208007,Riccardo Guglielmo,0000-0002-2932-9235,Ospedale Policlinico San Martino,6,19,3,0,2026
A5108231500,Monica Francesca Bosi,,University of Milan,3,19,0,0,2025
A5112750944,Wanchen Sun,,Peking University,6,19,2,0,2026
A5000643438,K Bigajska,,,3,19,0,1,1985
A5007543039,Reinhard Janssen‐Aguilar,0000-0001-5340-9078,St. Michael's Hospital,4,18,1,0,2025
A5004990054,Fernando Espí Forcén,0000-0002-1119-343X,Harvard University,8,18,4,1,2026
A5079341055,Sarah-Catherine Rodan,,The University of Sydney,4,18,4,0,2025
A5020195820,Sarah Maguire,0000-0003-0754-9189,The University of Sydney,3,18,0,1,2025
A5008006305,Megan Pedicini,,Johns Hopkins University,3,18,1,0,2024
A5054641141,Won-Seok Choi,0000-0003-1774-9504,Korea University Guro Hospital,3,18,2,0,2026
A5074779884,Shevaugn Johnson,0000-0002-5294-3874,QIMR Berghofer Medical Research Institute,5,18,4,0,2025
A5085778074,Leslie A. Morland,0000-0003-2032-6553,University of California San Diego,5,18,4,1,2026
A5042177974,Kátia Sivieri,,Centro Universitário de Araraquara,3,18,0,1,2026
A5054986669,Victor I. Afonso,0000-0002-7815-2042,Universidade Federal de Campina Grande,4,18,0,0,2026
A5103451777,Will Evans,,,3,18,0,0,2025
A5068894986,Joël Billieux,0000-0002-7388-6194,Centre Hospitalier Universitaire Vaudois,4,18,0,1,2025
A5088120101,Chaitra Jairaj,0000-0002-4473-5303,Coombe Women & Infants University Hospital,4,18,2,1,2026
A5017250778,Karyna Azatsian,,University of Gdańsk,3,18,0,0,2025
A5107626706,Jonas TT Schlomberg,0009-0001-4875-1327,University of Zurich,4,18,2,0,2026
A5029994194,Mikkel Højlund,0000-0002-5786-5203,University of Southern Denmark,3,18,1,0,2026
A5126522728,Dráulio B. Araújo,0000-0002-6934-2485,Universidade Federal do Rio Grande do Norte,4,18,1,0,2026
A5051738765,Martha Newson,0000-0001-7700-9562,University of Greenwich,3,18,2,1,2026
A5023346131,Brenden Samuel Rabinovitch,0000-0003-4347-7688,University Health Network,6,18,4,0,2026
A5002097553,Frederik Gudmundsen,0000-0002-2199-3262,University of Southern Denmark,4,18,2,0,2026
A5068497196,Christina Baun,0000-0002-5199-9200,University of Southern Denmark,6,18,0,0,2026
A5043804253,Giuseppe Riva,0000-0003-3657-106X,IRCCS Istituto Auxologico Italiano,4,18,1,3,2026
A5092351887,Rodrigo Fontenele,,St. Elizabeths Hospital,3,18,0,0,2025
A5092722930,Amel Bouloufa,0009-0009-6355-1137,Inserm,9,18,9,0,2026
A5040178131,Debarpan Guhathakurta,0000-0001-6475-6366,Friedrich-Alexander-Universität Erlangen-Nürnberg,5,18,2,0,2025
A5091344134,Enes Yağız Akdaş,0000-0002-9502-064X,Friedrich-Alexander-Universität Erlangen-Nürnberg,4,18,0,0,2025
A5093761477,Bartomeu Perelló‐Amorós,0009-0006-7399-2145,Friedrich-Alexander-Universität Erlangen-Nürnberg,3,18,0,0,2025
A5036365875,Renato Frischknecht,0000-0002-1268-7511,Friedrich-Alexander-Universität Erlangen-Nürnberg,4,18,0,0,2025
A5069555190,Eva‐Maria Weiss,0009-0009-1229-8557,Friedrich-Alexander-Universität Erlangen-Nürnberg,4,18,0,0,2025
A5065421022,Pascal Houzé,0000-0003-2706-4226,Université Paris Cité,10,18,0,3,2025
A5022102579,Jan M. Keppel Hesselink,0000-0002-0186-8050,Witten/Herdecke University,4,18,2,1,2025
A5087657460,David P. McAllester,,Wesleyan University,7,18,6,0,2016
A5077162777,Shun Hirasawa,0000-0002-1659-3424,Scripps Research Institute,3,18,1,0,2018
A5038973103,Tarsis F. Brust,0000-0003-0912-8273,Scripps Research Institute,3,18,0,0,2018
A5110287189,Kurt Salomon,,Washington University in St. Louis,3,18,2,1,1950
A5062421488,Stevan Pecic,0000-0002-3706-8768,Hunter College,3,18,1,0,2014
A5111686575,Werner P. Koella,,Maudsley Hospital,3,18,2,0,1964
A5088600328,Karen Blakey,0000-0002-3806-3977,Queensland Health,3,18,1,0,2022
A5007369513,Jenny McGowan,,Queensland Health,3,18,0,3,2022
A5109099053,J. Jacob,,,4,18,0,4,1980
A5120218320,Xue Wang,0009-0002-1823-4086,Sichuan University,4,18,1,1,2012
A5001288471,Agata Suder,,Maj Institute of Pharmacology,4,18,0,0,2023
A5057878334,Małgorzata Filip,0000-0002-4321-7942,Maj Institute of Pharmacology,8,18,0,5,2023
A5037899245,Smith Borakaeyabe Babiaka,0000-0002-4476-5860,University of Buea,3,18,3,0,2025
A5056523123,Conrad Veranso Simoben,0000-0002-5958-6961,University of Toronto,3,18,0,0,2025
A5014157355,Dennis S. B. Ongarora,0000-0002-4385-4271,University of Nairobi,3,18,0,0,2025
A5010087677,James A. Mbah,0000-0003-4208-9819,University of Buea,3,18,0,0,2025
A5046879738,Kennedy Omondi Abuga,0000-0002-5395-7522,University of Nairobi,3,18,0,0,2025
A5025584083,Frank Eifinger,0000-0003-1758-6039,University of Cologne,3,18,3,0,2007
A5074552537,Alexander F. G. Maier,0000-0002-2625-6923,,4,18,0,0,2022
A5048307014,Juan Felipe Araneda,0000-0002-7584-0042,,4,18,3,0,2022
A5048225877,Susanne D. Riegel,0000-0002-3804-0564,,4,18,0,3,2022
A5016596272,Forest S. Tennant,,"University of California, Los Angeles",4,18,4,0,2019
A5088843394,Fernando Cagide,0000-0001-9410-6874,Universidade do Porto,3,18,0,0,2025
A5028052756,Carlos Fernandes,0000-0002-0102-0703,Universidade do Porto,3,18,0,0,2025
A5108348595,Sanggil Choe,,National Forensic Institute,3,18,0,0,2024
A5087841918,Marie-Hélène Ghysel,,,4,18,4,0,2006
A5066500777,Gianmarco Troiano,0000-0001-5205-0083,University of Siena,3,18,1,0,2022
A5009052512,Paola Melai,,University of Perugia,3,18,0,0,2022
A5001613796,Nicola Nante,0000-0002-2040-9562,University of Siena,3,18,0,0,2022
A5000507492,Louise Carton,0000-0002-1523-7372,Inserm,4,18,2,0,2023
A5064026468,Siddharth Sarkar,0000-0002-3827-1549,All India Institute of Medical Sciences,3,18,1,0,2025
A5113331328,Anju Dhawan,0000-0003-1402-5623,All India Institute of Medical Sciences,3,18,0,2,2025
A5071399848,Mark A. R.Kleiman,,"University of California, Los Angeles",3,18,2,1,2018
A5103178686,Addam Kiari Saidou,0000-0002-6530-0595,Institut National de la Recherche Agronomique du Niger,3,18,0,0,2025
A5102665795,Noah N T Barr,0009-0005-2776-825X,University of Wollongong,3,18,2,0,2026
A5117526167,Michael Skragge,,Karlstad University,5,18,0,0,2026
A5013188765,Zdravka O. Medarova,,Harvard University,8,18,4,1,2026
A5020881115,Lejla Čolić,0000-0002-8809-4034,Jena University Hospital,4,18,0,0,2024
A5062558571,Nils Opel,0000-0003-4749-3298,Jena University Hospital,4,18,0,0,2024
A5010545613,Alexander Refisch,0000-0002-3505-1575,Jena University Hospital,3,18,0,0,2024
A5051895428,Tamar Macharadze,0009-0008-1635-3931,Center for Behavioral Brain Sciences,3,18,0,0,2024
A5002829279,Moritz Kretzschmar,0000-0002-5285-2737,Otto-von-Guericke-Universität Magdeburg,3,18,0,0,2024
A5055725293,Oliver Speck,0000-0002-6019-5597,Center for Behavioral Brain Sciences,4,18,0,0,2024
A5063715381,Wen Hu,0000-0002-4329-6900,Guiyang Medical University,3,18,1,0,2025
A5101572202,Mengxia Wang,0000-0002-6141-2418,First Affiliated Hospital of Jinan University,3,18,0,1,2025
A5100671153,Xuesheng Liu,0000-0002-4063-0694,Anhui Medical University,3,18,0,1,2026
A5020375834,Jacob M. Appel,0000-0003-3523-9145,Mount Sinai Hospital,3,17,0,2,2024
A5047851156,Madeleine Odette,0000-0003-2214-8324,University of Utah,3,17,0,0,2026
A5092209171,Veronika Gold,,Maine Farmland Trust,3,17,1,0,2025
A5080481222,Sascha Benjamin Fink,0000-0001-7535-1882,Friedrich-Alexander-Universität Erlangen-Nürnberg,4,17,2,2,2025
A5037528026,Michael A. Coe,0000-0002-5550-4770,University of Hawaiʻi at Mānoa,4,17,4,0,2023
A5107507604,Reena Lasrado,,Pathfinder International,3,17,0,0,2026
A5006603263,Maria Maiarù,0000-0003-0927-6567,University of Reading,5,17,2,2,2026
A5041519854,Gary J. Stephens,0000-0002-8966-4238,University of Reading,5,17,0,1,2026
A5062547537,Sonia Sonda,0000-0002-7972-8728,University of Padua,3,17,1,0,2026
A5072256218,Diana Pendin,0000-0003-2827-935X,University of Padua,3,17,0,0,2026
A5039559577,Yuan‐Pang Wang,0000-0001-7076-8312,Hospital das Clínicas da Faculdade de Medicina da Universidade de São Paulo,3,17,0,3,2023
A5104262515,Jessie Kim,,University of California San Diego,3,17,1,0,2026
A5031702769,Randall Espinoza,0000-0003-2895-4212,"University of California, Los Angeles",3,17,0,0,2026
A5082610923,Dimitri Perivoliotis,0000-0003-4254-0155,University of California San Diego,7,17,1,0,2026
A5036036065,M. Imad Damaj,0000-0002-8859-029X,Virginia Commonwealth University,3,17,0,1,2026
A5107487562,Tobías Fernández‐Borkel,0000-0003-4466-1719,University Children's Hospital Zurich,4,17,1,0,2025
A5062387012,Tobias P. Whelan,0009-0005-9497-5961,King's College London,6,17,3,0,2026
A5061045840,Cameron O. Scarlett,0009-0004-5902-4637,University of Wisconsin–Madison,4,17,0,0,2025
A5052114665,Juliet Meccia,,McGill University,5,17,3,0,2026
A5106084706,Rosemary C. Bagot,0009-0005-5512-5294,McGill University,3,17,0,3,2026
A5116667308,Maya Gaines-Smith,0000-0001-8652-0194,Virginia Commonwealth University,4,17,2,0,2026
A5056779411,Praveen Kulkarni,0000-0002-8876-4544,Northeastern University,8,17,0,0,2026
A5023552725,Aaron Keshen,0000-0003-0462-9749,Dalhousie University,5,17,0,4,2026
A5078261834,Mark J. Edwards,0000-0002-8283-9015,King's College London,5,17,0,1,2026
A5048350966,Tania Simona Re,0000-0001-5532-6110,University of Genoa,5,17,3,1,2026
A5034008607,Marek Motyka,0000-0001-6967-0035,University of Rzeszów,4,17,0,0,2025
A5044113515,Michał Michalak,0000-0002-2852-3984,Poznan University of Medical Sciences,4,17,0,4,2025
A5107648740,Emilia A Vasella,,University of Zurich,3,17,0,0,2026
A5071164607,Sandra Lucia Goulart,0000-0001-5642-5313,Faculdade Cásper Líbero,4,17,4,0,2023
A5066161925,Dimitrios Liokaftos,0000-0002-9003-660X,Liverpool John Moores University,5,17,5,0,2026
A5016016745,Klaus Gase,0000-0002-8028-5645,Max Planck Institute for Chemical Ecology,5,17,0,0,2026
A5013691082,Francisca Silva,,European Medicines Agency,3,17,1,0,2025
A5100331602,Cong Lin,0000-0002-5667-5037,Chinese Academy of Sciences,3,17,1,0,2025
A5100337043,Jing Li,0000-0003-0410-6673,,3,17,0,0,2025
A5015577431,Renaud Rovera,0000-0002-2017-1451,Inserm,7,17,0,0,2026
A5065345446,Paula Berman,0000-0002-6821-3307,Agricultural Research Organization,3,17,2,0,2026
A5077975175,Leslie E. Korn,0000-0002-8785-9138,,4,17,4,0,2023
A5004951332,Aidan Lyon,0009-0003-0546-4584,Leiden University,4,17,3,0,2023
A5045610557,Etienne Artru,0009-0003-9102-7769,InterPsy,3,17,2,0,2026
A5117367667,Vincent J Diehl,0009-0000-9776-9649,University of Freiburg,4,17,1,0,2026
A5039200272,Christopher J. Langmead,0000-0003-3483-1120,Monash University,5,17,0,2,2024
A5025681382,J Kabeš,,,3,17,2,0,1973
A5077052642,Z Fink,,,3,17,0,1,1973
A5103158358,Julia Beck,0009-0007-8556-1075,University of Basel,3,17,0,0,2024
A5089775630,Sophie Monnerat,0000-0002-0179-7889,University of Basel,3,17,0,0,2024
A5070237435,Sin-Yee Tang,,University of Malaya,3,17,2,0,2023
A5050910332,Anna-Lena Langen,,Victoria University of Wellington,3,17,2,0,2013
A5112131790,Uttam C Garg,,Children's Mercy Hospital,4,17,2,1,2020
A5052098741,DOROTHY KAUFFMAN,,,3,17,0,2,1963
A5031109540,João Soares Carrola,0000-0002-5636-9400,University of Trás-os-Montes and Alto Douro,7,17,0,5,2024
A5116241972,Nina Abukahok,0009-0008-7079-2003,NYU Langone Health,6,17,2,0,2026
A5010153282,Dana L. Farnsworth,,,3,17,3,0,1970
A5045065548,C Pintilie,,,5,17,3,0,1970
A5032085665,Paolo Nencini,0009-0000-9247-2168,Sapienza University of Rome,3,17,1,1,2014
A5081631606,Frank Löhrer,,,4,17,2,0,2001
A5062897492,Danielle Kochenborger John,0000-0002-6442-4764,Universidade Federal do Rio Grande do Sul,3,17,1,0,2025
A5012538429,Klester S. Souza,0000-0002-1194-0095,Universidade Federal do Rio Grande do Sul,3,17,0,0,2025
A5108080777,Kurt Kletter,,Medical University of Vienna,4,17,0,0,2008
A5110487496,Mélodie Nachon-Phanithavong,,Centre Hospitalier Universitaire de Lille,4,17,1,0,2021
A5060791239,Véronique Dumestre-Toulet,,Centre Hospitalier Universitaire de Caen Normandie,8,17,5,1,2025
A5026499561,Howard J. Goodman,0000-0002-0624-0377,Hofstra University,21,17,0,0,2023
A5110449638,Mee-Young Lee,0000-0001-7337-2460,Northwell Health,21,17,0,0,2023
A5052714076,Daniel C. Ramirez,0000-0003-1388-7002,Hofstra University,21,17,0,0,2023
A5019273780,Micah Ellison,,Presage Biosciences (United States),21,17,0,0,2023
A5104293799,David K. Sjöström,,Lund University,3,17,3,0,2025
A5101494076,Demian Halperin,0000-0003-3695-2161,Maccabi Healthcare Services,5,17,1,2,2025
A5035177270,Arthur Antônio Ruiz Pereira,0000-0001-7652-2807,Universidade de São Paulo,4,17,3,0,2024
A5062391480,Helena Nascimento Malerba,0000-0002-8106-3577,Universidade de São Paulo,4,17,3,0,2024
A5026632977,Bobby R. Scott,0000-0002-6806-3847,Lovelace Respiratory Research Institute,6,17,6,0,2012
A5070768012,Anthony English,0000-0003-4490-8654,University of Washington,13,17,13,0,2024
A5071269583,Fleur Uittenbogaard,,University of Washington,13,17,0,0,2024
A5059641798,Alexa Torrens,0000-0001-7075-5669,"University of California, Irvine",13,17,0,0,2024
A5059912316,Dennis Sarroza,,University of Washington,13,17,0,0,2024
A5079002961,Anna Veronica Elizabeth Slaven,,University of Washington,13,17,0,0,2024
A5027889333,Michael R. Bruchas,0000-0003-4713-7816,University of Washington,13,17,0,0,2024
A5038158464,Nephi Stella,0000-0002-4780-8360,University of Washington,13,17,0,0,2024
A5085405252,Benjamin Bruce Land,0009-0007-4725-7929,Yale University,14,17,0,13,2024
A5026964915,Thomas Liebe,0009-0007-5942-4405,Friedrich Schiller University Jena,4,17,0,0,2025
A5030448882,Nicole Praschak-Rieder,0000-0001-7617-2835,Medical University of Vienna,4,17,0,1,2026
A5112941745,Julien Dupin,0009-0003-3955-2726,Janssen (France),3,17,0,1,2026
A5109488109,Hoa H. Le,0009-0003-5249-8904,Janssen Scientific Affairs (United States),3,17,0,0,2022
A5079376247,Monica Macellaro,0000-0001-5522-5897,University of Milan,4,17,0,0,2026
A5062085807,Cornelius Schüle,0000-0002-4533-7139,Ludwig-Maximilians-Universität München,4,17,1,1,2026
A5100693841,Kan Zhang,0000-0001-7656-8952,Shanghai Jiao Tong University,3,17,2,0,2025
A5016788534,Ron Shore,0000-0002-6305-0764,Providence College,15,16,7,1,2026
A5079573410,Stefanie Enriquez‐Geppert,0000-0001-7305-0111,University of Groningen,4,16,3,1,2026
A5060008089,Fiachra O'Higgins,,Royal College of Surgeons in Ireland,3,16,0,0,2025
A5077047216,Noah D. Gold,0000-0002-1279-6937,NYU Langone Health,7,16,4,1,2024
A5021180683,Michael Savic,0000-0002-6161-4511,Eastern Health,3,16,0,0,2026
A5093811787,Carlton J. Spotswood,0000-0002-8564-8978,UC San Diego Health System,3,16,1,0,2024
A5007516673,Barış Erçal,,Washington University in St. Louis,5,16,0,0,2026
A5082246207,Davor Curic,0000-0002-2623-7271,University of Calgary,3,16,0,0,2023
A5101995217,Richard C. Shelton,0000-0003-4054-9906,University of Alabama at Birmingham,4,16,0,0,2026
A5008753720,Lidiane Silva Tavares,,Universidade de Ribeirão Preto,3,16,3,0,2020
A5049915721,Jonathan David,0000-0003-0620-0233,University of Haifa,4,16,3,0,2025
A5056001021,Yvonne Helbert,,ID Genomics (United States),6,16,0,0,2024
A5033934936,Nathan Houde,,ID Genomics (United States),6,16,0,0,2024
A5007453290,Jacqueline Alves Rodrigues,,Hospital Santa Luzia,3,16,0,3,2026
A5065190342,Maja Nedeljkovic,0000-0003-0963-0335,Swinburne University of Technology,3,16,0,0,2023
A5100372278,Xue Li,0000-0003-4836-7808,University of Hong Kong,3,16,1,2,2025
A5035802420,Hang Chen,0000-0001-7212-0421,Institute of Forensic Science,3,16,0,2,2025
A5070492748,Vincent Van den Eynde,0000-0002-8250-0054,Radboud University Nijmegen,4,16,2,0,2026
A5031219905,Maria Lucília dos Santos,0000-0002-0884-4211,Universidade de Brasília,4,16,0,1,2025
A5024285920,Maria Betânia Barbosa Albuquerque,0000-0002-9681-9293,Universidade do Estado do Pará,11,16,10,1,2025
A5000460576,Lionel Moulédous,0000-0002-7675-3493,Centre de Recherches sur la Cognition Animale,6,16,0,0,2026
A5019047565,Jerzy Samochowiec,0000-0003-1438-583X,Pomeranian Medical University,3,16,0,1,2025
A5068875179,Georgios Mikellides,0000-0001-5374-9777,University of Nicosia,6,16,2,4,2026
A5085410436,Carlotta Marrangone,0009-0006-6953-3771,University of Chieti-Pescara,4,16,0,0,2025
A5114037391,Karen Huang,,University of North Carolina at Chapel Hill,3,16,0,0,2026
A5105370310,Kasey Bowyer,,Weill Cornell Medicine,3,16,0,0,2026
A5014356370,Noah Sciaky,,University of North Carolina at Chapel Hill,3,16,0,0,2026
A5111529788,Kunjie Hua,,University of North Carolina at Chapel Hill,3,16,0,0,2026
A5086685365,Jesse K. Niehaus,0000-0002-6800-4134,University of North Carolina at Chapel Hill,3,16,0,0,2026
A5052695181,Grégory Scherrer,0000-0002-1983-5126,University of North Carolina at Chapel Hill,3,16,0,1,2026
A5023703404,Carol Strıke,0000-0002-2716-3681,St. Michael's Hospital,8,16,0,1,2026
A5101910222,Eric A. Miller,0000-0001-8062-163X,Brown University,3,16,2,0,2025
A5070347903,Anne Hoffrichter,0000-0001-6009-7826,Central Institute of Mental Health,13,16,0,0,2026
A5032394589,Mahnaz Davoudi,0000-0001-9806-3496,Central Institute of Mental Health,10,16,0,0,2026
A5072790123,Sandra Horschitz,0000-0001-9295-5493,Central Institute of Mental Health,13,16,0,0,2026
A5071578599,Julia Ladewig,0000-0002-5943-7990,Central Institute of Mental Health,13,16,0,0,2026
A5008607938,Hamed Shafaroodi,0000-0002-0030-4077,Tehran University of Medical Sciences,3,16,0,1,2025
A5026979217,Rajiv Agrawal,,,4,16,1,0,2025
A5027306013,Alison E. Mungenast,0000-0003-1020-0471,,4,16,0,0,2025
A5079618447,Eliseo Salinas,,,4,16,0,3,2025
A5009731633,José Alexandre Salerno,0000-0003-0511-7083,Universidade Federal do Rio de Janeiro,4,16,2,0,2026
A5119001984,Thomas Delannay,,Lyon 1 Université,3,16,0,0,2026
A5079782200,Claudio D’Addario,0000-0002-1275-098X,University of Teramo,4,16,0,0,2026
A5100335770,Jianfeng Liu,0000-0002-0284-8377,Guangzhou Regenerative Medicine and Health Guangdong Laboratory,3,16,0,0,2026
A5063818659,George W. Watt,,The University of Texas at Austin,3,16,1,2,1979
A5033426999,Keeler Mh,,,3,16,3,0,1967
A5045619367,Donna L. McGovern,,Virginia Commonwealth University,3,16,3,0,2020
A5046372585,Johannes Neurath,0000-0002-5044-0552,,4,16,4,0,2021
A5091386766,Melinda Sobor,,Semmelweis University,3,16,0,0,2009
A5042365671,Megumi Higuchi,,Kyoto University,3,16,2,0,2009
A5053313066,Hubert Korr,,University of Würzburg,5,16,3,0,1976
A5072912407,Esther A. Croes,0009-0005-1389-2241,Trimbos Institute,3,16,0,1,2025
A5112240268,Masako Nakagawa,,,3,16,2,1,1975
A5002961876,Claire-Marie Martinez,,Centre National de la Recherche Scientifique,3,16,2,0,2012
A5055850985,Tingting Zhu,0000-0002-1552-5630,Chiba University,3,16,0,0,2025
A5068998527,John C.M. Brust,,,3,16,3,0,2014
A5076622084,Ravindra Rao,0000-0002-1765-1462,All India Institute of Medical Sciences,4,16,2,2,2024
A5038487571,Jeong‐Eun Oh,0000-0001-9530-1524,Pusan National University,3,16,0,3,2025
A5108443067,Chen‐Jee Hong,,Taipei Veterans General Hospital,4,16,0,0,2020
A5051012356,Kelly Morris,,,3,16,3,0,2006
A5045499896,Hilary L. Surratt,0000-0003-4027-7840,University of Kentucky,4,16,0,0,2017
A5049149134,Caroline Victorri‐Vigneau,0000-0002-3745-2532,Inserm,8,16,0,7,2024
A5072934098,Ada Beselia,0000-0001-9955-3526,,3,16,1,0,2022
A5016875823,Irma Kirtadze,0000-0002-7498-2380,Ilia State University,3,16,1,1,2022
A5001736016,David Otiashvili,0000-0002-9604-9559,Ilia State University,3,16,0,2,2022
A5048418435,Mance E. Buttram,0000-0002-5001-7391,University of Arkansas at Fayetteville,3,16,0,1,2025
A5065360405,Alejandro Carrillo-Chávez,0000-0003-3452-0576,Universidad Nacional Autónoma de México,3,16,0,0,2023
A5021384518,Michael Angyus,0000-0001-9216-5029,Imperial College London,4,16,3,0,2026
A5093929021,Sarah Osborn,,Imperial College London,3,16,0,0,2025
A5103209565,Byung Hyun Byun,0000-0002-1146-1916,Korea Institute of Radiological and Medical Sciences,5,16,0,0,2021
A5047013777,Byung Il Kim,0000-0002-7227-5359,Korea Institute of Radiological and Medical Sciences,5,16,0,0,2021
A5061933433,Chang Woon Choi,0000-0003-3792-3418,Korea Institute of Radiological and Medical Sciences,5,16,0,0,2021
A5037649433,Sang‐Keun Woo,0000-0002-6728-8876,Korea Institute of Radiological and Medical Sciences,5,16,0,0,2021
A5110454624,Kyo Chul Lee,0000-0002-8863-6702,Korea Institute of Radiological and Medical Sciences,5,16,0,0,2021
A5037387803,Sang Moo Lim,0000-0001-8213-8174,Korea Institute of Radiological and Medical Sciences,5,16,0,3,2021
A5109046086,Anders Samuelsson,,Linköping University,4,16,3,0,2012
A5029535057,Olof Eriksson,0000-0002-2515-8790,Uppsala University,4,16,0,1,2025
A5087436435,Terje Sparby,0000-0001-5721-0066,Witten/Herdecke University,4,16,1,0,2026
A5082962939,Angela Merrell,0009-0008-0899-304X,Presage Biosciences (United States),12,16,0,0,2025
A5065725115,Godber Mathis Godbersen,0000-0002-9739-0724,Medical University of Vienna,4,16,0,0,2025
A5005901759,Jin Gao,0009-0009-6405-7667,The Affiliated Yongchuan Hospital of Chongqing Medical University,3,16,0,1,2025
A5053768679,Francesca Bertola,0009-0007-7041-534X,Azienda Ospedaliera San Gerardo,3,16,0,0,2026
A5072117465,Yanwu Jin,0000-0002-8336-3872,Shandong University,6,16,0,4,2026
A5114681119,Geneva Weiglein,,Élisabeth Bruyère Hospital,4,15,0,0,2026
A5065472002,Alexander Bryson,0000-0002-0033-8197,Mental Health Research Institute,4,15,0,1,2026
A5026162452,Joanne Stubley,0000-0002-4940-5848,The Tavistock and Portman NHS Foundation Trust,3,15,0,0,2026
A5000713133,Chantal Savard,,University of Calgary,5,15,0,0,2026
A5049748116,Raèf Mina,,University of Calgary,4,15,0,0,2026
A5102767216,Anna J. Donnelly,0009-0005-1992-2763,Stanford University,5,15,0,0,2026
A5075948197,Winston De La Haye,0009-0002-6133-3477,University of the West Indies System,5,15,2,1,2026
A5030191843,Jianmeng Song,0000-0001-8223-8845,Centre for Addiction and Mental Health,6,15,1,0,2025
A5044840695,Ariel Graff‐Guerrero,0000-0001-9301-2171,Centre for Addiction and Mental Health,5,15,0,0,2025
A5017059941,Philip Gerretsen,0000-0003-4053-6814,Centre for Addiction and Mental Health,6,15,0,6,2025
A5113089294,Sophie Weiser,,Leibniz-Institut für Naturstoff-Forschung und Infektionsbiologie e. V. - Hans-Knöll-Institut (HKI),4,15,1,0,2026
A5000672282,Danielle R. Adams,0000-0002-3892-989X,University of Missouri,7,15,4,0,2026
A5037245382,Leopoldo J. Cabassa,0000-0002-1872-4141,Washington University in St. Louis,7,15,0,3,2026
A5050568295,Stephen J. Seiner,,Harvard University,3,15,0,0,2023
A5085904395,Brady A. Riedner,0000-0002-8393-1737,University of Wisconsin–Madison,4,15,0,0,2026
A5052770687,Christina J. Sauder,0000-0003-2208-0171,University of Wisconsin–Madison,4,15,0,0,2026
A5091195864,Marcelo Simas e Silva,0000-0003-0133-0055,,3,15,0,0,2026
A5065618753,Alexsandra Kovacevich,0000-0002-4196-467X,Cleveland Clinic,4,15,2,0,2025
A5100774729,Grace Wang,0000-0003-2063-031X,University of Southern Queensland,3,15,0,0,2025
A5060849654,Tra-ill Dowie,0009-0006-6417-9558,Australian National University,3,15,1,1,2025
A5050126403,Ashwath Maheswari,,Northeastern University,4,15,0,0,2026
A5083819477,Brad Stoddard,0000-0001-8947-842X,McDaniel College,3,15,3,0,2024
A5044634006,Sakina J. Rizvi,,St. Michael's Hospital,6,15,0,0,2025
A5011055291,Clyde W. Hodge,0000-0002-6860-7955,University of North Carolina at Chapel Hill,3,15,0,0,2025
A5000031657,Ethan J. Pazur,0000-0003-4716-5462,University of Pittsburgh,5,15,4,0,2024
A5112763391,Ephraim Shmaya Lansky,,University of Haifa,5,15,5,0,2023
A5072640627,Quentin Black,,University of South Australia,3,15,0,3,2021
A5080602242,Anne Lingford‐Hughes,0000-0003-4512-3453,Imperial College London,4,15,1,1,2026
A5072339386,Étienne Billard,,,3,15,1,0,2026
A5013630455,Enno Christian Kurt Freye,,Heinrich Heine University Düsseldorf,13,15,13,0,2016
A5007200987,Ian E. Lush,,The Royal Free Hospital,3,15,3,0,1975
A5070442103,Dawn P. Mulvena,,The University of Sydney,3,15,1,1,1988
A5035773811,Paul B. Steinmetz,,,3,15,2,1,1992
A5070551654,María Isabel Briseño-Sánchez,0000-0001-8730-1954,Universidad Nacional Autónoma de México,3,15,3,0,2022
A5102760104,Hannah M. Harris,0000-0003-2590-7920,University of Mississippi,3,15,0,0,2022
A5112421922,Narendar Reddy Dudhipala,,University of Mississippi,3,15,0,0,2022
A5103397505,Soumyajit Majumdar,,University of Mississippi,3,15,0,0,2022
A5066900140,Hooi Yan Moy,0000-0002-2591-5149,Health Sciences Authority,4,15,0,1,2025
A5042593872,Matthew A. Albrecht,0000-0002-6540-5979,The University of Western Australia,3,15,0,0,2023
A5031091371,Paul Rajotte,,,4,15,3,0,1964
A5007581269,Talitha C. Ford,0000-0001-5400-2659,Swinburne University of Technology,3,15,1,0,2019
A5084087477,G Bosio,,Universidade de São Paulo,3,15,2,0,2012
A5079649173,G Badiu,,,5,15,1,4,1971
A5072337458,Christine Frauenfelder,,ETH Zurich,4,15,4,0,2001
A5099670243,Brianna Stang,,Fredric Rieders Family Foundation,4,15,0,0,2026
A5100765129,Kun Guo,0000-0001-6765-1957,University of Lincoln,3,15,0,0,2026
A5100741915,Yongqing Zhang,0000-0003-0581-4882,Hubei University,3,15,0,3,2026
A5028813588,Mara R. Livezey,0000-0001-5441-6341,Kalamazoo College,3,15,3,0,2013
A5004392984,Laura Lowe Furge,0000-0003-3593-4770,Kalamazoo College,3,15,0,3,2013
A5068228068,Masahiko Funada,0000-0003-1330-7522,National Center of Neurology and Psychiatry,3,15,0,3,2020
A5081986476,Christophe Maruéjouls,,,3,15,0,0,2022
A5060907638,Svenja Leibnitz,0009-0000-2643-0111,University of Basel,3,15,1,0,2026
A5052853811,P. Murphy,,Edge Hill University,8,15,3,0,2008
A5103495213,Shigenori Watanabe,,Kyushu University,3,15,1,0,1981
A5092844789,Clara Riera-Colomer,,Universitat de Barcelona,3,15,0,0,2025
A5082495534,Shigenobu Shibata,0000-0002-6177-1963,Hiroshima University,3,15,0,0,2025
A5017960659,Jochen Mutschler,0000-0002-3710-356X,Luzerner Kantonsspital,3,15,0,2,2026
A5054893585,Ioana Andreea Pop,0000-0003-0747-6581,Tilburg University,4,15,4,0,2024
A5022991022,Jasmine Jade Butler,0009-0000-4000-1209,Université de Bordeaux,4,15,3,0,2025
A5085352020,Inki Lee,0000-0002-2051-3597,Korea Institute of Radiological and Medical Sciences,4,15,4,0,2020
A5090198104,Ilhan Lim,0000-0002-5903-1659,Korea Institute of Radiological and Medical Sciences,4,15,0,0,2020
A5107834393,Joo Hyun Kang,,Korea Institute of Radiological and Medical Sciences,4,15,0,0,2020
A5035604811,Jeroen Roosendaal,0000-0003-1750-7281,Utrecht University,3,15,3,0,2020
A5006267255,Cindy Brooks Dollar,0000-0002-7788-6669,University of North Carolina at Greensboro,4,15,4,0,2025
A5014520741,Annemieke van Zante,0000-0003-0740-3227,"University of California, San Francisco",4,15,0,0,2024
A5059488730,Atticus Turner,,Presage Biosciences (United States),6,15,0,0,2025
A5048933391,Penda Sissoko,,Institut d'Économie Rurale,4,15,4,0,2023
A5075591850,Keming Gao,0000-0003-1130-2461,University Hospitals of Cleveland,3,15,2,1,2025
A5082216272,Magdalena Schelotto,0000-0001-8723-1239,Universidad de la República de Uruguay,3,15,0,0,2021
A5029239659,Philipp M. Doldi,0000-0001-5700-4799,LMU Klinikum,3,15,0,0,2021
A5030557431,Giovanna Milani,0000-0003-2664-7593,,3,15,0,0,2021
A5043815261,Abul Andrés Ariza Manzano,,Universidad del Rosario,3,15,0,0,2021
A5092088258,Alexandra Marie Winter Matos,0000-0003-2298-0583,Universidad Iberoamericana,3,15,0,0,2021
A5038051982,Yasmin Hamdy Abdelrahim,,,3,15,0,0,2021
A5078266862,Shaza Ahmed Hamad Bek,,National Center for Cancer Care and Research,3,15,0,0,2021
A5020628878,Benito K. Benitez,0000-0003-4459-6603,,3,15,0,0,2021
A5018216248,Vanessa Luiza Romanelli Tavares,0000-0002-8845-5952,,3,15,0,0,2021
A5071572013,Abdulrahim Mohammed Basendwah,0000-0002-8849-8629,King Fahd Armed Forces Hospital,3,15,0,0,2021
A5103345843,Luís Henrique Albuquerque Sousa,,Universidade de São Paulo,3,15,0,0,2021
A5085608128,Naiara Faria Xavier,0000-0003-4666-4577,Universidade de São Paulo,3,15,0,0,2021
A5009593551,Tania Zertuche-Maldonado,0000-0003-3302-9654,Tecnológico de Monterrey,3,15,0,0,2021
A5070876684,Sarah Toyomi de Oliveira,,Universidade de São Paulo,3,15,0,0,2021
A5021596615,Melisa Chaker,,Garrahan Hospital,3,15,0,0,2021
A5037431363,Michelle Menon Miyake,0000-0001-8588-4834,Massachusetts Eye and Ear Infirmary,3,15,0,0,2021
A5004741527,Elif Uygur-Kucukseymen,0000-0002-6190-106X,Spaulding Rehabilitation Hospital,3,15,0,0,2021
A5026388097,Kinza Waqar,0000-0003-0930-0512,National University of Sciences and Technology,3,15,0,0,2021
A5048000024,Ola M.J. Alkhozondar,,Hamad Medical Corporation,3,15,0,0,2021
A5079994523,Ricardo Bernardo da Silva,0000-0002-7260-5522,Pontifícia Universidade Católica do Paraná,3,15,0,0,2021
A5006565817,Guilhermo Droppelmann,,Clínica MEDS (Chile),3,15,0,0,2021
A5047978597,Antônio Vaz de Macedo,0000-0002-7633-8839,Harvard University,3,15,0,0,2021
A5108401825,Rui Nakamura,,Harvard University,3,15,0,0,2021
A5062615661,Felipe Fregni,0000-0002-1703-7526,Harvard University,3,15,0,3,2021
A5055485759,Virginio Salvi,0000-0003-3374-018X,Marche Polytechnic University,3,15,0,0,2026
A5088775791,Maxwell Zachary Price,0000-0001-7480-7008,Hackensack Meridian School of Medicine,4,15,4,0,2025
A5057192159,Chui-Yu Li,0000-0003-4202-2876,Second Affiliated Hospital of Fujian Medical University,3,15,1,0,2026
A5042603671,Urvi S. Desai,0000-0001-5196-7201,Analysis Group (United States),5,15,2,0,2025
A5102907967,Bing Xie,0009-0003-8246-3059,Wuhan Union Hospital,3,15,0,0,2024
A5103054313,Jing Liu,0000-0002-5276-9669,Zhengzhou University,4,15,3,0,2025
A5008232031,Hugo Cogo‐Moreira,0000-0001-9411-9237,Universidade Federal de São Paulo,4,15,0,2,2021
A5089668964,Lihong Hu,0000-0001-5138-3660,Ningbo University,4,15,0,3,2026
A5116593536,Kristina T. Kumpf,,Virginia Commonwealth University,3,15,0,0,2026
A5049197924,Steven M. Albert,0000-0001-6786-9956,UNSW Sydney,3,14,0,0,2025
A5001865213,Ziva D. Cooper,0000-0001-8001-2332,"University of California, Los Angeles",3,14,0,0,2025
A5092806692,Jordan Horan,,Kalamazoo Psychiatric Hospital,3,14,0,0,2025
A5003990223,Aron Amaev,,Centre for Addiction and Mental Health,3,14,1,0,2025
A5107421289,Sadie Hambleton,,King's College London,3,14,0,0,2026
A5066094977,Tamara Wachsman,,San Diego State University,4,14,0,0,2026
A5098810980,Bettye E. Chargin,,VA San Diego Healthcare System,3,14,0,0,2025
A5055356301,Guillaume Thuery,0000-0003-3391-5293,Trinity College Dublin,5,14,2,0,2026
A5110829877,Jack D. C. Dahan,,Amsterdam UMC Location University of Amsterdam,3,14,3,0,2026
A5060208295,Sébastien Baud,,Institut Français de Séoul,5,14,5,0,2025
A5092120224,Renan Massanobu Maekawa,0009-0007-1195-815X,Universidade de São Paulo,6,14,3,0,2026
A5061979344,Richard Lennertz,0000-0003-3273-9056,University of Wisconsin System,3,14,0,0,2025
A5064019967,Richard Smith,0000-0002-9671-5523,University of Wisconsin–Madison,3,14,0,0,2025
A5039402452,K. M. Larsen,0000-0003-4437-6248,Rigshospitalet,4,14,3,0,2026
A5072673151,Ilina Singh,0000-0003-4497-3587,University of Oxford,3,14,0,0,2025
A5012784279,Raphaël Serreau,0000-0003-4430-2046,Université d'Orléans,5,14,1,3,2026
A5025388208,Nadia Arbouche,0000-0002-6676-1406,Institut de Médecine et d'Epidémiologie Africaines,10,14,6,0,2026
A5100724014,Sarah Williams,0000-0001-9736-3032,University of Colorado Anschutz,3,14,0,0,2026
A5092728892,Brian J. Gully,,Brown University,3,14,1,0,2026
A5009045762,Angela D. Bryan,0000-0002-6019-3380,University of Colorado Boulder,3,14,0,0,2024
A5114541934,Zeina Beidas,,University of Toronto,5,14,3,0,2026
A5058499524,Paul E. Croarkin,0000-0001-6843-6503,Mayo Clinic,7,14,4,2,2026
A5021294183,Marjorie Woollacott,0000-0001-9297-3325,University of Oregon,3,14,3,0,2025
A5053781843,Mary G. Hornick,0000-0002-4940-7253,Roosevelt University,3,14,1,2,2024
A5098758606,Albert Buchard,,Geneva College,5,14,1,0,2025
A5007078515,Erin Q. Williams,,University of Toronto,3,14,0,0,2026
A5055763731,Amy J. Ramsey,0000-0002-2717-5279,University of Toronto,3,14,0,0,2026
A5001491599,W van den Brink,0000-0002-4493-2382,Jellinek,9,14,2,4,2021
A5013996756,Grant C. Churchill,0000-0001-9591-9391,University of Oxford,3,14,0,0,2026
A5075065111,Dusty R. Miller,0000-0002-2376-4543,Vanderbilt University,3,14,2,0,2024
A5077755552,Harte Singer,0000-0001-5620-9645,,3,14,0,0,2024
A5082316137,Marco Bonaso,0000-0001-8813-2902,University of Pisa,3,14,0,0,2026
A5092032299,Letizia Biso,0000-0002-8401-4615,University of Pisa,3,14,0,0,2026
A5054170701,Ciro Conversano,0000-0002-0726-3634,University of Pisa,3,14,0,0,2026
A5027347875,Marco Scarselli,0000-0001-5087-3182,University of Pisa,3,14,0,3,2026
A5069375338,Philipp Koch,0000-0003-3713-8786,Heidelberg University,6,14,1,5,2026
A5092251876,Chris Appleyard,,,4,14,0,0,2024
A5115576251,Alejandra Pulido-Saavedra,0009-0005-7948-2050,Connecticut Mental Health Center,3,14,2,0,2025
A5092566431,Kerem Kemal Soylemez,0000-0002-8654-0678,Regent's University London,4,14,4,0,2025
A5116553231,Emma Marie de Boo,,Regent's University London,4,14,0,0,2025
A5022879872,Shifra Lansky,0000-0002-2037-7388,Hebrew University of Jerusalem,4,14,0,1,2023
A5082212512,Helena Maaria Paavilainen,,Hebrew University of Jerusalem,4,14,0,3,2023
A5060075188,Kyla Whitelock,0000-0002-3675-2197,University of California System,3,14,1,0,2026
A5015652543,Karina Karmirian,0000-0003-4383-8746,D’Or Institute for Research and Education,5,14,1,0,2026
A5081025298,Christina Dalla,0000-0002-7528-0487,National and Kapodistrian University of Athens,4,14,1,1,2026
A5001755481,Jyoti Mishra,0000-0001-6612-4557,University of California San Diego,5,14,0,0,2026
A5088334307,Erin L Karschner,0000-0001-5062-9753,,3,14,0,0,2024
A5113446981,Pierre Deniker,,,4,14,2,0,1969
A5080364923,George Morgan,,Chadron State College,3,14,3,0,1983
A5050092806,Aubin M. Heyndrickx,,Ghent University,3,14,0,1,1982
A5008154797,R. de la Torre,0000-0001-8396-4232,Universitat Autònoma de Barcelona,3,14,1,2,2009
A5091446495,M.R. Farre,,Universitat Autònoma de Barcelona,3,14,0,0,2009
A5006352054,Marylène Guerlais,,Centre Hospitalier Universitaire de Nantes,3,14,0,0,2020
A5101732701,Liang Liu,0000-0002-8437-5998,Huazhong University of Science and Technology,3,14,0,2,2025
A5113494101,Daniel C. Swan,0000-0003-0906-2614,University of Oklahoma,4,14,4,0,2022
A5013317693,Hilke Andresen‐Streichert,0000-0002-8779-8902,University of Cologne,3,14,1,0,2024
A5075724742,Gavin Tay,,The University of Tokyo,4,14,4,0,2024
A5009503143,Yeter Erol Öztürk,0000-0001-9503-7057,,3,14,1,0,2025
A5060799349,Hayley N. Manke,0000-0002-8889-957X,American University,4,14,4,0,2023
A5008870270,Valerie Mojeiko,,,6,14,1,3,2010
A5047231232,Andrew Laurin,0000-0002-7806-961X,"Sciences, Philosophie, Histoire",10,14,6,1,2026
A5000517670,Arthur MacNeill Horton,0000-0001-8554-6296,,5,14,4,1,2015
A5034621661,Elise Pape,0000-0001-9928-7811,Centre Hospitalier Régional et Universitaire de Nancy,3,14,0,1,2026
A5041256980,Allan Kolodziej,,Centre Hospitalier Régional et Universitaire de Nancy,3,14,0,0,2026
A5027662912,Jean‐Yves Jouzeau,0000-0003-2429-945X,Centre Hospitalier Régional et Universitaire de Nancy,3,14,0,0,2026
A5034770532,Julien Scala‐Bertola,0000-0002-9863-9739,Centre Hospitalier Régional et Universitaire de Nancy,3,14,0,0,2026
A5055482023,Jérôme Langrand,0000-0002-2123-2885,Assistance Publique – Hôpitaux de Paris,4,14,0,2,2021
A5028496655,Kevin F Foley,0009-0002-5660-3815,Kaiser Permanente,3,14,2,0,2023
A5057897261,Guang‐Guo Ying,0000-0002-3387-1078,South China Normal University,3,14,0,3,2025
A5030084396,Roopa Sethi,0000-0003-4209-591X,The University of Kansas Health System,4,14,2,1,2021
A5115876334,Anne M. Komé,0009-0009-7562-3943,University of North Carolina at Chapel Hill,3,14,2,1,2026
A5021302867,Shannon Menard,0000-0002-2735-9692,Jesse Brown VA Medical Center,3,14,2,1,2026
A5064595821,Archana Jhawar,0000-0003-2317-5586,University of Illinois Chicago,3,14,1,2,2026
A5015010991,Erik Tesselaar,0000-0002-8387-0583,Linköping University,3,14,0,0,2012
A5060972860,Folke Sjöberg,0000-0002-5903-2918,Linköping University,3,14,0,3,2012
A5054835096,Patrick Jern,0000-0001-9044-7604,Åbo Akademi University,3,14,0,3,2024
A5063298125,Kenneth Ring,,University of Connecticut,3,14,3,0,2014
A5047511531,Nathan J. Schauer,0000-0002-3004-4923,Presage Biosciences (United States),4,14,0,0,2023
A5049036795,Noam Y. Kirson,0000-0001-5200-6883,Analysis Group (United States),4,14,0,0,2025
A5103137634,Xinyu Lu,0009-0004-4238-8960,Jiangsu Province Key Laboratory of Anesthesiology,3,14,0,0,2024
A5083727135,Kairun Zhu,0000-0003-1580-1030,Xuzhou Medical College,4,14,0,0,2026
A5031354331,Michael D. Banov,,Pittsburgh Psychoanalytic Center,4,14,1,0,2025
A5077089286,Laetitia Vanderijst,0000-0003-3849-6665,Université Libre de Bruxelles,5,13,4,0,2026
A5074949510,Charles Kornreich,0000-0002-4898-5588,Université Libre de Bruxelles,3,13,0,1,2024
A5033840621,Matthew Cho,,University of Toronto,5,13,2,0,2026
A5050276295,Mathieu Fradet,,Université de Sherbrooke,6,13,3,1,2026
A5081766741,Paolo Manfredi,0000-0002-0574-8945,Forma Therapeutics (United States),4,13,0,0,2026
A5012894314,Christopher Kochevar,0009-0004-4726-131X,Princeton University,3,13,3,0,2025
A5092788056,David P. Tomàs‐Cuesta,,University of Lethbridge,4,13,0,0,2024
A5042713751,Majid H. Mohajerani,0000-0003-0964-2977,University of Lethbridge,4,13,0,0,2024
A5041993733,Bruce L. McNaughton,0000-0002-2080-5258,University of Lethbridge,4,13,0,0,2024
A5033175481,Frederick A. Bagdasarian,0000-0001-5136-4494,Harvard University,4,13,4,0,2024
A5028671809,P.S. Jensen,0000-0001-7058-6930,Rigshospitalet,3,13,0,0,2025
A5060946546,Jack Hollingdale,0000-0002-8720-2785,,3,13,0,2,2024
A5041988707,Joshua Homan,0000-0001-6010-3843,,3,13,3,0,2016
A5042168269,Andrew D. Krystal,0000-0002-6702-781X,"University of California, San Francisco",5,13,0,1,2026
A5052625769,Tim Slade,0000-0002-1725-9188,The University of Sydney,6,13,0,2,2026
A5090176075,Nick Zagorski,,,34,13,33,1,2024
A5077859958,Md Taufiq Nasseef,0000-0002-4594-8458,Prince Sattam Bin Abdulaziz University,5,13,0,1,2026
A5083304312,Jan Treur,0000-0003-2466-9158,Vrije Universiteit Amsterdam,3,13,0,3,2026
A5015724637,Tamrin Barta,0009-0003-0880-1558,Monash University,4,13,0,0,2026
A5008550218,Matthew D. Greaves,0000-0002-3438-2874,Monash University,4,13,1,0,2026
A5072935647,Sidhant Chopra,0000-0003-0866-3477,The University of Melbourne,3,13,0,0,2026
A5045974436,Antonija Mijatović,0000-0003-1733-582X,University of Split,4,13,0,0,2026
A5057282804,Marco Leyton,0000-0002-1243-2252,McGill University,3,13,0,0,2025
A5029128378,Jiaxin Li,0000-0002-6434-3729,Chinese Academy of Sciences,29,13,0,0,2026
A5063071222,Lori Bruce,0000-0001-6059-1082,Yale University,3,13,1,0,2025
A5039949601,Joel Yager,0000-0003-1274-8190,,6,13,6,0,2020
A5079912547,Seth Crawford,,Corvallis Environmental Center,3,13,0,0,2021
A5000764422,Chen-Shan Chin,0000-0003-4394-2455,DNAnexus (United States),4,13,0,0,2021
A5003558958,Aaron Trippe,,Oregon State University,4,13,0,0,2021
A5041069127,Judy Ashworth,,Pinney Associates (United States),4,13,0,2,2025
A5071628101,Sabine Berteina‐Raboin,0000-0002-4577-4988,Université d'Orléans,4,13,0,1,2025
A5027882050,Joseph Cusimano,0000-0003-4171-4985,Shenandoah University,3,13,1,0,2022
A5056634256,Zdeňka Bendová,0000-0002-2693-2143,Charles University,3,13,0,0,2025
A5056063233,Jade Gallo,,University of Ottawa,4,13,0,0,2026
A5021895747,Meredith C. Meacham,0000-0001-5752-767X,"University of California, San Francisco",4,13,1,1,2026
A5071629385,Ardavan Mohammad Aghaei,0000-0001-9998-8001,Connecticut Mental Health Center,3,13,2,0,2025
A5075352534,Tanner L. Anderson,0000-0003-2546-5288,Yale University,4,13,2,0,2026
A5091828517,Amanda J. F. Tamman,0000-0002-3620-6698,Baylor College of Medicine,3,13,3,0,2023
A5013700071,Laurène Dufayet,0000-0001-6594-5855,,5,13,3,2,2024
A5031143262,Magali Labadie,0000-0002-6546-6886,Hôpital Pellegrin,5,13,1,3,2024
A5091314256,Jonathan Weinel,0000-0001-5347-3897,University of Greenwich,9,13,8,1,2025
A5110140382,Beverly Wescott Gabrio,,Washington University in St. Louis,3,13,0,1,1950
A5018389504,THOMAS THALE,,Washington University in St. Louis,3,13,1,1,1950
A5018528787,Selina Hemmer,0009-0009-5534-0612,Saarland University,7,13,0,0,2026
A5070130196,Letícia Alves da Silva,0000-0002-9620-3974,Institute of Pharmacology,4,13,0,0,2025
A5009777252,Kenneth R. Scott,0009-0009-5113-7908,St. James's Hospital,3,13,0,0,2024
A5054146253,Nina Kastner,0000-0002-1576-9029,Institute of Pharmacology,5,13,2,0,2026
A5074968647,Manan Bhatt,0000-0002-5792-0081,University of Insubria,3,13,0,0,2024
A5077704069,Elena Bossi,0000-0002-9549-2153,University of Insubria,3,13,0,0,2024
A5055199697,Mathilde Millot,,Institut des Sciences Cognitives Marc Jeannerod,4,13,3,1,2019
A5037151150,Emilie Heuland,,Université de Tours,3,13,3,0,2010
A5090220408,Anne C. Macaskill,0000-0003-3096-5340,Victoria University of Wellington,3,13,1,0,2016
A5086362572,Károly Kubicskó,0000-0003-3048-1901,Eötvös Loránd University,3,13,3,0,2022
A5048052063,Ödön Farkas,0000-0002-4217-0150,Eötvös Loránd University,3,13,0,3,2022
A5017436182,Élisabeth Frauger,0000-0003-1879-5625,Inserm,4,13,0,0,2022
A5038647179,M. Christopher Newland,0000-0002-2918-2093,Auburn University,3,13,0,2,1998
A5062572960,Olanrewaju John Afees,0000-0002-9540-4117,Babcock University,3,13,1,0,2022
A5030557551,Jennifer Rouine,,Trinity College Dublin,3,13,3,0,2014
A5045345743,Manuel Jesus Antunes,0000-0002-6192-9134,Hospitais da Universidade de Coimbra,3,13,0,0,2018
A5019727419,Suncheun Kim,0000-0002-2769-8571,National Forensic Institute,4,13,0,1,2026
A5109053679,Kiyoshi Wada,,National Center of Neurology and Psychiatry,5,13,2,1,2016
A5091494594,Clarissa Janousch,0000-0002-4160-9758,University of Zurich,4,13,4,0,2026
A5032328284,Lukas Eggenberger,0000-0003-3826-723X,University of Zurich,4,13,0,0,2026
A5002092863,Serap Annette Akgür,0000-0001-9638-2311,Ege University,6,13,1,5,2026
A5100592631,Jiahui Wu,0000-0001-6989-0759,Zhejiang Gongshang University,3,13,1,0,2026
A5059768321,Christina Ververi,0000-0002-6049-1265,University of Turin,3,13,3,0,2025
A5018072566,Denis Peronnet,,,3,13,1,2,2013
A5084409780,Peter T Redona,0000-0002-1601-1471,The University of Sydney,3,13,3,0,2022
A5028003318,Debra W. Jackson,0000-0001-5252-5325,The University of Sydney,3,13,0,0,2022
A5073813564,Cindy Woods,0000-0001-5790-069X,The University of Sydney,3,13,0,0,2022
A5011283595,Kim J. Usher,0000-0002-9686-5003,The University of Sydney,3,13,0,3,2022
A5103168628,Bruno Pereira dos Santos,0000-0002-7624-5966,Universidade Federal de Ciências da Saúde de Porto Alegre,6,13,3,0,2026
A5021721923,Christopher W. T. Miller,0000-0002-6236-0357,"University of Maryland, Baltimore",4,13,3,1,2026
A5080877819,Virginia Ballesteros,0000-0002-8076-6588,Universitat de València,4,13,4,0,2024
A5025599271,Juan Castiblanco,0000-0003-4118-4814,City University of New York,3,13,0,0,2023
A5089767442,Brock Pope,0000-0002-1750-688X,Des Moines University,3,13,0,0,2020
A5072594967,Eric Wauson,0000-0002-6736-9000,Des Moines University,3,13,0,0,2020
A5109610935,Vanja Đurić,0000-0003-3465-956X,Des Moines University,3,13,0,0,2020
A5028963541,Li‐Lian Yuan,0000-0001-7787-576X,Des Moines University,3,13,0,3,2020
A5066867173,Heidi Ka Ying Lo,0000-0003-2551-5230,University of Hong Kong,5,13,0,0,2026
A5027646241,Minmin Yao,,Fudan University,3,13,0,2,2026
A5069901164,Roberta Anniverno,,ASST Fatebenefratelli Sacco,3,13,0,0,2026
A5080494961,Jon-Iñaki Etxeandia-Pradera,0000-0003-0858-9385,Universitat de València,3,13,0,0,2025
A5045367921,Maolin Zhong,0009-0001-2886-9870,Gannan Medical University,3,13,0,0,2026
A5008331037,Narcı́s Cardoner,0000-0001-9633-0888,Universitat Autònoma de Barcelona,7,13,0,0,2026
A5073711971,Elizabeth M. Scott,0000-0003-3907-0324,The University of Sydney,4,13,0,0,2026
A5078810950,Jarrad King,0000-0002-6950-2485,Johnson & Johnson (Australia),5,13,0,0,2026
A5078319884,Brandon M. Kitay,0000-0003-0395-710X,Emory University,6,13,1,2,2026
A5047586802,Raphaëlle Marie Richieri,0000-0002-3901-7016,Centre National de la Recherche Scientifique,3,13,0,1,2026
A5110999818,Houtan Totonchi Afshar,0009-0000-3101-5297,University of California San Diego,3,13,0,0,2025
A5111237412,Roger S McIntyre,,Rogers (United States),3,12,0,1,2025
A5114369359,Sergio R Pérez Rosal,,Medizinische Hochschule Brandenburg Theodor Fontane,5,12,4,1,2026
A5041144108,L. Jacob Flameling,0000-0002-1425-1180,Leiden University,3,12,3,0,2025
A5014764338,Cecelia Kelly,0000-0001-6105-5492,VA Palo Alto Health Care System,4,12,1,0,2026
A5030501846,A.F.M. van der Braak,0000-0003-3372-1886,Vrije Universiteit Amsterdam,5,12,5,0,2025
A5002854199,Inés de Lannoy,,Otsuka (United States),3,12,1,0,2025
A5058420709,Malik Slassi,,FSD Pharma (Canada),3,12,0,1,2025
A5039210182,William Irvine,0000-0002-1500-136X,University of the West Indies System,3,12,1,0,2025
A5035983383,Yasaman Kambari,0000-0002-0696-1692,Centre for Addiction and Mental Health,3,12,0,0,2025
A5026307364,Fumihiko Ueno,0000-0003-3463-5672,Centre for Addiction and Mental Health,3,12,0,0,2025
A5055543903,Dingle Spence,0000-0001-9733-4100,,4,12,0,2,2025
A5059788138,Chi‐Hyeon Yoo,0000-0001-5234-4583,Harvard University,3,12,0,0,2024
A5072231710,Nathan Sackett,0000-0002-5854-0494,"Behavioral Tech Research, Inc.",7,12,0,2,2026
A5034734544,Kosuke Kato,0000-0001-9758-3262,Emory University,3,12,1,1,2025
A5090676224,Louise Hecker,0000-0002-5025-5437,Emory University,3,12,1,1,2025
A5019039870,Louis A. Pagano,0009-0007-9314-2356,St. Cloud VA Health Care System,3,12,1,0,2025
A5050901374,Gabriella Smedfors,,Karolinska Institutet,3,12,3,0,2024
A5022260648,Ulrich Lindberg,0000-0002-0004-6354,Rigshospitalet,4,12,0,0,2025
A5011631137,Francisco Prosdocimi,0000-0002-6761-3069,Universidade Federal do Rio de Janeiro,4,12,1,1,2025
A5071154988,Angela L. Stotts,0000-0002-6042-5276,The University of Texas Health Science Center,4,12,0,1,2025
A5059646289,David Meiri,0000-0001-7627-1569,Technion – Israel Institute of Technology,4,12,0,2,2026
A5056157948,Kimheang Ya,,Naresuan University,3,12,0,0,2026
A5092704886,JULIA MURIEL KUTNO FREIND,,Pontifícia Universidade Católica do Rio de Janeiro,3,12,2,0,2026
A5021040523,Leon Gussow,,,29,12,29,0,2025
A5069928365,Alexander J. Hughes,0009-0009-7107-7439,Vanderbilt University,3,12,3,0,2025
A5013726269,Steven D. Townsend,0000-0001-5362-7235,Vanderbilt University,3,12,0,3,2025
A5019859846,Giustino Varrassi,0000-0002-3822-2923,Fondazione Roma,3,12,0,0,2026
A5114365507,Anna Gröticke,,Humboldt-Universität zu Berlin,3,12,0,0,2025
A5037571151,Malak Alshakhouri,0000-0002-2633-3159,University of Auckland,4,12,0,0,2026
A5103204579,Sofía Villalba,0009-0007-5190-0112,Consejo Nacional de Investigaciones Científicas y Técnicas,3,12,3,0,2026
A5101505320,Francisco J. Urbano,0000-0002-5005-503X,Consejo Nacional de Investigaciones Científicas y Técnicas,3,12,0,0,2026
A5060850554,Hollis C. Karoly,0000-0002-1232-1202,University of Southern California,3,12,0,2,2025
A5086523423,Christine M. Stork,0009-0004-0457-7592,SUNY Upstate Medical University,4,12,3,1,2023
A5080381565,Caroline Sastre,,Hôpital de la Timone,6,12,3,0,2026
A5074489205,Valérie Baillif‐Couniou,,Hôpital de la Timone,6,12,0,0,2026
A5015816460,Paul F. Consroe,,University of Arizona,3,12,2,1,1981
A5084501080,Milena Kemali,,National Research Council,5,12,5,0,1983
A5081129292,DARGUT KEMALI,,University of Naples Federico II,5,12,0,5,1983
A5112138643,Mack Rb,,,4,12,4,0,1986
A5109309420,O H ARNOLD,,,6,12,6,0,1975
A5060979905,Henrique Marcelo Gualberto Pereira,0000-0001-8597-416X,Universidade Federal do Rio de Janeiro,4,12,0,0,2024
A5108523274,Mehdi H. Hussain,,Howard University,4,12,0,0,1973
A5024215904,Robert Prue,,University of Missouri–Kansas City,7,12,1,6,2020
A5109219137,Richard W. Voss,,West Chester University,7,12,6,1,2020
A5112996890,Jean-Christian Delay,,,7,12,7,0,1959
A5055498186,Laura M. Hack,0000-0002-2647-4293,VA Palo Alto Health Care System,3,12,1,0,2025
A5102888585,Rachel A. Hilton,0000-0002-7943-2206,Stanford Medicine,3,12,0,0,2025
A5110347868,Nancy J. Gray,,Stanford Medicine,3,12,0,0,2025
A5046354760,Peter van Roessel,0000-0002-9477-604X,VA Palo Alto Health Care System,3,12,0,0,2025
A5052014576,Brian D Knutson,0000-0002-7669-426X,Stanford University,3,12,0,0,2025
A5111516438,Krishnaswami Ramabadran,,National University of Singapore,3,12,3,0,1982
A5013176151,Andréas Forsblad,,Umeå University,3,12,1,0,2016
A5048926484,Stig O. P. Jacobsson,0000-0001-9740-8499,Umeå University,5,12,0,5,2026
A5064144921,Amelie Zacher,0000-0003-2090-9476,University of Zurich,5,12,2,0,2026
A5066495421,Jie Chen,0000-0002-2196-9799,Western University,3,12,3,0,2026
A5019040723,Anne‐Laure Pélissier‐Alicot,0000-0002-2466-6750,Hôpital de la Timone,9,12,3,4,2026
A5066726934,Francesca Romana Rizzo,0000-0002-7682-5135,Istituto Neurologico Mediterraneo,3,12,3,0,2022
A5058940235,Bardia Jamali,0000-0003-4681-1768,Tehran University of Medical Sciences,4,12,4,0,2017
A5032198764,Denismar Alves Nogueira,0000-0003-2285-8764,Universidade Federal de Alfenas,3,12,0,0,2025
A5054819038,Svetoslav Dimov,0000-0002-2564-2427,,3,12,0,3,1967
A5074006663,Erich Lehr,,,3,12,2,0,1970
A5112788549,Gottfried Werner,,,4,12,0,4,1970
A5014114051,Wannian An,0000-0002-8371-7036,Beijing University of Posts and Telecommunications,3,12,0,0,2025
A5057775944,Linda L. Glowacki,0000-0002-7161-7513,Victorian Institute of Forensic Medicine,4,12,0,0,2025
A5061966166,Zdenek Votava,,,4,12,2,2,1960
A5071748469,Ethan V. Hagen,0000-0002-2177-1520,University of Alberta,3,12,3,0,2024
A5048093324,Xufu Xiang,0009-0009-9977-1561,Wuhan National Laboratory for Optoelectronics,3,12,2,0,2024
A5004163061,Fahimeh Ghasemi Moravej,0000-0003-3878-3082,Hamedan University of Medical Sciences,3,12,1,0,2020
A5066692034,Ana Rita Carvalho,0000-0003-0634-603X,Universidade do Porto,3,12,0,0,2026
A5042367857,Jacques D. Nguyen,0000-0003-0397-0582,Scripps Research Institute,3,12,0,0,2021
A5022020530,Yanabel Grant,,Scripps Research Institute,3,12,0,0,2021
A5117095864,Andi Nikaj,0009-0005-2294-9262,University Hospital of Basel,3,12,0,0,2026
A5002044983,Michelle Loher,0000-0002-8669-7683,University of Zurich,3,12,0,0,2026
A5059471951,GORDON S. CLARIDGE,,,3,12,3,0,2018
A5107329213,Marie Grall‐Bronnec,0000-0003-0722-7243,Inserm,4,12,0,0,2024
A5040150958,Umair Akram,0000-0003-0150-9274,University of Oxford,3,12,1,2,2023
A5126149100,Brandon Weiss,0000-0003-2989-2981,Johns Hopkins University,3,12,0,0,2026
A5104001503,Christèle Widmer,,Centre Hospitalier Universitaire Vaudois,4,12,0,0,2024
A5072202117,Serge Longère,,European Organization for Nuclear Research,3,12,0,1,2022
A5032564309,Aurélien Thomas,0000-0001-6790-2285,Centre Hospitalier Universitaire Vaudois,3,12,0,2,2024
A5073335605,Heike Zurhold,0000-0002-2775-7981,Universität Hamburg,7,12,2,0,2022
A5010397213,Yann Barguil,0000-0001-5365-7717,Centre Hospitalier Territorial de Nouvelle-Calédonie,3,12,0,0,2023
A5079344044,Mark A Stoove,0000-0003-2887-1409,Burnet Institute,3,12,0,0,2024
A5027651155,Gregory D. Stewart,0000-0002-9748-4990,Monash University,3,12,0,2,2023
A5072089972,Thomas W. Kensler,0000-0002-6676-261X,Johns Hopkins University,5,12,5,0,2023
A5078418860,John D. Groopman,0000-0003-4690-2133,Johns Hopkins University,5,12,0,5,2023
A5011204331,E. Robert Sinnett,,Kansas State University,4,12,3,0,1976
A5044138391,Dagnon Didier Likpètè,,Université de Parakou,5,12,1,0,2026
A5004581948,André Adjogboto,0000-0001-7071-4293,Université de Parakou,4,12,2,0,2023
A5112650207,A.J. Djenontin,,Université de Parakou,4,12,0,1,2023
A5022556494,Peter D. Caravan,0000-0002-3179-6537,Massachusetts General Hospital,7,12,0,1,2025
A5025129494,Jens U. Schlieter,0000-0003-2619-9989,University of Bern,3,12,3,0,2019
A5069721801,John F. Gerecitano,0000-0002-9300-9287,Memorial Sloan Kettering Cancer Center,3,12,1,0,2015
A5075823524,Zhuo Job Chen,0000-0003-0839-1627,University of North Carolina at Charlotte,3,12,3,0,2026
A5062720491,Hernan Felipe Guillen-Burgos,0000-0003-1835-431X,Pontificia Universidad Javeriana,4,12,0,0,2026
A5080732338,Laura Ferraro,0000-0002-1205-2356,University of Palermo,3,12,0,0,2020
A5026000451,Giada Tripoli,0000-0002-9257-6677,King's College London,3,12,0,0,2020
A5068470582,Charlotte E. Gayer-Anderson,0000-0003-1636-889X,King's College London,3,12,0,0,2020
A5025453526,Miquel Bernardo,0000-0001-8748-6717,Centro de Investigación Biomédica en Red de Salud Mental,3,12,0,0,2020
A5008938447,Ilaria Tarricone,0000-0002-5786-2520,University of Bologna,3,12,0,0,2020
A5075949374,Andrea Tortelli,0000-0003-0437-3018,,3,12,0,0,2020
A5066597484,Giusy Gatto,,University of Bologna,3,12,0,0,2020
A5029713183,Simona del Peschio,,University of Bologna,3,12,0,0,2020
A5032232964,Bart P. F. Rutten,0000-0002-9834-6346,Maastricht University Medical Centre,3,12,0,0,2020
A5072392137,Peter Brian Jones,0000-0002-0387-880X,National Health Service,3,12,0,0,2020
A5045508438,Craig Morgan,0000-0002-1386-2369,King's College London,3,12,0,0,2020
A5045289228,Cathryn M. Lewis,0000-0002-8249-8476,King's College London,3,12,0,0,2020
A5060398318,Zhou Hai,0009-0009-6446-4254,Xuzhou Medical College,3,12,2,0,2026
A5013607750,Li‐Xin An,0000-0001-6344-4010,Capital Medical University,3,12,0,2,2025
A5033707023,Ming Long Yao,0009-0000-5660-4813,Jiaxing University,3,12,0,1,2026
A5031245731,Yatao Liu,0009-0006-4962-1475,First Hospital of Lanzhou University,4,12,0,2,2025
A5050344433,Samuel Bulteau,0000-0003-4855-2173,"Sciences, Philosophie, Histoire",3,12,0,0,2026
A5049400432,Craig Goldie,0000-0001-5327-6340,Queen's University,5,11,0,2,2025
A5043286711,Sandra McKeown,0000-0002-2728-6702,Queen's University,5,11,0,0,2025
A5077445985,Éric C. Dumont,0000-0002-9636-2123,Queen's University,5,11,0,3,2025
A5062700391,David J. Berlowitz,0000-0003-2543-8722,Institute for Breathing and Sleep,3,11,0,0,2025
A5014383854,Sara Issak,0000-0003-0042-3452,The University of Melbourne,5,11,0,0,2026
A5050220299,Sabine Braat,0000-0003-1997-3999,The University of Melbourne,4,11,0,0,2026
A5084468237,Sophie Zaloumis,0000-0002-8253-8896,The University of Melbourne,3,11,0,0,2025
A5000011887,Zachary Attard,0000-0003-0790-817X,Institute for Breathing and Sleep,7,11,0,0,2026
A5104987882,Deanne Mayne,,Hope International University,5,11,0,0,2026
A5079473142,David J. Miklowitz,0000-0002-9647-6147,"University of California, Los Angeles",4,11,0,3,2026
A5010745883,Mark Berthold‐Losleben,0000-0003-4894-7263,Norwegian University of Science and Technology,4,11,0,0,2026
A5000318706,Teruki Koizumi,0000-0001-7677-481X,Centre for Addiction and Mental Health,3,11,0,0,2025
A5034286806,Alyssa B. Oliva,0000-0003-4522-0309,Albany State University,6,11,2,1,2026
A5107722165,Tyler Owen,0000-0002-4563-0431,Texas Tech University,3,11,0,0,2026
A5112167531,Jacob Vaughn,0009-0006-6537-9682,Texas Tech University,3,11,0,0,2026
A5072321772,Stephen L. Aita,0000-0001-7201-3247,University of South Alabama,4,11,0,1,2026
A5069627644,Benjamin D. Hill,0000-0002-5797-5082,University of South Alabama,3,11,0,3,2026
A5026039830,Taynara Simão Matos,0000-0001-5596-0015,Universidade Estadual de Campinas (UNICAMP),4,11,3,0,2025
A5087284455,Alessandro M. Varani,0000-0002-8876-3269,Universidade Estadual Paulista (Unesp),3,11,1,2,2024
A5042913923,Saura R. Silva,0000-0002-6333-5268,Universidade Estadual Paulista (Unesp),3,11,0,0,2024
A5069681653,Vitor F. O. Miranda,0000-0003-0574-9865,Universidade Estadual Paulista (Unesp),3,11,0,0,2024
A5091585259,Guillaume Hoizey,,,7,11,1,1,2026
A5064639047,Eileen Daly,0000-0003-3625-3467,King's College London,3,11,0,0,2026
A5075585675,Nicolaas A.J. Puts,0000-0003-1024-1927,King's College London,3,11,0,0,2026
A5044519122,Declan Murphy,0000-0002-6664-7451,King's College London,3,11,0,0,2026
A5053930432,Gráinne McAlonan,0000-0002-4466-2343,King's College London,4,11,0,4,2026
A5013404039,Arilton Martins Fonseca,0000-0002-0144-8996,Fundação de Apoio à Universidade Federal de São Paulo,6,11,6,0,2026
A5090382498,Taylor J. Woodward,0000-0003-4910-409X,Indiana University Bloomington,3,11,0,0,2025
A5116176292,Bryce Axe,,Northeastern University,3,11,0,0,2025
A5086234142,Heather B. Bradshaw,0000-0001-7983-5729,Indiana University Bloomington,3,11,0,0,2025
A5036340639,Krzysztof Sadko,0000-0003-0777-5741,Gdańsk Medical University,3,11,0,0,2026
A5056965546,Geena Fram,,Yale University,4,11,0,0,2026
A5048102437,Dorji Phurbu,0000-0003-3001-5740,Plateau State University,10,11,0,0,2026
A5063559163,Rui-Lin Zhao,0000-0001-8129-9339,Chinese Academy of Sciences,38,11,0,38,2026
A5069555127,M. Amin Khajehnejad,0000-0002-2185-4596,Monash University,4,11,2,0,2026
A5092704887,Fernando R. Beserra,0000-0002-4473-7448,Pontifícia Universidade Católica do Rio de Janeiro,3,11,0,0,2026
A5104668908,Hongyuan Li,0000-0001-9858-0426,Jilin Agricultural University,3,11,2,0,2026
A5113388647,Shreya Vasudeva,0009-0004-7089-9944,University Health Network,4,11,2,0,2026
A5068499405,Eduardo Pacheco Rico,0000-0003-0019-328X,Universidade do Extremo Sul Catarinense,6,11,0,5,2026
A5030749505,Jennifer E. James,0000-0001-6240-3487,"University of California, San Francisco",3,11,0,2,2026
A5077380604,F. Palhano-Fontes,,Universidade Federal do Rio Grande do Norte,3,11,0,0,2026
A5050451886,Robert Schwartz,0000-0001-7838-0769,Centre for Addiction and Mental Health,4,11,0,0,2025
A5115715685,Georg Leistenschneider,,Humboldt-Universität zu Berlin,6,11,1,1,2026
A5033247084,Manvir Singh,0000-0002-6026-947X,,3,11,0,1,2026
A5097357909,Helcio Felippe,,Central European University,3,11,1,0,2026
A5070995014,Andrew D. Westwell,0000-0002-5166-9236,Cardiff University,6,11,0,0,2024
A5060409321,James M Zech,0000-0001-8726-1884,Florida State University,3,11,2,0,2025
A5046508802,Målin Schmidt,0009-0002-8952-6596,Central Institute of Mental Health,12,11,11,0,2026
A5055382610,André D. Cavalcante,,Federal Police of Brazil,3,11,2,0,2026
A5057023665,Shinichiro Nakajima,0000-0002-2601-2195,Keio University,3,11,0,0,2025
A5029049883,Catherine W. Striley,0000-0003-2973-7842,University of Florida,4,11,0,1,2025
A5081570681,Felipe Herrmann,0000-0002-6945-6810,Harvard University,4,11,1,0,2025
A5067431617,Philippe Fossati,0000-0002-9204-2982,Sorbonne Université,3,11,1,2,2026
A5093377378,Fahd François Hilal,0000-0002-1007-5925,Inserm,3,11,3,0,2026
A5073037534,Patrick R. Hof,0000-0002-3208-1154,Allen Institute for Brain Science,3,11,0,1,2025
A5001368868,Lisa L. Gezon,0000-0001-5833-3121,University of Alabama at Birmingham,6,11,4,2,2025
A5026538559,R. Ross MacLean,0000-0001-8067-7828,Yale University,3,11,0,1,2025
A5103695180,Nichols De,,University of North Carolina at Chapel Hill,3,11,1,0,2026
A5001823040,D. V. Siva Sankar,0009-0004-9704-361X,,4,11,4,0,1963
A5039576558,Bernard Barber,0000-0002-9671-2912,Tulane University,3,11,2,1,2021
A5049734095,Thomas W. Richards,,Louisiana State University,3,11,2,1,1961
A5110855819,Ernest E. Campaigne,,Indiana University Bloomington,3,11,3,0,1974
A5108744729,Valérie Gibaja,,Centre Hospitalier Régional et Universitaire de Nancy,3,11,0,0,2026
A5111794409,Zsuzsanna Gyarmati,,Semmelweis University,3,11,2,0,2009
A5056843675,Behjat Sheikholeslami,0000-0003-2902-5132,Tehran University of Medical Sciences,3,11,1,0,2020
A5001227508,Jordan K. Golubov,0000-0002-5812-2524,Universidad Autónoma Metropolitana,3,11,0,1,2020
A5043233788,Torrance Stephens,0000-0001-6168-3675,Clark Atlanta University,5,11,5,0,2026
A5005714371,Allister Vale,0000-0001-9817-3345,Birmingham City Hospital,8,11,8,0,2012
A5069257933,Haixiu Li,0000-0003-2517-1917,East China Normal University,3,11,1,0,2026
A5030217573,Evangelos C. Tatsis,0000-0002-4013-1537,Hainan University,3,11,0,3,2026
A5013867965,Skye Hsin‐Hsien Yeh,0000-0002-7495-1146,National Defense Medical Center,4,11,2,1,2024
A5069109586,Yu-Yeh Kuo,,Hsin Sheng College of Medical Care and Management,4,11,0,0,2024
A5073663897,Tsung-Hsun Yu,,National Defense Medical Center,4,11,0,0,2024
A5036613413,Hilary J. Hamnett,0000-0002-0640-0422,University of Lincoln,5,11,0,1,2026
A5077801380,Iván Izquierdo,0000-0002-7208-0869,Universidad Nacional de Córdoba,4,11,0,1,2010
A5116451149,Jay Courtney Fikes,,,3,11,2,1,2010
A5077939313,Carl Salzman,0009-0006-5292-9278,,6,11,4,1,2017
A5105159562,Changsheng Li,0000-0003-3412-010X,Third Affiliated Hospital of Zhengzhou University,3,11,0,2,2025
A5049041855,Demetrio Raldúa,0000-0001-5256-1641,Consejo Superior de Investigaciones Científicas,3,11,0,2,2026
A5021593455,Rita Roque Bravo,0000-0002-2257-6903,Universidade do Porto,3,11,3,0,2022
A5091975874,Iryana Mosina,0009-0002-9558-4311,Alef Trust,3,11,2,0,2025
A5074970050,Milana Aronov,0000-0003-0172-4206,University of Lausanne,4,11,4,0,2019
A5052577100,Johan Saelens,0009-0007-5556-1808,Medical University of Vienna,4,11,1,0,2026
A5085822933,Karthik Rajasekaran,0000-0003-2148-1643,University of Pennsylvania,8,11,2,0,2025
A5076122892,Cherie‐Ann O. Nathan,0000-0001-7386-318X,Louisiana State University Health Sciences Center Shreveport,7,11,0,0,2025
A5027495200,John Pang,0000-0002-4952-6711,Louisiana State University,4,11,0,0,2025
A5067332358,Botond Vitos,0000-0003-3377-6529,,3,11,3,0,2017
A5006209737,Tom Michael Quinn,0000-0003-3544-4333,Western General Hospital,3,11,2,0,2026
A5074594925,Victor Szabo,,Hampden–Sydney College,3,11,3,0,2022
A5051805710,Gry Synnevåg,,Norwegian University of Life Sciences,3,11,0,0,2022
A5000006376,Märta Segerdahl,0000-0002-2987-3302,Karolinska Institutet,3,11,0,2,2024
A5101958984,Steve Taylor,0000-0002-2955-677X,Leeds Beckett University,3,11,3,0,2022
A5034366374,Khai Trieu Tran,0000-0002-2923-3823,,4,11,4,0,2024
A5019107677,Gregory C. Sartor,0000-0002-2228-1830,University of Connecticut,3,11,0,3,2026
A5029723829,Qingqing Zhang,0009-0006-2420-5547,Janssen (United States),3,11,0,0,2020
A5024060472,Chenglan Xie,0000-0003-0760-5646,Second People’s Hospital of Huai’an,3,11,0,3,2026
A5005659084,Barbara Barbini,0000-0002-4250-9062,Vita-Salute San Raffaele University,4,11,0,0,2026
A5028618453,Rachel Hershenberg,0000-0001-5471-6694,Emory University,5,11,0,0,2026
A5101828554,Lining Huang,0000-0001-5754-2706,Hebei Medical University,3,11,0,2,2024
A5008428388,Ranieri Domenico Cornaggia,,University of Milano-Bicocca,4,11,1,0,2026
A5104052443,Juliana Pérez,,Fred Hutch Cancer Center,3,10,0,0,2026
A5096909520,Leslie Lazar Thorn,,University of Washington,3,10,0,1,2026
A5112602098,Greg Roebuck,,The University of Melbourne,3,10,0,0,2026
A5118906788,Inger-Tove Jentoft van de Vooren,,Østfold Hospital Trust,3,10,0,0,2026
A5116798241,Ingrid Autran,,Østfold Hospital Trust,5,10,0,0,2026
A5118906787,Ingmar Clausen,,Østfold Hospital Trust,3,10,0,0,2026
A5101599771,Júlia Movilla Pires,,Universidade Federal de São Paulo,3,10,3,0,2018
A5025284474,Nicoletta Faraone,0000-0002-9246-3672,Acadia University,3,10,1,1,2026
A5095090977,Kati M. Lear,,Oregon Clinic,3,10,0,2,2026
A5041318314,Engilbert Sigurðsson,0000-0001-9404-7982,National University Hospital of Iceland,3,10,0,3,2024
A5020077877,Waguih William IsHak,0000-0003-1970-4756,Cedars-Sinai Medical Center,3,10,1,1,2026
A5003777938,Itai Danovitch,0000-0001-9580-6450,Cedars-Sinai Medical Center,3,10,0,2,2025
A5052053477,Ordilena Ferreira de Miranda,0000-0002-7517-8597,Universidade de São Paulo,3,10,3,0,2024
A5053367864,Aurélie Muckensturm,,,3,10,0,0,2026
A5114052580,Mary Yaden,,Johns Hopkins University,3,10,0,1,2026
A5015434278,Cláudio N. Soares,0000-0001-7056-7174,Queen's University,7,10,1,2,2026
A5059210179,Brandon J. Weiss,0009-0003-9807-0604,Johns Hopkins University,3,10,0,0,2024
A5030701824,Saghir Ali,0000-0002-7400-5512,The University of Texas Medical Branch at Galveston,3,10,3,0,2026
A5031725634,Xiaochen Tian,0009-0007-5260-9570,The University of Texas Medical Branch at Galveston,3,10,0,0,2026
A5023901418,Jia Zhou,0000-0002-2811-1090,The University of Texas Medical Branch at Galveston,4,10,0,4,2026
A5066485542,Stig Poulsen,0000-0002-0536-1820,University of Copenhagen,3,10,0,0,2026
A5119340227,Bilgenur Bezcioglu,0009-0008-5736-1241,The University of Melbourne,6,10,0,0,2026
A5073300363,Tereza Dleštíková,0000-0002-0994-0678,University of Ostrava,3,10,3,0,2025
A5065682565,Maria Beckman,0000-0002-9370-1863,Stockholm Health Care Services,11,10,1,7,2026
A5076688030,Simon Vandekar,0000-0002-7457-9073,Vanderbilt University Medical Center,5,10,0,0,2026
A5002008952,Kristi A. Kohlmeier,0000-0003-0183-3816,University of Copenhagen,4,10,0,4,2026
A5087337686,Jorge Encantado,0000-0003-0542-8340,University of Lisbon,8,10,1,0,2026
A5091929996,Leonice Furtado,,University Hospital of Geneva,10,10,0,0,2026
A5029069026,Fernando P. Cárdenas,0000-0002-8826-6211,Universidad de Los Andes,4,10,0,3,2026
A5100500181,Caroline Amberger,,Geneva College,8,10,1,0,2025
A5100031871,P.W. Barber,,,3,10,3,0,2018
A5111181722,Alexandra R. Gordon,,Multidisciplinary Association for Psychedelic Studies,3,10,2,0,2025
A5095090919,Ian M. Bollinger,,Rome Foundation,3,10,1,1,2026
A5008280882,Lucie Olejníková,0000-0002-5313-3806,National Institute of Mental Health,5,10,4,0,2024
A5036644044,Diego Hannon Ovies,0000-0003-4993-769X,Universidad de Guadalajara,3,10,2,0,2021
A5059281857,Nathan H. Heller,0009-0009-1715-3699,Johns Hopkins University,7,10,7,0,2025
A5117143036,Serena S. Schalk,0009-0005-1657-7802,Medical College of Wisconsin,6,10,0,0,2026
A5078718573,Isabelle Gothuey,0000-0001-9093-5747,University of Fribourg,4,10,0,0,2025
A5121598197,Andy Lu,0009-0004-4475-2658,Western University,4,10,1,0,2026
A5055498496,Romain Magny,0000-0003-3766-8509,Université Paris Cité,5,10,1,0,2025
A5062447704,Jacopo Sapienza,0000-0001-5067-2436,Vita-Salute San Raffaele University,4,10,2,0,2026
A5114250022,John M. Oldham,0000-0001-8344-3023,,3,10,3,0,2023
A5054525075,Sarfaraz K. Niazi,0000-0002-0513-0336,University of Illinois System,3,10,3,0,2026
A5100354980,Yibo Wang,0000-0003-1262-4497,Chinese Academy of Sciences,3,10,2,0,2026
A5086755187,Lucyna Pomierny-Chamioło,0000-0002-8308-8030,Jagiellonian University,6,10,0,2,2025
A5108594273,Ana Lucić Vrdoljak,,Institute for Medical Research and Occupational Health,3,10,1,0,2025
A5031228424,PD Mosier,,Virginia Commonwealth University,3,10,0,0,2015
A5027172518,Masahiro HORIBE,,,4,10,4,0,1974
A5019208350,Gordon A. Barr,0000-0003-4751-9937,Children's Hospital of Philadelphia,3,10,0,1,2020
A5066434321,H. P. Gerard,,,5,10,0,2,2007
A5028834686,Angela Santagostino,,University of Milan,3,10,0,1,1977
A5062348638,Amal Aburahma,0000-0002-6911-3631,,3,10,1,0,2023
A5032128332,Wolfram Block,,,3,10,3,0,1958
A5009063645,Rognvald Blance,,University of Glasgow,3,10,1,0,2005
A5038065768,Daniela‐Saveta Popa,0000-0001-7449-5753,,3,10,0,0,2009
A5044995481,Felicia Loghin,0000-0002-4620-2498,,3,10,0,1,2009
A5079818139,Sara K Bowman,0000-0003-3548-0115,American University,3,10,1,0,2022
A5061224227,Shihui Huang,0000-0002-8565-3670,American University,3,10,0,0,2022
A5087896877,Joanna Miszkiel,0000-0001-5774-3460,Maj Institute of Pharmacology,5,10,1,0,2020
A5053096586,Bartosz Pomierny,0000-0002-5352-5324,Jagiellonian University,4,10,0,0,2020
A5024097694,Andrea Celeste Borelli,,University of Ferrara,3,10,0,0,2020
A5019510384,Alan Wayne Jones,0000-0002-9558-0081,Linköping University,3,10,3,0,2023
A5056860001,Nick Glozier,0000-0002-0476-9146,The University of Sydney,3,10,0,1,2024
A5034111307,Morteza Bagheri,0000-0002-4739-8517,Urmia University of Medical Sciences,5,10,0,2,2024
A5012111165,Patrícia  Mendonca Rijo,0000-0001-7992-8343,Centro de Investigação em Biociências e Tecnologias da Saúde,4,10,0,0,2025
A5025885784,Jordi Royo-Isach,,Barcelona Provincial Council,4,10,4,0,2004
A5010175696,M. Magrané,,,3,10,0,0,2004
A5035757612,Cecilia Leonor Jiménez Sierra,0000-0001-9600-1371,Universidad Autónoma Metropolitana,3,10,0,0,2022
A5021356701,Gabriel P. A. Costa,0009-0007-8702-5436,Yale University,3,10,1,0,2026
A5110870420,Kim Hewitt,,Empire State University,3,10,3,0,2021
A5023884578,Rui Meng,0000-0003-0486-1409,Beijing University of Posts and Telecommunications,4,10,0,1,2026
A5035747726,Duanhao Wu,,Southwest University of Political Science & Law,3,10,0,0,2025
A5066381821,Youwen Zhuang,0000-0002-1380-8047,Shanghai Jiao Tong University,4,10,0,1,2026
A5004707506,Kang-Lun Chiu,0000-0003-4700-0836,National Yang Ming Chiao Tung University,3,10,1,0,2020
A5052489157,Florence Vorspan,0000-0001-5168-3727,Inserm,4,10,0,1,2025
A5001055407,Perrine Roux,0000-0002-5069-4982,Inserm,4,10,0,1,2026
A5073079083,Uwe Verthein,0000-0002-5565-5536,Universität Hamburg,4,10,0,3,2021
A5064305101,Herbert Oberacher,0000-0002-0963-8268,Innsbruck Medical University,3,10,0,0,2026
A5087555413,Isaac Busayo Oluwatayo,0000-0002-8649-2557,University of Venda,3,10,1,0,2025
A5080831208,Wale Ayojimi,0000-0003-0038-3462,Landmark University,3,10,0,0,2025
A5065110950,Mamadou Sanogo,0000-0003-2014-2906,UCLouvain,3,10,3,0,2022
A5041018440,C.N.A. Sossa-Vihotogbe,,Université de Parakou,3,10,0,1,2023
A5033391254,Marcus J. P. Geist,0000-0001-5162-1083,Heidelberg University,3,10,3,0,2019
A5091471380,Hubert J. Bardenheuer,,Heidelberg University,3,10,0,0,2019
A5091845742,Thomas Julian Ow,0000-0001-9389-2332,Albert Einstein College of Medicine,6,10,0,0,2025
A5025676060,Vikas Mehta,0000-0002-0907-2102,Albert Einstein College of Medicine,3,10,0,0,2024
A5039296588,Andreas S. Varkaris,0000-0001-5776-8844,Massachusetts General Hospital,5,10,1,2,2026
A5100740169,Subrata K. Ghosh,0000-0002-1713-7797,,3,10,0,0,2024
A5049234905,Susan Duggan,,,5,10,0,3,2026
A5012944632,Mohammed Μ. Alqahtani,0000-0003-1656-0881,King Saud bin Abdulaziz University for Health Sciences,4,10,0,1,2025
A5011899960,G. G. Deangelis,,,3,10,3,0,1980
A5091436203,Benjamin M. Brucker,0000-0003-1699-3871,NYU Langone Health,4,10,1,0,2019
A5099634574,Mattia Tondello,,Vita-Salute San Raffaele University,4,10,0,0,2026
A5058238831,Patrick D. McGorry,0000-0002-3789-6168,The University of Melbourne,4,10,0,0,2025
A5074940440,Enrique Baca‐García,0000-0002-6963-6555,Instituto de Salud Carlos III,3,10,0,0,2026
A5015397147,Kfir Feffer,,Tel Aviv University,3,10,0,2,2024
A5061316937,Yingchao Guan,0000-0003-2321-6480,Shandong University,3,10,2,0,2025
A5100445830,Xue Zhang,0000-0001-8942-4333,Tongji Hospital,3,10,0,1,2025
A5011939887,Arthur Voegel,,,6,10,0,0,2025
A5013616631,Shupeng Li,0000-0002-7807-374X,University of Toronto,3,10,0,2,2026
A5067783855,Nir Lipsman,0000-0002-4820-3056,Sunnybrook Health Science Centre,5,9,0,0,2026
A5078960777,Arthur S. C. França,0000-0002-5836-1672,Netherlands Institute for Neuroscience,3,9,0,0,2024
A5029740426,Marzieh Moradi,0000-0002-7637-5752,Universidade de Ribeirão Preto,3,9,0,0,2024
A5066185659,Vítor Lopes‐dos‐Santos,0000-0002-1858-0125,Universidade Federal do Rio Grande do Norte,3,9,0,0,2024
A5008512525,Michelle Weiner,,,5,9,0,0,2025
A5043602560,Denise C. Vidot,0000-0001-8254-6928,University of Miami,7,9,3,4,2025
A5052603786,A. Oliveira-Maia,,Champalimaud Foundation,5,9,2,0,2026
A5018881599,Asher Mullard,,,5,9,4,1,2025
A5034977935,Stephen P. Lewis,0000-0002-4068-5759,Emory University,3,9,2,1,2026
A5091764470,Suzanne Currie,0000-0002-7734-7200,University of British Columbia,3,9,0,2,2026
A5085380763,Christian Gaser,0000-0002-9940-099X,Jena University Hospital,3,9,0,0,2024
A5086422272,V. Ramanathan,0000-0001-6411-7150,Indian Institute of Technology BHU,6,9,0,6,2024
A5088498638,Vivien Kin Yi Chan,0000-0002-1124-0398,University of Hong Kong,3,9,0,0,2026
A5013856572,Sandra Sau Man Chan,0000-0002-5916-139X,Chinese University of Hong Kong,3,9,0,0,2026
A5042192674,Elisha Waldman,0000-0002-7764-4352,Great Ormond Street Hospital,3,9,2,0,2025
A5051116206,Lindsay Kerr,,Pacifica Graduate Institute,5,9,0,0,2025
A5062675557,Joshua Willms,0000-0002-5481-2624,Texas Tech University,4,9,1,0,2025
A5042728851,Ben McCauley,,Lubbock Christian University,5,9,0,3,2025
A5043191108,Liron Sulimani,0000-0003-1652-5920,Technion – Israel Institute of Technology,3,9,0,0,2026
A5072645760,Millicent N. Ekwudo,0000-0002-6270-6573,The University of Melbourne,3,9,0,0,2025
A5047853418,Carolina Gubert,0000-0002-8078-1390,The University of Melbourne,3,9,0,0,2025
A5089125420,Nicholas Gregory,0000-0001-9392-6504,Stanford University,3,9,3,0,2026
A5044495510,Akila Ram,0000-0003-1511-3983,Stanford University,3,9,0,0,2026
A5087001955,Vivianne L. Tawfik,0000-0002-4422-2014,Stanford University,3,9,0,0,2026
A5068503240,Joanne Silberner,,Seattle University,3,9,3,0,2023
A5000031293,Colleen E. Charlton,0000-0002-9342-3533,Community Options (United States),5,9,1,0,2025
A5016694503,Luís Félix,0000-0001-9870-6666,University of Trás-os-Montes and Alto Douro,7,9,1,0,2024
A5091929997,Cédric Mabilais,,University Hospital of Geneva,9,9,0,0,2025
A5100500180,Sylvie Alaux,,Geneva College,7,9,0,0,2025
A5100500188,Tatiana Aboulafia Brakha,,Geneva College,3,9,1,1,2025
A5090579400,Gurjot Brar,0000-0002-4273-063X,Trinity College Dublin,5,9,2,1,2026
A5080476060,Dagmara Ona Reingardienė,,Hospital of Lithuanian University of Health Sciences Kaunas Clinics,9,9,7,0,2019
A5081585620,Jean-François Briefer,,University Hospital of Geneva,3,9,0,0,2026
A5024477031,F. LeRon Shults,0000-0002-0588-6977,,4,9,1,1,2025
A5108154560,Victor Rocha Nóbrega de Almeida,,Universidade Federal do Rio Grande do Norte,4,9,0,0,2026
A5071053861,Keli A. Herr,,Western Michigan University,3,9,3,0,2020
A5090699575,Kimberley Foster,,University of the West Indies System,3,9,2,0,2025
A5056785243,Isaac Morrison,,University of the West Indies System,4,9,0,0,2025
A5032388106,Merete Vevelstad,,Oslo University Hospital,4,9,2,0,2026
A5013378787,Bettina Habelt,0000-0001-8964-9698,Leibniz Institute of Polymer Research,3,9,3,0,2026
A5076333420,Iga Adamska,0000-0001-5541-1462,Nicolaus Copernicus University,3,9,2,0,2026
A5079799756,Karolina Finc,0000-0002-0157-030X,Nicolaus Copernicus University,3,9,1,2,2026
A5111255055,Evelyn Fox,0000-0002-2013-4482,Health and Hospital Corporation,3,9,0,0,2026
A5101958998,Yizhe Zhang,0000-0001-7300-2400,Chinese Center For Disease Control and Prevention,4,9,0,0,2026
A5050988152,Hai-Jiao Li,0000-0002-7227-4479,Chinese Center For Disease Control and Prevention,4,9,0,0,2026
A5075624104,Eric S. Jackson,0000-0003-2896-0452,New York University,3,9,1,1,2024
A5076048898,Magı́ Farré Albaladejo,,Universitat Autònoma de Barcelona,3,9,0,0,2016
A5058742078,J.C. Alvarez,0000-0001-5344-9475,Inserm,3,9,0,0,2025
A5048660142,Klee Gd,,,3,9,1,2,1998
A5069418023,Henri Michaux,,,5,9,5,0,2019
A5000359820,Robert J. Wolters,,North Dakota State University,4,9,4,0,1976
A5041672118,N. S. TANNER,,North Dakota State University,4,9,0,4,1976
A5011580793,Andrés Navarrete,0000-0002-2858-8710,Universidad Nacional Autónoma de México,3,9,1,2,2025
A5080761074,Marie Koupilová,,Jan Evangelista Purkyně Military Medical Academy,4,9,4,0,1999
A5011250605,Josef Herink,,Jan Evangelista Purkyně Military Medical Academy,4,9,0,1,1999
A5113904481,P. C. Braga,,University of Milan,3,9,1,2,1977
A5078180219,M. Sercl,,University of Hradec Králové,3,9,3,0,2008
A5091043798,J Kovarik,,University of Hradec Králové,3,9,0,0,2008
A5081868886,O. Jaros,,University of Hradec Králové,3,9,0,3,2008
A5090241871,Hanna Squire,0009-0001-5947-0010,Victoria University of Wellington,4,9,4,0,2020
A5054531525,Salahuddin Mohammed,0000-0001-7306-5989,University of Mississippi,3,9,0,0,2023
A5061432196,Md Imdadul H. Khan,0000-0001-8002-5600,University of Mississippi,3,9,0,0,2023
A5006389320,Emaya M. Moss,0009-0000-3600-2313,University of Mississippi,3,9,0,0,2023
A5051802582,Charlie J. Worth,,University of Mississippi,3,9,0,0,2023
A5023607811,Philip G. Erwin,,Edge Hill University,5,9,0,1,2011
A5049382808,L. Maciver,,Edge Hill University,4,9,0,0,2011
A5021759824,Shah Ns,,,4,9,4,0,1973
A5061633102,Kyung Sik Yoon,0000-0001-5350-2125,Ministry of Food and Drug Safety,3,9,0,0,2022
A5069903236,Alexandra Dubinskaya,0000-0002-8143-6097,Cedars-Sinai Medical Center,4,9,1,0,2024
A5055945476,KARYN SCHLUNT EILBER,0000-0002-4014-5007,Cedars-Sinai Medical Center,4,9,0,3,2024
A5112882274,Sayed Soran Ghafori,,Urmia University of Medical Sciences,3,9,2,0,2020
A5060976845,Masoumeh Zirak Javanmard,0000-0002-9424-4289,Urmia University,4,9,0,0,2024
A5103253822,Mojtaba Karimipour,0000-0002-2834-2892,Urmia University,4,9,0,1,2024
A5109301736,Yi Cai,0009-0006-9621-5832,Chiba University,3,9,0,0,2026
A5087666097,Erik W. Davis,,Pacifica Graduate Institute,5,9,5,0,2021
A5032089624,Roland M. Wagner,,San Jose State University,3,9,3,0,1988
A5116834213,Nicholas R. Gonzalez,0009-0007-2089-8005,National Institute on Drug Abuse,5,9,0,0,2026
A5025705459,Bruno Revol,0000-0003-2931-2940,Centre Hospitalier Universitaire de Grenoble,7,9,0,4,2025
A5083104309,Bo-Si Chen,,National Taiwan University,3,9,3,0,2015
A5071080660,Kate Ching‐Ju Lin,0000-0002-1101-8324,"Research Center for Information Technology Innovation, Academia Sinica",3,9,0,0,2015
A5045339787,Hung‐Yu Wei,0000-0002-3116-306X,National Taiwan University,3,9,0,3,2015
A5038398608,Seyed Vahid Shetab-Boushehri,0000-0003-3175-1467,"Islamic Azad University, Tehran",3,9,0,1,2022
A5023658378,Aili E. Malm,0000-0001-6059-0258,"California State University, Long Beach",3,9,0,0,2024
A5077984471,Rasmus Munksgaard,0000-0002-2306-3309,Aalborg University,3,9,0,0,2024
A5072142827,Marion Istvan,0000-0001-7386-3075,Inserm,4,9,2,0,2024
A5069387494,Pauline Laigo,0009-0003-1312-4811,Centre Hospitalier Universitaire de Nantes,3,9,0,0,2024
A5075064252,Benoît Schreck,0000-0002-6141-9986,Inserm,3,9,0,0,2024
A5013703868,Natan Van Wichelen,0000-0002-8852-8568,University of Antwerp,4,9,1,0,2026
A5022053297,Mette Brekke,0000-0003-3454-2329,University of Oslo,4,9,0,0,2026
A5030503998,Nienke Liebregts,0000-0001-5929-147X,University of Amsterdam,3,9,3,0,2022
A5046831154,Julien Gambier,,Centre Hospitalier Universitaire de Nîmes,3,9,0,0,2021
A5049454815,Bertrand Brunet,0000-0002-2376-1625,Centre Hospitalier Universitaire de Poitiers,5,9,0,1,2023
A5033747304,J.-M. Gaulier,,Université de Lille,7,9,1,2,2018
A5080096821,Guillaume Deslandes,0000-0003-4587-7634,Centre Hospitalier Universitaire de Nantes,4,9,1,0,2017
A5015680460,Catherine Monteil‐Ganière,,Centre Hospitalier Universitaire de Nantes,4,9,0,3,2017
A5046914240,Zeinab Khazaei Koohpar,0000-0003-3284-338X,Islamic Azad University Tonekabon,3,9,1,0,2019
A5078922705,Philip Robson,,Warneford Hospital,3,9,3,0,2009
A5102777443,Huiqiong Li,0009-0009-6394-1258,ShanghaiTech University,3,9,1,0,2026
A5000007722,Marie Sydoff,0000-0001-6895-0414,Lund University,3,9,2,0,2013
A5086710495,Daniel Shalev,0000-0002-8168-2255,Weill Cornell Medicine,3,9,0,3,2026
A5018718161,Amin Muhareb,0009-0000-6969-3704,Heidelberg University,3,9,1,0,2026
A5010779664,Erik J. Garcia,0000-0003-4760-7048,University of Nebraska at Omaha,3,9,0,1,2026
A5110576241,Leo Francis,,,3,9,0,0,2019
A5015919021,Rebecca Schnall,0000-0003-2184-4045,Columbia University,3,9,0,1,2026
A5061144089,Georgios Demetrios Kotzalidis,0000-0002-0281-6324,Sapienza University of Rome,4,9,1,0,2025
A5121791917,F. Mazzoni,,University of Pavia,5,9,0,0,2026
A5101027572,Huansen Huang,0000-0002-6818-6601,Second Affiliated Hospital of Guangzhou Medical University,3,9,0,0,2025
A5028714279,Cristina Colombo,0000-0001-7310-7341,Vita-Salute San Raffaele University,4,9,0,3,2026
A5020568225,David Codyre,0009-0004-5348-0447,,3,9,0,0,2026
A5009298658,David Barton,0000-0001-7155-1270,,4,9,1,0,2026
A5070413223,Andrea Puig,0000-0002-7730-6310,Johnson & Johnson (Australia),7,9,2,1,2026
A5008606209,Xianjie Zhang,0000-0002-8870-711X,,7,9,0,1,2025
A5042746052,Ola Blomqvist,,Varberg Hospital,3,9,0,0,2025
A5014103994,Joris Diels,0000-0002-9456-9120,Janssen (Belgium),3,9,0,0,2025
A5000532423,Peilin Cong,0000-0002-4522-0272,Tongji University,4,9,0,0,2026
A5054714854,Viola Vaccarino,0000-0002-9054-0654,Emory University,3,9,0,1,2025
A5090528070,J. Douglas Bremner,0000-0003-1633-6433,Emory University,3,9,1,1,2025
A5051058670,Lucian M. Manu,0009-0005-2482-4340,Stony Brook University,3,9,1,0,2025
A5077054820,Yvette I. Sheline,0000-0002-6929-9659,University of Pennsylvania,3,9,0,0,2025
A5090928571,Sara Lappan,0000-0002-0956-3702,University of Alabama at Birmingham,3,8,1,0,2026
A5029454573,Al Alam,,University of California San Diego,3,8,0,0,2026
A5109286847,Paul Glue,0000-0002-7305-2800,University of Otago,4,8,0,1,2026
A5044959285,Colm Harrington,0000-0002-9540-3640,University Hospital Galway,5,8,2,0,2026
A5058184692,Wouter J. Hanegraaff,0000-0001-9570-2010,,3,8,3,0,2026
A5056420149,Krista L. Lanctôt,0000-0001-7024-6637,University of Toronto,4,8,0,0,2025
A5018411402,Andrew K. Littlefield,0000-0002-4725-1152,Texas Tech University,12,8,0,6,2025
A5027814368,Kristian Larsen,0000-0001-6835-0814,University of Copenhagen,3,8,0,0,2024
A5064687703,Antônio Roazzi,0000-0001-6411-2763,Universidade Federal de Pernambuco,4,8,0,1,2023
A5005198556,Sixtine Fleury,,Dartmouth College,5,8,5,0,2026
A5052187921,Andreas Simoens,0000-0002-9740-1147,Ghent University,3,8,2,0,2025
A5087578103,Carlos Teodoro José Hugueney Irigaray,0000-0002-7276-6289,Universidade Federal de Rondônia,4,8,2,2,2021
A5004241923,Daniel Grossman,0000-0003-3221-9368,University of Alabama at Birmingham,3,8,1,0,2025
A5029720279,Derrick Matthew Buchanan,0000-0003-4478-2844,Stanford University,6,8,0,0,2026
A5069503298,Stefan Jerotić,0000-0002-7784-0249,University of Belgrade,3,8,3,0,2025
A5056335262,Lorena Terene Lopes Guerra,,Universidade de São Paulo,7,8,2,0,2026
A5109596476,Tijana Stojanovic,0009-0006-0613-8539,Uppsala University,3,8,1,0,2026
A5030149783,Christian Frenopoulo,,,4,8,3,0,2016
A5072284624,Jeet Varia,0000-0002-4862-2656,,4,8,0,1,2025
A5106370835,Isis Koutrouli,,Charles University,4,8,2,0,2026
A5085114138,Sebastián Torterola,,,3,8,0,3,2023
A5087203612,Guillermo Giucci,0000-0002-8357-4194,,3,8,2,0,2023
A5010073168,Marianne Destoop,,University of Antwerp,3,8,2,0,2025
A5016958191,Marios Kyriazis,0000-0001-7278-0112,National Center for Geriatrics and Gerontology,4,8,0,1,2026
A5036660846,Laura Lopes de Carvalho,0000-0002-9607-1262,University of Lisbon,5,8,3,0,2025
A5007255316,Šárka Vosáhlová,,Palacký University Olomouc,3,8,1,2,2016
A5009317991,Andrew Smith,0000-0001-8805-8028,Cardiff University,3,8,0,3,2021
A5016041833,Tereza Klučková,0009-0008-0335-6201,Charles University,5,8,2,0,2025
A5119854503,Suraj Shankar,,Washington University in St. Louis,4,8,0,0,2026
A5119854502,Jacob T. Steinle,0009-0009-5454-9238,Harvard University,4,8,2,0,2026
A5012104993,Wayne Glausser,,DePauw University,3,8,3,0,2021
A5117012997,Lucas M Wittenkeller,,University of Cincinnati,3,8,3,0,2026
A5070921284,Davide Amato,0000-0003-3630-0147,University of Cincinnati,3,8,0,3,2026
A5072838381,Kobra Foroughi,,Shahroud University of Medical Sciences,3,8,1,0,2020
A5033892882,Dilara Bahceci,0000-0002-9265-9798,UNSW Sydney,3,8,1,0,2026
A5053876637,J. Chue,,Oakville-Trafalgar Memorial Hospital,4,8,0,1,2023
A5035665783,Moa Andresen Bergström,0000-0001-6712-0638,Sahlgrenska University Hospital,3,8,2,0,2023
A5103292260,Aline Ferreira Oliveira,0009-0001-4517-3752,Universidade de São Paulo,4,8,4,0,2024
A5067784361,Sarah Heinicke,,Max Planck Institute for Chemical Ecology,3,8,0,0,2026
A5040845311,Antônio Lúcio Teixeira,0000-0002-9621-5422,The University of Texas at San Antonio Health Science Center,3,8,0,2,2025
A5078836773,Udo Bonnet,0000-0002-2592-8337,University of Duisburg-Essen,4,8,3,0,2026
A5117083367,Sara D Di Luch,0009-0007-7662-5882,University Health Network,5,8,0,0,2026
A5001658756,Nadège Castaing,,Hôpital Pellegrin,6,8,0,0,2024
A5083542069,Giancarlo Lucchetti,0000-0002-5384-9476,,5,8,0,2,2026
A5006191224,Minsu Yoo,0009-0009-3773-7069,New School,3,8,3,0,2024
A5019772554,Christopher G. Witowski,0000-0003-2592-0017,Agile RF (United States),3,8,1,0,2026
A5055878523,Jacqueline L. von Salm,0000-0003-2277-5491,Agile RF (United States),4,8,0,4,2026
A5085922882,Georges Léonetti,0009-0004-7050-0286,Hôpital de la Timone,5,8,0,2,2026
A5055927641,Eleanor Gold,,,3,8,0,2,1962
A5068256880,Donald G. Barceloux,,"University of California, Los Angeles",6,8,6,0,2012
A5032386537,Fiona Fitzpatrick,,Novartis (Switzerland),3,8,0,0,2001
A5018016394,Fabrice Houdiere,,Novartis (Switzerland),3,8,0,3,2001
A5047601232,August Supervía,0000-0003-3256-7469,Hospital Del Mar,4,8,1,1,2020
A5093933921,Niklas Viohl,0000-0001-9764-108X,University of Southern Denmark,3,8,3,0,2025
A5066826058,Frédéric Saumade,0000-0002-7023-2822,Aix-Marseille Université,3,8,3,0,2014
A5003093789,S Olatunji,0000-0001-9206-8392,Adventist University of Central Africa,3,8,1,0,2023
A5072642023,Joshua Owolabi,0000-0003-2880-9701,Philadelphia College of Osteopathic Medicine,6,8,2,2,2024
A5057679603,Oluseyi Sunday Fabiyi,0000-0003-4938-0908,Babcock University,4,8,0,2,2024
A5063732984,Nor Hidayah Abu Bakar,0000-0003-0721-5090,Sultan Zainal Abidin University,7,8,0,0,2025
A5004475252,B.K. Chowdhury,,Howard University,3,8,0,3,1973
A5004493180,Gino Giannaccini,0000-0001-6436-8187,University of Pisa,4,8,1,1,2007
A5052430017,Laura Betti,0000-0001-6357-8983,University of Pisa,3,8,0,0,2007
A5078500517,Andrea Pirone,0000-0001-6363-392X,University of Pisa,3,8,1,0,2007
A5067808979,Claudia Martini,0000-0001-9379-3027,University of Pisa,3,8,0,0,2007
A5091408112,Antonio Lucacchini,0000-0002-0917-4491,University of Pisa,4,8,0,1,2007
A5072844190,Zu-Gui Peng,,,3,8,0,0,2006
A5001280205,Weihong Kuang,0000-0001-6382-0653,,3,8,0,0,2006
A5090241001,Mauricio Genet Guzmán Chávez,0000-0003-4516-6568,"El Colegio de San Luis, A.C.",5,8,5,0,2022
A5033990377,Robert Schober,0000-0002-6420-4884,Friedrich-Alexander-Universität Erlangen-Nürnberg,4,8,0,4,2025
A5023756418,Luisa Elvira Belaúnde,0000-0001-5498-5907,Universidade Federal do Rio de Janeiro,3,8,3,0,2012
A5022233281,Pedro E. Antunes,0000-0002-6607-6978,Hospitais da Universidade de Coimbra,3,8,0,0,2018
A5052777358,Naohiko Anzai,0000-0003-0605-0458,Chiba University,3,8,0,0,2026
A5061596892,Karine Titier,,Centre Hospitalier Universitaire de Bordeaux,4,8,0,0,2018
A5061632358,Rainer Wiechert,0009-0009-1385-4738,Johannes Gutenberg University Mainz,3,8,0,0,2024
A5101333062,Anika Hahn,,Johannes Gutenberg University Mainz,3,8,0,0,2024
A5091862305,Till Opatz,0000-0002-3266-4050,Johannes Gutenberg University Mainz,3,8,0,3,2024
A5067220096,Vito Federico Palmisano,0009-0002-9208-5461,Universidad Autónoma de Madrid,8,8,8,0,2026
A5088399331,Shirin Faraji,0000-0002-6421-4599,Heinrich Heine University Düsseldorf,6,8,0,0,2025
A5026446846,Ram W. Sabnis,0000-0001-7289-0581,,6,8,6,0,2025
A5033092796,Clayton R. Coleman,0009-0005-2619-2439,King's College London,3,8,2,0,2025
A5100447376,Joo‐Young Kim,0000-0003-0594-6754,The Seoul Institute,5,8,0,2,2024
A5110927973,Virginie Scolan,,Centre Hospitalier Universitaire de Grenoble,9,8,0,2,2026
A5005540958,Ewa Gomółka,0000-0002-1040-6763,Jagiellonian University,3,8,1,0,2010
A5053895148,Suzanne M. Cloonan,0000-0001-5301-9926,Trinity College Dublin,3,8,3,0,2010
A5000251697,Sandrine Brault,,,4,8,1,0,2025
A5105785204,Gilles Pialoux,,Sorbonne Université,6,8,0,1,2026
A5056188727,N. Fabresse,,Assistance Publique Hôpitaux de Marseille,3,8,0,0,2020
A5102859126,Maude Marillier,0000-0002-9153-8062,Hôpital Raymond-Poincaré,5,8,0,1,2023
A5084716432,Véronique Lelong‐Boulouard,0000-0002-7876-7266,Centre Hospitalier Universitaire de Caen Normandie,4,8,0,0,2023
A5070033969,Juliana Tournebize,,Centre Hospitalier Régional et Universitaire de Nancy,4,8,1,0,2022
A5089406761,Karolina Wydra,0000-0003-3773-1707,Maj Institute of Pharmacology,3,8,1,0,2023
A5076937960,Kyung‐Sang Yu,0000-0003-0921-7225,Seoul National University,3,8,0,1,2020
A5011157721,Kristina Eriksson Stenström,0000-0002-5438-2935,Lund University,3,8,2,1,2010
A5037300111,Yasuyoshi Watanabe,0000-0003-2623-5599,Osaka City University,3,8,0,3,2017
A5008900750,Lisa T. van der Heijden,0000-0001-8538-8101,The Netherlands Cancer Institute,3,8,3,0,2024
A5112005760,David Sjöström,0000-0003-0004-1892,Lund University,7,8,5,0,2026
A5015523335,Mariane Le Fur,0000-0001-8680-0903,Harvard University,3,8,3,0,2021
A5086257389,Alana Ross,,Massachusetts General Hospital,4,8,0,0,2021
A5014200555,Pamela Pantazopoulos,0009-0003-1648-2796,Massachusetts General Hospital,3,8,0,0,2021
A5070521468,Nicholas J. Rotile,0000-0001-6568-9927,Massachusetts General Hospital,4,8,0,0,2021
A5079339093,Iris Yuwen Zhou,0000-0002-4351-7398,Massachusetts General Hospital,3,8,0,0,2021
A5024710244,Byunghee Yoo,0000-0001-9066-6399,Massachusetts General Hospital,3,8,0,2,2021
A5027594723,Diana Reed Slattery,,,3,8,3,0,2011
A5010219177,Ryan J. Li,0000-0002-1129-2489,Oregon Health & Science University,3,8,0,0,2024
A5086876892,Jillian L. Kyzer,0000-0001-6667-6271,University of Wisconsin–Madison,3,8,0,0,2026
A5025977715,Shuo Huang,0000-0001-9495-4339,Second Affiliated Hospital of Fujian Medical University,3,8,1,0,2026
A5064632938,Rozemarijn de Koning,0000-0001-9955-5150,Leiden University Medical Center,3,8,3,0,2024
A5103182340,Frank Willem Jansen,0000-0002-6192-3787,Leiden University Medical Center,3,8,0,0,2024
A5111248271,Mathijs D. Blikkendaal,0000-0002-3939-9448,Reinier de Graaf Hospital,3,8,0,0,2024
A5113812335,Andries R. H. Twijnstra,,Leiden University Medical Center,3,8,0,3,2024
A5023372355,Xiuxia Chen,0000-0003-3318-6721,Jiangsu Province Key Laboratory of Anesthesiology,3,8,0,2,2026
A5100671156,Xuesheng Liu,0000-0003-3779-2964,First Affiliated Hospital of Anhui Medical University,3,8,0,1,2026
A5021227488,Po‐Yu Huang,0000-0002-8682-1322,Chi Mei Medical Center,3,8,0,0,2026
A5000078302,Rui Zhou,0000-0002-1479-4409,Tongji University,4,8,0,3,2025
A5067637267,Leqiang Xia,,,3,8,0,1,2025
A5021383997,Arianna De Ciechi,0009-0006-2991-3032,University of Perugia,3,8,0,0,2026
A5068876872,Liangguang Zhang,0000-0002-3678-7197,Ningbo No.6 Hospital,5,8,1,3,2026
A5094078203,Alex Belser,,,10,7,0,10,2024
A5033089297,Jason A. Butler,0000-0001-9412-7405,,4,7,3,1,2023
A5078360282,Ann M. Inouye,0000-0001-9962-4996,Brown University,3,7,3,0,2024
A5027012302,Andrew Gribben,,St Patrick's Hospital,4,7,1,0,2026
A5015090323,Bryony Insua‐Summerhays,0000-0002-4348-9008,Oxford Health NHS Foundation Trust,3,7,2,1,2026
A5026892769,Ivanilce Cristina Guimarães,,Universidade Estadual de Campinas (UNICAMP),3,7,3,0,2020
A5033653115,Shalini Arunogiri,0000-0002-7667-8868,Eastern Health,3,7,0,1,2026
A5114553471,Anna-Leigh Hodge,,University of Auckland,5,7,5,0,2025
A5035867323,Anna Rolleston,0000-0002-4804-8869,The Centre for Health (New Zealand),5,7,0,0,2025
A5024304986,Patrick McHugh,0000-0003-0661-919X,Medical Research Institute of New Zealand,5,7,0,5,2025
A5063679161,Juan Carlos C. Montoy,0000-0001-7438-0243,"University of California, San Francisco",3,7,2,1,2026
A5119073083,Patricia Iusan,0009-0008-2452-6396,Trinity College Dublin,3,7,0,0,2026
A5115794151,Julia Javkin,,,3,7,0,0,2025
A5030573483,Josep María Haro,0000-0002-3984-277X,Centro de Investigación Biomédica en Red de Salud Mental,3,7,0,0,2025
A5085189704,Jennifer I. Lissemore,0000-0003-0192-1453,Stanford University,8,7,1,0,2026
A5053074395,Mathias Harrer,0000-0001-7016-2687,Technical University of Munich,6,7,0,2,2026
A5116176294,Rachel Utama,0009-0008-0722-4038,Northeastern University,4,7,0,0,2026
A5093712112,Sophia Jungers,,University of Minnesota System,3,7,0,0,2025
A5059740050,Ranji Varghese,,University of Minnesota System,3,7,0,0,2025
A5003393701,Kathryn R. Cullen,0000-0001-9631-3770,University of Minnesota System,3,7,0,0,2025
A5000078211,Michael D. Evans,0000-0001-7449-3993,University of Minnesota System,3,7,0,0,2025
A5085212982,Mark Sinyor,0000-0002-7756-2584,Sunnybrook Health Science Centre,3,7,0,0,2025
A5076947751,Gabriela Santos Ricciardi,,,3,7,3,0,2016
A5026288357,Bethany A. Gray,0000-0002-1606-6157,University of Southern California,3,7,1,0,2025
A5050308935,Keisuke Kusudo,,Keio University,4,7,1,0,2026
A5091545533,Bin Cao,0000-0002-5020-1551,Chinese Academy of Sciences,34,7,0,0,2026
A5057622416,Anne‐Marie Colpron,,Université du Québec à Montréal,3,7,3,0,2024
A5050262997,Wagner Lins Lira,0000-0002-5174-980X,Universidade Federal Rural de Pernambuco,11,7,11,0,2025
A5118193027,Ina Vukalović,,University of Basel,4,7,0,0,2026
A5103156065,Diogo Veiga,0000-0002-9638-8702,University of Lisbon,4,7,0,0,2026
A5021643821,Glenn A. Pullella,0000-0002-8158-7936,CSIRO Manufacturing,4,7,1,0,2024
A5063987103,Peter J. Duggan,0000-0002-6056-5367,CSIRO Manufacturing,4,7,1,3,2024
A5010563780,Nicolas Bruno,0000-0001-8822-8146,Consejo Nacional de Investigaciones Científicas y Técnicas,7,7,0,0,2026
A5014560732,Povilas Karvelis,0000-0001-7469-5624,Centre for Addiction and Mental Health,4,7,1,0,2026
A5045785529,Lídia Emmanuela Wiazowski Spelta,0000-0001-6526-2915,Universidade de São Paulo,4,7,0,0,2025
A5001535045,Jiun Youn,0000-0001-9014-8436,,3,7,0,1,2025
A5106777137,Filip Tylš,0000-0001-7656-1224,Charles University,3,7,0,0,2026
A5009416808,Søren Dinesen Østergaard,0000-0002-8032-6208,Aarhus University,5,7,4,1,2025
A5004982961,Pavla Chomynová,0000-0002-4263-3194,Charles University,3,7,1,0,2023
A5112412660,L. Vale,,The University of Texas Health Science Center,3,7,1,0,2025
A5011424901,Guilherme Pinho Meneses,,Universidade de São Paulo,3,7,3,0,2020
A5055350674,Patrick L. Schmidt,,,14,7,14,0,2022
A5103197145,Amanda Nelson,0009-0005-0231-952X,University of Michigan,4,7,0,0,2025
A5072371143,Anna Łozak,,,3,7,0,1,2016
A5051435377,Robert Bachliński,,Centralne Laboratorium Kryminalistyczne Policji,4,7,3,0,2017
A5022448138,Mohammad Amin Manavi,0000-0002-1414-9063,Tehran University of Medical Sciences,3,7,0,0,2025
A5043314768,Ali Lesani,,University of Tehran,3,7,0,0,2025
A5029077125,Razieh Mohammad Jafari,0000-0001-7082-0838,University of Tehran,3,7,0,0,2025
A5040278060,Arya Afrooghe,0000-0003-0697-7042,Tehran University of Medical Sciences,3,7,2,0,2025
A5034729928,Ahmad Reza Dehpour,0000-0002-8001-5565,Tehran University of Medical Sciences,3,7,0,3,2025
A5030977049,Jillian L. King,0000-0002-7274-8443,University of Colorado Anschutz,3,7,1,0,2026
A5075366571,David C. Kaelber,0000-0001-7855-9515,MetroHealth,3,7,0,0,2025
A5048739677,Matthew A. Boehm,0000-0002-9977-270X,American Association For The Advancement of Science,3,7,1,0,2026
A5054578900,G. Hussein Rassool,0000-0002-1584-7381,,4,7,4,0,2024
A5071350230,Mesut Çetin,0000-0002-6378-5701,Turkish Society of Cardiology,5,7,0,3,2026
A5061886376,Paul Willner,0000-0001-5576-5260,,8,7,6,0,2021
A5012053746,Murat Altinay,0000-0003-1581-8924,Cleveland Clinic,4,7,0,0,2025
A5085387118,Ivan Domith,0000-0002-6952-748X,D’Or Institute for Research and Education,3,7,0,0,2024
A5006996445,Guenter Hofmann,0000-0003-4108-2922,,3,7,0,1,1958
A5067071507,Luigi Molinengo,,University of Turin,3,7,2,0,1986
A5077436477,M Vojtĕchovský,,Institute of Pharmacology,8,7,4,1,1968
A5013033811,Fanitsa Helen Zervogiannis,,University of South Africa,3,7,3,0,2003
A5009955530,Stacy B. Schaefer,0009-0005-1079-3897,Instituto Nacional de Innovación Agraria,8,7,8,0,2026
A5047331208,WOLFRAM KEUP,,Albert Einstein College of Medicine,3,7,2,1,1973
A5029272501,Anna V. Kalatanova,0000-0003-2623-6014,University of Eastern Finland,3,7,0,0,2024
A5094190842,Katri Vainionpää,,University of Eastern Finland,3,7,0,0,2024
A5035880873,Henri Leinonen,0000-0002-0388-832X,University of Eastern Finland,3,7,0,0,2024
A5072678278,Kasper Tholstrup Pedersen,0000-0002-2036-7526,Aarhus University,10,7,4,0,2009
A5080878912,Zita Kátai,,Semmelweis University,3,7,1,0,2010
A5100611774,Jing Li,0000-0001-6640-0152,,3,7,1,0,2006
A5066948185,Cees Maris,,University of Amsterdam,3,7,0,0,2021
A5004483945,Floor van Bakkum,,Jellinek,4,7,0,0,2021
A5102140319,RN Walsh,,,3,7,3,0,2008
A5046658044,Stefan D. Spulber,0000-0001-8122-6738,Karolinska Institutet,3,7,0,0,2023
A5033978867,Elena Paci,0000-0002-6202-2825,University of Bristol,3,7,0,0,2023
A5036769741,Sandra Ceccatelli,0000-0002-9367-8480,Karolinska Institutet,3,7,0,0,2023
A5013485647,Chi-Jung Tsai,0000-0002-3882-8669,Taipei Medical University Hospital,3,7,1,0,2022
A5090709462,Emilio Sanchéz Hervás,,Universidad de Murcia,3,7,3,0,2000
A5072643268,Lawrence David Scahill,0000-0001-5073-1707,Yale University,5,7,1,0,2010
A5084095505,Coralie Boudin,0000-0001-6768-4273,Université Grenoble Alpes,8,7,0,1,2026
A5016919589,Zhan Mai,0000-0002-4575-7141,University of New Brunswick,3,7,2,0,2024
A5035695492,Jan Weinhold,,Heidelberg University,3,7,1,2,2015
A5075095604,D. Allorge,,Université de Lille,7,7,0,0,2018
A5046820822,Anne‐Sylvie Caous,,Inserm,4,7,0,0,2022
A5056034950,Małgorzata Kotwica,,Nofer Institute of Occupational Medicine,3,7,2,0,2010
A5111463104,James R. Roberts,,Drexel University,9,7,9,0,2018
A5115567413,Jan C. Gendra,0009-0000-6411-9703,Universitat Pompeu Fabra,3,7,3,0,2025
A5091266800,Kelly E. Dunham,0000-0002-2605-4440,University of Virginia,4,7,4,0,2024
A5061499628,Kani H. Khaled,,University of Virginia,4,7,0,0,2024
A5093231517,Leah Weizman,,University of Virginia,4,7,0,0,2024
A5081790927,B. Jill Venton,0000-0002-5096-9309,University of Virginia,4,7,0,4,2024
A5059720723,Richard C. Gregory,0000-0002-5041-1882,Takeda (United States),5,7,3,0,2025
A5007877117,Neil B. Lineberry,0000-0001-9156-4423,Takeda (United States),5,7,0,1,2025
A5013641806,Beryl A. Hatton,0000-0002-5635-3388,Presage Biosciences (United States),11,7,4,0,2025
A5025898545,Boel Nilsson,,AlzeCure Pharma (Sweden),3,7,2,0,2024
A5111577340,M. Rother,,AlzeCure Pharma (Sweden),3,7,0,0,2024
A5029505206,Morgan Shipley,0000-0001-6456-9528,,4,7,3,1,2023
A5036810251,Jos F. van Pelt,0000-0001-6903-4338,,4,7,0,0,2013
A5037907407,Eliana Pereira Vellozo,0000-0002-8928-0699,Universidade Federal de São Paulo,3,7,3,0,2023
A5017238552,Maria Sylvia de Souza Vitalle,0000-0001-9405-4250,Universidade Federal de São Paulo,3,7,0,0,2023
A5060547593,Maria Aparecida Zanetti Passos,0000-0003-4626-0871,Universidade Federal de São Paulo,3,7,0,0,2023
A5041370039,Sheila Rejane Niskier,0000-0001-5017-4680,Universidade Federal de São Paulo,3,7,0,0,2023
A5066212652,Teresa Helena Schöen,0000-0002-4743-8435,Universidade Federal de São Paulo,3,7,0,0,2023
A5055690792,Peter Hall,0000-0002-2865-700X,Instituto Superior de Teologia Aplicada,3,7,0,0,2023
A5036176091,Francisco Plácido Nogueira Arcanjo,0000-0002-9020-3092,Universidade Federal do Ceará,3,7,0,0,2023
A5063312150,Roberto Fernandes da Costa,0000-0002-8789-1744,Universidade Federal do Rio Grande do Norte,3,7,0,0,2023
A5083087065,Benjamin Israel Kopelman,0000-0002-5261-4296,Universidade Federal de São Paulo,3,7,0,0,2023
A5040667680,Túlio Konstantyner,0000-0002-7931-9692,Universidade Federal de São Paulo,4,7,0,4,2023
A5109427804,Mickaël Huiban,,,3,7,0,0,2013
A5064931519,R. Charles Coombes,0000-0002-4811-1100,Imperial College Healthcare NHS Trust,3,7,2,1,2013
A5039912886,Nadja Schröder,0000-0002-4227-5702,Conselho Nacional de Desenvolvimento Científico e Tecnológico,3,7,0,3,2026
A5107933409,Richard A. Bermudes,,"University of California, San Francisco",6,7,5,0,2024
A5091302332,Yuxuan Fu,,Capital Medical University,3,7,0,0,2026
A5101998817,Anxin Wang,0000-0003-4351-2877,Capital Medical University,3,7,0,0,2026
A5000528371,Tinghui Liu,0000-0002-3120-8002,Chi Mei Medical Center,3,7,3,0,2026
A5040993581,Xuemeng Chen,0000-0001-9156-7077,,3,7,1,0,2025
A5042887780,Guofang Fei,0009-0003-2697-4495,Huzhou Women and Children's Hospital,3,7,2,0,2026
A5109887269,B. Rive,,Johnson & Johnson (United States),12,7,1,2,2026
A5121049083,Muhammad Ishrat Husain,,University Health Network,5,6,0,0,2026
A5121502185,Fahad Alam,,Sunnybrook Health Science Centre,4,6,0,0,2026
A5015053971,Genesee Herzberg,0000-0001-9328-9859,,3,6,1,1,2023
A5056611701,Jenna T. LeJeune,0000-0002-7935-8464,Williams (United States),5,6,0,1,2026
A5123167071,Matt Butler,0000-0002-9734-6539,King's College London,5,6,1,0,2026
A5059719109,Alhena Caicedo Fernández,0000-0002-0700-0017,Universidad de Los Andes,4,6,4,0,2023
A5108866679,JKE Veraart,0000-0002-9075-4804,University Medical Center Groningen,3,6,1,0,2026
A5116020721,Daniël T. Coerts,0009-0007-7466-4730,University Medical Center Groningen,4,6,2,0,2026
A5059260621,Giorgio Samorini,0000-0002-5895-980X,,4,6,2,1,2026
A5087115421,Ximena A. Levander,0000-0003-4919-7492,Oregon Health & Science University,8,6,1,2,2026
A5020981737,Harland V. Harrison,0000-0001-9639-7337,Oregon Health & Science University,5,6,2,1,2026
A5093252355,Jeffrey A. Breau,0009-0004-2646-6682,Harvard University,7,6,3,0,2026
A5036040848,Jennifer S. Rabin,0000-0003-4754-2221,Sunnybrook Health Science Centre,3,6,0,0,2025
A5027171916,Poonam Bhadoria,,Indian Institute of Technology BHU,4,6,4,0,2024
A5031390636,Stephanie J. Lee,0000-0003-2600-6390,New York Psychoanalytic Society and Institute,3,6,0,0,2025
A5115796406,Emma Ference,,New York Psychoanalytic Society and Institute,3,6,0,0,2025
A5005076286,Mijail Rojas‐Carvajal,0000-0002-6077-7829,Allen Institute for Brain Science,3,6,0,0,2025
A5063541987,Gergely F. Turi,0000-0001-5651-9459,New York Psychoanalytic Society and Institute,3,6,0,2,2025
A5049754968,Tamás Füzesi,0000-0001-9261-9828,University Health Network,3,6,0,1,2025
A5094309386,Henry A. MacConnel,,Mount Sinai Hospital,5,6,2,0,2026
A5061685701,Igor Fernandes Antunes,0000-0002-4420-0691,Universidad San Pablo,3,6,2,1,2023
A5115799633,Sara Massetti,,University Medical Center Groningen,3,6,1,0,2026
A5097902219,Anna Chaiken,,Stanford University,3,6,0,0,2026
A5029332486,Camarin E. Rolle,,Stanford Medicine,5,6,1,0,2026
A5080945784,Lucas Villar Magalhães da Cruz,0000-0003-4467-4392,Pontifícia Universidade Católica do Rio de Janeiro,6,6,4,0,2026
A5115831521,Brooke L. Sevchik,,Cognitive Neuroimaging Lab,3,6,1,0,2026
A5119357960,Analiese Lahey,0009-0003-6892-9748,Cognitive Neuroimaging Lab,3,6,0,0,2026
A5019834434,Megan T. Jones,0000-0001-7999-7031,Vanderbilt University Medical Center,3,6,0,0,2026
A5119819715,Renata Orhanović,,University of Split,3,6,0,0,2026
A5119819716,Glenn Goasdoué,0009-0008-5517-4557,Université de Bretagne Occidentale,3,6,0,0,2026
A5119819717,Diana Gujinović,,University of Split,3,6,0,3,2026
A5028939354,Vincenzo De Luca,0000-0002-5421-3584,Centre for Addiction and Mental Health,4,6,0,0,2025
A5071772360,Robert M. Swift,,Brown University,3,6,0,0,2026
A5121402025,Tomás Ariel D'Amelio,,Universidad de Buenos Aires,3,6,0,0,2026
A5049597343,Mao-Qiang He,0000-0002-9300-7484,Chinese Academy of Sciences,38,6,36,0,2026
A5103033945,Rusdi Abd Rashid,0000-0002-1295-7382,University of Malaya,3,6,0,0,2025
A5071823137,Sanjit Dey,0000-0001-6534-0522,University of Calcutta,6,6,1,2,2026
A5053860185,Tuhin Bhattacharya,,University of Calcutta,6,6,2,0,2026
A5056701766,Nicholas P. Cherup,0000-0001-6181-3863,University of Virginia,3,6,1,0,2026
A5033523186,Julien Marius Reis Thévenin,0000-0002-7714-7364,Universidade Federal de Rondônia,7,6,6,0,2021
A5059578728,Mitchell Low,0000-0003-2021-1924,Western Sydney University,5,6,0,4,2025
A5120088014,Abdo Uyar,0000-0002-3550-0588,Humboldt-Universität zu Berlin,3,6,1,0,2026
A5071045210,Jimmy Weiskopf,,,8,6,8,0,2022
A5117768652,Esenia K. Cassidy,0009-0009-0150-5936,New School,4,6,3,0,2026
A5107629066,Emily Gyongyosi,,University of Colorado Anschutz,3,6,0,0,2025
A5035374659,Veronica Szpak,0000-0002-7215-1778,Brigham and Women's Hospital,3,6,2,0,2025
A5018800554,Oliver M. Schlüter,0000-0001-8958-5815,University of Pittsburgh,3,6,0,0,2026
A5064270640,Sarah A. Paschall,0000-0003-1440-4412,,3,6,0,1,2025
A5119752848,Krista Ulisse,0009-0001-6158-093X,West Virginia University,5,6,1,1,2026
A5119697273,Jourdan T. Aromin,,West Virginia University,4,6,0,3,2026
A5056291685,Rosalie Liccardo Pacula,0000-0002-6145-9865,University of Southern California,3,6,0,1,2026
A5051321287,Edward Kowalczyk,0000-0002-2250-6040,Medical University of Lodz,3,6,0,2,2026
A5047486111,Gary Clark,0009-0003-2596-7867,The University of Adelaide,3,6,3,0,2025
A5039966568,Stanley N. Caroff,0000-0003-2840-4763,Philadelphia VA Medical Center,3,6,2,1,2024
A5038072509,Brian O’Shea,0000-0001-9736-238X,Harvard University,4,6,1,3,2025
A5116932611,Iva Totomanova,,Maastricht University,5,6,2,0,2026
A5045879656,Vincent Beliveau,0000-0001-7805-279X,Innsbruck Medical University,6,6,0,0,2026
A5061525793,Paméla Duguès,0000-0003-1662-8938,Inserm,10,6,5,0,2026
A5008819309,Ravi Philip Rajkumar,0000-0003-2699-7438,Jawaharlal Institute of Post Graduate Medical Education and Research,3,6,3,0,2026
A5012694062,Rafael Rodrigues,0000-0001-6273-864X,Pontifícia Universidade Católica do Rio de Janeiro,3,6,1,0,2026
A5017225816,Rashmi Patel,0000-0002-9259-8788,King's College London,4,6,2,2,2022
A5025139866,Brandon M. Brooks,0000-0002-4982-3724,Columbia VA Health Care System,8,6,4,0,2025
A5074661054,Bradley M. Brooks,0000-0002-7407-4403,Columbia VA Health Care System,8,6,0,4,2025
A5081046991,José Eliézer Mikosz,0000-0002-5314-0758,Universidade Estadual do Paraná,4,6,3,1,2025
A5042627386,Grégory Pfau,,Sorbonne Université,6,6,1,0,2025
A5093811088,Kayleigh S. LaMalfa,,Harvard University,4,6,1,0,2026
A5021210623,Arnaud Courtois,0000-0002-0996-7133,Hôpital Pellegrin,4,6,0,0,2024
A5107474023,Anna Urokohara,0009-0004-6960-0327,Florey Institute of Neuroscience and Mental Health,4,6,0,0,2025
A5065576152,Ramzi Fawaz,,,3,6,3,0,2025
A5068275943,Bruno Kohn,,McGill University,3,6,3,0,1965
A5092242059,Beatriz de Sá Carrilho,0009-0007-9949-6972,Universidade Federal do Rio de Janeiro,4,6,1,0,2025
A5110996832,Matheus Antonio V. de C. Ventura,0009-0001-4665-7716,Universidade Federal do Rio de Janeiro,3,6,0,0,2024
A5087578816,Christiane Martins de Vasconcellos Silveira,0000-0003-3825-7242,Universidade Federal do Rio de Janeiro,3,6,2,0,2024
A5091778360,Vanessa Farelo dos Santos,0000-0001-8564-0952,Universidade Federal do Rio de Janeiro,3,6,0,0,2024
A5006284404,Magno Junqueira,0000-0002-7036-0728,Universidade Federal do Rio de Janeiro,3,6,0,2,2024
A5022611985,O.D. Gulati,,William S. Hall Psychiatric Institute,4,6,1,3,2008
A5040199684,Claudia Calpe-López,0000-0001-9926-8485,Universitat de València,4,6,1,0,2022
A5005905488,Pengyi Jia,0000-0002-1100-2293,Western University,3,6,3,0,2025
A5010228669,Yongxu Zhu,0000-0002-5413-1968,Southeast University,3,6,0,0,2025
A5013079905,Shi Jin,0000-0003-0271-6021,Southeast University,3,6,0,0,2025
A5063970223,Gabriel Rubio,0000-0002-1171-1508,Universidad Complutense de Madrid,4,6,0,2,2026
A5031739529,Ravieh Golchoobian,0000-0002-7902-0252,Babol University of Medical Sciences,3,6,2,0,2024
A5070346344,Mehrdad Roghani,0000-0002-9209-8484,Shahed University,3,6,1,0,2024
A5093377094,Vivi Anna F. Wuestman,,University of Amsterdam,3,6,0,0,2023
A5000559817,Anouk Fieten,,University of Amsterdam,3,6,0,3,2023
A5050849841,Tahmineh Peirouvi,0000-0002-5838-2692,Urmia University,3,6,0,2,2024
A5060192529,John Sousa,0009-0004-0215-8191,Florida Atlantic University,3,6,0,0,2016
A5019987355,Giorgi Kobidze,0009-0001-9920-2336,Marche Polytechnic University,3,6,0,0,2026
A5065417801,Owolabi Joshua Oladele,,Babcock University,3,6,0,0,2022
A5103112555,Thomas J. Kennedy,0000-0003-2622-9850,Victor Valley College,4,6,0,0,2011
A5002130845,Donnell R. Christian,,Professional Solutions (United States),4,6,0,4,2011
A5081178355,Rodrigo Andrade,0000-0002-4554-8323,Temple University,3,6,0,1,2023
A5031304454,Juan José Nogueira,0000-0001-7419-5670,Universidad Autónoma de Madrid,6,6,0,6,2026
A5071769796,Hope MacLean,,,3,6,3,0,2011
A5013648689,Takuya Shimane,0000-0001-8906-6230,National Center of Neurology and Psychiatry,3,6,2,1,2014
A5016177165,Iman Saber,,Temple University,4,6,4,0,2019
A5113859528,Rebecca D. Hill,,University of North Texas Health Science Center,4,6,2,0,2026
A5112431832,Matthew Bailey Richardson,0009-0006-9348-8069,University of New Brunswick,3,6,0,0,2025
A5033029025,Ghislain Deslongchamps,0000-0002-3184-3807,University of New Brunswick,3,6,0,0,2025
A5085078922,Ahram Kim,0000-0002-4396-4948,Indiana University Bloomington,3,6,3,0,2025
A5007656279,Nicolás M. Morato,0000-0003-0218-407X,Purdue University West Lafayette,3,6,0,0,2025
A5002980333,Pascal N. Eyimegwu,,AbbVie (United States),3,6,0,0,2025
A5116218326,Aqeel A. Niyaz,,Indiana University Bloomington,3,6,0,0,2025
A5089406880,Rui Huang,0000-0001-6424-3659,Indiana University Bloomington,3,6,0,0,2025
A5081559716,Ryan M. Phelan,0000-0002-7462-8787,AbbVie (United States),3,6,0,0,2025
A5039480244,Jared C. Lewis,0000-0003-2800-8330,Indiana University Bloomington,3,6,0,3,2025
A5092505497,Darío Martínez-Afani,0009-0005-8990-1028,University of Chile,4,6,1,0,2026
A5108086911,Csaba Szántay,,Gedeon Richter (Hungary),3,6,1,1,1994
A5119597847,Vítor Camargo Pôrto,0009-0009-1645-0667,Universidade Federal de Ciências da Saúde de Porto Alegre,3,6,1,0,2026
A5073546818,Viviane Cristina Sebben,0000-0001-9388-4105,Governo do Estado do Rio Grande do Sul,3,6,0,0,2026
A5036242178,V.M. Anandakumar,,,3,6,0,3,2024
A5034493010,Erwin Di Cyan,,,3,6,3,0,1994
A5026339801,Lise Capaldo,,Centre Hospitalier Universitaire de Bordeaux,4,6,0,0,2018
A5086343964,Sophie C. Regueme,0000-0002-3084-4410,Centre Hospitalier Universitaire de Bordeaux,3,6,0,0,2018
A5043111627,Coralie Bragança,,Centre Hospitalier Universitaire de Bordeaux,3,6,0,0,2018
A5006091911,J. Partrat,,Centre Hospitalier Agen - Nérac,3,6,0,0,2018
A5107438538,Mathew Lehrner,,Hudson Institute of Medical Research,3,6,0,0,2024
A5064370332,In‐Jin Jang,0000-0002-8384-3139,Seoul National University,3,6,1,0,2017
A5048559168,Fábio Gomes de Matos e Souza,0000-0001-5804-053X,Universidade Federal do Ceará,4,6,0,3,2024
A5111820381,Saliou Ndiaye,,École Nationale Supérieure d'Agriculture,3,6,0,1,2024
A5047637818,Didier Sawadogo,0009-0007-4735-3806,Tottori University,3,6,3,0,2026
A5022821539,Ichizen Matsumura,,Tottori University,3,6,0,0,2026
A5039852034,Cristhian Fernandez,,Tottori University,3,6,0,1,2026
A5034366547,Breno A. Soares,0000-0002-5174-3838,Universidade Federal de Jataí,3,6,1,0,2026
A5100377767,Yuting Li,0000-0002-6716-358X,Jilin University,3,6,2,0,2025
A5033279096,Marion Baumgarte,,,3,6,0,0,2021
A5095938668,Dan Gillie,,,3,6,0,0,2025
A5068146736,Aaron M. Koenig,,,3,6,0,0,2025
A5104387348,Abdelwaheb Abdelmouleh,,Institut National des Sciences et Technologies de la Mer,3,6,0,0,2012
A5017978729,Amy Amla Kartar,0009-0008-6428-8847,Brighton and Sussex Medical School,3,6,1,0,2026
A5048707776,Kevin M. Antshel,0000-0002-1139-7790,Syracuse University,3,6,0,1,2025
A5081737968,Giada Trovini,0000-0001-8711-5326,,3,6,1,0,2025
A5082744727,Ginevra Lombardozzi,0009-0002-7039-1820,,4,6,1,0,2025
A5069551296,Marcelo Malakooti,0000-0002-2650-2960,Northwestern University,3,6,1,0,2015
A5060812676,John Strang,0000-0002-5413-2725,King's College London,3,6,0,3,2025
A5107807701,John Paul Williams,0000-0002-8838-1471,University of Pittsburgh,4,6,0,0,2025
A5100741024,Yiying Zhang,0000-0001-9965-2276,Xiangya Hospital Central South University,3,6,3,0,2023
A5020871102,Xin Nian Yang,0000-0001-7864-8518,Xiangya Hospital Central South University,3,6,0,0,2023
A5037775700,Jianxi Zhang,0009-0003-2051-3380,Xiangya Hospital Central South University,3,6,0,0,2023
A5022823189,Xiaoshen Liang,,Xiangya Hospital Central South University,3,6,0,0,2023
A5006429452,Changsheng Huang,0000-0003-0535-1865,Xiangya Hospital Central South University,3,6,0,3,2023
A5030869178,Aimi Yamagishi,,Tokyo Metropolitan Institute of Medical Science,3,6,3,0,2024
A5048965759,Peipei Cao,0009-0009-3833-6312,Henan Provincial People's Hospital,3,6,0,0,2026
A5100305262,Kairui Li,,Henan Provincial People's Hospital,3,6,0,0,2026
A5036921444,Marcos Gómez‐Revuelta,0000-0002-3749-3801,Universidad de Cantabria,5,6,1,0,2026
A5113396962,Xuandong Jia,,Chinese People's Liberation Army,3,6,3,0,2026
A5100309891,Maitao Zhou,,Chinese People's Liberation Army,3,6,0,3,2026
A5120449331,Giada Versaci,0009-0007-9497-9609,University of Milan,4,6,0,0,2026
A5092854692,Maria Anna Trocchia,,Sapienza University of Rome,3,6,0,0,2026
A5118859932,Eva Dispenza,,Sapienza University of Rome,3,6,0,0,2026
A5067307654,Salvatore Sarubbi,0000-0002-8105-0370,Azienda Ospedaliera Sant'Andrea,3,6,0,0,2026
A5037301448,Isabella Berardelli,0000-0003-0602-871X,Azienda Ospedaliera Sant'Andrea,3,6,0,3,2026
A5111079015,Wanwen Li,0009-0007-3521-8332,Hangzhou Seventh Peoples Hospital,3,6,1,1,2025
A5000424227,S. Barbreau,,,3,6,0,0,2023
A5040048020,Dena M Bravata,0000-0002-4513-8279,,3,6,0,0,2026
A5092114091,Michael T. Faley,,Usona Institute,3,5,0,1,2026
A5055670714,Viviana D. Evans,0000-0001-8824-3274,Icahn School of Medicine at Mount Sinai,6,5,1,0,2024
A5120795344,Grace Viljoen,0009-0005-6360-6856,Humboldt-Universität zu Berlin,4,5,4,0,2026
A5053772314,Victor Chiruta,0000-0002-3947-7741,University of South Australia,3,5,2,1,2022
A5109781887,Devin Gregoire,,Legacy Health,7,5,0,1,2026
A5093252356,Paul Gillis‐Smith,,Harvard University,7,5,0,1,2026
A5070756124,Kathy Sattler,,University of British Columbia,4,5,1,1,2026
A5007438817,Zachary Bryant,0000-0002-2115-1516,The University of Sydney,4,5,3,0,2026
A5084114482,Antoni Gandía,0000-0002-6550-4416,Instituto de Biología Molecular y Celular de Plantas,3,5,3,0,2023
A5036652783,Andrew Adamatzky,0000-0003-1073-2662,University of the West of England,3,5,0,3,2023
A5040559360,Andrew Dawson,0000-0003-3285-3537,Lancaster University,4,5,4,0,2016
A5126292505,Noah Cavallaro,,Northeastern University,3,5,2,0,2026
A5080946926,Sima Soltanpour,0000-0002-2131-8902,Ontario Tech University,4,5,0,0,2026
A5030907395,Lindsey Macias,0000-0002-9497-3000,Johns Hopkins University,3,5,0,0,2024
A5090818636,Kellie L. Tamashiro,0000-0002-9398-8796,Johns Hopkins University,3,5,0,0,2024
A5096230205,Malvika Sridhar,0009-0005-0750-4329,Stanford University,6,5,0,0,2026
A5047020510,Artur Luczak,0000-0002-4929-5781,University of Lethbridge,3,5,0,0,2024
A5048391309,Ross J. Purple,0000-0003-1061-8106,University of Bristol,3,5,3,0,2025
A5085818890,Seán Froudist‐Walsh,0000-0003-4070-067X,University of Bristol,3,5,0,0,2025
A5023244550,Matthew W. Jones,0000-0001-5396-3108,University of Bristol,3,5,0,3,2025
A5086017454,Tomás Ariel D’Amelio,0000-0001-7947-2024,Consejo Nacional de Investigaciones Científicas y Técnicas,6,5,3,0,2026
A5014897867,Kaspar McCoy,,Discovery Institute,4,5,1,0,2026
A5061727822,Gary Elkins,0000-0002-9546-0020,Baylor University,4,5,1,3,2026
A5083853903,Beau Kilmer,0000-0002-9333-8080,RAND Corporation,9,5,1,2,2026
A5024494721,Bradley J. MacIntosh,0000-0001-7300-2355,Sunnybrook Hospital,3,5,0,0,2026
A5049884932,Riccardo Badini,,,3,5,3,0,2017
A5040914249,Orwa Dandash,0000-0001-8845-7280,Austin Health,4,5,0,0,2026
A5016967968,S. Mistry,,,4,5,0,0,2024
A5012063316,E. Malievskaia,,Pathfinder International,4,5,0,4,2023
A5014580265,Luísa Weber Bisol,0000-0002-8657-8801,Universidade Federal do Ceará,5,5,0,3,2025
A5062735999,Michaela Plevková,,,3,5,0,1,2025
A5023522998,Benjamin Victor Ineichen,0000-0003-1362-4819,University of Bern,4,5,0,3,2026
A5080385726,Alison Knopf,,,24,5,24,0,2026
A5012116885,Eduardo Pondé de Sena,0000-0002-6166-8093,Universidade Federal da Bahia,5,5,0,1,2026
A5012918564,Juan Pedro Castro‐Nin,,Universidad de la República de Uruguay,3,5,3,0,2024
A5062539760,Noureddine Chaachouay,0000-0002-0745-6268,,8,5,6,1,2025
A5083319767,Lahcen Zidane,0009-0002-6044-3930,,6,5,0,6,2025
A5074464980,Thaise G. L. de O. Toutain,0000-0002-5201-0556,Universidade de São Paulo,3,5,0,0,2025
A5013234251,Hannah J. Goodman,0000-0002-3712-634X,Columbia University,4,5,0,2,2026
A5074586905,John F. Trant,0000-0002-4780-4968,LASALLE College of the Arts,8,5,0,8,2026
A5041683596,Lorena Llobenes,,Motiva (Finland),3,5,0,0,2026
A5006708059,Natali Gumiy,,Motiva (Finland),3,5,0,1,2026
A5093582321,L. Belinger,,University Hospital Zurich,10,5,8,0,2026
A5109679067,Marcelo N. Costa,0000-0002-3701-1534,Universidade Federal do Rio de Janeiro,3,5,2,0,2024
A5041830658,Alice Caulfield,0000-0001-6033-7527,King's College London,4,5,4,0,2026
A5036189365,Lucas L. Dwiel,0000-0002-9440-7842,Dartmouth–Hitchcock Medical Center,3,5,3,0,2026
A5009044774,Elise M. Bragg,,Dartmouth–Hitchcock Medical Center,3,5,0,0,2026
A5009928177,Wilder T. Doucette,0000-0003-2249-0461,Dartmouth College,3,5,0,3,2026
A5025314820,Stavroula I. Bargiota,0000-0002-0828-0647,University of Thessaly,5,5,0,0,2026
A5115058629,Jan Valenta,0009-0008-7040-1041,University of Basel,3,5,0,0,2026
A5103255063,Abhishek Gupta,0000-0002-9643-0720,Indian Association for the Cultivation of Science,4,5,2,0,2026
A5019243136,Patricia Cavazos‐Rehg,0000-0003-3352-1198,Washington University in St. Louis,5,5,0,0,2026
A5043762992,K A Laricheva,,,3,5,0,1,1996
A5066467281,G I Mil'shteĭn,,,5,5,2,0,1996
A5111757519,Peter H. Glow,,University College London,3,5,3,0,1959
A5101738889,Michael Cole,0000-0001-7155-3102,Anglia Ruskin University,3,5,2,1,2014
A5069871547,Manohar L. Sethi,,Howard University,3,5,2,0,1974
A5009067769,Dennis E. Lopatin,,University of Illinois Urbana-Champaign,3,5,2,1,1974
A5061450995,Wolfgang Emanuel Zürrer,0009-0005-8111-3553,University of Zurich,3,5,3,0,2026
A5007875336,Thomas C. Maroukis,,Capital University,5,5,5,0,2019
A5006556683,Frederick J. Goldstein,,,3,5,0,2,1977
A5032316718,Anna Machoy‐Mokrzyńska,0000-0003-0419-4730,,4,5,1,1,2007
A5055486011,Sławomir Majdanik,0000-0003-0472-1924,Pomeranian Medical University,5,5,1,0,2019
A5054146280,Chiara Pizzanelli,0000-0001-5044-8944,University of Pisa,5,5,3,0,2006
A5065919405,Ana Filipa da Cunha Travasso Guerra,,University of Coimbra,3,5,1,0,2017
A5023234889,Arturo Gutiérrez del Ángel,0000-0002-2974-1991,"El Colegio de San Luis, A.C.",3,5,2,1,2014
A5012605676,Ondina Ribeiro,0000-0002-6143-4844,University of Trás-os-Montes and Alto Douro,5,5,2,0,2024
A5067178133,Ethan Oliver Bryson,0000-0002-3778-5126,Icahn School of Medicine at Mount Sinai,3,5,1,0,2014
A5082313991,Liyana Hazwani Mohd Adnan,0000-0002-7331-951X,Sultan Zainal Abidin University,6,5,1,2,2025
A5044673577,Rafael Barra,0000-0002-2898-3729,Universidad de Santiago de Chile,3,5,0,0,2026
A5052505250,Khadije Meghrazi,,Urmia University,3,5,1,0,2024
A5048648461,Mercedes Martín‐López,0000-0002-6869-9669,Universidad de Málaga,9,5,1,0,2018
A5089025213,Arezki Khaled Boukerma,,Hôpital Lariboisière,3,5,2,0,2024
A5073267606,Josef Fusek,0000-0001-7642-4115,University of Pardubice,3,5,2,1,2009
A5062879235,Estelle Miller,0009-0005-8023-5073,University of Auckland,3,5,2,0,2026
A5093033787,Fannie Kahan,,,3,5,3,0,2016
A5090584570,Leoš Landa,0000-0002-5551-8734,University of Veterinary Sciences Brno,22,5,4,0,2012
A5057806465,Isa Abdi Rad,0000-0002-3931-669X,Urmia University of Medical Sciences,3,5,0,0,2024
A5053034740,Eve Bender,,,5,5,5,0,2008
A5102746309,Bogumiła Byrska,0009-0005-6036-5882,,3,5,3,0,2025
A5002399863,M. Cavas,0000-0002-0364-3664,Universidad de Málaga,5,5,0,1,2018
A5028403012,Muhammad Ahmed,0009-0007-6807-745X,Johnson & Johnson (United States),3,5,1,0,2026
A5036376642,Christoph Vogelbacher,0000-0002-3191-1400,,3,5,0,1,2026
A5093837661,Duygu Yeşim Ovat,0000-0003-1310-0118,Ege University,3,5,3,0,2026
A5048998518,Ananda da Silva Antonio,0000-0003-3247-5740,Universidade Federal do Rio de Janeiro,4,5,1,0,2024
A5087166832,Tanja M. Gampfer,,Saarland University,3,5,1,0,2026
A5043920499,Jasper Brian Zantvoord,0000-0002-6475-902X,Amsterdam Neuroscience,5,5,0,0,2026
A5084747411,C. Richeval,,Centre Hospitalier Universitaire de Lille,4,5,1,0,2018
A5114585237,David R. Dalton,0000-0002-7571-2358,Temple University,3,5,2,1,2010
A5108986942,Yang Jing Zheng,0009-0001-3238-696X,University of Toronto,4,5,0,0,2026
A5076962629,Hideo HOSHIKAWA,,Tokyo Medical University,3,5,3,0,1962
A5122165407,Miguel Salfiti,0009-0004-3355-0479,University of Nicosia,3,5,3,0,2026
A5090997121,Tom K. Birkenhäger,0000-0002-6611-6597,Erasmus MC,3,5,0,0,2025
A5078985362,Kush V. Bhatt,0000-0002-2697-3594,University of California San Diego,4,5,4,0,2026
A5031835934,Anjali Bhat,0000-0001-8456-3668,King's College London,4,5,0,3,2026
A5006027933,Gbènoukpo Pierre Tovihoudji,,,5,5,5,0,2018
A5018883099,Julie E. Whitcomb,0009-0002-7054-4364,,3,5,0,0,2024
A5110468041,Abdelfattah Elfeki,,University of Sfax,3,5,0,3,2013
A5114149118,Bre Mills,,Presage Biosciences (United States),3,5,0,0,2024
A5128677896,Bing Cao,0000-0001-5963-2676,Southwest University,3,5,0,0,2026
A5103091786,Caihong Zheng,0009-0000-1588-242X,Hangzhou Women’s Hospital,3,5,0,0,2025
A5048477213,Brandon T. Nokes,0000-0003-3515-7545,University of California San Diego,3,5,1,0,2025
A5045963082,Peter J. Colvonen,0000-0003-0222-8781,University of California San Diego,3,5,0,2,2025
A5111110291,Ting‐Sian Yu,,E-Da Hospital,3,5,0,0,2025
A5101786530,Wenli Yu,0000-0003-2790-9997,Tianjin First Center Hospital,3,5,0,2,2025
A5063410424,Leng Zhou,0000-0003-3374-7007,Sichuan University,3,5,0,2,2026
A5004717925,Justin Brand,0009-0005-4927-8438,University of Victoria,3,4,0,0,2026
A5117187654,Florence Moureaux,,Canadian Arthritis Patient Alliance,4,4,0,0,2026
A5020811172,Moran Amit,0000-0002-9720-7766,The University of Texas MD Anderson Cancer Center,3,4,0,2,2026
A5102899112,Matthew Hicks,0000-0002-9974-2228,National University of Natural Medicine,4,4,4,0,2026
A5085074956,Heather Zwickey,0000-0002-1600-401X,National University of Natural Medicine,3,4,0,2,2026
A5000398298,Tony Rousmaniere,0000-0002-3575-3147,,5,4,0,0,2024
A5084706765,Alexandre Vaz,0000-0001-8443-0064,,4,4,0,4,2024
A5123923706,Jess Kerr-Gaffney,,King's College London,3,4,1,0,2026
A5040670571,Elliot Hampsey,0000-0001-6985-5646,King's College - North Carolina,3,4,1,0,2026
A5002649716,Kyong Wook Yi,0000-0001-7059-640X,Williams (United States),5,4,1,0,2026
A5020769134,Scott Aaronson,,Sheppard Pratt Health System,4,4,3,0,2026
A5002414770,Alexandre Seillier,0000-0003-1859-2561,National Institute of Mental Health,3,4,1,0,2026
A5071884095,Paul Haber,0000-0001-8915-8872,Royal Prince Alfred Hospital,5,4,1,0,2026
A5033796358,Lukas Bobak,0000-0003-4000-6880,Case Western Reserve University,3,4,1,0,2025
A5015616562,Jacob Spinks,,University of New Mexico,4,4,0,0,2025
A5097331348,Rachel Wanzor-Box,,Lubbock Christian University,4,4,1,0,2025
A5114853588,Ilana Pogodin,,Hadassah Medical Center,4,4,0,0,2025
A5007439993,Flint M. Espil,0000-0003-4332-4358,Stanford Medicine,3,4,0,0,2026
A5045525642,Manish Saggar,0000-0002-5307-2249,Stanford University,5,4,0,1,2026
A5000145770,Wilson Roberto Malfará,,Centro Universitário Barão de Mauá,3,4,0,2,2026
A5014515889,Daniely Ildegardes Brito Tatmatsu,0000-0003-2279-6997,Universidade Federal do Ceará,3,4,0,2,2020
A5018020292,Ana Gretel Echazú Böschemeier,0000-0003-0792-1307,Universidade de Brasília,9,4,7,2,2020
A5092384069,Chris E. Corlett,0009-0008-3593-0263,Baylor University,3,4,2,0,2026
A5019136147,Cameron T. Alldredge,0000-0003-3753-0200,Baylor University,3,4,0,0,2026
A5097081448,Anna Beatriz Vicentini,,Universidade de São Paulo,4,4,2,0,2026
A5033773664,Danielle S. Stolzenberg,0000-0002-1498-5299,"University of California, Davis",4,4,2,2,2025
A5097312884,Ethan O'Farrell,,University of Michigan,3,4,0,0,2026
A5019165780,Yaman Qalieh,0000-0003-0974-9686,Cornell University,3,4,0,0,2026
A5005470509,Matthew J. Girgenti,0000-0003-1647-326X,Yale University,3,4,0,0,2026
A5044591461,Wigínio Gabriel de Lira-Bandeira,0000-0003-2683-7565,Universidade Federal do Rio Grande do Norte,3,4,1,0,2026
A5036689987,Sharon R. Sznitman,0000-0002-9398-0727,University of Bern,3,4,3,0,2026
A5110067969,Jacob Cohen,0000-0002-7453-4211,University of Southern Denmark,4,4,1,0,2026
A5079817359,Fabrizio Ascone,0000-0001-9174-2349,Roma Tre University,3,4,3,0,2026
A5117088378,Clayton Olash,,Medical University of South Carolina,3,4,1,0,2026
A5060460268,Martina Colognesi,0009-0000-7839-7851,University of Padua,11,4,5,0,2026
A5017874146,Daniela Gabbia,0000-0003-2247-8227,University of Padua,10,4,0,0,2026
A5037718660,Anna Signor,,University of Padua,6,4,2,0,2026
A5090332139,Lucia Centofanti,0009-0000-1301-9390,University of Milan,7,4,0,0,2026
A5093581998,Marco Banzato,,University of Padua,8,4,1,0,2026
A5079058220,Giovanna Finzi,0000-0003-0253-8835,Aziende Socio Sanitarie Territoriale dei Sette Laghi,4,4,0,0,2026
A5003787003,Ilaria Zanotto,0009-0003-4858-1801,University of Padua,5,4,0,0,2026
A5036102891,Gianfranco Pasut,0000-0002-8754-0899,University of Padua,12,4,0,0,2026
A5067393581,Vladimír Mazoch,0000-0001-7418-7363,National Institute of Mental Health,5,4,0,0,2026
A5000218417,Aleš Oblak,0000-0002-1257-0399,University Psychiatric Hospital,3,4,2,1,2026
A5079338766,Jurij Bon,0000-0002-5303-2044,University Psychiatric Hospital,3,4,0,2,2026
A5017176095,José Arturo Costa Escobar,0000-0002-5965-3327,,3,4,2,0,2023
A5133504338,J. Morgan Penberthy,0000-0002-0572-9904,Pacific University Oregon,4,4,1,0,2026
A5133601737,Peter Thompson,,IS practice,3,4,0,0,2026
A5125536499,Richard Kanaan,,The University of Melbourne,6,4,0,3,2026
A5011492116,Ulrike Lueken,0000-0003-1564-4012,Humboldt-Universität zu Berlin,3,4,1,1,2026
A5042067406,AL McGuire,,Baylor College of Medicine,4,4,1,1,2026
A5052057488,Kevin Y. Xu,0000-0001-6595-695X,Washington University in St. Louis,3,4,0,2,2026
A5065674888,Ulf Bremberg,,Uppsala University,4,4,0,2,2026
A5118777986,Michal Beneš,,Charles University,3,4,1,0,2025
A5027987083,Josep Maria Fericgla,,,5,4,5,0,2015
A5077980902,Joanna Kempner,0000-0002-9784-6381,,3,4,1,2,2026
A5026829048,William Charles Hosie,,University of Windsor,5,4,3,0,2026
A5087967164,Abhinandan Banerjee,0000-0001-7665-026X,University of Windsor,5,4,2,0,2026
A5066150768,Kasra Razmkhah,0000-0003-0488-3309,University of Windsor,5,4,0,0,2026
A5058472926,Jonathan J. Simone,0000-0002-0629-8851,Brock University,3,4,0,0,2025
A5047881831,Laurie Gheddar,0000-0002-7804-3946,,6,4,0,0,2025
A5017797491,Avery Ostrand,0000-0001-6050-7258,"University of California, San Francisco",3,4,1,0,2026
A5040887575,William James Evans,,,3,4,0,0,2026
A5024407592,Alberto Groisman,0000-0001-6691-8744,Universidade Federal de Santa Catarina,5,4,5,0,2021
A5012562189,María Soledad del Rio,,Universidad Nacional de San Martín,3,4,3,0,2020
A5037930490,Laura Lungu,0000-0002-3186-0949,Goldsmiths University of London,3,4,2,0,2021
A5130375474,Song Wu,0000-0002-8225-9504,Max Planck Institute for Chemical Ecology,3,4,0,0,2026
A5006798023,Xiubo Du,0000-0003-4907-074X,Shenzhen University,4,4,2,0,2026
A5110467066,R. Crawford Morris,0009-0005-2937-5791,King's College London,8,4,7,1,2026
A5048588053,Soma Makai‐Bölöni,0000-0002-5971-381X,Leiden University Medical Center,3,4,0,0,2026
A5101428247,Gokul Raj,0000-0002-2106-6506,National Institute of Mental Health and Neurosciences,3,4,3,0,2026
A5055781781,Serena Chiara Civardi,,ASST Melegnano e della Martesana,3,4,1,0,2026
A5119638384,Matteo Buonarroti,,Azienda Sanitaria Locale Viterbo,3,4,0,0,2026
A5018330170,Hamilton Morrin,0000-0002-7801-0212,King's College London,5,4,0,2,2026
A5115940685,Mika Tsupari,,,4,4,4,0,2026
A5026527059,Jacques Gauthier,0000-0003-4776-2574,,5,4,5,0,2020
A5042802835,Marek Krzystanek,0000-0002-1665-7344,Medical University of Silesia,3,4,0,3,2025
A5054725058,Pedro E. Huertas,,Harvard University,11,4,0,0,2015
A5012197023,Anneliese McConnell,0009-0004-0278-2170,Children's Health Queensland Hospital and Health Service,3,4,3,0,2025
A5001625309,Wei He,0000-0002-9547-6516,Macquarie University,3,4,0,0,2025
A5110073145,Harry McConnell,,Griffith University,3,4,0,0,2025
A5052784955,Paul F. Sowman,0000-0002-3863-6675,Auckland University of Technology,4,4,0,3,2025
A5029079877,Yuliya Knyahnytska,0000-0002-1882-4505,Centre for Addiction and Mental Health,4,4,4,0,2022
A5060330503,Alisson Paulino Trevizol,0000-0002-6065-9355,Centre for Addiction and Mental Health,4,4,0,0,2022
A5031677732,Franco Giberti,,,5,4,4,1,2003
A5009482621,Thomas J. Csordas,0000-0001-8775-6377,,3,4,2,1,2022
A5124977098,Haitao Yan,0009-0002-6228-4777,,3,4,0,2,2026
A5112631057,Vanessa Gwendoline Smithies,,Monash University,4,4,4,0,2017
A5083099646,Gautier Dassonneville,,,4,4,4,0,2023
A5033752890,Steve Heilig,,San Francisco Medical Society,5,4,5,0,2003
A5031601763,Lawrence H. Price,0000-0002-2074-4520,Brown University,19,4,3,2,2025
A5087769888,Brigitte Delhotal,,Hôpital Lariboisière,3,4,0,0,2020
A5031176561,Francis Kin Chiu Chu,,Queen Elizabeth Hospital,3,4,3,0,2022
A5062967626,William F.C. Baaré,0000-0002-1810-7266,Hvidovre Hospital,4,4,0,0,2011
A5057547128,Amanda Davies,,,3,4,0,3,2000
A5012222924,Robert Dickins,,,3,4,3,0,2021
A5090496766,Filippo Bogetto,,,3,4,0,1,1977
A5036818948,Alan I. Green,0000-0002-9177-2393,,7,4,1,6,2001
A5064745330,Anthony R Isles,0000-0002-7587-5712,Cardiff University,3,4,0,0,2015
A5101758067,Zahra Nadia Sharifi,0000-0001-8053-4712,"Islamic Azad University, Tehran",3,4,1,2,2019
A5040079162,A.T. Muela,,Universidad de Málaga,9,4,8,0,2018
A5022356063,Takeo Fukuda,,Kagoshima University,3,4,0,3,1996
A5089575904,Craig Colling,0000-0001-5178-0383,South London and Maudsley NHS Foundation Trust,3,4,0,0,2020
A5067147989,Robert Stewart,0000-0002-4435-6397,King's College London,3,4,0,0,2020
A5103787603,Marie Allard,,Hôpital Lariboisière,3,4,0,0,2020
A5100319452,Dong Chen,0000-0002-0526-9346,Beijing University of Posts and Telecommunications,3,4,0,0,2023
A5083931497,Jayendra K. Patel,,University of Massachusetts Chan Medical School,11,4,6,1,2014
A5091266202,Dusit Tao Niyato,0000-0002-7442-7416,Nanyang Technological University,4,4,0,4,2026
A5001462771,Ciara Guiney,,,4,4,4,0,2018
A5095928282,Ronja Berendse,,Amsterdam University Medical Centers,3,4,3,0,2026
A5076907548,Anikó Kőrösi,0000-0001-9701-3331,University of Amsterdam,3,4,0,0,2026
A5043864220,Leïla Chaouachi,0000-0003-4593-423X,Assistance Publique – Hôpitaux de Paris,9,4,3,0,2025
A5145998029,Brooke L. Sevchik,0009-0005-2187-2275,University of Pennsylvania,3,4,0,1,2026
A5111564186,Philip A. Ringstrom,,Institute of Contemporary Psychoanalysis,3,4,3,0,2026
A5061268352,S. H. Helsley,,"University at Buffalo, State University of New York",3,4,0,0,1998
A5108151934,Malick Ndiaye,0009-0007-8653-0393,Cheikh Anta Diop University,3,4,2,0,2026
A5040828387,J.L. Charbon,,University of Neuchâtel,3,4,2,1,2014
A5109382985,K. Pfister,,University of Neuchâtel,3,4,1,2,2014
A5030261811,Assumpto Iaconelli,0000-0002-1379-2452,,3,4,0,1,2014
A5051939732,Edson Borges,0000-0002-4971-1925,,3,4,1,2,2014
A5111154554,Weijie Kong,,Peking University Third Hospital,3,4,1,0,2026
A5100761788,Dongyang Liu,0000-0002-0608-8192,Peking University Third Hospital,3,4,0,3,2026
A5113354625,Annya M. Bruce,,University of Edinburgh,3,4,0,0,2026
A5124238183,G. Esaïe Kpadonou,0000-0002-0071-8149,,4,4,3,0,2020
A5025059647,Gloria Kung,,Presage Biosciences (United States),4,4,0,0,2022
A5022675590,Joo‐Youn Cho,0000-0001-9270-8273,Seoul National University,4,4,0,0,2018
A5061392624,Howard Lee,0000-0001-6713-5418,Seoul National University,4,4,0,3,2020
A5069196093,Petr Kachlík,0000-0002-4911-6659,Masaryk University,5,4,5,0,2016
A5087994232,Christine Reif-Leonhard,0009-0009-1496-5632,Goethe University Frankfurt,3,4,2,1,2025
A5024233256,Kathleen A Kendall-Tackett,0000-0003-0709-1059,Texas Tech University Health Sciences Center,4,4,4,0,2025
A5077759727,Holger Rosenbrock,0000-0002-9663-1901,Boehringer Ingelheim (Germany),3,4,0,0,2025
A5002040596,Tsz Hei Fong,0000-0003-2402-0703,Peking University,4,4,2,0,2026
A5093582193,G. Carnevale Miacca,,Azienda Socio Sanitaria Territoriale di Pavia,4,4,0,0,2026
A5111990078,Gordon Tin Chun Wong,0000-0002-8127-4593,University of Hong Kong,3,4,0,0,2026
A5100406716,Liwei Wang,0000-0002-5346-5886,Xuzhou Medical College,3,4,0,3,2025
A5044931482,Zofia Kachlik,0009-0000-4482-1191,Gdańsk Medical University,3,4,1,1,2026
A5052298207,Michał Walaszek,0009-0001-6105-1528,Gdańsk Medical University,3,4,2,1,2026
A5109507340,D.J. Fu,,Janssen Research & Development (United States),4,4,1,0,2026
A5113901432,H.K. Manji,,Janssen Research & Development (United States),3,4,0,3,2019
A5082101048,Pietro Carmellini,0000-0001-8130-4388,University of Siena,4,4,1,0,2026
A5025622161,Philip van Eijndhoven,0000-0003-3474-4326,Radboud University Nijmegen,3,4,0,0,2026
A5018278195,Claus Normann,0000-0001-5693-8936,University of Freiburg,5,4,0,2,2026
A5066927905,Andrew J. Muzyk,0000-0002-6904-2466,Campbell University,4,4,3,0,2026
A5103940090,Huanxue Zhou,,,3,4,0,0,2024
A5104999596,Junjun Cong,,,3,4,0,0,2024
A5009783577,Vanessa Fleury,0000-0001-5744-6829,University of Geneva,3,3,1,2,2025
A5058313981,Emilie Tomkova,,Hôpital Beau-Séjour,3,3,0,0,2025
A5073766814,Sabina Catalano Chiuvé,0000-0002-3789-5827,Hôpital Beau-Séjour,3,3,0,0,2025
A5101504134,Sarah Clarke,0000-0003-1908-1405,The University of Melbourne,4,3,0,0,2025
A5117506175,Oriana Mayorga,,Yale University,3,3,0,1,2026
A5118847732,Gosia Sklodowska,,Harvard University,4,3,0,4,2026
A5004385581,Sarah E. Victor,0000-0002-7944-7299,Texas Tech University,3,3,0,0,2025
A5128308798,Helena D. Aicher,,University of Basel,7,3,1,1,2026
A5085969327,David R. Cléments,0000-0002-4999-3563,Carleton University,3,3,1,0,2026
A5038966251,Isaac Burt,0009-0000-0842-4607,Johns Hopkins University,3,3,3,0,2025
A5035400499,Camilla Lindvall Dahlgren,0000-0002-6773-475X,OsloMet – Oslo Metropolitan University,3,3,1,0,2025
A5013399906,Alessandro Gonçalves Campolina,0000-0002-0233-0797,Instituto do Câncer do Estado de São Paulo,5,3,3,2,2026
A5010067635,Saundarai Bhanot,0000-0003-3985-943X,University of Toronto,3,3,1,0,2025
A5042464218,Theodore A. Stern,0000-0001-7866-0752,Harvard University,4,3,0,4,2026
A5074248846,Nigel Barnim,,Queen's University,3,3,0,0,2025
A5057533738,Monica Schweickle,,Australian National University,3,3,1,0,2026
A5095379592,Hampus Yngwe,,Karolinska Institutet,4,3,2,0,2026
A5063179816,Mikael Tiger,0000-0001-8495-8125,Karolinska Institutet,3,3,0,0,2026
A5125067605,J O Lundberg,,Karolinska Institutet,3,3,0,2,2026
A5059817161,María Eugenia Flores,0000-0003-3419-4731,National University of Salta,4,3,2,2,2020
A5027791707,Fumihiko Ueno,0000-0002-2547-7943,Centre for Addiction and Mental Health,3,3,0,0,2025
A5010961636,Alastair J. Flint,0000-0001-6806-0235,University Health Network,4,3,0,0,2025
A5100343900,Min Liu,0000-0002-4698-6667,University of California System,3,3,0,0,2026
A5011298374,Cheryl Pritlove,0000-0001-9627-7562,Public Health Ontario,3,3,0,0,2026
A5108147242,Kyna Conn,,Discovery Institute,4,3,1,0,2026
A5020576630,Jannik Nicklas Eliasen,0000-0002-5407-9469,University of Copenhagen,3,3,3,0,2026
A5017402556,Brendan Clifford,0000-0002-9178-9013,UNSW Sydney,3,3,0,2,2026
A5117083140,Danielle Bukovsky,,Centre for Addiction and Mental Health,3,3,3,0,2025
A5103228690,Marcel Nogueira,0000-0001-8357-674X,Santa Marcelina Colégio São Paulo,3,3,3,0,2026
A5104421766,Gleicy Sotéro Roberto,0000-0001-8808-8614,Universidade de São Paulo,3,3,0,0,2026
A5075305785,Søren Kristiansen,0000-0003-1851-5363,Copenhagen University Hospital,3,3,0,0,2021
A5084051141,Henry A. Nasrallah,0000-0002-8567-1094,University of Cincinnati,4,3,3,1,2026
A5082087529,Vinícius Maurício de Lima,0000-0001-5111-3409,Universidade Federal do ABC,4,3,4,0,2023
A5118965159,Moira G. Semple,0009-0007-1194-4292,Arizona State University,3,3,2,0,2026
A5001826900,L. Alison McInnes,0000-0002-2260-7263,"University of California, San Francisco",3,3,2,0,2026
A5115713928,Sivert Drange,,University of Southern Denmark,3,3,2,0,2026
A5078697129,Matthew Halma,0000-0003-2487-0636,Open Source Science Project,3,3,3,0,2025
A5091278476,Bethany Halford﻿,,,9,3,9,0,2025
A5035455873,Hattie Wells,,Hammersmith Medicines Research,6,3,1,2,2026
A5048108966,Santiago López-Pavillard,,,4,3,4,0,2018
A5084225666,Ricardo Assarice dos Santos,0000-0002-3028-4097,,5,3,5,0,2024
A5120587569,Andrea Rosati,,"University of California, San Francisco",3,3,0,0,2026
A5017646523,Myfanwy Graham,0000-0003-0618-7497,Eastern Health,5,3,2,1,2026
A5069655400,Erik Kaadt,,Aarhus University,4,3,2,0,2026
A5121765730,K.P.C. Kuypers,,Maastricht University,4,3,1,3,2026
A5081281908,Vincent T. Sullivan,,,3,3,1,0,2016
A5020383720,Ítalo Odone Mazali,0000-0001-5698-5273,Universidade Estadual de Campinas (UNICAMP),4,3,0,1,2026
A5089205313,Ayah Nayfeh,0000-0001-6060-3258,University of Toronto,3,3,0,0,2025
A5078846048,Sydney Jopling,0000-0001-7775-823X,University of Toronto,3,3,0,0,2025
A5113811738,S. Adamczyk,0009-0003-9671-6619,Uniwersytet SWPS,4,3,4,0,2025
A5015826298,Małgorzata Paczyńska,,Uniwersytet SWPS,4,3,0,0,2025
A5021771666,Trent Groenhout,0000-0002-9792-2444,University of Michigan,3,3,0,0,2025
A5036372172,Veit Grabe,0000-0002-0736-2771,Max Planck Institute for Chemical Ecology,3,3,0,0,2026
A5080198386,Jéléna Martinovic,0000-0003-4595-7271,HES-SO Valais-Wallis,3,3,3,0,2023
A5087634452,Óscar Véliz‐García,0000-0002-4698-4012,Universidad Católica del Norte,3,3,3,0,2025
A5014863538,Marcos Domic‐Siede,0000-0002-5191-1133,Universidad Católica del Norte,3,3,0,3,2025
A5072814156,Maria J. Juachon,0009-0002-8064-2013,Centre for Human Drug Research,3,3,0,0,2026
A5119061025,Hüseyin Beyköylü,0000-0002-2977-913X,Leiden University,4,3,3,0,2026
A5040740321,Francisco J. Cordero,,The University of Texas at Austin,4,3,0,0,2025
A5115835587,Stephen L. Alchermes,,Columbia VA Health Care System,4,3,0,0,2025
A5120208502,Blake Beaton,0009-0007-8381-3806,University of Alabama,3,3,2,1,2026
A5012401080,Daniel Collerton,0000-0001-6255-7558,Newcastle University,4,3,0,0,2025
A5090330093,John‐Paul Taylor,0000-0001-7958-6558,Newcastle University,4,3,0,0,2025
A5023318570,Mohammadreza Shalbafan,0000-0002-4536-3441,Iran University of Medical Sciences,3,3,0,2,2025
A5089844398,Mark Moran,0000-0002-0353-6244,,11,3,11,0,2025
A5116151259,Matthias D. Kroesen,,Saarland University,4,3,1,0,2026
A5037589250,Stefano Marini,0000-0002-1771-6940,,3,3,1,1,2026
A5029816757,Carla J. Berg,0000-0001-8931-1961,George Washington University,4,3,3,0,2026
A5037364330,Brandi Quintanilla,,The University of Texas Health Science Center at Houston,5,3,0,0,2026
A5005353687,Anton Schulmann,0000-0002-6323-4969,National Institute of Mental Health,4,3,0,0,2026
A5091418738,Francis J. McMahon,0000-0002-9469-305X,National Institute of Mental Health,4,3,0,0,2026
A5033385768,Shiyong Peng,0000-0003-0697-3674,National Institute of Mental Health,4,3,0,0,2026
A5038738280,Nirmala Akula,0000-0002-6782-5694,National Institute of Mental Health,3,3,0,0,2026
A5015237054,Hyunwoo Jang,0000-0003-3881-0159,University of Michigan,6,3,2,0,2026
A5108104335,G Valette,,,4,3,4,0,1978
A5026485138,Leclair Mf,,,4,3,0,4,1978
A5080038746,Weiyan Hu,0000-0002-6340-4104,Kunming Medical University,3,3,0,1,2025
A5091104702,Brooke Hopkins Dubansky,0000-0003-3023-1881,,3,3,3,0,1965
A5013523517,Shahin Nilchi,,Tehran University of Medical Sciences,3,3,3,0,2022
A5101650969,Deborah J. Edwards,0000-0003-1885-9297,Cardiff University,3,3,3,0,2024
A5015952319,Judit Katalin Csontos,0000-0003-4597-3052,Cardiff University,3,3,0,0,2024
A5049387306,Elizabeth Gillen,0000-0002-3700-3913,Cardiff University,3,3,0,0,2024
A5023538381,Clare Louise Bennett,0000-0002-5144-3894,Cardiff University,3,3,0,0,2024
A5086139156,Ben Hannigan,0000-0002-2512-6721,Cardiff University,3,3,0,0,2024
A5059352689,Judith Carrier,0000-0002-2657-2280,Cardiff University,3,3,0,0,2024
A5010954347,Jane Harden,0000-0001-8158-6450,Cardiff University,3,3,0,3,2024
A5110402051,Amir Inamdar,0000-0003-3310-2735,,4,3,0,1,2026
A5049611769,Bojidarka B. Ivanova,0000-0002-5788-4404,TU Dortmund University,3,3,3,0,2013
A5050311802,Michael Spiteller,0000-0001-5449-2803,TU Dortmund University,3,3,0,3,2013
A5035301414,Marcelo Carvalho Lasmar,,Universidade Federal de Minas Gerais,3,3,3,0,2009
A5111697390,Joseph L. Zentner,,"University of California, Berkeley",5,3,5,0,1981
A5076683801,Viera Kútna,0000-0002-5054-399X,National Institute of Mental Health,4,3,0,0,2026
A5001023467,Robert E. Davis,0000-0002-1644-9553,Intra Cellular Therapies (United States),3,3,1,1,2025
A5003516536,Ralf Uebelhack,,,5,3,4,0,1983
A5103201000,Leonora Franke,0000-0002-1970-1929,,4,3,0,0,1983
A5108588644,K Seidel,,,5,3,0,4,1983
A5100462794,Jihyun Kim,0000-0003-1222-0345,The Seoul Institute,3,3,0,0,2024
A5073616947,Jana Kučerová,0000-0002-1846-0799,Masaryk University,14,3,11,1,2025
A5113162608,Justine Grunwald,,Centre Hospitalier Universitaire de Grenoble,3,3,0,0,2024
A5041891931,Marc Manceau,0000-0001-7368-718X,Inserm,3,3,0,0,2024
A5035287621,Lila Krebs-Drouot,0000-0001-7619-6415,Centre Hospitalier Universitaire de Grenoble,3,3,0,0,2024
A5106234902,Lysa Remy,,Universidade Federal do Rio Grande do Sul,3,3,3,0,2015
A5032625705,NANCY D. CAMPBELL,0000-0003-0993-526X,Rensselaer Polytechnic Institute,5,3,5,0,2021
A5076245349,Pauline Thiebot,0000-0003-2411-8137,Inserm,5,3,3,0,2025
A5025792981,Khaled Boukerma,,Assistance Publique – Hôpitaux de Paris,3,3,0,0,2021
A5092887680,Florian Vock,0009-0004-9916-7309,Swiss AIDS Federation,3,3,1,0,2026
A5059722643,Eileen Wong,,,4,3,2,0,2003
A5035227520,Bharat B. Biswal,0000-0002-3710-3500,New Jersey Institute of Technology,4,3,0,0,2025
A5122005687,Y. Tony Yang,0000-0002-0155-8490,George Washington University,3,3,0,3,2026
A5050903892,Andrey Viktorovich Antsyborov,0000-0001-6175-9545,,4,3,2,1,2023
A5050197897,Olivia Kindl,0000-0002-4772-8782,"El Colegio de San Luis, A.C.",3,3,3,0,2019
A5081165037,Thomas E. Guadamuz,0000-0001-6803-1127,Mahidol University,3,3,0,2,2026
A5074387505,Arthur Chang,,,3,3,1,1,2026
A5031305334,Édouard Gerbaud,0000-0003-4669-3562,Centre Hospitalier Universitaire de Bordeaux,5,3,0,0,2025
A5113653170,Stevan Geoffrey Severtson,,Johns Hopkins University,4,3,0,0,2025
A5091289050,Moritz Rosenkranz,0000-0002-0851-6330,Universität Hamburg,5,3,1,0,2021
A5054889340,Henry Brill,,Pilgrim Psychiatric Center,4,3,4,0,1980
A5049968164,P.P.M. Hurks,,Maastricht University,3,3,0,0,2026
A5061520379,Ouria Dkhissi‐Benyahya,0000-0001-9168-3801,Inserm,4,3,0,0,2026
A5018290989,Patricia McBroom,,,4,3,4,0,1966
A5108113793,Julie Chas,,Hôpital Tenon,4,3,1,1,2020
A5042768066,Patricia Pisters,0000-0003-2456-0822,,3,3,3,0,2024
A5039765242,Thomas Arthur Pollak,0000-0002-6171-0810,King's College London,5,3,3,2,2026
A5034929680,Trpimir Glavina,,Klinički Bolnički Centar Split,3,3,0,3,2025
A5010265482,Philip C. Mack,0000-0003-4750-3812,University of California Davis Medical Center,4,3,0,0,2011
A5006990535,Oksana Kryvosheyeva,,Bogomolets National Medical University,3,3,1,0,2018
A5073139776,Л.В. Натрус,0000-0003-1763-0618,Bogomolets National Medical University,3,3,2,1,2018
A5118662803,Sisi Wang,0009-0005-4911-8792,UC Davis Comprehensive Cancer Center,3,3,0,0,2023
A5049723561,Serdar Dilbaz,0000-0001-9542-2799,Sağlık Bilimleri Üniversitesi,4,3,1,1,2021
A5021309176,Khaled Bellassoued,,,3,3,3,0,2013
A5055405155,Osipova Na,0000-0002-0149-4159,,5,3,4,0,2003
A5062627915,Ariana Johnson,0000-0002-5257-7114,University of Miami,3,3,3,0,2023
A5070481611,Kyle J. Self,0000-0002-7219-7151,University of Miami,3,3,0,0,2023
A5065701926,Cho‐Hee Shrader,0000-0003-3500-8507,ICAP Global Health,3,3,0,0,2023
A5067929670,Edda Rodriguez,0000-0002-8245-9952,University of Miami,3,3,0,0,2023
A5076758289,Mariano Kanamori,0000-0003-2260-3307,University of Miami,3,3,0,3,2023
A5068012485,Fredrik Olsen,0000-0001-6645-4177,University of Gothenburg,8,3,8,0,2023
A5045193106,Mathias Hård af Segerstad,0000-0002-2685-8027,University of Gothenburg,8,3,0,0,2023
A5058215897,Keti Dalla,0000-0001-7367-2500,University of Gothenburg,8,3,0,0,2023
A5027206436,Sven‐Erik Ricksten,0000-0002-1445-7525,University of Gothenburg,4,3,0,0,2023
A5053373507,Bengt Nellgård,0000-0001-6791-8893,University of Gothenburg,8,3,0,8,2023
A5010988882,Julieta Galante,0000-0002-4108-5341,,3,3,0,0,2026
A5105345761,Björn Clausen,,,3,3,3,0,2026
A5123269959,Murad Novruzov,0009-0007-2386-6332,,3,3,3,0,2026
A5100185947,Marziyya Mammadova,0000-0001-5976-6551,,3,3,0,0,2026
A5011159338,Keval Y. Raval,0000-0003-4114-0352,,3,3,0,0,2026
A5036502763,Danielle Piomelli,,"University of California, Irvine",10,3,0,0,2023
A5058050875,Albert M. van Hemert,0000-0003-3421-355X,Leiden University Medical Center,3,3,0,0,2026
A5050065957,Ellen Woo,,"University of California, San Francisco",3,3,0,0,2026
A5064926300,Susan K. Conroy,0000-0002-0573-4420,Indiana University Indianapolis,3,3,1,0,2026
A5115066054,Sergi López-Rodríguez,0000-0001-6828-5354,Instituto de Salud Carlos III,3,3,3,0,2026
A5073615401,Ana Isabel de Santiago-Díaz,,Marqués de Valdecilla University Hospital,10,3,9,0,2026
A5023789793,Zainab Ali Hussein,0000-0001-9733-5779,Minia University,3,3,3,0,2026
A5043104500,Amira Mohamed Taha,0000-0002-9620-7350,Fayoum University,5,3,0,0,2026
A5113418588,Alaa Abdrabou Abouelmagd,0009-0004-5449-8833,South Valley University,3,3,0,0,2026
A5094193011,Mohamed Nasser Elshabrawi,0009-0004-2490-7210,Magdi Yacoub Heart Foundation,3,3,0,0,2026
A5119944599,Abdul Karim Durvesh,,,5,3,0,0,2026
A5026288679,Mohamed T. Abuelazm,0000-0002-2514-0689,Tanta University,3,3,0,0,2026
A5102853346,Mohamed Elnaggar,0000-0003-4415-2789,Hartford Hospital,3,3,0,0,2026
A5019956243,Ismail Elkhattib,0000-0003-0759-1010,University of Nebraska Medical Center,5,3,2,3,2026
A5126856438,Yağcıoğlu AE Anıl,,Hacettepe University,4,3,0,0,2026
A5126908857,Fu DJ,,Johnson & Johnson (United States),3,3,0,0,2026
A5121802468,Y. Godinov,,Johnson & Johnson (United States),7,3,0,0,2026
A5121816440,Y. Kambarov,,Johnson & Johnson (United States),5,3,0,0,2026
A5104097877,RE Nielsen,,Aalborg University Hospital,3,3,0,0,2026
A5100327835,Xin Wang,0000-0001-8051-1481,Anhui Medical University,3,3,0,0,2025
A5034428573,Anabelle Tardif‐Samson,0009-0009-5118-1909,,5,3,0,0,2025
A5121708226,Zitao Wu,0009-0000-4945-479X,Guangzhou Medical University,3,3,0,0,2026
A5101293647,Zhanjie Luo,0009-0005-9168-1511,Guangzhou Medical University,3,3,0,0,2026
A5126648089,Junhao Shen,0009-0005-5070-0931,Guangzhou Medical University,3,3,0,0,2026
A5146675555,Liwei Wang,,Xuzhou Medical College,6,3,0,4,2026
A5023632087,严和,,Ningbo University,3,3,0,0,2026
A5100441171,Jiao Chen,0000-0003-2367-4369,Xuzhou Medical College,3,3,1,0,2026
A5075683259,Yukai Zhou,0000-0002-6076-0373,,3,3,0,1,2025
A5029602265,DC Malone,,University of Utah,3,3,0,2,2024
A5058784161,Gabrielle F. M. Lovell,0009-0008-8403-5206,University Health Network,4,3,0,0,2026
A5063839083,Jean‐Philippe Guilloux,0000-0003-0982-3751,Inserm,4,3,0,0,2024
A5130171461,Yosr Ziadi,,St. John's University,3,2,3,0,2026
A5033768692,Taehwan Park,,St. John's University,3,2,0,3,2026
A5084848359,Petrina Chu,0000-0002-5743-5262,King's College London,3,2,1,0,2026
A5072695397,Nicole Coelho,0000-0002-4887-8635,Universidade Federal do Rio Grande do Norte,3,2,0,1,2026
A5103408608,Willa Hall,,Nautilus (United States),3,2,0,0,2026
A5059520528,Silvia Mesturini Cappo,,"Centre de Recherche Médecine, Sciences, Santé, Santé Mentale, Société",3,2,1,2,2025
A5064849327,Joshua Watt,0000-0002-6697-2158,Royal Prince Alfred Hospital,3,2,1,0,2026
A5082942090,Nadide Şahin,0000-0001-8986-3686,Erzincan Binali Yıldırım University,3,2,3,0,2023
A5062965800,James A. Fowler,0000-0001-5716-5250,Queensland University of Technology,3,2,0,1,2026
A5053999291,Renee Ireland,0009-0004-0162-3848,University of Southern Queensland,4,2,1,0,2026
A5017449792,Christopher P. Albertyn,0000-0002-4682-6890,University of Calgary,6,2,4,0,2026
A5085841202,Lien‐Chung Wei,0000-0002-7383-7309,Ming Chuan University,3,2,1,2,2025
A5080563827,Stefano Bigliardi,0000-0003-4923-4011,Al Akhawayn University,3,2,3,0,2023
A5123375750,Elisa Hernández-Álvarez,,Universidad de Las Palmas de Gran Canaria,3,2,1,0,2026
A5123399866,Luis Alberto Henríquez-Hernández,,Universidad de Las Palmas de Gran Canaria,3,2,0,3,2026
A5070086103,Paula Pólvora Victoria,0000-0002-4936-7781,Universidade Federal de Pelotas,3,2,1,0,2023
A5123490086,Michelle Priest,0009-0003-8551-7155,RAND Corporation,5,2,4,0,2026
A5068542698,Sofia Nasini,0000-0002-5821-9684,University of Padua,6,2,4,0,2026
A5089355730,Judith Hooper,0009-0002-1350-3881,University of Colorado Anschutz,4,2,4,0,2026
A5128686061,Veronica Mäki-Marttunen,,Leiden University,3,2,3,0,2026
A5000072876,Amir Minerbi,0000-0003-4889-0105,Technion – Israel Institute of Technology,3,2,0,0,2023
A5109269281,Milad Soltanzadeh,0009-0006-7088-8924,University of Toronto,4,2,2,0,2025
A5057289789,Shona G. Allohverdi,0000-0003-3697-6032,Centre for Addiction and Mental Health,3,2,1,0,2025
A5066357327,Talea Cornelius,0000-0001-7181-0981,Columbia University Irving Medical Center,4,2,1,1,2026
A5121252498,Fei Liu,,Institute of Mechanics,3,2,3,0,2025
A5002396674,Andrew Geoly,0000-0002-3483-026X,Stanford University,6,2,0,0,2026
A5108318168,Venkatesh Subramani,0009-0003-2900-577X,Centre National de la Recherche Scientifique,3,2,2,0,2026
A5003682246,T. Blackmore,0000-0002-6503-2172,Pathways Behavioral Services,3,2,0,0,2026
A5061750709,Liam Acheson,0000-0002-2343-5504,UNSW Sydney,3,2,0,0,2025
A5082676852,Lou Lukas,,University of Nebraska Medical Center,3,2,0,0,2025
A5064581233,Flora Graham,0009-0007-7674-1509,,6,2,6,0,2026
A5135986566,Kim Hoffman,,Oregon Health & Science University,3,2,1,0,2026
A5086368909,Ana Deutsch,0000-0002-4871-3056,University of Calgary,3,2,3,0,2026
A5004135438,Gabrielle Dal Molin,,Universidade Federal do Rio Grande do Norte,3,2,3,0,2017
A5066439336,Pedro Mota,0000-0002-1003-5640,,4,2,2,0,2026
A5125535009,Catarina Cunha,,Hospital de Magalhães Lemos,3,2,0,0,2026
A5111898228,Marcos Lago,,Associação de Assistência à Criança Deficiente,3,2,3,0,2026
A5137202285,Mariana Cerveira,,Associação de Assistência à Criança Deficiente,3,2,0,2,2026
A5008221825,Jeng‐Yu Tsai,0000-0002-8657-3744,,5,2,0,1,2024
A5124023870,Franz Vollenweider,,University of Zurich,7,2,0,1,2026
A5119077133,Adie Wilson-Poe,,,9,2,2,0,2026
A5110528387,Camila de Pieri Benedito,,Centro de Estudios Políticos y Constitucionales,3,2,3,0,2020
A5086889441,Maria Gabriela Silva Martins da Cunha Marinho,0000-0002-5698-0437,Universidade de São Paulo,3,2,0,3,2023
A5120403954,Magdalena Jaglinska,,University College London,3,2,0,0,2026
A5079536508,Andrian Fajar Kusumadewi,0000-0001-6610-2470,Universitas Gadjah Mada,4,2,3,0,2026
A5090426177,Virgil Zeigler‐Hill,0000-0001-9260-9806,Oakland University,3,2,3,0,2020
A5050614301,Todd K. Shackelford,0000-0001-8101-4292,Oakland University,3,2,0,3,2020
A5007293482,Judith Stirn,0009-0007-9105-3894,Heidelberg University,3,2,3,0,2025
A5071859243,Christian D. Klein,0000-0003-3522-9182,Heidelberg University,3,2,0,3,2025
A5084489991,Jack Freestone,0000-0002-7503-7540,UNSW Sydney,3,2,1,0,2026
A5010880318,Neelambika Revadigar,,Santa Clara Valley Medical Center,3,2,1,2,2024
A5088895228,Yves Martins Varela,0009-0006-4112-751X,Universidade de São Paulo,3,2,3,0,2026
A5137745182,Bruna Santos de Carvalho,,Universidade Federal do Rio Grande do Norte,3,2,0,0,2026
A5033475377,Nae Won,0000-0003-1755-7035,University of Florida,3,2,2,0,2025
A5092583643,Carly Leininger,,Pathways Behavioral Services,4,2,0,0,2026
A5054031936,Gary Enos,,,8,2,8,0,2026
A5008475915,Paul May,0000-0002-5190-7847,,5,2,5,0,2019
A5089247044,Adeep Puri,,Hammersmith Medicines Research,3,2,1,0,2026
A5008788489,Anton A. Homon,0000-0002-1397-9102,University of Windsor,5,2,3,0,2026
A5103975246,Feyza Polat,,University of Zurich,3,2,0,0,2025
A5127702000,Yishan Yao,,Institute of Pharmacology,3,2,0,0,2026
A5101675592,Fábio C. Cruz,0000-0003-3765-7148,Universidade Federal de São Paulo,3,2,0,0,2024
A5112908566,Caroline V. L. Moreira,,Universidade Federal de Goiás,3,2,2,0,2026
A5061086957,Frank Euteneuer,0000-0001-9346-4346,,3,2,1,1,2026
A5060899611,Christopher Mills,0000-0003-0003-0552,,4,2,4,0,2026
A5045799059,Patrick Staples,0000-0001-6215-7343,Pathways Behavioral Services,3,2,2,0,2026
A5101826992,Joshua D. Woolley,0000-0002-4378-0014,San Francisco VA Medical Center,5,2,0,3,2026
A5136278973,Justin McCaul,,Brotherhood (United States),3,2,3,0,2026
A5134651674,Anna M. Becker,0000-0001-5308-7945,University of Basel,3,2,0,0,2026
A5068212513,Everton de Oliveira Maraldi,0000-0002-3330-5893,Associação Nacional de Pós-Graduação e Pesquisa em Ciências Sociais,3,2,3,0,2026
A5057357641,Annette Beatrix Brühl,0000-0003-4704-4986,University of Basel,3,2,1,0,2026
A5127654822,Xiaohui Wang,0000-0002-3415-5612,University of Science and Technology of China,3,2,0,3,2026
A5029699986,Maritta Kunert,,Max Planck Institute for Chemical Ecology,4,2,0,0,2026
A5075178261,Raquel Kosted,,The University of Texas at Austin,3,2,3,0,2026
A5034412208,Noelle Burton,0000-0002-0439-3329,Chicago Institute for Psychoanalysis,3,2,3,0,2025
A5022234608,Rammohan Shukla,0000-0001-5776-2506,University of Toledo,3,2,0,0,2023
A5053635928,Joshua C. Brown,0000-0003-0887-2746,McLean Hospital,3,2,0,0,2023
A5069350870,Diego González-Rodriguez,0000-0003-3029-1980,Camilo José Cela University,5,2,5,0,2023
A5012796065,Matthieu Hein,0000-0003-4243-1653,Université Libre de Bruxelles,3,2,1,2,2026
A5126344940,Philipp Koch,0000-0003-3713-8786,Central Institute of Mental Health,4,2,0,4,2026
A5036387449,Peder Clark,0000-0003-0851-4973,Glasgow Caledonian University,5,2,5,0,2026
A5111589058,M.S. van Noorden,,Leiden University Medical Center,3,2,0,1,2022
A5116799522,Simon K. Wellenberg,,Saarland University,3,2,3,0,2026
A5027197964,Philip Schippers,0000-0003-3036-326X,Helmholtz Centre for Infection Research,5,2,0,0,2026
A5046653600,V.M. Pogorelov,,,3,2,0,0,2024
A5071057382,R.M. Rodriguiz,,,3,2,0,1,2024
A5041457152,Tereza Kobrlová,0000-0002-4445-0287,University Hospital Hradec Králové,4,2,2,0,2024
A5113112540,K.N. DHAWAN,,University of Lucknow,3,2,0,0,1968
A5019216482,Sarah A. Shuda,0009-0000-6217-8830,National Institute of Standards and Technology,3,2,3,0,2026
A5032627325,J Thuillier,0000-0001-9483-170X,,7,2,3,2,1996
A5123289603,Ke Xia,0000-0001-9699-9901,Southern Medical University,3,2,2,0,2026
A5028439569,Tomasz Janus,0000-0002-2363-2196,Pomeranian Medical University,3,2,0,0,2019
A5075737831,Christina S. Henderson,,University of Massachusetts Amherst,4,2,3,0,2023
A5109323483,V Hrdina,,,3,2,0,2,1991
A5041161589,Jayalakshmi Krishnan,0000-0003-3098-5755,Central University of Tamil Nadu,3,2,3,0,2024
A5110194475,Nicole GalvÃ£o-Coelho,,Universidade Federal do Rio Grande do Norte,4,2,0,0,2026
A5014546399,Amer Wahed,,The University of Texas Health Science Center at Houston,3,2,0,3,2021
A5117503339,Sara-Jessica Camerin,0009-0009-2352-103X,University Hospital of Basel,3,2,1,0,2026
A5112362643,HENRI F. ELLENBERGER,,,3,2,3,0,2020
A5139355789,Joop M. A. van Gerven,,Leiden University Medical Center,3,2,0,0,2026
A5090253772,Naser Khalaji,0000-0002-6538-1495,Urmia University of Medical Sciences,3,2,3,0,2019
A5030312309,Diana Kappatos,0000-0003-1599-4602,New Zealand Institute for Public Health and Forensic Science,4,2,0,0,2026
A5019670996,Negar Ghasem Ardabili,0000-0002-0144-4450,American University,3,2,3,0,2026
A5119725641,Naomi Shacham,,University of California San Diego,3,2,0,0,2026
A5085526664,Jennifer E. Herrmann,0000-0003-3398-9938,Helmholtz Centre for Infection Research,5,2,0,0,2026
A5002011646,Iona Miller,,,4,2,4,0,2013
A5061310968,Sara E. Tomlinson,0009-0003-4971-6907,University of Alberta,4,2,2,0,2015
A5107115121,Liselotte Pochard,0000-0002-9271-5278,Inserm,3,2,2,0,2022
A5062919655,Garrett Epps,,,3,2,3,0,2016
A5080151225,Dārta Štālberga,0000-0001-6712-652X,Linköping University,3,2,2,0,2026
A5043854955,Bianca Schranz,0009-0007-4307-9379,Linköping University,3,2,0,0,2026
A5069882828,Nick van Zijl,,Linköping University,3,2,0,0,2026
A5108903594,Iesha Henderson,,BC Centre for Disease Control,3,2,0,0,2026
A5011658890,Tara Elton‐Marshall,0000-0002-1674-8588,University of Ottawa,3,2,0,0,2026
A5075988695,Kurt Lock,,Simon Fraser University,3,2,0,0,2026
A5107785163,Sean Patenaude,0009-0006-7835-4011,Centre for Addiction and Mental Health,3,2,0,0,2026
A5008938896,Rita Shahin,0000-0001-9478-8000,Toronto Public Health,3,2,0,0,2026
A5104421206,Jeanne Priddy,,University of North Texas,3,2,0,0,2025
A5061390337,Solenn Toupin,0000-0001-9967-0044,Hôpital Lariboisière,4,2,0,0,2025
A5078909501,Lauriane Charuel,,Hôpital Fernand-Widal,4,2,2,0,2024
A5066230391,L. Humbert,,Centre Hospitalier Universitaire de Lille,3,2,0,0,2018
A5058775005,J.-F. Wiart,,Centre Hospitalier Universitaire de Lille,3,2,0,0,2018
A5008774962,Jan M. Mathé,,Karolinska Institutet,3,2,1,0,1998
A5012704107,Michael D. Coleman,0000-0002-5510-6852,Aston University,3,2,3,0,2010
A5064384532,Sonny Mattek,0000-0001-9371-9177,,3,2,3,0,2024
A5035743451,C. Pan,0000-0001-5558-6393,,3,2,2,1,2011
A5032504269,Arlen C. Moller,0000-0003-4464-6973,Illinois Institute of Technology,3,2,0,0,2025
A5017240621,Marilan Luong,0000-0002-2587-2409,Shriners for Children Medical Center - Pasadena,3,2,0,0,2021
A5056799024,Michael J. Heffernan,0000-0002-0632-3367,Children's Hospital of New Orleans,3,2,0,0,2021
A5047633413,Selina C. Poon,0000-0001-6428-1663,Shriners for Children Medical Center - Pasadena,3,2,0,0,2021
A5080272679,Haleh Badkoobehi,,Shriners for Children Medical Center - Pasadena,3,2,0,0,2021
A5028057758,Robert H. Cho,0000-0002-5650-4182,Shriners for Children Medical Center - Pasadena,3,2,0,3,2021
A5080694061,Tzu‐yin Lin,0000-0001-6618-5157,UC Davis Comprehensive Cancer Center,8,2,0,0,2023
A5070195471,Corey Botansky,,Australian College of Applied Psychology,3,2,1,2,2022
A5012669631,Anhye Kim,0000-0002-6622-8089,CHA University Bundang Medical Center,3,2,2,0,2020
A5057182740,Henri Rozenbaum,,,4,2,4,0,1985
A5005920002,Federica Calorio,,University of Pavia,3,2,0,1,2026
A5027369782,Liang Shan,0000-0002-8833-2514,National Center for Biotechnology Information,4,2,4,0,2013
A5008494192,Brian M. Hicks,0000-0002-9528-6771,University of Michigan,3,2,3,0,2026
A5032051978,Amanda M. Price,,United States Department of Veterans Affairs,3,2,0,0,2026
A5081242632,Mark Andrew Ilgen,0000-0003-3658-029X,United States Department of Veterans Affairs,3,2,0,3,2026
A5099587678,Daniel Andrew Atad,0009-0008-9301-2065,University of Haifa,3,2,2,0,2025
A5023742645,Stuart G. Silverman,0000-0001-9461-8028,Brigham and Women's Hospital,4,2,0,0,2026
A5017596121,Ewelina Soroka,0000-0001-6909-2749,Medical University of Lublin,3,2,2,0,2021
A5092944213,Elisa Briem,0009-0007-4311-4031,Medical University of Vienna,4,2,1,0,2025
A5064522365,Peter Stöhrmann,0000-0002-7324-0414,Medical University of Vienna,4,2,0,0,2025
A5005073383,Gregor Dörl,0000-0001-5389-9804,Medical University of Vienna,4,2,1,0,2025
A5026420796,J. Sastre-Yañez,,Marqués de Valdecilla University Hospital,3,2,0,0,2023
A5000911412,Elsa Gómez-Ruíz,0009-0009-1455-1771,Marqués de Valdecilla University Hospital,3,2,0,0,2023
A5052062040,Jesús Artal-Simón,,Marqués de Valdecilla University Hospital,3,2,0,3,2023
A5000318078,Martin Plöderl,0000-0003-4659-9314,Paracelsus Medical University,8,2,3,3,2026
A5119161305,Elisa Briasco,0009-0002-0554-5774,University of Genoa,3,2,0,0,2026
A5048433473,D. Donato,,,3,2,0,0,2025
A5121442084,Matteo Leonardi,0009-0001-3930-5923,University of Milan,3,2,1,0,2026
A5087617675,Alice Frediani,,University of Milan,3,2,0,0,2025
A5071897441,Alberto Varinelli,0000-0003-0427-110X,University of Milan,4,2,0,0,2025
A5121503389,Yugang Diao,0000-0003-4509-9035,General Hospital of Shenyang Military Region,7,2,0,1,2026
A5044749244,Jason Doran,0000-0002-5501-9433,Analysis Group (United States),3,2,0,0,2025
A5020169764,N. Chen,,Janssen Research & Development (United States),3,2,0,0,2023
A5049507471,Mi Zhou,0000-0002-3238-1894,Xuzhou Central Hospital,4,2,1,0,2026
A5026960163,Bruno Falissard,0000-0002-2418-4954,Inserm,3,2,0,0,2026
A5001916042,S. Mulhern Haughey,,Janssen (Ireland),3,2,0,0,2023
A5128052645,Liwei Wang,,Xuzhou Medical College,3,2,0,0,2026
A5036502346,Christine zu Eulenburg,0000-0001-9365-5548,University Medical Center Hamburg-Eppendorf,3,2,1,0,2026
A5018873273,Lars Arvastson,,HolsboerMaschmeyer NeuroChemie (Germany),3,2,1,0,2026
A5106899272,Caren Strote,,HolsboerMaschmeyer NeuroChemie (Germany),3,2,0,0,2026
A5047021894,Savva Kerdemelidis,0000-0002-1797-1298,,4,2,4,0,2024
A5032989537,Daniel Esteves-Sousa,,Hospital de Cascais Dr José de Almeida,3,1,0,0,2021
A5033862913,João Facucho-Oliveira,0000-0003-2940-7915,Hospital de Cascais Dr José de Almeida,3,1,1,0,2021
A5076167604,Venessa Tsang,0000-0001-7583-9175,University of British Columbia Hospital,5,1,3,1,2025
A5130927963,Max Wolff,0000-0001-6896-9633,Humboldt-Universität zu Berlin,3,1,0,0,2026
A5015297036,Jeff Boissoneault,0000-0002-2268-6491,University of Minnesota System,7,1,0,0,2026
A5121906938,Lauren Harvey,,University of Florida,7,1,0,0,2026
A5047376810,Alexandra Knerr,,Johns Hopkins University,7,1,0,0,2026
A5121891541,Shelby Blaes,,University of Florida,5,1,0,0,2026
A5121886191,Morgan N. Ransom,,Freedom House,7,1,0,0,2026
A5016742627,Melissa S. Munson,0009-0009-1666-5350,University of Florida,7,1,0,0,2026
A5121890582,James P. Gilligan,,Australian Physiotherapy Association,5,1,0,0,2026
A5121900265,Michael H. Silverman,,,5,1,0,0,2026
A5121890272,Beverlee Loeser,,Australian Physiotherapy Association,7,1,0,7,2026
A5046325936,Sean Carruthers,0000-0001-9140-3494,Swinburne University of Technology,3,1,0,1,2026
A5002626705,Austen Casey,,Stanford University,3,1,1,0,2024
A5039082794,Ben Deverett,0000-0002-3119-7649,Stanford University,3,1,0,0,2026
A5092352615,Stephen Naulls,0000-0002-0278-5492,,6,1,5,1,2025
A5082354767,Sarah Bunn,0009-0006-7628-2464,,5,1,0,5,2024
A5134880758,Mathieu Seynaeve,,,4,1,0,0,2026
A5066604864,Andrew Hillstead,,Victoria University of Wellington,3,1,3,0,2017
A5135889630,Andrew Harkin,0000-0001-9734-216X,Trinity College Dublin,3,1,0,2,2026
A5103238253,Jino Park,0000-0001-5228-3880,"University of California, Irvine",4,1,2,0,2026
A5104259189,Rufus Banks,,"University of California, Irvine",4,1,0,0,2026
A5075039421,Akul Munjal,,U-M Rogel Cancer Center,3,1,1,0,2025
A5071667593,Krishna S. Hanubal,0000-0001-6825-9551,"University of California, Irvine",4,1,1,0,2026
A5051111256,Nicholas Peterson,0000-0003-4157-8119,"University of California, Irvine",3,1,0,0,2025
A5057931651,Garrett K. Harada,0000-0002-7024-3783,"University of California, Irvine",3,1,0,0,2025
A5034778954,Michael A. Hoyt,0000-0003-2274-1902,"University of California, Irvine",6,1,0,0,2026
A5103196160,Jeremy P. Harris,,"University of California, Irvine",6,1,0,5,2025
A5129204431,Jaime Rojas-Hernández,,Universidad de Las Palmas de Gran Canaria,3,1,0,0,2026
A5108541867,R. Ham,0000-0002-0744-6924,Monash University,4,1,3,0,2026
A5075608498,Karolina Masier,0009-0007-5248-7569,Centralne Laboratorium Kryminalistyczne Policji,3,1,0,0,2025
A5079466462,Martin Kršák,0000-0002-1746-7462,University of Customs and Finance,4,1,1,0,2026
A5075568411,Elie Leal de Barros Calfat,0000-0001-6223-1056,Irmandade da Santa Casa de Misericórdia de São Paulo,3,1,0,3,2016
A5123106995,Geena Fram,,Yale University,3,1,0,1,2026
A5046251977,Martijn Arns,0000-0002-0610-7613,Stanford University,3,1,1,0,2026
A5051358911,Kristýna Mazochová,,National Institute of Mental Health,3,1,0,0,2026
A5047861297,Lucie Olejníková Ladislavová,,National Institute of Mental Health,3,1,1,0,2026
A5049486527,O. Carter,,The University of Melbourne,6,1,0,2,2026
A5121174897,Gina Oliver,,Austin Health,3,1,0,0,2026
A5116308863,Cory A. Knox,,Cornell University,4,1,2,0,2026
A5130321643,Matthew Pennell,,Southern Cross University,4,1,2,0,2026
A5121806282,K. Godfrey,,Imperial College London,3,1,0,0,2026
A5024191030,Guillermo Saúl Escobar Cornejo,0000-0001-5936-3023,Catholic University of Santa María,7,1,7,0,2026
A5044413143,Luis Fernando Ramos Vargas,0000-0001-9216-7040,Catholic University of Santa María,3,1,0,3,2022
A5135947024,R. Cameron Wolf,,Substance Abuse and Mental Health Services Administration,3,1,1,0,2026
A5028656093,Bettina Bardl,0000-0001-8208-0996,Leibniz-Institut für Naturstoff-Forschung und Infektionsbiologie e. V. - Hans-Knöll-Institut (HKI),3,1,0,0,2026
A5120741183,Samuel Westenhöfer,,University of Zurich,3,1,1,0,2026
A5063899190,Barbora Provaznikova,0009-0004-4975-6711,University of Zurich,3,1,0,0,2026
A5111553871,Susanne Prinz,0009-0007-9095-8659,University of Zurich,4,1,1,0,2026
A5116405930,Karla Hitchins,,Aston University,3,1,3,0,2025
A5045522179,Erika Greaves,,Discovery Institute,5,1,0,0,2026
A5056537322,Mehmet Bostancıklıoğlu,0000-0001-7169-719X,Gaziantep University,3,1,3,0,2026
A5080888476,Piotr Siuda,0000-0002-1644-5915,Kazimierz Wielki University in Bydgoszcz,4,1,2,2,2026
A5125773110,Greg Jones,,National Institute of Mental Health,5,1,0,0,2026
A5014660529,Yasmeen Nahas,0009-0006-7312-5375,University of Chicago,3,1,0,0,2026
A5005221962,Lydia C. Marks,0000-0002-7270-2680,Allen Institute,4,1,0,0,2026
A5091396962,Leslie D. Claar,0000-0002-4030-9171,Allen Institute,3,1,0,0,2026
A5094123966,Parsa Seyfourian,0000-0003-0744-3886,University of British Columbia,3,1,2,0,2026
A5084822308,Christof Koch,0000-0001-6482-8067,Allen Institute,4,1,0,0,2026
A5008918526,Irene Rembado,0000-0001-7121-4442,Allen Institute,4,1,0,3,2026
A5011434702,Fabiane Dörr,0000-0002-6077-1814,Universidade de São Paulo,3,1,0,0,2026
A5118996663,Bianca Villanova,,Universidade de São Paulo,4,1,1,0,2026
A5126283858,Caio Cesar de Paula,0000-0001-8830-3089,Universidade de São Paulo,5,1,2,0,2026
A5083222535,Sara Penedos,,Hospital de São Bernardo,3,1,3,0,2022
A5040643475,Inês Fonseca,0000-0001-6777-069X,Hospital de São Bernardo,3,1,0,0,2022
A5083355508,Ana Margarida Romão Franco,0000-0002-2035-0599,Hospital de São Bernardo,3,1,0,0,2022
A5110752961,Luís Madruga,,Hospital de São Bernardo,3,1,0,0,2022
A5008844555,Adam Blackman,0000-0003-0467-040X,University of Toronto,4,1,0,1,2026
A5120500161,Valentyne Sobolenko,0009-0001-9574-4648,Centre for Addiction and Mental Health,5,1,0,0,2026
A5120355300,Ismail Kaan Kanca,,Canadian Armed Forces,3,1,0,0,2026
A5070812247,Tatiana Son,0000-0003-0351-8596,Queen's University,3,1,0,0,2026
A5126008050,Norman Farb,,McMaster University,3,1,0,0,2026
A5011646428,Ana Paula Silva Campagnoli,,Ambiente Italia (Italy),4,1,4,0,2025
A5123504751,Jason B. Luoma,,University of Portland,4,1,1,2,2026
A5050891431,­Human‐Friedrich Unterrainer,0000-0002-4815-0214,Sigmund Freud Privatuniversität Wien,3,1,2,1,2026
A5135115493,Erin Mauney,,Tufts Medical Center,4,1,2,0,2026
A5002307470,Juliana Zambrano,0000-0001-5856-3891,Harvard University,5,1,1,0,2026
A5036831540,Anna Nowakowska,0000-0003-4016-1522,,4,1,0,0,2024
A5110391116,H. Clifton Simmons,0009-0000-5738-5771,,3,1,0,0,2023
A5016439728,Jan Schepers,0000-0002-6511-7651,Maastricht University,3,1,0,0,2026
A5049310595,Romain Hacquet,0009-0004-9232-7613,Centre National de la Recherche Scientifique,4,1,2,0,2026
A5056763663,Terri D’Arrigo,,,23,1,22,1,2026
A5121825082,Richard G. Alexander,,Utrecht University,7,1,7,0,2025
A5000680309,Carlos Suárez,0000-0002-8309-1053,,3,1,3,0,2015
A5046603521,Patrick A. McConnell,0000-0002-6367-7065,"University of California, San Francisco",6,1,2,1,2026
A5147698385,Will Alexander Lucas,,,3,1,0,0,2026
A5047754636,Sean M. Mitchell,0000-0002-3729-7368,Texas Tech University,3,1,0,0,2025
A5067642172,Jason Van Allen,0000-0002-9228-3815,Texas Tech University,3,1,0,0,2025
A5062744880,L. Silva,0000-0003-3411-2484,Centro Hospitalar do Baixo Vouga,3,1,2,0,2025
A5057022807,Sara McCrimmon,0000-0001-5286-5864,,3,1,1,0,2026
A5144242512,Christopher S. Stauffer,,United States Department of Veterans Affairs,3,1,0,1,2026
A5066760936,Steve Chaplin,,,4,1,4,0,2024
A5007157777,C. Poppe,,German Broadcasting Archive,3,1,1,0,2026
A5055422374,Audrius Sveikata,,,4,1,0,2,2017
A5035917827,Cassidy R. LoParco,0000-0003-4206-4179,George Washington University,7,1,3,0,2026
A5070971486,Christian Valtierra,,"University of California, San Francisco",4,1,0,0,2026
A5133316789,Jennifer Mitchell,,"University of California, San Francisco",4,1,0,3,2026
A5026734379,Elmira Zolali,0000-0003-3812-7755,Texas Tech University Health Sciences Center,3,1,2,0,2026
A5054505008,Samuel Obeng,0000-0002-9644-0750,Texas Tech University Health Sciences Center,3,1,0,3,2026
A5106276109,Guilherme Lodetti,0000-0002-1475-4554,Universidade do Extremo Sul Catarinense,3,1,3,0,2026
A5004754441,Gislaine Z. Réus,0000-0001-6073-0855,Universidade do Extremo Sul Catarinense,3,1,0,0,2026
A5023983878,Scheila Cristina Biazatti,0000-0001-5017-9780,Universidade Federal de Rondônia,4,1,2,0,2026
A5066227846,Filippo Dellanoce,0000-0001-7854-8664,Université Côte d'Azur,3,1,3,0,2026
A5015353144,Bo Jarrett Wood,0000-0002-3893-260X,Louisiana State University,6,1,2,1,2026
A5118649899,Jaxon Laramie,,University of Windsor,3,1,0,0,2026
A5016479297,John J. Hayward,0000-0002-7502-7780,University of Windsor,3,1,0,0,2026
A5084749585,Karen Peoples,0000-0002-5823-3216,Psychoanalytic Institute of Northern California,3,1,3,0,2025
A5044358874,Amanda Vicentini,0000-0002-8852-8592,Pontifícia Universidade Católica do Paraná,3,1,3,0,2026
A5026154433,Robert Bozsak,0000-0003-3943-8563,University Hospital of Bern,4,1,0,0,2026
A5016495145,Hasan Sari,0000-0002-1504-1767,University Hospital of Bern,3,1,0,0,2026
A5118589543,Michael J. Winkelman,,Arizona State University,4,1,3,0,2026
A5038174450,Katie Kingwell,0000-0003-2785-990X,,3,1,3,0,2026
A5117354249,Charmaine Husum,,,3,1,3,0,2025
A5048218719,Olivier Simon,0000-0002-0407-6200,Centre Hospitalier Universitaire Vaudois,4,1,0,0,2021
A5120573173,Mickael Eskinazi,,University of Geneva,3,1,1,0,2026
A5093961847,Dominic Sisti,,University of Pennsylvania,3,1,1,1,2026
A5058351427,Ricardo Monteles,,,3,1,3,0,2020
A5001325659,Hiba Mutwalli,0000-0001-9267-6283,King's College London,3,1,2,0,2025
A5029227309,Lena Erdmann,,,5,1,2,0,2026
A5126812565,Josephine Jörke,,,5,1,3,0,2026
A5137307005,Michael A. Rapp,0000-0003-0106-966X,,3,1,0,1,2026
A5007132609,Jesse J. Norris,0000-0002-0326-9668,SUNY Fredonia,4,1,3,0,2026
A5017612086,D. Jorgenson,,University of Iowa,3,1,3,0,2026
A5033255564,Eliezer Santos León,,University of Iowa,3,1,0,0,2026
A5030244610,J. Priyanka Vakkalanka,0000-0002-6419-3433,University of Iowa,3,1,0,0,2026
A5070506970,Sydney Krispin,,University of Iowa,3,1,0,0,2026
A5008700238,Paul Grof,0000-0001-5450-1300,University of Toronto,3,1,2,0,2026
A5040798501,Aza Kader,,Swedish Species Information Centre,3,1,0,0,2026
A5128112378,Pardeep Singh Jagpal,,Washington Poison Center,3,1,0,0,2026
A5042983433,Tara Arif,,Washington Poison Center,3,1,0,0,2026
A5027870385,Miguel Trigo,0000-0002-7279-8379,Algarve Biomedical Center,3,1,1,0,2022
A5084648914,Katie O’Connor,0000-0003-3052-8300,,4,1,4,0,2024
A5074854803,Danielle L. Kurtin,0000-0001-5368-6737,Imperial College London,4,1,0,0,2026
A5137331404,Diane Ndisebuye,,George Washington University,3,1,0,0,2026
A5020158703,Linda M. Richmond,,,7,1,7,0,2026
A5007286402,Roth B.L,,University of North Carolina at Chapel Hill,7,1,3,1,2024
A5075573953,Sebastian Ehmann,0000-0002-9429-7647,Harvard University,4,1,4,0,2026
A5137359273,Kaya Genc,0009-0001-3349-1999,University of Technology Sydney,11,1,9,1,2026
A5137324784,Silas Njiru John,0009-0009-8498-1865,Jomo Kenyatta University of Agriculture and Technology,11,1,1,4,2026
A5056533537,James Franciscus Barkell,0000-0002-8245-7447,The University of Sydney,10,1,1,5,2026
A5114152038,Darcey M. McCready,0009-0007-3632-273X,George Washington University,4,1,0,0,2026
A5062643422,Sigit Kirana Lintang Bhima,,,3,1,0,0,2015
A5041391820,Tuntas Dhanardhono,,,3,1,0,3,2015
A5081689244,Madeline Victore Stein,,,4,1,3,0,2026
A5085363525,SD Brandt,,,4,1,4,0,2019
A5054104190,Kudrin An,,,3,1,0,3,1983
A5056525746,Stoliarov Gv,,,3,1,1,2,1966
A5109978497,Jacques Ruffié,,,3,1,3,0,1972
A5028444742,Pierre Colombies,,,4,1,0,0,1972
A5111467957,Jean J Grozdea,,,3,1,1,2,1972
A5017668935,Nancy E. Cobb,,University of Illinois Urbana-Champaign,3,1,0,3,1975
A5032806224,Dalibor Karlović,0000-0001-6538-7240,University Hospital Centre Zagreb,4,1,0,1,2022
A5062797702,MOCHIHIKO SHIMAMINE,,,6,1,2,0,1990
A5041045423,Kazuo Takahashi,0000-0002-5774-4620,,5,1,0,3,1989
A5010786255,Maria Ángeles Martínez-Caballero,0009-0005-9199-7655,Universitat de València,3,1,0,0,2022
A5082480328,Cynthia E. Franklin,,University of the Incarnate Word,3,1,1,0,2020
A5021461400,Yolanda Rangel,,The University of Texas at San Antonio Health Science Center,3,1,0,0,2020
A5032958022,Helmut B. Gottlieb,,University of the Incarnate Word,3,1,1,2,2019
A5113552122,LM Kutrzeba,,University of Mississippi,3,1,3,0,2009
A5103436541,FE Dayan,,Agricultural Research Service,3,1,0,2,2009
A5105820211,K. Van Der Heijden,,Leiden University Medical Center,3,1,2,0,2026
A5085499849,Helen Poulsen,0000-0002-8877-3109,New Zealand Institute for Public Health and Forensic Science,3,1,0,3,2026
A5088625283,Oyedayo Phillips Akano,0000-0002-9547-3526,Olabisi Onabanjo University,3,1,1,1,2026
A5080810038,S. Fuit,,Utrecht University,3,1,3,0,2017
A5027320550,Matéi Marinescu,,,4,1,0,4,2017
A5047192826,Susana Bustos,,,3,1,2,1,2014
A5100687681,Liu Y,0000-0002-0994-0109,Shanghai Jiao Tong University,3,1,0,0,2026
A5101458079,Takao Shimizu,0000-0002-9079-1357,Kagoshima University,3,1,2,0,1996
A5039487853,A M Verweij,,,3,1,3,0,1996
A5124071564,Hong Shan,0000-0003-3572-8774,Chinese Academy of Sciences,3,1,0,0,2026
A5059628009,Valdo Ricca,0000-0002-9291-2124,University of Florence,3,1,0,0,2025
A5075530915,Tanasiri Yokchue,,,3,1,3,0,2016
A5087063487,Aleksandr Y. Chudak,0000-0001-6983-0713,,3,1,2,1,2022
A5077122240,Danica Pospíchalová,,T. G. Masaryk Water Research Institute,3,1,0,0,2025
A5005600050,Giovanni Montà-González,0000-0002-0739-9937,Universitat de València,3,1,2,0,2026
A5007299448,Estela Climent,0000-0002-6128-1235,Universitat de València,3,1,0,0,2026
A5120811606,Sritanvi Potukanuma,0009-0005-9337-3889,Virginia Commonwealth University,3,1,0,0,2026
A5048646754,Daniel Pasin,0000-0002-5037-7290,University of Technology Sydney,3,1,0,1,2026
A5073192071,Antoine Léquipar,0009-0000-4847-4844,Hôpital Lariboisière,3,1,2,0,2023
A5060525558,Nathan El Bèze,0000-0001-9702-8090,Hôpital Lariboisière,3,1,1,0,2023
A5092912087,Paul Guiraud-Chaumeil,,Hôpital Lariboisière,3,1,0,0,2023
A5061074927,P. Henry,0000-0003-4563-3242,Hôpital Lariboisière,4,1,0,1,2023
A5085246445,Cédric Priez-Barallon,,,3,1,0,0,2026
A5053602514,Camille Chatenay,,,5,1,0,2,2026
A5111126499,IA Khan,,University of Mississippi,5,1,0,2,2016
A5062201047,Sevag Chenorhokian,,,3,1,1,0,2025
A5027021273,John R. Atack,0000-0002-3410-791X,Cardiff University,3,1,0,0,2026
A5110524835,B. Dell’Osso,,Luigi Sacco Hospital,4,1,0,2,2026
A5151231402,Sebastián Malleza,,,14,1,14,0,2025
A5029776053,Stéphanie Pain,0000-0002-7499-0401,Inserm,3,1,0,0,2024
A5058086275,Orrin D. Ware,0000-0002-3269-5324,University of North Carolina at Chapel Hill,3,1,1,2,2026
A5023673789,Leanne M. Hides,0000-0002-4550-8460,The University of Queensland,6,1,0,4,2026
A5029022215,Subhajit Chakravorty,0000-0001-5225-3489,Philadelphia VA Medical Center,3,1,0,0,2025
A5081762691,William D. S. Killgore,0000-0002-5328-0208,University of Arizona,3,1,0,0,2025
A5042035523,Michael A. Grandner,0000-0002-4626-754X,University of Arizona,4,1,0,4,2025
A5015927423,Ekaterina Shatalina,0000-0001-8900-0792,King's College London,3,1,0,0,2026
A5064307399,Marc Alan Schuckit,0000-0002-2323-7858,University of California San Diego,5,1,5,0,2000
A5021913455,Júlio Licinio,0000-0001-6905-5884,,3,1,3,0,2025
A5033479825,Bente Lubahn,,Humboldt-Universität zu Berlin,4,1,2,0,2026
A5124083010,Ebru Kaya,,Humboldt-Universität zu Berlin,4,1,1,1,2026
A5093451308,Marián Škorik,0009-0009-8181-0606,Matej Bel University,3,1,3,0,2026
A5033966391,Martin Pupiš,0000-0002-1563-9531,Matej Bel University,3,1,0,0,2026
A5112303299,B.Kevin Park,,University of Liverpool,3,1,0,0,2019
A5088004138,InKi Sohn,0000-0002-5724-5901,,3,1,2,0,2025
A5085715341,Colin Bredenberg,0000-0002-9749-9228,Mila - Quebec Artificial Intelligence Institute,8,1,8,0,2026
A5061819950,Fabrice Normandin,,Mila - Quebec Artificial Intelligence Institute,8,1,0,0,2026
A5004133705,Blake A. Richards,0000-0001-9662-2151,Mila - Quebec Artificial Intelligence Institute,4,1,0,0,2025
A5043037494,Guillaume Lajoie,0000-0003-2730-7291,Mila - Quebec Artificial Intelligence Institute,8,1,0,8,2026
A5011732749,Vanessa Choi Yin Wong,0000-0003-1423-3457,University of British Columbia,3,1,3,0,2023
A5057547255,Jill Osborn,0000-0003-2706-6475,Providence Health Care,3,1,0,1,2023
A5059596479,Vishal P. Varshney,0000-0001-7094-6158,Providence Health Care,3,1,0,2,2023
A5034824332,Kristine Chobanyan-Jürgens,0000-0002-9118-9464,Heidelberg University,4,1,1,0,2026
A5072101703,Victoria C. Ziesenitz,0000-0003-2836-4212,Heidelberg University,3,1,2,1,2024
A5029690195,Oluwole Isaac Adeyemi,0000-0001-6827-5164,,3,1,0,0,2019
A5044500239,Wendy Kline,0000-0002-0200-8298,,3,1,3,0,2023
A5061898103,Jan Benda,0000-0002-5333-7294,,3,1,3,0,2024
A5049691979,Durodoluwa Joseph Oyedele,0000-0002-6079-5867,Obafemi Awolowo University,3,1,0,0,2025
A5054235839,Jessica L. Davis,0000-0002-3179-0098,Indiana University School of Medicine,7,1,0,0,2023
A5120966818,Ngo Cheung,0009-0005-3481-893X,,9,1,9,0,2026
A5088973107,Angelo Ceci,0009-0003-9018-2329,Boehringer Ingelheim (Germany),3,1,1,1,2022
A5088738771,Eva J. Oswald,0009-0004-0888-0978,Charles River Laboratories (Germany),3,1,0,0,2023
A5016088356,Kanstantsin Lashuk,0009-0005-0818-0661,Charles River Laboratories (Germany),3,1,1,0,2023
A5110357998,Julia B. Schüler,0000-0003-1984-7343,Charles River Laboratories (Germany),3,1,0,3,2023
A5004332467,Gary Clark,,,4,1,4,0,2024
A5027134730,Michelle S. Hirsch,0000-0002-8767-8564,Brigham and Women's Hospital,3,1,0,0,2026
A5116501742,Joost van Mechelen,0000-0001-6686-9727,Centre for Human Drug Research,3,1,2,0,2026
A5031062370,Amy L. Gillespie,0000-0003-4640-699X,University of Oxford,3,1,1,0,2026
A5108470681,Martijn S. van Noorden,0000-0003-4156-4112,Leiden University Medical Center,4,1,0,0,2026
A5077327508,Samuel Pironon,0000-0002-8937-7626,UN Environment Programme World Conservation Monitoring Centre,3,1,3,0,2024
A5028336217,Ian Ondo,0000-0001-7816-5882,UN Environment Programme World Conservation Monitoring Centre,3,1,0,0,2024
A5029344195,Mauricio Diazgranados,0000-0003-0448-5706,"Royal Botanic Gardens, Kew",3,1,0,0,2024
A5035018854,Robert Allkinꝉ,0000-0003-2107-4036,"Royal Botanic Gardens, Kew",3,1,0,0,2024
A5000422391,Andrea C. Baquero,0000-0002-2215-9149,UN Environment Programme World Conservation Monitoring Centre,3,1,0,0,2024
A5057608151,Rodrigo Cámara‐Leret,0000-0001-7705-0602,University of Zurich,3,1,0,0,2024
A5070420553,Cátia Canteiro,0000-0001-6588-4773,"Royal Botanic Gardens, Kew",3,1,0,0,2024
A5058101185,Zoe Dennehy-Carr,0000-0002-8054-0255,"Royal Botanic Gardens, Kew",3,1,0,0,2024
A5053139448,Rafaël Govaerts,0000-0003-2991-5282,"Royal Botanic Gardens, Kew",3,1,0,0,2024
A5055363246,Serene Hargreaves,0000-0002-7058-9901,"Royal Botanic Gardens, Kew",3,1,0,0,2024
A5093735193,Roel Lemmens,0009-0002-9963-5251,Wageningen University & Research,3,1,0,0,2024
A5019839056,William Milliken,0000-0002-3926-6661,"Royal Botanic Gardens, Kew",3,1,0,0,2024
A5009646179,Mark Nesbitt,0000-0002-9588-4296,"Royal Botanic Gardens, Kew",3,1,0,0,2024
A5078613893,Kristina Patmore,0000-0001-7497-9782,"Royal Botanic Gardens, Kew",3,1,0,0,2024
A5037190932,G. H. Schmelzer,0009-0002-2353-5318,Wageningen University & Research,3,1,0,0,2024
A5113165120,Rob M. Turner,,"Royal Botanic Gardens, Kew",3,1,0,0,2024
A5078603383,Tinde R van Andel,0000-0002-4951-1894,Naturalis Biodiversity Center,3,1,0,0,2024
A5046389104,Tiziana Ulian,0000-0001-8298-256X,"Royal Botanic Gardens, Kew",3,1,0,0,2024
A5101327262,Alexander Antonelli,,"Royal Botanic Gardens, Kew",3,1,0,0,2024
A5049719217,José Luis Díaz Palencia,0000-0002-4677-0970,Universidad a Distancia de Madrid,3,1,3,0,2026
A5122085971,Yi-Ya Fang,,Kaohsiung Medical University,3,1,0,0,2026
A5051651052,Ana Weidenauer,0000-0003-1210-7617,Medical University of Vienna,4,1,0,0,2026
A5039218833,Clemens Schmidt,0000-0003-3138-6869,Medical University of Vienna,5,1,1,0,2025
A5115564602,M.A. Madrazo-Maza,,Hospital de Basurto,7,1,0,3,2026
A5047411083,Dominik Ivkic,,Medical University of Vienna,3,1,0,0,2026
A5055701260,Lutz Reinfried,,Medical University of Vienna,3,1,0,0,2026
A5018021326,Patricia Anna Handschuh,0000-0003-3524-3646,Medical University of Vienna,3,1,1,0,2026
A5080661747,Bruno Carabelli,0000-0001-5460-8597,Uniformed Services University of the Health Sciences,3,1,2,0,2026
A5039406472,Lydia Gayubo Moreo,,Hospital Universitario Puerta de Hierro Majadahonda,3,1,0,0,2025
A5002926748,E. Gaudre Wattinne,,Janssen (France),4,1,1,3,2023
A5110417465,Bernhard T. Baune,,The University of Melbourne,4,1,0,0,2026
A5023762236,Xiaoyu Chen,0000-0001-5785-198X,Guangzhou Medical University,3,1,0,0,2025
A5115564601,D. Nuñez-Arias,,Complejo Hospitalario Universitario de Ferrol,6,1,0,0,2026
A5121805249,Michele Prato,0009-0009-6525-8815,Vita-Salute San Raffaele University,3,1,2,0,2026
A5102797143,Hao Guo,0000-0002-6547-5686,Hubei University of Medicine,3,1,0,0,2026
A5100638438,Ran Ran,0000-0001-6548-1632,Hubei University of Medicine,3,1,0,3,2026
A5041617662,Ayşe Elif Anil Yağcioğlu,0000-0002-3269-150X,Hacettepe University,4,1,0,0,2026
A5077000480,Lars Häggström,,South London and Maudsley NHS Foundation Trust,7,1,0,0,2026
A5106799651,Mario Pinzi,0009-0003-4229-8714,University of Siena,4,1,1,0,2026
A5078323387,V. Rosello-Molina,,Hospital de La Ribera,6,1,1,0,2026
A5117476569,Michael Alvear,,,4,1,4,0,2025
A5101401503,An Xie,0000-0002-8806-1662,,3,1,3,0,2025
A5052980724,Jason A. Webb,0000-0003-4048-9499,Oregon Health & Science University,3,1,0,1,2026
A5046417716,Alessandra Costanza,0000-0001-6387-6462,University of Geneva,3,1,0,0,2026
A5124088023,Li-na Xu,,First Affiliated Hospital of Soochow University,3,1,0,0,2026
A5115510680,Ling-Yu Kuai,,Soochow University,3,1,0,0,2026
A5124179621,Wen-hu Gui,,Soochow University,4,1,0,0,2026
A5124059434,Jun Lv,,First Affiliated Hospital of Soochow University,3,1,0,0,2026
A5113363155,Shiven Chaudhry,,University of Arizona,3,0,1,0,2026
A5125036424,M. Kati Lear,,Williams (United States),3,0,0,1,2026
A5065669141,Vasileios Chytas,0000-0002-1897-3578,University Hospital of Geneva,3,0,1,1,2026
A5098758615,Albert Buchard,,Geneva College,5,0,0,0,2025
A5116852081,Tatiana Aboulafia Brakha,0000-0001-6878-4276,University Hospital of Geneva,5,0,0,3,2025
A5123768609,Jesse Dallery,,University of Florida,6,0,6,0,2026
A5124399406,Jennifer L. Miller,,University of Florida,6,0,0,0,2026
A5124376997,Lindsey Ives,,Florida State University,6,0,0,0,2026
A5140561364,Nils Hörnqvist,0009-0008-4533-7498,Uppsala University,3,0,3,0,2026
A5136302279,Octavian Brinzei,0009-0001-5710-1502,QIMR Berghofer Medical Research Institute,10,0,10,0,2026
A5112813064,Roger S. McIntyre,,University of Toronto,3,0,0,0,2025
A5124057465,Virginie Audet-Croteau,,Centre National des Soins Palliatifs et de la Fin de Vie,3,0,0,0,2026
A5098750292,Jason Robert Guertin,,Université Laval,3,0,0,3,2026
A5033459576,Jeffrey Overall,0000-0001-8777-2975,College of Metaphysical Studies,3,0,3,0,2026
A5136932770,Chérine Elhssaini,,Université Paris Cité,3,0,0,0,2026
A5113777426,Dave Nichols,,Purdue University West Lafayette,3,0,3,0,2021
A5121784252,K. Aleksič,,National Institute of Mental Health,3,0,1,0,2026
A5138998674,Vincent Joralemon,0009-0007-6115-7836,Lawrence Berkeley National Laboratory,8,0,7,1,2026
A5117363012,Charmaine Husum,,,14,0,14,0,2025
A5133705726,Alexander Bryson,,Florey Institute of Neuroscience and Mental Health,5,0,1,0,2026
A5130669066,David Berlowitz,,Institute for Breathing and Sleep,4,0,0,0,2026
A5130354031,James Rucker,,South London and Maudsley NHS Foundation Trust,4,0,0,1,2026
A5133665971,Matthew Butler,,King's College London,3,0,0,0,2026
A5124893278,Samuel Seymour,,,4,0,4,0,2026
A5136278242,Schüller Thomas,0009-0003-9799-6747,,14,0,14,0,2026
A5016801703,Vanessa Bibliowicz,0009-0005-3456-3842,Optym (United States),10,0,10,0,2026
A5140251954,Sascha Mayr,,Kantar Health (United States),4,0,4,0,2026
A5013363653,Anthony W. Eckert,,,4,0,4,0,2026
A5117760189,Tobias Erny,,Clifton Hospital,3,0,2,1,2026
A5012160982,Eva‐Lotta Brakemeier,0000-0001-9589-3697,Universität Greifswald,3,0,0,0,2026
A5062300821,Laurie Cazorla,,Geneva College,4,0,4,0,2025
A5136129964,Michael Alvear,0009-0003-3845-418X,,17,0,17,0,2026
A5091908813,Jessi Humphreys,0000-0002-5067-5212,Tibor Rubin VA Medical Center,4,0,3,0,2026
A5137601177,Irina Dell'Orto,,,3,0,3,0,2026
A5133388591,University Medical Center Groningen,,,6,0,6,0,2025
A5031703338,Jared Worchel,,"University of Nevada, Reno",3,0,1,0,2026
A5085143294,Anna C. Renner,0000-0003-4971-9609,North Dakota State University,8,0,8,0,2026
A5130798972,James Phelps,,,9,0,9,0,2023
A5000748403,Louise Horstmanshof,0000-0002-0749-1231,Southern Cross University,3,0,0,2,2026
A5134024331,Michael Palmieri,0009-0009-9992-7204,New York City Fire Department,3,0,3,0,2026
A5125294442,Ian Roullier,,Multidisciplinary Association for Psychedelic Studies,4,0,0,2,2026
A5130117010,W. J. Cubała,,Gdańsk Medical University,3,0,0,3,2026
A5085276501,Adelaide Wilcox King,,University of Virginia,4,0,4,0,2026
A5111251885,Allison Elias,,University of Virginia,3,0,0,0,2026
A5017858288,Rita Barreto de Sales Oliveira,0000-0002-3640-2322,,9,0,9,0,2023
A5053936076,Steven Dubovsky,,,5,0,5,0,2020
A5134570961,Ellen Bradley,,San Francisco VA Medical Center,4,0,1,0,2026
A5146598183,Philip Kagalovsky,0009-0008-3558-3097,,4,0,4,0,2026
A5048347667,Evan Forth,0000-0002-4284-0249,,3,0,0,0,2026
A5126297283,S. Subramanian,,,3,0,3,0,2026
A5126287608,T.R. Reneau,,,3,0,0,0,2026
A5126335911,D. Perry,,,3,0,0,0,2026
A5119077083,Samuel Hosford,,Texas Tech University,3,0,1,0,2025
A5071973156,Heather Austin-Robillard,0009-0008-1327-9326,Texas Tech University,3,0,0,3,2025
A5128325680,Daniel Rosehill,,Prompt (Canada),20,0,20,0,2026
A5136097124,Gemini 3.1 (Flash),,Google (United States),4,0,0,0,2026
A5128778162,Chatterbox TTS,,Renewable Energy Systems (United States),20,0,0,20,2026
A5147779147,Gabriella Gatto,,,4,0,2,0,2026
A5119757980,Will Lucas,,"University of California, San Francisco",6,0,0,0,2026
A5011493736,Angelica Spata,,California State Polytechnic University,5,0,2,0,2026
A5042433434,Dirk Trauner,0000-0002-6782-6056,,4,0,4,0,2024
A5128825697,Ryan Cook,0000-0001-8754-995X,Oregon Health & Science University,3,0,0,0,2026
A5079369039,Mattha Busby,,,3,0,3,0,2026
A5083002362,Robenilson Diniz Alves,,Estácio (Brazil),3,0,3,0,2022
A5085665586,Epifanio Fernandes da Silva,,Universidade Potiguar,3,0,0,0,2022
A5091865766,Maria Loyse da Silva Fernandes,,,3,0,0,0,2022
A5040791301,José Jorde Canuto da Silva,,Universidade Estadual da Paraíba,3,0,0,1,2022
A5071777463,Ethan Klukas,0000-0002-1951-2204,University of British Columbia,3,0,2,0,2026
A5123613984,Tripdatabase,,Triphase (Belgium),4,0,4,0,2026
A5045257808,Huiqiong Deng,0000-0001-9822-2856,Stanford Medicine,3,0,2,0,2026
A5120505004,Georgia Ioakimidis-MacDougall,0009-0006-5229-265X,Australian Regenerative Medicine Institute,3,0,3,0,2026
A5130749380,David A. Gorelick,,,3,0,3,0,2025
A5125592987,Davis Carter,,"Institute of Materials, Minerals and Mining",4,0,1,0,2026
A5079553558,Daniel Pankowski,0000-0001-7667-5803,VIZJA University,3,0,0,0,2026
A5021891631,Azeezat Azeez,0000-0003-3145-5684,Stanford University,3,0,0,0,2026
A5040701048,Ilia A. Guzei,0000-0003-1976-7386,University of Wisconsin–Madison,3,0,0,0,2026
A5080599258,Rosaria Furnari,0000-0002-0746-230X,University of Catania,3,0,0,0,2024
A5119340228,Nina Kleditzsch,,University of Copenhagen,4,0,3,0,2025
A5119340229,J Hendey,,The University of Melbourne,3,0,0,0,2026
A5123953068,Sonya Faber,,University of Ottawa,3,0,0,0,2027
A5136123407,Monnica Williams,,University of Ottawa,4,0,0,1,2027
A5123153887,Kristian Larsen,,,6,0,6,0,2026
A5105369889,J.E. Ortega,,University of the Basque Country,3,0,0,3,2026
A5135001043,Ian Reardon,0009-0002-0940-5584,California University of Pennsylvania,3,0,0,2,2026
A5138938859,Michael Fine,,,4,0,0,1,2026
A5126400648,Nicole Leite Galvão-Coelho,,Universidade Federal do Rio Grande do Norte,3,0,0,1,2026
A5119941994,Octavian Brinzei,0009-0001-5710-1502,,3,0,3,0,2026
A5127461602,Leonid Ivanov,,,5,0,0,4,2017
A5049624115,Matthew E. Rossheim,0000-0003-4388-5251,University of North Texas,4,0,0,0,2026
A5002943149,Ruslan Rust,0000-0003-3376-3453,University of Southern California,4,0,4,0,2026
A5133473359,Elliot Allan,,Timber Institute,7,0,7,0,2026
A5119026390,Solène Maeder,,University of Fribourg,3,0,3,0,2025
A5058730660,Janaína Alexandra Capistrano da Costa,,,3,0,3,0,2017
A5132809278,Juan Moises de la Serna,,,9,0,9,0,2026
A5102662758,Hannah B Yoo,,Texas Tech University,3,0,0,0,2024
A5078519377,Ben Beaglehole,0000-0002-9521-1745,University of Otago,3,0,1,1,2026
A5012537023,Luciano Cascione,0000-0002-4606-0637,Università della Svizzera italiana,3,0,0,0,2026
A5081353815,Peter Hess,,,3,0,3,0,2023
A5021691141,Thalyta Mariany Rêgo Lopes Ueno,0000-0002-3991-7022,Anadolu University,3,0,1,0,2024
A5059055075,Marisa Melo de Souza,0000-0001-6119-3721,Anadolu University,3,0,2,0,2024
A5043201280,Alex Martins,0000-0001-9657-2852,Anadolu University,3,0,0,3,2024
A5135527231,Josephine Marschall,,,4,0,1,2,2026
A5120933120,Zen Revista,0009-0007-6299-2008,,4,0,4,0,2026
A5040682292,Jaroslav Hlinka,0000-0003-1402-1470,Czech Academy of Sciences,4,0,0,1,2026
A5023201531,Carlos Henrique Marchiori,0000-0002-6800-7597,Fundação de Apoio a Pesquisa do Estado de Goiás,4,0,1,0,2026
A5108942518,Marco Vinícios de Oliveira Santana,,Fundação de Apoio a Pesquisa do Estado de Goiás,4,0,3,0,2026
A5137968156,Saeid Ghiasi,,,4,0,4,0,2026
A5048066829,Tarryl Janik,,,5,0,5,0,2026
A5056262418,Matheus Moura Silva,0000-0001-9729-4073,Universidade Federal de Goiás,9,0,9,0,2025
A5124116500,Mersedeh Shamsedin,,,4,0,4,0,2026
A5140023124,T Wagner,0009-0005-4929-6601,University of Pennsylvania,3,0,3,0,2026
A5066487282,Gaetano Lardieri,0000-0002-8745-9142,Oasis of Hope Hospital,4,0,0,1,2026
A5139970488,KD Adams,,MediaTek (China),3,0,0,1,2026
A5102581943,Sai Jayakumar,,Stanford Medicine,3,0,3,0,2026
A5120060763,Jacques Suspène,,École Normale Supérieure - PSL,3,0,3,0,2025
A5102846988,Patrick Baril,0000-0001-8290-9899,Centre National de la Recherche Scientifique,3,0,0,0,2025
A5075690711,Séverine Morisset‐Lopez,0000-0002-9930-7824,Centre National de la Recherche Scientifique,3,0,0,0,2025
A5044918792,Carolina Aparecida de Faria Almeida,0000-0002-1231-2496,Universidade Federal de Alfenas,3,0,2,0,2025
A5113999896,M.K. Madsen,,Copenhagen University Hospital,5,0,0,1,2026
A5133175525,Nikita Sanati Morel,,University of Copenhagen,5,0,5,0,2026
A5133939737,Dea Siggaard Stenbaek,,University of Copenhagen,4,0,0,0,2026
A5133929414,Johan Lundberg,,Stockholm Health Care Services,5,0,0,0,2026
A5009573516,Giselle Mânica,,,3,0,3,0,2020
A5062024099,Kamil Jurowski,0000-0003-0310-2849,University of Rzeszów,3,0,3,0,2026
A5092680358,Damian Kobylarz,0009-0001-2731-4152,,3,0,0,0,2026
A5135363127,Ricardo Jorge Dinis-Oliveira,,,3,0,0,0,2026
A5135288359,Áurea Madureira-Carvalho,,Cooperativa de Ensino Superior Politécnico e Universitário,3,0,0,1,2026
A5120895468,C.S. Tarpley,,Clearside Biomedical (United States),7,0,7,0,2026
A5123559187,ClearBridge Policy & Ethics Consortium,,Clearside Biomedical (United States),6,0,0,6,2026
A5135941061,Ana Perez-Castillo,,Biomedical Research Networking Center on Neurodegenerative Diseases,3,0,0,0,2026
A5084682238,Johnny Ryan,,University of Northampton,5,0,2,0,2017
A5046155205,Lesley-Ann Smith,0000-0002-5084-117X,University of Northampton,5,0,3,2,2017
A5133536528,Henrique Redivo,,Universidade do Extremo Sul Catarinense,3,0,0,0,2026
A5111279767,Amanda Gomes Teixeira,,Universidade do Extremo Sul Catarinense,3,0,0,0,2026
A5114465208,Benedetta Barzon,0009-0008-9046-6424,University of Padua,3,0,0,0,2026
A5092171055,Sara Tidei,,University of Padua,3,0,0,0,2025
A5121799276,C.L. Ellis,,King's College London,3,0,0,0,2026
A5121759661,N. Khalil,,King's College London,3,0,0,0,2026
A5121833749,F. Moruzzi,,King's College London,3,0,0,0,2026
A5121832208,D.G.M. Murphy,,King's College London,3,0,0,0,2026
A5121782292,G.M. McAlonan,,King's College London,3,0,0,2,2026
A5065836381,Fernanda Palhano Xavier de Fontes,,,3,0,2,0,2017
A5121809251,D. Luethi,,University Hospital of Basel,3,0,0,0,2026
A5056246155,Alan K. Davis,,Johns Hopkins University,3,0,0,1,2026
A5134878981,Alexia Walker,,,3,0,3,0,2026
A5128083541,Andrea Vittorini,,,4,0,4,0,2026
A5136862907,Andrew Stewart Caldin,,,4,0,4,0,2026
A5146366935,Jan Ramaekers,,Maastricht University,4,0,1,2,2026
A5108743736,Nicole,,,3,0,3,0,2021
A5022112964,Sandra Martínez-Robles,0000-0002-8367-0899,Facultad de Estudios Superiores Cuautitlán,8,0,0,0,2026
A5050890664,Erik González-Ballesteros,,Facultad de Estudios Superiores Cuautitlán,8,0,0,0,2026
A5141049432,Miguel Á. Trejo-Rodríguez,0000-0001-8251-6665,Universidad Nacional Autónoma de México,8,0,0,8,2026
A5136985208,Marion Maar,,NOSM University,3,0,3,0,2026
A5067309286,Lisa Boesch,0000-0002-2507-1206,NOSM University,3,0,0,0,2026
A5065387586,Darrel Manitowabi,,NOSM University,3,0,0,0,2026
A5068085470,Lance Richard McMahon,0000-0003-0360-6318,Texas Tech University,3,0,0,0,2025
A5048796411,Amrit Baral,0000-0002-0961-9665,Johns Hopkins University,8,0,4,0,2026
A5077488971,Yue Pan,0000-0001-9586-0975,University of Miami,3,0,0,0,2025
A5031599334,Paulo S. Pinheiro,0000-0001-8502-835X,University of Miami,3,0,0,0,2026
A5018316580,WayWay M. Hlaing,0000-0001-8303-748X,University of Miami,4,0,0,0,2026
A5068852304,Ishrat Husain,,Centre for Addiction and Mental Health,3,0,0,2,2025
A5092795159,Sasha Kalcheff-Korn,,University of Colorado Colorado Springs,4,0,0,0,2026
A5057739501,William J. Tyler,0000-0002-7758-5022,Diamond Materials (United States),4,0,2,0,2026
A5141148295,Michael B. McDonnell,0000-0002-7460-3598,Stornoway Diamond (Canada),3,0,0,3,2026
A5121346943,Jenna Houff,,University of Mississippi,4,0,4,0,2026
A5111172965,Obie Allen,,University of Mississippi Medical Center,3,0,0,0,2026
A5080149200,Barbara Gisabella,0000-0002-0072-790X,University of Mississippi Medical Center,4,0,0,0,2026
A5102913531,Bria-Necole Diggs,0000-0001-6271-2722,University of Miami,3,0,0,0,2025
A5134566590,Alex Kwan,,Cornell University,3,0,0,3,2026
A5045048538,Rachel Evenden,,University of Northampton,3,0,0,3,2017
A5136318890,Franco Folli,,University of Milan,3,0,0,0,2026
A5140600879,"Shumake, Robert S. (Ajarn Shaman Shu | Oluwo Jolaoso Osainbola, PhD | Shri Suryanarayana Swamikal)",,Gautam Buddha University,7,0,4,3,2026
A5110388487,Nguyễn Xuân Trường,,,3,0,0,1,2026
A5134661444,Ryan Malone,0009-0002-9583-232X,,8,0,8,0,2026
A5147173210,Kevin McKernan,,ID Genomics (United States),3,0,3,0,2024
A5147874905,Stephen McLaughlin,,ID Genomics (United States),3,0,0,3,2024
A5127930093,Drake Sadosky,,University of Arizona,4,0,4,0,2026
A5071810090,David Filipe de Santana,,Universidade do Extremo Sul Catarinense,3,0,0,2,2025
A5110839437,Gabriel Thorens,,Geneva College,3,0,0,2,2025
A5050638886,Margaret Stark,0000-0003-0955-3018,,3,0,3,0,2025
A5056091077,Jason Payne‐James,0000-0002-3713-8922,,3,0,0,0,2025
A5102841486,Ryan Cross﻿,0000-0002-1204-7450,,4,0,4,0,2021
A5130761258,Franklin King IV,,,4,0,4,0,2025
A5127723098,Rebekah Senānāyaka,,,3,0,3,0,2026
A5126627374,Parker Singleton,,University of Pennsylvania,4,0,4,0,2026
A5103714910,Jonathan Nash,,,3,0,3,0,2017
A5036376486,Federico Durbano,0000-0003-4326-9846,ASST Melegnano e della Martesana,4,0,2,1,2026
A5018471767,Chirag Ambaliya,,Government Medical College Bhavnagar,3,0,1,0,2023
A5091973982,Catharine Carfagno,,Binghamton University,3,0,2,0,2026
A5061268961,Arafat Nasser,0000-0002-0305-3883,Copenhagen University Hospital,3,0,0,0,2025
A5116063537,Hannah Raine-Smith,,,7,0,7,0,2025
A5116063538,Jocelyn Rose,,,5,0,0,5,2025
A5133207599,Damon Sasser,0009-0005-6057-3219,,4,0,4,0,2026
A5050109288,Muireann Quigley,0000-0003-3780-4371,,3,0,2,1,2026
A5134587767,Bruno Tonetto,0009-0001-7634-0242,,11,0,11,0,2026
A5098812725,Mark Groeneveld,,,6,0,6,0,2025
A5098812726,Thomas Harper,,,6,0,0,6,2025
A5121212982,Mihai Alexandru Bucurenciu,,,4,0,4,0,2026
A5009520073,H. Tamba,0009-0004-7635-0741,Film Independent,9,0,9,0,2026
A5138744458,Jeffrey Guss,,New York University,3,0,0,1,2026
A5139825993,Christopher Nicholas,,University of Wisconsin System,3,0,0,0,2026
A5128762036,Harjot Manmohan,,Durham University,3,0,0,0,2026
A5128691662,Warren C. Nixon,,Durham University,3,0,0,0,2026
A5128747248,Amrutha Pogaku,,Durham University,3,0,0,0,2026
A5128732120,Jing Zhou,,Durham University,3,0,0,0,2026
A5077973342,David J. Sanderson,0000-0002-3560-5507,Durham University,3,0,0,0,2026
A5023847197,Michael L. Lengieza,0000-0002-5980-5511,Durham University,3,0,0,0,2026
A5062164520,Marco Bocchio,0000-0002-7005-3453,Durham University,3,0,0,3,2026
A5107079286,Morten P. Lietz,,University of Fribourg,3,0,0,2,2026
A5017552313,Eric John Parkins,0000-0001-5358-5290,,3,0,3,0,2025
A5116772809,Jeronimo Herrera,,,3,0,3,0,2025
A5135011016,Royal Australian and New Zealand College of Psychiatrists (RANZCP),,,3,0,3,0,2026
A5029206816,An Hung Nguyen,,Pitié-Salpêtrière Hospital,4,0,0,0,2026
A5134118418,Ayse Gundogan,0009-0008-5452-3313,King's College London,6,0,0,0,2026
A5130071007,H (15566306) Himmerich,,King's College London,6,0,0,0,2026
A5043567593,André Kuntz,0000-0003-0676-6683,University of Fribourg,3,0,0,2,2025
A5137563276,Dario Dornbierer,,University of Zurich,4,0,0,1,2026
A5121817430,P. Cumming,,Queensland University of Technology,3,0,0,3,2026
A5121792414,C. Martin-Soelch,,University of Fribourg,3,0,0,0,2026
A5034445352,Andy Coghlan,0000-0002-6103-623X,,3,0,3,0,2017
A5099591957,Angelika Ziaja,0009-0004-3645-7245,Jagiellonian University,3,0,1,0,2025
A5130756813,Scott R. Beach,,,5,0,2,0,2025
A5124484276,Rainer Spanagel,,Heidelberg University,4,0,0,0,2026
A5088708471,Mariano Soiza‐Reilly,0000-0002-5800-865X,Consejo Nacional de Investigaciones Científicas y Técnicas,3,0,3,0,2026
A5136175733,Munehiro Terada,0009-0008-0191-5831,Stroke Association,4,0,4,0,2026
A5066106262,Allan Tasman,,,4,0,1,3,2017
A5138029738,Justin McCaul,0009-0009-4508-642X,Brotherhood (United States),8,0,8,0,2026
A5135076228,Angel Edgardo Robles Quiroz,,,3,0,3,0,2026
A5128791034,Gemini 3.1 (Flash),,Google DeepMind (United Kingdom),10,0,0,0,2026
A5010069066,Neil McNaughton,0000-0003-4348-8221,University of Otago,3,0,3,0,2026
A5024345038,D. W. Hedges,,Brigham Young University,3,0,0,0,2024
A5090467184,Daisuke Ibi,,Meijo University,4,0,2,0,2025
A5121805515,M.E. Liechti,,University of Lübeck,6,0,0,1,2026
A5012821569,Matías Di Benedetto,0000-0002-2413-667X,Consejo Nacional de Investigaciones Científicas y Técnicas,3,0,3,0,2024
A5043119743,Seema Kang,,,3,0,3,0,2020
A5138951589,Jules Evans,,,4,0,1,1,2026
A5129075506,Jonathan Rosemberg Kort,,,3,0,1,1,2023
A5133094652,Proof Engine,,,6,0,6,0,2026
A5025497150,Miguel Colaço Bittencourt,0000-0003-1048-0821,Universidade Federal da Paraíba,3,0,3,0,2017
A5140677846,Ajarn Shaman (Oluwo Osainbola PhD) Shu,,,3,0,3,0,2026
A5130270285,Remington Crawford,,,4,0,4,0,2026
A5135167256,Angel Edgardo Robles Quiroz,,,4,0,4,0,2026
A5137359894,Mercedes Guaia Memita Guaia,,,3,0,3,0,2024
A5068059893,Paul Zarkowski,0000-0001-9516-4275,,3,0,0,0,2025
A5034239048,Oliver Freudenreich,0000-0002-0168-7540,,5,0,0,2,2025
A5084826664,Sandy Brian Hager,0000-0002-1205-3623,"City St George's, University of London",3,0,3,0,2026
A5025847929,Martin Nesvig,,University of Miami,3,0,3,0,2025
A5018239332,Yaroslav I. Zaitsev,,,3,0,3,0,2026
A5125325754,Joshua Pace,,,3,0,3,0,2026
A5115602474,Fei Liu,0000-0003-1175-4070,Chinese Academy of Sciences,3,0,0,0,2026
A5123343097,Jia-Xin Li,,University of Chinese Academy of Sciences,8,0,0,0,2026
A5060191538,Fernanda Cougo Mendonça,0000-0002-8302-8302,Universidade Federal do Acre,3,0,3,0,2025
A5123328678,Wen-Qiang Yang,,Chinese Academy of Sciences,33,0,0,0,2026
A5123334846,Dorji Phurbu,,Plateau State University,28,0,0,0,2026
A5123305721,Fei Liu,,Chinese Academy of Sciences,32,0,0,0,2026
A5055378182,Martha S. Rosenthal,,Florida Gulf Coast University,3,0,3,0,2026
A5050772728,Bernard Delalande,0000-0003-2451-2791,St Bernard's Hospital,3,0,3,0,2026
A5083137820,Hirohisa Tamagawa,0000-0003-0532-8278,Gifu University,3,0,0,0,2026
A5148866216,David A. Gorelick,,,4,0,4,0,2025
A5080597883,Antônio Carlos Witkoski,0000-0002-5194-4074,,3,0,0,3,2017
A5124139123,Giulio Ruffini,,,4,0,1,1,2026
A5040999192,Amanda Sales Cafezeiro,0000-0003-1160-0872,,3,0,0,0,2026
A5003004668,Taís Oliveira Silva,0000-0003-2706-3047,,3,0,0,0,2026
A5133230934,Ana Lucia Cunha,,,3,0,0,1,2026
A5133214447,Daniel Roizman,,,3,0,0,0,2026
A5071989964,Maria Cristina Monteiro de Barros,0000-0002-7002-429X,,3,0,1,0,2026
A5133198072,Maria Eduarda Pinto Pontes Elpidio,,,3,0,0,0,2026
A5133162523,Edson Hamazaki,,,3,0,0,0,2026
A5045814536,Silvana Siqueira,,,3,0,0,0,2026
A5008251575,Camilla Casaletti Braghetta,0000-0002-7329-4981,,3,0,0,0,2026
A5121008896,Alastair Waterman,,,3,0,3,0,2026
A5134965476,Eleonora Ceruolo,,,5,0,5,0,2026
A5001316852,B L Roth,,University of North Carolina at Chapel Hill,6,0,0,1,2026
A5146609719,Brandon Charles Emerick,,Swiss Institute for Regenerative Medicine,6,0,6,0,2026
A5134734957,Joshua Pace,0009-0008-0046-440X,,6,0,6,0,2026
A5122099778,Edvard Filipovic,,,5,0,5,0,2026
A5116464247,Sabnur Parvage,,University of Calcutta,3,0,0,0,2026
A5136210478,Tania Marcourakis,,,3,0,0,3,2022
A5084694056,Colin Domnauer,0009-0009-4670-8980,University of Utah,3,0,3,0,2026
A5087375388,Karl Steinberg,0000-0002-9770-9889,,3,0,3,0,2018
A5085673342,Lindsay Benster,0000-0003-0510-6448,University of California San Diego,3,0,2,0,2026
A5017138775,Pedro Favarón,0000-0002-1985-1679,Pontificia Universidad Católica del Perú,3,0,3,0,2026
A5133515983,Caitlin McKoy,,,4,0,4,0,2026
A5013896153,Frederick A.P. Van Der Sypt,,,3,0,3,0,2019
A5090022739,Noemi Nicosia,0000-0002-9453-1237,Karolinska Institutet,4,0,1,0,2026
A5137464849,Tomas Pødenphant Lund,0009-0000-4724-2427,,3,0,3,0,2026
A5133213021,David Luke,,University of Greenwich,3,0,0,0,2026
A5118644621,Samuel Cândido Freres,0009-0006-4638-3918,Universidade Estadual de Maringá,3,0,1,0,2026
A5109981121,Flavie Waters,,The University of Western Australia,3,0,0,0,2025
A5120544050,Emma Dobbin,0009-0006-2988-9255,China GreatWall Technology Group (China),9,0,9,0,2026
A5125735356,Mani Yavi,,National Institute of Mental Health,3,0,0,0,2026
A5128384622,Kevin FRADIER,,,3,0,3,0,2026
A5085945110,Michael Richard Starks,,,6,0,6,0,2020
A5121077981,Dante Sebastián Galván Rial,0009-0004-5290-0075,Consejo Nacional de Investigaciones Científicas y Técnicas,3,0,2,0,2026
A5057051895,Marcelo Moraes Valênça,0000-0003-0678-3782,,6,0,1,2,2023
A5136346052,Munehiro Terada,0009-0008-0191-5831,Stroke Association,6,0,6,0,2026
A5089775416,Muhammad Usman Malik,0009-0004-3269-2918,Sunnaas sykehus,4,0,4,0,2026
A5017827035,David H. Zald,0000-0002-1229-2923,,5,0,0,2,2026
A5136542885,Matthias Gruber,0009-0005-9697-1665,,14,0,14,0,2026
A5007747528,O N Davydova,,,3,0,2,1,1972
A5024123924,J Irányi,,,3,0,3,0,1959
A5044113968,Peter Louis Carlen,0000-0002-3339-8102,University Health Network,3,0,0,3,2026
A5150950180,B Richardson,,McGill University,4,0,2,0,2026
A5151008202,M Lopez-Canul,,McGill University,4,0,0,0,2026
A5151006952,V Bruno,,McGill University,3,0,0,0,2026
A5109350703,J Cahn,,,3,0,3,0,1958
A5067184222,Michael J. Herold,0000-0001-7733-0196,,3,0,0,0,1958
A5071262114,Marcelle Dubrasquet,,,3,0,0,0,1958
A5010997966,Angelika Prentner,,,3,0,3,0,2010
A5016713801,Federico Paz,,,3,0,3,0,2010
A5055204464,T Arndt,0000-0002-1210-6449,,4,0,4,0,2025
A5038885186,雄二 中原,,,3,0,3,0,1976
A5150874130,K Kusudo,,Keio University,4,0,1,0,2026
A5151099250,K Yonezawa,,Keio University,4,0,1,0,2026
A5151040321,S Tomiyama,,Keio University,4,0,1,0,2026
A5150871926,L Harada,,Keio University,4,0,1,0,2026
A5151054272,K Suzuki,,Keio University,4,0,0,0,2026
A5150924447,D Stoliker,,Monash University,3,0,0,0,2026
A5151049932,S Nakajima,,Keio University,4,0,0,0,2026
A5150940514,H Tani,,Keio University,4,0,0,0,2026
A5151057724,H Uchida,,Keio University,4,0,0,4,2026
A5068134418,Joaquim Tarinas,,,4,0,3,0,2000
A5050584455,Julio Mogrovejo,,,3,0,1,2,2000
A5057608479,Michael M. Morgan,0000-0003-0837-4181,,5,0,3,0,2010
A5014019290,Ben J. Harrison,0000-0002-2226-2074,,6,0,0,0,2010
A5011264157,Christos Pantelis,0000-0002-9565-0238,,7,0,0,0,2010
A5108285762,MALCOLM H. LADER,,,5,0,0,0,2010
A5025140212,Peter D. E. M. Verhaert,0000-0002-6921-087X,,4,0,0,0,2010
A5103248280,Giovanni Hernández,0000-0001-9719-6027,,3,0,0,0,2010
A5020070948,Peter Shizgal,0000-0003-4265-0792,,5,0,0,0,2010
A5053733868,PAUL A. NEWHOUSE,0000-0002-9298-7185,Australian Nuclear Science and Technology Organisation,5,0,0,0,2010
A5044548008,Heather Wilkins,0000-0003-4563-4544,,5,0,0,0,2010
A5051555808,Martine Cador,0000-0002-3416-827X,,3,0,0,0,2010
A5025391635,Mary Eileen Cain,0000-0002-2165-990X,,4,0,0,0,2010
A5009450662,Michael Thomas Bardo,0000-0002-8632-3032,,4,0,0,0,2010
A5032289769,Sarah Morgan,0000-0001-9528-8323,,5,0,0,0,2010
A5078517494,Angus V. P. Mackay,,,8,0,0,0,2010
A5065012064,Lucio Tremolizzo,0000-0003-0473-6560,,4,0,0,0,2010
A5010090990,Gessica Sala,0000-0003-3573-7523,,4,0,0,0,2010
A5025574771,Carlo Ferrarese,0000-0002-7499-6600,,4,0,0,0,2010
A5038294948,Alfonso B. Abizaid,0000-0001-9303-3511,,7,0,0,0,2010
A5069775419,Shimon Amir,0000-0003-1919-5023,,7,0,0,0,2010
A5015274820,Warren H. Meck,0000-0002-6120-4790,,7,0,0,0,2010
A5102815243,Catalin V. Buhusi,0000-0002-9895-9687,,6,0,0,0,2010
A5082258003,Juan Álvaro Echeverri,0000-0002-4627-9559,Universidad Nacional de Colombia,3,0,3,0,2012
A5002924042,Elena L. Paley,0000-0002-4502-0123,,3,0,3,0,2021
A5101618259,Sarah Morgan,0000-0002-5396-1169,,3,0,0,0,2010
A5052705493,Karel Valter,,,3,0,3,0,1998
A5113438524,Philippe Arrizabalaga,,,3,0,0,3,1998
A5151124808,Scott R. Beach,,,3,0,3,0,2026
A5128141897,Evangelos Tatsis,,Hainan University,3,0,3,0,2026
A5034723885,Iván Carrasco Montesinos,,,3,0,3,0,2004
A5041292325,Suprakash Chaudhury,0000-0002-0115-1703,"Dr. D.Y. Patil Vidyapeeth, Pune",3,0,2,1,2024
A5121752864,P. Vizeli,,University of Lübeck,4,0,0,0,2026
A5019000492,Borja De Miguel,,,3,0,3,0,2009
A5058591059,Goldwurm Gf,,,3,0,2,1,1998
A5091727067,Daniel J. Gelo,,The University of Texas at San Antonio,3,0,3,0,2018
A5149499197,Kazuo Ito,,,3,0,1,1,1961
A5048094501,K. I. Bolla,,,3,0,1,0,2000
A5139258983,Ramiro Solis,0009-0008-5649-3007,,6,0,6,0,2026
A5056084564,Kelly M. Brinsko,0009-0003-7146-7783,,3,0,3,0,2019
A5042975870,Dean Golemis,0009-0001-4924-1003,,3,0,0,0,2019
A5018412381,Meggan B. King,0009-0005-3572-5970,,3,0,0,0,2019
A5049880140,Gary J. Laughlin,0009-0002-2142-3419,,3,0,0,0,2019
A5090250597,Sebastian B. Sparenga,0009-0003-0967-0094,,3,0,0,3,2019
A5041521583,Jean-François Louette,,,3,0,0,0,2010
A5056490818,Isabelle Varescon,0000-0002-1122-4662,Université Paris Descartes,3,0,3,0,2003
A5056210262,Yingyuan Wang,0009-0006-0967-1275,Shanxi Medical University,3,0,3,0,2005
A5094050709,Sarah Braner,,,3,0,3,0,2026
A5110729558,J.K. Buitelaar,,,5,0,0,0,2010
A5034797846,Alain Dervaux,0000-0001-5957-8948,Inserm,3,0,2,1,2023
A5036576242,J. Fisk,,,5,0,0,2,2004
A5026427018,Jeni Fisk,,,4,0,0,2,2006
A5047593434,Nasir Mohamad,0000-0002-4370-1187,Sultan Zainal Abidin University,3,0,0,0,2025
A5087358202,李素霞,,West China Medical Center of Sichuan University,9,0,8,1,2008
A5023609736,Jing Li,0000-0003-2892-3897,West China Medical Center of Sichuan University,6,0,0,0,2009
A5027992621,况伟宏,,West China Medical Center of Sichuan University,7,0,0,0,2009
A5024723480,王雪,,West China Medical Center of Sichuan University,9,0,2,1,2009
A5036478297,黄明生,,West China Medical Center of Sichuan University,9,0,0,6,2009
A5134918190,Tomás Gil Garbagnoli,,Universidad de Buenos Aires,3,0,0,0,2026
A5120313278,Jerónimo Rodríguez Cuello,0000-0002-0809-7578,Favaloro University,3,0,0,0,2026
A5134923989,Stephanie Müller,0009-0007-3137-6958,,3,0,0,0,2026
A5107824437,Luciano Minuzzi,,,3,0,0,0,2007
A5126045211,Enkhamgalan Nasanjargal,,,4,0,4,0,2026
A5152926617,Stephan Ludewig,,,4,0,4,0,2026
A5081736284,R. Maldonado,0000-0002-4648-6697,,6,0,0,3,2011
A5007378574,Merijn Mestdagh,0000-0001-5077-861X,,3,0,0,0,2026
A5153575451,Hein van Schie,,,3,0,0,0,2026
A5153578828,Michiel van Elk,,,3,0,0,3,2026
A5110049508,Soichi Yoshida,,Chiba University,6,0,6,0,1987
A5113519673,Tetsurō Kuga,,Chiba University,6,0,0,6,1987
A5088603302,謙二 橋本,,,5,0,5,0,2018
A5131652844,毅 五郎丸,,,3,0,1,2,2012
A5010258507,Gennady N. Smagin,0000-0002-4546-0698,,3,0,1,2,2025
A5127024943,Šarūnas Janušas,,,3,0,3,0,2026
A5033609698,Pavlína Nováková,,National Institute of Mental Health,3,0,0,0,2014
A5136056127,Vincent Wesley Couey,0009-0005-6869-308X,,3,0,3,0,2026
A5046255427,Maria Niedernhuber,0000-0002-4459-6796,University of Zurich,3,0,3,0,2026
A5037898152,M. E. Branson,0000-0003-3101-3608,Wilkes University,3,0,3,0,1998
A5111548669,Gerald W. T. H. Fleming,,,4,0,4,0,1936
A5110620788,Juergen T. Bauer,,,3,0,0,0,1975
A5130285715,Pierre Llorach,,University of North Carolina at Chapel Hill,4,0,2,0,2026
A5018976764,Mohd Nazri Mohd Daud,0000-0002-2889-7361,Universiti of Malaysia Sabah,3,0,0,0,2025
A5106036533,Simon David Fisher,,Victoria University of Wellington,3,0,3,0,2011
A5124378202,Paola Andrea Caro Aponte,,Universidade Estadual de Campinas (UNICAMP),3,0,3,0,2026
A5116622136,Edison Huertas Montoya,,Universidade Estadual de Campinas (UNICAMP),3,0,0,0,2026
A5009592134,Luciana Politti Cartarozzi,0000-0003-1942-800X,Universidade Estadual de Campinas (UNICAMP),3,0,0,0,2026
A5150844136,Andrea Estefanía Aranda Rosas,0009-0009-1822-0785,Facultad de Estudios Superiores Cuautitlán,6,0,6,0,2026
A5150752475,Leandro Jesus Lozano García,,Facultad de Estudios Superiores Cuautitlán,4,0,0,0,2026
A5151055448,Erich; https://orcid.org/0000-0002-7311-4426 Seifritz,,,3,0,0,0,2026
A5125072791,Boris B. Quednow,0000-0001-7933-2865,,4,0,1,2,2026
A5123220472,Muhammad Rashid,0000-0001-5852-1296,,3,0,3,0,2026
A5150998473,Josua Zimmermann,,,3,0,0,0,2026
A5151007545,Boris B.; https://orcid.org/0000-0001-7933-2865 Quednow,,,3,0,1,2,2026
A5151085723,O Mallon,,Imperial College London,3,0,2,0,2026
A5123298830,Sunjeev Kamboj,0000-0003-2197-0826,,3,0,0,2,2026
A5050707631,Timothy K. Perttula,0000-0002-0799-1332,Stephen F. Austin State University,3,0,3,0,2019
A5001823251,Gyles E. Cozier,0000-0003-2851-0902,University of Bath,3,0,0,0,2026
A5061522629,Lena Meinhold,0009-0001-9000-2733,,6,0,0,0,2026
A5135082085,Maike Renkert,0000-0002-4809-4216,,6,0,0,0,2026
A5132943478,Juan Moisés de la Serna,0000-0002-8401-8018,,4,0,4,0,2026
A5002525858,Sun Qin,,,3,0,0,1,2019
A5050860969,片木宗弘,,,3,0,0,0,2006
A5056050229,土橋均,,,3,0,0,3,2006
A5046515813,Thiago Branco Hanna,,Conselho Nacional de Desenvolvimento Científico e Tecnológico,3,0,2,0,2015
A5039546107,Ann Marie Pagliaro,,,3,0,1,2,2019
A5045360571,Louis A. Pagliaro,,,3,0,2,1,2019
A5104026097,Rafał Celiński,0000-0001-5567-887X,,3,0,1,0,2011
A5050493308,Joanna Kulikowska,0000-0002-4808-7008,,3,0,0,0,2011
A5114182159,Gumpper R.H,,University of North Carolina at Chapel Hill,4,0,1,2,2024
A5065291136,Toine Pieters,0000-0002-8156-8436,Utrecht University,3,0,0,3,2022
A5107568821,Raquel Capilla Loureiro Alves Santana,,Universidade Federal do Rio de Janeiro,3,0,1,0,2024
A5127208244,Unknown,,,32,0,32,0,2021
A5128418151,WKU Student Affairs,,,3,0,3,0,1994
A5083588179,Inès Féki,0000-0002-7626-0621,Hopital Universitaire Hedi Chaker,3,0,0,0,2022
A5003493461,Navid Neyshaburinezhad,0000-0002-6651-6988,Tehran University of Medical Sciences,3,0,0,0,2022
A5075160447,Francis Edward Abernethy,,,3,0,2,1,2017
A5125228140,GBIF.org User,,,16,0,16,0,2026
A5098659673,Denis Dubois-Chabert,,,3,0,2,0,2025
A5111814206,Cécile Moreau,,,3,0,0,0,2026
A5140258518,Lori Widzinski,,"University at Buffalo, State University of New York",5,0,5,0,2014
A5110030624,B. Baune,,University of Münster,4,0,1,2,2026
A5004775663,Pietro Cottone,0000-0003-1320-1672,,3,0,0,0,2010
A5088016597,Sophie Tambour,,,5,0,0,0,2010
A5038492593,John C. Crabbe,0000-0001-7111-7204,,5,0,0,0,2010
A5022096029,Gary J. Remington,0000-0001-9433-9416,,6,0,0,0,2010
A5104062079,Ennio Esposito,,,3,0,0,0,2010
A5016522209,Roberto William Invernizzi,0000-0002-6017-9781,,3,0,0,0,2010
A5050100515,Darren R. Christensen,0000-0002-7729-6765,,4,0,0,0,2010
A5081714379,Warren Kurt Bickel,0000-0002-1048-7372,,5,0,0,0,2010
A5111545675,Greg A. Gerhardt,0000-0002-2800-1713,The University of Sydney,3,0,0,0,2010
A5013554959,Mischa de Rover,0000-0001-5703-666X,,3,0,0,0,2010
A5065568884,Sander Nieuwenhuis,0000-0003-2418-3879,,3,0,0,0,2010
A5031099237,Victoria L. Harvey,0000-0001-5956-6664,,3,0,0,0,2010
A5059303556,Peter Verheart,,,3,0,0,0,2010
A5082969740,Antonio Pádua Carobrez,,,3,0,0,0,2010
A5048997170,Grasielle Clotildes Kincheski,0000-0002-7392-3602,,3,0,0,0,2010
A5113487880,Lia Rejane M. Bevilaqua,,,3,0,0,0,2010
A5079772404,Martı́n Cammarota,0000-0001-9741-5074,,3,0,0,0,2010
A5043327487,Oliver Stiedl,0000-0002-4427-9221,,3,0,0,0,2010
A5112730977,W. Wolfgang Fleischhacker,,,7,0,0,0,2010
A5108209748,Ian Hindmarch,,King's College London,3,0,0,0,2010
A5070364047,Jason C. G. Halford,0000-0003-1629-3189,,3,0,0,0,2010
A5038901876,Steve Kohut,,,3,0,0,0,2010
A5001988042,Andreas Marneros,,,5,0,0,0,2010
A5129932016,Mark Eddy,,,4,0,4,0,2003
A5128340754,David J Nutt,,,4,0,1,0,2026
A5067614970,Eileen Wong,0000-0002-4195-8536,,4,0,3,1,2010
A5103170004,Jana Kučerová,0000-0002-8808-9411,,3,0,2,0,2009
A5053231193,Hugo Weissbart,0000-0003-2820-3865,,3,0,3,0,2013
A5074035033,David C. S. Roberts,0000-0001-7040-0155,,9,0,0,0,2010
A5084599446,Eileen M. Joyce,0000-0003-0469-2844,,4,0,0,0,2010
A5060676321,Joan Arehart-Treichel,,,6,0,6,0,2011
A5108705367,Lauren N. Russell,,University of Arkansas for Medical Sciences,3,0,2,0,2020
A5153633057,Ahmed Sanaa,,Dana-Farber/Harvard Cancer Center,3,0,0,0,2026
A5153665024,Lee Benjamin,,Boston University,3,0,0,0,2026
A5087615520,Ryan A. Senne,0000-0003-3776-4576,,3,0,0,0,2026
A5107305955,Urvi Mishra,0000-0002-2299-7417,,3,0,0,0,2026
A5044060597,Steve Ramirez,0000-0002-9966-598X,Boston University,3,0,0,0,2026
A5040432322,Benjamin B. Scott,0000-0002-2741-7215,Boston University,3,0,0,0,2026
A5153611249,Anosha Khawaja-Lopez,,Boston University,3,0,0,3,2026
A5122932512,Andressa S. Reis,0000-0003-0683-7568,University of the Americas,4,0,3,0,2026
A5122922996,Francisca Corthorn,,Corthorn Health,5,0,0,0,2026
A5127744914,Stanley Kisourin,,,3,0,3,0,2026
A5007057546,Martalu D. Pazos,0000-0002-3138-1390,Institut de Biomedicina de la Universitat de Barcelona,5,0,3,0,2026
A5075766046,Birgit Gartner,0000-0003-0726-3201,OLVG,3,0,0,0,2026
A5000542205,Megan M. Dahmen,,,3,0,0,0,2010
A5101713471,Jana Nováková,0000-0001-6771-4225,,4,0,0,0,2011
A5081876087,Jean‐Patrick Pommier,,,11,0,8,3,2026
A5031987148,Wendy Calzadilla,0000-0002-1082-7875,Federico Santa María Technical University,3,0,3,0,2026
A5125466409,Karla Montenegro,0000-0002-0279-3484,Pontificia Universidad Católica de Chile,3,0,0,0,2026
A5125433630,Andrés Yar,0000-0002-0912-8460,Pontificia Universidad Católica de Chile,3,0,0,0,2026
A5125469229,Sebastián Campos,,Pontificia Universidad Católica de Chile,3,0,0,0,2026
A5111266860,Rabikul Hafiz,,New Jersey Institute of Technology,4,0,0,0,2025
A5120916144,EUGENE CATRAMBONE,,,4,0,4,0,2026
A5148634237,Flávio Marco Rego da Silva,0009-0000-4092-9381,,6,0,6,0,2026
A5051018455,Lucy Dillon,,,3,0,3,0,2018
A5117083385,Franziska Stadler,,Medical University of Vienna,4,0,2,0,2026
A5128309214,POMMIER,,,4,0,2,2,2026
A5015518541,Keppel Hesselink JM,,,3,0,3,0,0
A5009831404,Marie Bellouard,0000-0002-2691-2310,Hôpital Raymond-Poincaré,4,0,0,0,2026
A5128606206,Alessandro Marci,,,4,0,4,0,2026
A5130583111,David M. Remmer,,,5,0,5,0,2026
A5036113546,Nina Pocuca,0000-0003-0264-1680,The University of Queensland,4,0,4,0,2026
A5023188409,Valeriya Mefodeva,0000-0002-1541-9168,The University of Queensland,3,0,0,0,2026
A5021416393,Gabrielle R. Campbell,,The University of Queensland,3,0,0,0,2026
A5029393034,Benjamin Hennart,0000-0003-0302-6049,Centre Hospitalier Universitaire de Lille,3,0,0,0,2025
A5047793975,Marie Lenski,0000-0001-8301-857X,Université de Lille,3,0,0,0,2025
A5060360362,Nicolas Beauval,0009-0006-9618-3164,Université de Lille,3,0,0,0,2025
A5041975859,Jessica L. Morse,0000-0001-6800-7290,Noom (United States),3,0,0,0,2026
A5093847046,Lokmane Dali Braham,0009-0000-0144-9756,Hôpital Mustapha Pacha,3,0,3,0,2026
A5120172504,Feriel Hadji,,Hôpital Mustapha Pacha,3,0,0,0,2026
A5117697897,Abderrahmane Kori Yahia,0009-0000-9715-1398,Hôpital Mustapha Pacha,3,0,0,0,2026
A5120311839,Dalanda Benchrik,,Hôpital Mustapha Pacha,3,0,0,0,2026
A5008796536,Djamil Azzouz,,Hôpital Mustapha Pacha,3,0,0,0,2026
A5020875950,Rachid Belhadj,,Hôpital Mustapha Pacha,3,0,0,3,2026
A5064972578,Thomas Solgaard Svendsen,0000-0002-3956-8547,,3,0,3,0,2022
A5129712905,Benjamin Clayden,0009-0006-0415-9926,,4,0,3,0,2026
A5130938107,Movin Abeywickrema,,,4,0,0,1,2026
A5032075917,P. Assmann,,University of Concepción,4,0,0,0,2026
A5126633661,Eduardo Suazo Osses,,Universidad Católica de la Santísima Concepción,3,0,0,0,2026
A5053048184,Matías I. Hepp,0000-0003-0993-8794,Universidad Católica de la Santísima Concepción,4,0,0,0,2026
A5126614702,Cristóbal Galbán-Mallagón,,Universidad Mayor,3,0,0,3,2026
A5044728289,Oren Miron,0000-0002-7742-478X,Ben-Gurion University of the Negev,4,0,4,0,2026
A5085418141,David W Zeltser,0000-0002-4280-618X,Tel Aviv Sourasky Medical Center,4,0,0,0,2026
A5053533860,Miriam Adelson,0009-0005-1649-6260,Tel Aviv Sourasky Medical Center,4,0,0,0,2026
A5084738797,Einat Peles,0000-0002-7091-7987,Tel Aviv University,4,0,0,4,2026
A5077885972,孟品佳,,,3,0,0,2,2013
A5108751629,Đặng Thị Xuân,,Bạch Mai Hospital,3,0,3,0,2021
A5110410664,MS Martens,,Universität Hamburg,3,0,1,0,2019
A5133448865,James Keim,0000-0002-4337-9001,,3,0,3,0,2026
A5093474280,Burton Tabaac,,"University of Nevada, Reno",5,0,0,5,2026
A5140929560,Dina Rönnberg,,Umeå University,3,0,3,0,2026
A5011422880,Peter Graeme Miller,0000-0002-6896-5437,,3,0,3,0,2008
A5025263967,Louisa Strain,,,3,0,0,3,2008
A5092842175,Tom Fadial,,,3,0,3,0,2022
A5112252655,Vabren Watts,,,3,0,3,0,2016
A5133670193,James Peter Keim,,,3,0,3,0,2026
A5119566394,Maurice N’Diaye,,,9,0,9,0,2024
A5007407641,P. Grewal,0009-0009-6983-7048,University of Alberta,3,0,1,0,2026
A5135836516,Gilmar Gutierrez,0000-0003-0337-3737,University of Alberta,3,0,0,0,2026
A5144104888,R. S. McIntyre,,University of Toronto,3,0,0,1,2026
A5078307417,Samuel Bendeck Sotillos,0000-0001-7356-6775,,3,0,3,0,2026
A5014236747,M Macheboeuf,,,3,0,2,1,2008
A5030352882,Meitetsu MATSUOKA,,Tokyo Medical University,4,0,4,0,1964
A5054005591,Grace Wade,,,3,0,3,0,2025
A5134698746,MedicOath Autonomous Discovery Engine,,,6,0,6,0,2026
A5061638239,Kelly Chibale,0000-0002-1327-4727,University of Cape Town,3,0,0,0,2024
A5100635825,Christa Elisabeth Müller,0000-0002-0013-6624,University of Bonn,3,0,0,0,2024
A5045998043,Squire J. Booker,0000-0002-7211-5937,Pennsylvania State University,3,0,0,3,2024
A5136043096,Maja Willard,0009-0005-3482-1119,Jagiellonian University,4,0,4,0,2026
A5136060810,Pawel Lenartowicz,0000-0002-6906-7217,Jagiellonian University,5,0,0,0,2026
A5053594364,Michał Wierzchoń,0000-0002-7347-2696,Jagiellonian University,6,0,0,0,2026
A5125767306,Philippe Lucas,0000-0003-1948-3842,,3,0,0,2,2026
A5033556451,Maja Wójcik,0009-0005-3482-1119,Jagiellonian University,3,0,3,0,2026
A5139169217,Alexandra Maria Plesner,0009-0005-4718-8244,,4,0,4,0,2026
A5047530781,Diane Kaschak Newman,0000-0002-5083-6397,,3,0,0,2,2019
A5050133619,Oliver J. Standring,0000-0002-4912-6195,Northwell Health,3,0,2,0,2026
A5014748431,Matthew John Weiss,0000-0003-0553-248X,Northwell Health,3,0,0,1,2026
A5090724921,Aleksandra Domagalik,0000-0003-3183-6719,Jagiellonian University,3,0,0,0,2026
A5109419618,Aysha Mendes,,,3,0,3,0,2021
A5024740863,Rudie Kortekaas,,,3,0,1,2,2015
A5004984505,Mark Moran,0000-0002-6563-2995,,3,0,3,0,2025
A5133462354,Maarten Vergucht,0000-0003-3686-7020,,10,0,10,0,2026
A5038888446,Víctor Lucía,0000-0003-2373-9679,,3,0,0,3,2023
A5081279781,Chun-Yi Wu,0000-0002-8217-1692,UC Davis Comprehensive Cancer Center,3,0,0,0,2023
A5101154331,Aiming Yu,,UC Davis Comprehensive Cancer Center,3,0,0,0,2023
A5115442616,Shiratori Takashi,0009-0006-3833-9773,,3,0,3,0,2025
A5006089086,Nobue Kitanaka,0000-0001-8951-7871,Hyogo Medical University,3,0,0,0,2023
A5075514277,Kazuo Tomita,0000-0003-1266-7948,Kagoshima University,3,0,0,0,2023
A5091297110,Tomoaki Sato,0000-0001-9147-396X,Kagoshima University,3,0,0,0,2023
A5002020647,Junichi Kitanaka,0000-0001-9938-8508,Hyogo Medical University,3,0,2,1,2023
A5013544822,Woo Chul Noh,0000-0003-3770-1612,Korea Institute of Radiological and Medical Sciences,3,0,0,0,2020
A5100656272,Kwang Il Kim,0000-0001-8099-7784,Korea Institute of Radiological and Medical Sciences,3,0,0,0,2020
A5059483605,Min-Ki Seong,0000-0002-9075-9365,Korea Institute of Radiological and Medical Sciences,3,0,0,0,2020
A5100721354,Hyun‐Ah Kim,0000-0001-9713-2605,Korea Institute of Radiological and Medical Sciences,3,0,0,2,2020
A5061646635,福島 芳子,,,3,0,0,1,2010
A5060007680,Karin Vadovičová,0000-0002-2252-672X,,16,0,16,0,2026
A5126252265,Blake Richards,0000-0001-9662-2151,Mila - Quebec Artificial Intelligence Institute,4,0,0,0,2026
A5090108216,Vanessa C. Lawrence,0000-0001-7852-2018,King's College London,4,0,0,0,2026
A5088214068,栗原 千絵子,,,4,0,2,1,2010
A5125531529,Andreas Reif,0000-0002-0992-634X,,3,0,1,1,2026
A5000520135,千絵子 栗原,,,4,0,0,1,2010
A5066114139,Nevill Drury,,,6,0,6,0,2023
A5049452496,Valerie van Mulukom,0000-0002-0549-7365,Coventry University,4,0,3,0,2026
A5091489500,Alexander Parent,0000-0001-6419-3719,Takeda (United States),3,0,0,0,2025
A5076224943,Wendy M. Jenkins,0009-0001-4592-1773,Presage Biosciences (United States),3,0,0,0,2025
A5153664167,Phronesis,,,10,0,10,0,2026
A5010982823,Diego Ángeles-Valdéz,0000-0001-8029-8369,Universidad Nacional Autónoma de México,4,0,4,0,2021
A5051475518,Jalil Rasgado‐Toledo,0000-0001-5216-7177,Universidad Nacional Autónoma de México,4,0,0,0,2021
A5086571157,Victor Issa‐Garcia,0000-0002-9596-988X,Tecnológico de Monterrey,4,0,0,0,2021
A5035698759,Thania Balducci,0000-0002-9866-9436,University Medical Center Groningen,4,0,0,0,2021
A5062365770,Alely Valencia,,Instituto Nacional de Psiquiatría Ramón de la Fuente Muñiz,4,0,0,0,2021
A5054351856,Viviana Villicaña,0000-0003-4757-9040,Université de Bordeaux,4,0,0,0,2021
A5036664892,Jorge Julio González Olvera,,,4,0,0,0,2021
A5000294242,Ernesto Reyes-Zamorano,0000-0003-0651-3416,Universidad Anáhuac México Sur,4,0,0,0,2021
A5004014979,Eduardo A. Garza‐Villarreal,0000-0003-1381-8648,Universidad Nacional Autónoma de México,4,0,0,4,2021
A5123674188,David Eckert,0009-0000-1417-6929,Kantonsspital Münsterlingen,5,0,5,0,2026
A5036227199,Hema Manogna Narne,,,4,0,4,0,2025
A5121633213,Halaharvi Tippareddy Gari Divya Sri,,,4,0,0,0,2025
A5013418530,M. Macha,,,4,0,0,0,2025
A5121638029,Thoka Nivedha,,,4,0,0,0,2025
A5121644127,Budati Deepika Lakshmi,,,4,0,0,0,2025
A5047421236,Tenali Keerthana,,,4,0,0,0,2025
A5121623144,Lakshmi Keerthi Thummu,,,4,0,0,4,2025
A5022896197,Alexander W. Thompson,0000-0002-7436-0880,,4,0,4,0,2018
A5064428843,Matthew D. Zuckerman,0000-0001-9576-4203,,5,0,5,0,2021
A5082412233,Emily Morse,,,3,0,0,3,2018
A5058668952,Vetsheva Ms,0000-0002-2180-6324,,3,0,0,0,2003
A5144071436,Elisa Norzagaray,0009-0000-9591-4355,Centre National de la Recherche Scientifique,4,0,4,0,2026
A5004884206,James R. D. Montgomery,0000-0002-3237-8898,Centre National de la Recherche Scientifique,4,0,0,0,2026
A5048473293,Wiktor Adamski,0009-0004-2115-3804,Centre National de la Recherche Scientifique,4,0,0,0,2026
A5041402702,Davy Sinnaeve,0000-0003-2556-5895,Centre National de la Recherche Scientifique,4,0,0,4,2026
A5055042236,Dereck Daschke,0009-0004-3188-8097,Truman State University,6,0,6,0,2024
A5130312839,Mart Wijn,,,10,0,10,0,2026
A5133897243,Felipe Heemann,0000-0002-3790-683X,Pearson (United States),8,0,8,0,2026
A5067824019,Ngo Cheung,0009-0005-3481-893X,,3,0,3,0,2026
A5091117102,Aliona Matiychak,0000-0002-8190-0427,Yuriy Fedkovych Chernivtsi National University,3,0,3,0,2019
A5121438157,Robin Langell,,,3,0,3,0,2026
A5129353833,Christopher Swenson,,,4,0,4,0,2026
A5133162414,Hiroshi Satsuma,,,3,0,3,0,2026
A5077135127,Joseph R. Casalini,0000-0002-3515-3248,Presage Biosciences (United States),3,0,0,0,2015
A5091560204,Nathan Caffo,,Presage Biosciences (United States),3,0,0,1,2015
A5114396514,Gordon Ross Thompson,,,3,0,3,0,2024
A5123395097,"Rebolledo, Jacinda S., BSN RN",,,3,0,3,0,2026
A5126031706,By STUDENT,0009-0005-8582-0925,,3,0,3,0,2026
A5140648187,Oluwo Jolaoso Osainbola,,Gautam Buddha University,3,0,3,0,2026
A5140690933,Ajarn Shaman Shu,,Gautam Buddha University,3,0,0,0,2026
A5140635665,Shri Suryanarayana Swamikal,,Gautam Buddha University,3,0,0,0,2026
A5088763100,Tiffany Martini Field,0000-0001-7186-7048,University of Miami,3,0,3,0,2025
A5147851106,Sven-Erik Ricksten,,University of Gothenburg,4,0,0,0,2023
A5091097761,Hiroshi Satsuma,,,3,0,3,0,2026
A5054090860,Muzamil Mahmood,0000-0002-8935-3632,National University of Sciences and Technology,3,0,3,0,2026
A5074615552,Asjad Shahzad,0000-0002-3157-2672,National University of Sciences and Technology,3,0,0,0,2026
A5106607226,Dragan Stoll,0009-0008-9088-5282,Universität Ulm,5,0,0,0,2026
A5027567526,Bryan G. Victor,0000-0002-2092-912X,Universität Ulm,5,0,0,0,2026
A5080903757,Andreas Jud,0000-0003-0135-4196,Universität Ulm,4,0,0,0,2026
A5004453671,Joseph P. Ryan,0000-0003-2683-1577,University of Michigan,5,0,0,5,2026
A5125561122,Ronald Brogdon,0009-0009-0507-2971,,6,0,6,0,2026
A5140735500,William Pankow,,,4,0,4,0,2026
A5127898866,C. Bernard,,,3,0,0,0,2024
A5127993803,E. Kwobah,,,3,0,0,0,2024
A5148864883,United States Department of Health and Human Services. Substance Abuse and Mental Health Services Administration. Office of Applied Studies,,,14,0,14,0,2026
A5038748788,Manoj Sharma,0000-0002-4624-2414,,3,0,3,0,2016
A5139137405,W. J. van den Busken,,OLVG,3,0,3,0,2026
A5132842882,Paul I. Dargan,,King's College London,3,0,0,0,2026
A5130869935,F.M.J. GRESNIGT,,University Medical Center Utrecht,3,0,0,3,2026
A5143574852,琼金 黄,,,3,0,3,0,2026
A5044725633,Jeanette Westman,0000-0001-8701-4226,Region Stockholm,3,0,0,0,2025
A5072753682,Johan Franck,0000-0002-4355-1967,Karolinska Institutet,3,0,0,0,2025
A5044713639,Mika Gissler,0000-0001-8254-7525,Karolinska Institutet,3,0,0,3,2025
A5132965396,Gary Flugge,,,3,0,3,0,2026
A5103465524,Itzchak Angel,0009-0001-3229-861X,,3,0,3,0,2026
A5130812629,Erez Aminov,,,3,0,0,3,2026
A5108756845,James Dyer,,,5,0,5,0,2010
A5017174359,Ashweeta Patnaik,,,5,0,0,0,2010
A5114174947,Pratik Mhatre,,,5,0,0,5,2010
A5111122551,Stan P. Heath,,South University,4,0,4,0,2025
A5121091281,Steven Slack,,South University,4,0,0,0,2025
A5037133714,Ayodeji A. Agbowuro,0009-0006-4257-7002,South University,4,0,0,4,2025
A5137745117,Qiang Zhou,,Peking University,3,0,0,2,2026
A5137773385,Xiang Cai,,Wenzhou Medical University,3,0,0,1,2026
A5067936259,Joan Petersilia,,,3,0,3,0,1999
A5023377524,Christian Milz,0000-0002-1347-0744,Medical University of Vienna,3,0,0,0,2025
A5143604095,Weiji Yang,,Zhejiang Chinese Medical University,3,0,0,0,2026
A5100420743,Le Chen,0000-0002-0382-5863,Fujian University of Traditional Chinese Medicine,4,0,0,0,2026
A5066770183,Xiheng Lu,,Zhejiang Chinese Medical University,3,0,0,0,2026
A5122123889,Yiqing Ling,,Zhejiang Chinese Medical University,3,0,0,0,2026
A5005357162,依香叫,,Zhejiang Chinese Medical University,3,0,0,0,2026
A5124014331,Jinesh Kallunkathariyil Sebastian,,,3,0,3,0,2026
A5137159543,Tychique T. Wasolua,,University of Connecticut,4,0,2,0,2026
A5134469990,Morgan S. Hardy,,Yale University,5,0,1,0,2026
A5025997974,Tanner J. Bommersbach,0000-0002-4827-1518,University of Wisconsin–Madison,4,0,0,0,2026
A5028326172,Anand Gururajan,0000-0002-2758-0573,,3,0,3,0,2017
A5121784850,Xavier Pillet,,,4,0,4,0,2026
A5130814280,Kristin Raj,,,4,0,2,1,2025
A5134466396,Samuel Wilkinson,,,3,0,3,0,2026
A5014972471,Longyan Li,0000-0001-9060-3806,Xiangya Hospital Central South University,4,0,0,0,2026
A5144421044,LI Shenxiayu,,Xiangya Hospital Central South University,4,0,0,4,2026
A5130985095,Lindai He,,,6,0,6,0,2026
A5133387012,lindai he,,,3,0,3,0,2026
A5121801779,V. Martiadis,,Regione Campania,7,0,1,2,2026
A5121757875,F. Raffone,,Regione Campania,3,0,2,0,2026
A5121802886,S. Testa,,Regione Campania,3,0,0,0,2026
A5144158785,M. Olivola,,University of Pavia,5,0,1,2,2026
A5102633563,Jia Han,0009-0009-6839-3123,Chengdu University of Traditional Chinese Medicine,3,0,0,2,2025
A5066064738,S. Benavente López,,,4,0,4,0,2025
A5115574996,I. Pedrero Torrejón,,,4,0,0,0,2025
A5007394923,A. Parra González,,,4,0,0,0,2025
A5115566969,M. Mejia Quiterio,,,4,0,0,0,2025
A5073432425,E. Baca García,,Hospital Universitario Fundación Jiménez Díaz,4,0,0,4,2025
A5114394288,Maria Beatrice Rescalli,0009-0008-8653-9504,University of Siena,3,0,0,0,2026
A5101340165,Muyan Zuo,0009-0000-8549-2726,University of Chinese Academy of Sciences,4,0,4,0,2026
A5068614454,Yingxi Li,0009-0007-4788-6282,Chinese Academy of Sciences,3,0,0,0,2025
A5006011796,Ruoguo Wang,,,3,0,0,0,2025
A5101317045,Qinyan Xu,,Weifang Medical University,3,0,0,0,2024
A5107933189,Jian‐Xiong An,0000-0003-4968-6392,Chinese Academy of Sciences,3,0,0,3,2025
A5120299854,Han Chang Chiam,0009-0009-6902-6923,Medical University of Vienna,3,0,3,0,2026
A5097355259,Minoo Matbouriahi,0009-0000-3389-4379,University of Padua,3,0,0,0,2026
A5120299852,Giulia Varvara,0009-0007-8664-1085,Université de Rennes,3,0,0,0,2026
A5120299853,Yazid Zalai,0009-0006-0550-5974,Berlin Institute of Health at Charité - Universitätsmedizin Berlin,4,0,0,0,2026
A5104169570,Bruno Moraes Dubois,,Universidade Federal do Rio de Janeiro,3,0,3,0,2026
A5101367572,MILTON RANGEL DA SILVA NETO,,Universidade do Estado do Rio Grande do Norte,3,0,0,0,2026
A5034599558,Hannah Cumming,,,3,0,0,0,2026
A5151994878,Paulo Roberto Bastos Fontinha,,Universidade Federal do Rio de Janeiro,3,0,0,0,2026
A5152021642,Eryclaudia Chrystian Brasileiro Jorqueira,0009-0004-7609-5568,Hospital Santa Luzia,3,0,0,0,2026
A5152029899,Thiago César Santana Jorqueira,0009-0004-8192-237X,,3,0,0,0,2026
A5152041388,Jackson do Carmo Silva Junior,0009-0001-5339-618X,Universidade Federal de São Paulo,3,0,0,0,2026
A5033073842,Thomas Rolf Erdmann,0000-0003-4741-0245,Universidade Federal de Santa Catarina,3,0,0,3,2026
A5121831815,M.C. Angeletti,,University of Milan,5,0,1,0,2026
A5121824322,B.M. Dell'Osso,,University of Milan,4,0,0,2,2026
A5130221735,scan2030,,,4,0,4,0,2026
A5027885963,Qiao-Ling Ma,,First Affiliated Hospital of Zhengzhou University,3,0,0,0,2026
A5147169874,Ming-Cui Qu,,First Affiliated Hospital of Zhengzhou University,3,0,0,0,2026
A5139905235,Ming-Zhu Jing,,First Affiliated Hospital of Zhengzhou University,3,0,0,0,2026
A5075462927,M. Russo,,Regione Campania,3,0,0,3,2023
A5110266139,Bing-Yuan Zhang,,Taizhou People's Hospital,4,0,0,0,2026
A5121771487,C. Pavón-Navajas,,Hospital Universitario Araba,3,0,0,0,2026
A5121792963,A. Pérez-Poza,,Hospital Universitario Miguel Servet,4,0,0,0,2026
A5115575006,J.E. Mesones-Peral,,,4,0,0,0,2026
A5121813429,F. Mora-Mínguez,,Hospital Universitario Infanta Leonor,4,0,0,0,2026
A5121829884,E. Sáez-Fuentes,,,4,0,0,0,2026
A5121756052,F.A. Rodríguez-Batista,,Hospital Universitario de Gran Canaria Doctor Negrín,4,0,0,0,2026
A5121760077,M. Arrojo-Romero,,Complejo Hospitalario Universitario de Santiago,3,0,0,0,2026
A5115564599,V. Tordera-Tordera,,Hospital Universitario Lluís Alcanyís,5,0,0,0,2026
A5115564600,I. Domingos-Chaves,,,5,0,0,0,2026
A5121768940,L. Montes-Reula,,Hospital General San Jorge,3,0,0,0,2026
A5121809677,A. Miranda-Sivelo,,Hospital General De Segovia,3,0,0,0,2026
A5121802138,S. Arostegui-Uranga,,Donostiako Unibertsitate Ospitalea,5,0,0,3,2026
A5125723989,Ulrike Held,0000-0003-3105-5840,,4,0,1,0,2026
A5065811930,K. Tai,0009-0001-7072-2178,,6,0,1,1,2026
A5125768929,Mian Haider Ali,,,7,0,5,1,2026
A5072222038,Cora Burgwinkel,0009-0002-9173-9531,,5,0,0,0,2026
A5123524380,W Yang,0009-0009-2449-0554,Chongqing University,8,0,8,0,2026
A5134435092,Ling Zhou,,,8,0,0,0,2026
A5134411997,Yun Xue,,Chongqing University,8,0,0,0,2026
A5134407333,He Huang,,Second Affiliated Hospital of Chongqing Medical University,8,0,0,8,2026
A5020858742,Maximilian Preiß,0009-0000-5044-9090,Medical University of Vienna,3,0,3,0,2026
A5085701429,Lukas Pezawas,0000-0002-1329-6352,Medical University of Vienna,3,0,0,3,2026
A5066470242,Weidong Mi,0000-0002-2404-0555,Chinese PLA General Hospital,3,0,0,0,2026
A5121812707,G. Versaci,,University of Milan,5,0,1,0,2026
A5144107969,K. La Monica,,University of Milan,4,0,0,0,2026
A5144147183,V. Casati,,University of Milan,4,0,1,0,2026
A5121775250,A. Frediani,,University of Milan,5,0,0,0,2026
A5144140806,T. Prodi,,University of Milan,4,0,0,0,2026
A5036237733,N. Brondino,,University of Pavia,4,0,0,0,2026
A5030225089,R. Anniverno,,University of Milan,4,0,0,0,2026
A5133478470,Ying-zi Chong,,Soochow University,3,0,3,0,2026
A5043030509,Yue Sun,0009-0006-3487-0399,Nantong University,3,0,0,0,2026
A5126841758,Pei Song,,,6,0,6,0,2026
A5126850237,Huipeng Zhou,,,6,0,0,0,2026
A5146405324,Lin Li,,,4,0,0,0,2026
A5126847730,Zhuo Yi,,,6,0,0,0,2026
A5126814873,Yimeng Zhuang,,,6,0,0,0,2026
A5126834748,Jia Zheng,,,6,0,0,6,2026
A5070520800,M. Di Nicola,,Agostino Gemelli University Polyclinic,3,0,0,1,2026
A5002020422,Xinran Yu,,North China University of Science and Technology,3,0,0,0,2024
A5003901876,Jianhui Gan,0000-0002-4946-3554,North China University of Science and Technology,3,0,0,3,2024
A5079604838,Y. Kambarov,,Johnson & Johnson (United States),5,0,0,0,2026
A5121806993,I. Turkoz,,Janssen Research & Development (United States),3,0,0,0,2026
A5089711717,B. Rive,,Johnson & Johnson (France),4,0,0,0,2026
A5123173353,Wenyue Kang,,Hainan General Hospital,8,0,0,0,2026
A5136550439,Zhangzhen Zhong,0009-0009-5208-1133,,3,0,2,1,2026
A5039487627,Fang Luo,0000-0002-3584-0355,Capital Medical University,3,0,0,3,2026
A5083658763,M.F. Bosi,,Luigi Sacco Hospital,3,0,0,0,2026
A5082224954,Sebastian Zeiner,0000-0001-8329-6940,"University of California, San Francisco",3,0,3,0,2026
A5140276580,Julian Rettenbacher,,Medical University of Vienna,3,0,0,0,2026
A5111120996,Nikolaus Michael Nowak,,Medical University of Vienna,3,0,0,0,2026
A5059371053,Fabian Peter Hammerle,0000-0002-7755-4445,Medical University of Vienna,3,0,0,0,2026
A5062722830,Daniel Laxar,0000-0003-4059-9647,Medical University of Vienna,3,0,0,0,2026
A5067124119,Dieter Adelmann,0000-0001-7645-3530,"University of California, San Francisco",3,0,0,0,2026
A5007424439,Peter Wohlrab,0000-0001-8516-938X,Medical University of Vienna,3,0,0,0,2026
A5073340029,Oliver Kimberger,0000-0002-9766-1360,Medical University of Vienna,3,0,0,3,2026
A5139987218,Pengcheng Sun,,Shandong University,3,0,0,0,2026
A5024163969,Guiting Li,0000-0002-7229-0698,Shandong University,3,0,0,0,2026
A5034910099,Fengmei Jiao,,Shandong University,3,0,0,0,2026
A5028909898,金岳龙,,Shandong University,4,0,0,0,2026
A5042028467,A. Reif,,Goethe University Frankfurt,3,0,3,0,2024
A5023372394,T. Messer,,Technical University of Munich,3,0,0,0,2025
A5121771051,T. Caraballo Lopez,,Johnson & Johnson (United States),3,0,2,0,2026
A5126028434,Ruiqi Zhang,,Hainan General Hospital,7,0,7,0,2026
A5134826379,Chen Wang,,Hainan General Hospital,6,0,0,0,2026
A5134839019,Lin Wang,,Hainan General Hospital,6,0,0,0,2026
A5134833641,Zhihua Wang,,Hainan General Hospital,6,0,0,6,2026
A5099658828,Daniel Pustay,0009-0000-4757-0324,West Virginia University,3,0,3,0,2026
A5125294675,Vishal Patel,,West Virginia University,3,0,0,0,2026
A5061319810,Taysa Leite de Aquino,,,3,0,3,0,2022
A5027580938,Jaiany Rodrigues Libório,,,3,0,0,0,2022
A5023061478,Ana Luiza Menezes Santana Bezerra,,Universidade Federal do Cariri,3,0,0,0,2022
A5002745663,Giovana Macêdo Egídio Cavalcante,,Universidade Federal do Cariri,3,0,0,0,2022
A5056235138,Ana Luíza de Aguiar Rocha Martin,,Universidade Federal do Cariri,3,0,0,0,2022
A5033943629,Juliane dos Anjos de Paula,0000-0002-2992-988X,Universidade Federal do Cariri,3,0,0,0,2022
A5011257427,Modesto Leite Rolim Neto,0000-0002-7715-5508,Universidade Federal do Cariri,3,0,0,3,2022
A5089268918,Viral Patel,0000-0002-6245-0299,,3,0,0,0,2026
A5141250083,Klebert de Paula Malheiros,,,3,0,0,0,2026
A5084715353,Erico Meirelles de Melo,,,3,0,0,0,2026
