author,papers,first_author,senior_author,latest_affiliation,affil_year,emails,example_pmids
"Carhart-Harris, Robin",69,2,25,"Weill Institute for Neurosciences, University of California San Francisco, San Francisco, CA, United States.",2026,robin.carhart-harris@ucsf.edu; r.carhart-harris@imperial.ac.uk,42243392 42068187 41881122 41793582 41261994
"Erritzoe, David",64,3,15,"Division of Psychiatry, Dept. Brain Sciences, Centres for Neuropsychopharmacology and Psychedelic Research, Imperial College London, London, UK.",2026,d.erritzoe@imperial.ac.uk,42414058 41684524 41257994 40894046 40842948
"Carhart-Harris, Robin L",61,7,27,"Department of Neurology, University of California San Francisco, San Francisco, CA, USA.",2026,robin.carhart-harris@ucsf.edu; r.carhart-harris@imperial.ac.uk,42618786 42414058 42381187 42318348 42266156
"Griffiths, Roland R",55,4,28,"Center for Psychedelic and Consciousness Research, School of Medicine, Johns Hopkins University, Baltimore, MD, USA.",2026,rgriff@jhmi.edu; rrg@jhu.edu,41869007 40051582 39943916 41969367 38715376
"Johnson, Matthew W",55,8,19,"Department of Psychiatry and Behavioral Sciences, The Johns Hopkins University School of Medicine, Baltimore, MD, USA.; Center of Excellence in Psilocybin Research and Treatment, Sheppard Pratt, Towson, MD, USA.",2026,mjohnson3@sheppardpratt.org; mwj@jhu.edu,42678038 42096204 41869007 41805956 40685873
"Nutt, David J",51,1,11,"Imperial College London and Drug Science, London, UK.",2026,d.nutt@imperial.ac.uk; r.carhart-harris@imperial.ac.uk,42414058 42381187 42313772 42101062 41942645
"Liechti, Matthias E",46,3,24,"Clinical Pharmacology and Toxicology, Department of Biomedicine and Department of Clinical Research, University Hospital Basel and University of Basel, Basel, Switzerland.; Psychiatric University Hospital, University of Basel, Basel, Switzerland.",2026,matthias.liechti@usb.ch,42626628 42600572 42334445 42243076 42114863
"Hendricks, Peter S",46,6,18,"Department of Psychiatry and Behavioral Neurobiology, University of Alabama at Birmingham, Birmingham, AL, United States.",2026,pshendricks@uabmc.edu; phendricks@uab.du; phendricks@uab.edu,42096204 41805956 41773283 41606087 41446307
"Bouso, José Carlos",46,5,17,"ICEERS International Center for Ethnobotanical Education, Research and Services, C/ Sepúlveda, 65, bajos 2, 08015, Barcelona, Spain; Medical Anthropology Research Center, Department of Anthropology, Philosophy and Social Work, University of Rovira I Virgili, Av. Catalunya, 35, 43002, Tarragona, Spai",2026,jcbouso@iceers.org,42520175 42218644 41800655 41687467 41661937
"Roseman, Leor",45,8,5,"Department of Psychology, University of Exeter, Exeter, EX4 4QG, UK.; Centre for Psychedelic Research, Department of Brain Sciences, Faculty of Medicine, Imperial College London, London, W12 0HS, UK.",2026,leor.roseman13@imperial.ac.uk,42381187 42068187 41942645 41261994 40842948
"Hallak, Jaime E C",44,0,15,"Departamento de Neurociências e Ciências do Comportamento, Faculdade de Medicina de Ribeirão Preto, Universidade de São Paulo, Ribeirão Preto, SP, Brazil. Instituto Nacional de Ciência e Tecnologia Translacional em Medicina, Conselho Nacional de Desenvolvimento Científico e Tecnológico, Ribeirão Pre",2026,,42218644 41800655 41411685 41125218 41024404
"Dos Santos, Rafael G",43,11,13,"Departamento de Neurociências e Ciências do Comportamento, Faculdade de Medicina de Ribeirão Preto, Universidade de São Paulo, Ribeirão Preto, SP, Brazil. Instituto Nacional de Ciência e Tecnologia Translacional em Medicina, Conselho Nacional de Desenvolvimento Científico e Tecnológico, Ribeirão Pre",2026,banisteria@gmail.com,42218644 41800655 41411685 41125218 41024404
"Davis, Alan K",41,13,12,"Center for Psychedelic Drug Research and Education, College of Social Work, The Ohio State University, Columbus, OH, USA.; Center for Psychedelic and Consciousness Research, School of Medicine, Johns Hopkins University, Baltimore, MD, USA.",2026,davis.5996@osu.edu,42533157 40933784 40470809 40351554 40171515
"Barrett, Frederick S",41,12,8,"Department of Psychiatry and Behavioral Sciences, Center for Psychedelic and Consciousness Research, Johns Hopkins School of Medicine, Baltimore, MD, USA.; Department of Neuroscience, Johns Hopkins University School of Medicine, Baltimore, MD, USA.; Department of Psychological and Brain Sciences, Jo",2026,fbarrett@jhmi.edu; fbarrett@jhu.edu; fbarret2@jhmi.edu,42649324 42618786 42207275 42035466 41942645
"Preller, Katrin H",40,3,8,"Department of Adult Psychiatry and Psychotherapy, University of Zurich, Zurich, Switzerland.",2026,preller@bli.uzh.ch,42618786 42192100 41942645 41051875 40830011
"Nutt, David",35,5,5,"Centre for Psychedelic Research, Department of Brain Sciences, Faculty of Medicine, Imperial College London, London, W12 0HS, UK.",2026,d.nutt@imperial.ac.uk; d.n@imperial.ac.uk,41261994 41257994 40618640 40481249 40281226
"Vollenweider, Franz X",34,0,19,"Department of Adult Psychiatry and Psychotherapy, University of Zurich, Zurich, Switzerland.",2026,vollen@bli.uzh.ch,42192100 41951837 41942645 41191045 40351554
"Rosenblat, Joshua D",34,3,11,"Mood Disorders Psychopharmacology Unit, University Health Network, Toronto, Ontario, Canada; Institute of Medical Science, University of Toronto, Toronto, Ontario, Canada; Department of Psychiatry, University of Toronto, Toronto, Ontario, Canada.",2026,joshua.rosenblat@uhn.ca,42594864 41984443 41955843 41793582 41690631
"Kargbo, Robert B",34,24,6,"Usona Institute, Fitchburg, Wisconsin 53711-5300, United States.",2026,,42621912 41704348 41531985 41531975 41256989
"Garcia-Romeu, Albert",33,6,9,"Center for Psychedelic and Consciousness Research, Department of Psychiatry and Behavioral Sciences, The Johns Hopkins University School of Medicine, Baltimore, MD, USA.",2026,agarci33@jhmi.edu,42017992 41805956 41747432 41741501 40351554
"Ramaekers, Johannes G",32,3,14,"Department of Neuropsychology and Psychopharmacology, Faculty of Psychology and Neuroscience, Maastricht University, Maastricht, 6229 ER, The Netherlands.",2026,j.ramaekers@maastrichtuniversity.nl,42030660 41951837 41942645 41634136 41261994
"McIntyre, Roger S",31,2,14,"Department of Psychiatry, University of Toronto, Toronto, Ontario, Canada; Department of Pharmacology and Toxicology, University of Toronto, Toronto, Ontario, Canada. Electronic address: roger.mcintyre@bcdf.org.",2026,roger.mcintyre@bcdf.org; roger.mcintyre@uhn.ca,41984443 41690631 41643722 41581334 41360373
"Yaden, David B",29,7,11,"Center for Psychedelic and Consciousness Research, Department of Psychiatry and Behavioral Sciences, Johns Hopkins University School of Medicine, Baltimore, MD, USA.",2026,dyaden1@jhmi.edu,42639976 42288041 42207275 41747432 41730563
"Young, Allan H",29,0,8,"Institute of Psychiatry, Psychology and Neuroscience, Department of Psychological Medicine, King's College London & South London and Maudsley NHS Foundation Trust, London, UK.",2026,,42562964 42212869 42116676 42096531 41881122
"Timmermann, Christopher",28,4,5,"Experimental Psychology, University College London, London, UK.; Centre for Psychedelic Research, Imperial College London, London, UK.",2026,c.timmermann-slater15@imperial.ac.uk,42282806 41942645 41819589 40940591 40581772
"Simonsson, Otto",28,16,4,"Department of Neurobiology, Care Sciences and Society, Karolinska Institutet, Stockholm, Sweden; Center for Healthy Minds, University of Wisconsin-Madison, Madison, WI, USA. Electronic address: otto.simonsson@ki.se.",2026,otto.simonsson@ki.se,42618786 42113558 42096204 42068187 41663474
"Hoffmeister, Dirk",27,0,21,"Pharmaceutical Microbiology, Institute of Pharmacy, Friedrich Schiller University, Jena, Germany.; Pharmaceutical Microbiology, Leibniz Institute for Natural Product Research and Infection Biology-Hans Knöll Institute, Jena, Germany.",2026,dirk.hoffmeister@leibniz-hki.de,42011697 41467547 40977073 40494306 40318115
"Mason, Natasha L",27,1,2,"Department of Neuropsychology and Psychopharmacology, Faculty of Psychology and Neuroscience, Maastricht, the Netherlands.",2026,,42552418 42030660 41942645 41634136 40528856
"Ross, Stephen",26,3,7,"Department of Psychiatry, NYU Langone Center for Psychedelic Medicine, NYU Grossman School of Medicine, USA.",2026,stephen.ross@nyumc.org,42345450 41869007 40894046 40351554 40081794
"Yazar-Klosinski, Berra",26,0,3,"Multidisciplinary Association for Psychedelic Studies, Santa Cruz, CA, USA.",2024,jennifer.mitchell@ucsf.edu; berra@maps.org,39375459 39126501 39126500 37709999 37404974
"Kettner, Hannes",26,0,0,"Centre for Psychedelic Research, Imperial College London, UK.",2026,,42243392 42068187 40894046 40842948 40619953
"Doblin, Rick",24,0,18,"Multidisciplinary Association for Psychedelic Studies (MAPS), San Jose, CA, United States of America.",2024,jennifer.mitchell@ucsf.edu,39375459 39126501 39126500 38198456 37709999
"Scheidegger, Milan",24,0,12,"Psychedelic Research and Therapy Development, Adult Psychiatry and Psychotherapy, Psychiatric University Hospital Zurich, University of Zurich, Zurich, Switzerland.; Neuroscience Center Zurich, University of Zurich, Zurich, Switzerland.",2026,milan.scheidegger@bli.uzh.ch,42443620 42220002 41035622 40819190 40639043
"Rucker, James J",24,5,11,"The Institute of Psychiatry, Psychology and Neuroscience, King's College London, London, UK.",2026,james.rucker@kcl.ac.uk,42562964 42544757 41761045 41368982 40883964
"Aday, Jacob S",24,9,3,"Department of Anesthesiology, University of Michigan, Ann Arbor, MI, USA; Michigan Psychedelic Center, University of Michigan, Ann Arbor, MI, USA.",2026,adayj@med.umich.edu; jacob.aday@ucsf.edu; aday1js@cmich.edu,42668404 42566966 42243569 41667049 41365426
"Palhano-Fontes, Fernanda",24,3,2,"Brain Institute, Federal University of Rio Grande do Norte, Natal, Brazil.",2026,fernandapalhano@neuro.ufrn.br,42575192 41942645 41902950 41342247 40337754
"Zeifman, Richard J",24,10,1,"NYU Center for Psychedelic Medicine, NYU Grossman School of Medicine, New York, New York, USA.; Center for Psychedelic Research, Imperial College London, London, United Kingdom.",2026,richard.zeifman@nyulangone.org; rzeifman@ryerson.ca,42593636 41705428 40331914 42662093 40284409
"Kuypers, Kim P C",23,3,9,"Department of Neuropsychology and Psychopharmacology, Faculty of Psychology and Neuroscience, Maastricht University, Maastricht, The Netherlands.",2026,k.kuypers@maastrichtuniversity.nl,42609384 42552418 41951837 41073618 40834796
"Páleníček, Tomáš",23,0,8,"The National Institute of Mental Health, Klecany, Czech Republic.",2026,tomas.palenicek@nudz.cz,42506248 41881122 41780506 41779518 41479142
"Holze, Friederike",23,7,3,"Clinical Pharmacology and Toxicology, Department of Biomedicine and Department of Clinical Research, University Hospital Basel and University of Basel, Basel, Switzerland. friederike.holze@usb.ch.; Psychiatric University Hospital, University of Basel, Basel, Switzerland. friederike.holze@usb.ch.",2026,friederike.holze@usb.ch,42049943 42035466 41451514 40351554 40140019
"Seifritz, Erich",23,0,1,"Department of Adult Psychiatry and Psychotherapy, Psychiatric Hospital, University of Zurich, Zurich, Switzerland.",2026,,42577282 42319884 41035622 40144690 39923404
"Riba, Jordi",22,1,14,"Department of Neuropsychology and Psychopharmacology, Maastricht University, Maastricht, the Netherlands.",2026,jordi.riba@maastrichtuniversity.nl; jriba@santpau.cat,41687467 36386967 33551823 32989216 30406413
"Vermetten, Eric",22,1,6,"Dept. Psychiatry, Leiden University Medical Center, Leiden, The Netherlands.",2026,h.g.j.m.vermetten@lumc.nl; e.vermetten@lumc.nl,42593636 42534095 42380668 41705428 41466432
"Perkins, Daniel",22,7,6,"School of Population and Global Health, University of Melbourne, Melbourne, Australia.; Psychae Institute, Melbourne, Australia.; Centre for Mental Health, Swinburne University of Technology, Melbourne, Australia.",2026,d.perkins@unimelb.edu.au,41661937 41266565 40896210 40233965 39579192
"Rucker, James",21,2,9,"Department of Psychological Medicine, Institute of Psychiatry, Psychology & Neuroscience, King's College London, UK.; South London and Maudsley NHS Foundation Trust, UK.",2026,james.rucker@kcl.ac.uk,42566154 42301160 42212869 41588876 41497513
"Tófoli, Luís Fernando",21,0,6,"International Center for Ethnobotanical Education, Research and Service (ICEERS), Barcelona, Spain.",2026,tofoli@unicamp.br,41661937 40694839 40579992 39579192 37949934
"Kryskow, Pamela",21,0,5,"Department of Family Medicine, University of British Columbia, Vancouver, BC, Canada.; Health Sciences, Vancouver Island University, Nanaimo, BC, Canada.",2026,,42574657 42548601 41830808 41694514 41618525
"Goodwin, Guy M",21,12,5,"Compass Pathfinder Ltd (A Subsidiary of Compass Pathways Plc), London, UK.",2026,guy.goodwin@compasspathways.com; guy.goodwin@psych.ox.ac.uk,42460632 41881122 41497513 41362124 41075579
"Yonamine, Mauricio",21,0,5,"Department of Clinical and Toxicological Analysis, School of Pharmaceutical Sciences, University of São Paulo, São Paulo, Brazil.",2026,yonamine@usp.br,42401369 41628561 39613951 38820373 38780800
"Gukasyan, Natalie",21,6,3,"Department of Psychiatry, New York State Psychiatric Institute, Columbia University, New York, NY, USA.",2026,gukasyan@jhmi.edu,42128951 41747432 40351554 39739178 39543323
"Mithoefer, Michael C",21,4,3,"Medical University of South Carolina, SC and Columbia University, NY, USA.",2026,mmithoefer@mac.com,40492498 39126502 39126501 39126500 38174611
"Sarris, Jerome",20,2,9,"Psychae Institute, Melbourne, Australia.; The Florey Institute of Neuroscience and Mental Health, Melbourne, Australia.; Department of Psychiatry, Psychotherapy and Psychosomatics, Psychedelic Research & Therapy Development, University of Zurich, Zurich, Switzerland.",2026,,42410597 41266565 40896210 40233965 39579192
"Anderson, Brian T",20,1,6,"Department of Psychiatry and Behavioral Sciences (B.T.A.), Weill Institute for Neurosciences, University of California - San Francisco, San Francisco, California, USA; Zuckerberg San Francisco General Hospital (B.T.A.), San Francisco, California, USA.",2026,,41795251 41773283 41272340 41214462 41173063
"Liknaitzky, Paul",20,0,5,"Department of Psychiatry, School of Clinical Sciences, Monash University, Melbourne, Australia.; School of Psychological Sciences, Monash University, Melbourne, Australia.",2026,paul.liknaitzky@monash.edu; paul.l@monash.edu,42572818 41699875 41244962 41050149 40974259
"Nayak, Sandeep M",20,4,4,"Center for Psychedelic and Consciousness Research, Department of Psychiatry and Behavioral Sciences, The Johns Hopkins University School of Medicine, Baltimore, MD, USA.",2026,,41747432 41139739 40351554 40326007 39928849
"Meshkat, Shakila",20,10,0,"Interventional Psychiatry Program, St. Michael's Hospital, Toronto, Canada.",2026,,42593636 42538940 42534095 41705428 41690631
"Jerome, Lisa",20,2,0,"MAPS Public Benefit Corporations, 1115 Mission St., Santa Cruz, CA, 95060, USA. Ilsa@mapsbcorp.com.",2024,ilsa@mapsbcorp.com,39126502 39126501 39126500 37404974 37275981
"Earleywine, Mitch",19,7,8,"Department of Psychology, University at Albany, State University of New York (SUNY), Albany, NY, USA.",2026,,42574736 42172091 41479153 41070441 41058595
"Beaussant, Yvan",19,7,8,"Department of Supportive Oncology, Dana-Farber Cancer Institute, Boston, Massachusetts, USA yvan_beaussant@dfci.harvard.edu.; Department of Medicine, Harvard Medical School, Boston, Massachusetts, USA.",2026,yvan_beaussant@dfci.harvard.edu,42546985 41204841 41184102 41109203 39841075
"Jungaberle, Henrik",19,0,8,"MIND Foundation, Berlin, Germany; OVID Clinic Berlin, Berlin, Germany.",2026,,42201843 41848690 41337833 41066253 40976246
"Barnett, Brian S",19,11,6,"Department of Psychiatry and Psychology, Neurological Institute, Cleveland Clinic, 9500 Euclid Ave., Cleveland, OH, 44195, USA.; Cleveland Clinic Lerner College of Medicine at Case Western Reserve University, EC-10 Cleveland Clinic, 9501 Euclid Ave., Cleveland, OH, USA.",2026,barnetb3@ccf.org,41546846 40600242 40530403 40147088 40084630
"Dos Santos, Rafael Guimarães",19,8,5,"Department of Neurosciences and Behavioral Sciences, Ribeirao Preto Medical School, University of São Paulo, Ribeirao Preto, Brazil.; National Institute of Science and Technology - Translational in Medicine (INCT-TM), CNPq, Ribeirao Preto, Brazil.",2026,banisteria@gmail.com,42595017 42520175 41854389 41788629 41123976
"Feduccia, Allison A",19,6,3,"Department of Research Development, MAPS Public Benefit Corp, Santa Cruz, California, USA.",2026,afeduccia@gmail.com; alli@mapsbcorp.com,42114863 39126502 39126501 39126500 37404974
"Feilding, Amanda",19,0,0,"The Beckley Foundation, Oxford, UK.",2024,,39301949 37599279 35158230 35105186 34253268
"Bogenschutz, Michael P",18,7,4,"Department of Psychiatry, New York University Grossman School of Medicine, New York, NY, USA.; NYU Langone Center for Psychedelic Medicine, New York, NY, USA.",2025,michael.bogenschutz@nyulangone.org; michael.bogenschutz@nyumc.org; mbogenschutz@salud.unm.edu,40351554 40337752 39741446 41969367 39129581
"Weiss, Brandon",18,7,2,"Center for Psychedelics and Consciousness Research, Department of Psychiatry and Behavioral Sciences, Johns Hopkins School of Medicine, Baltimore, MD, USA.",2026,bw64357@gmail.com,42243392 40818292 40654586 40351554 39764567
"Aicher, Helena D",18,5,1,"Psychedelic Research and Therapy Development, Adult Psychiatry and Psychotherapy, Psychiatric University Hospital Zurich, University of Zurich, Zurich, Switzerland.; Department of Psychology, University of Zurich, Zurich, Switzerland.; Neuroscience Center Zurich, University of Zurich, Zurich, Switze",2026,helena.aicher@uzh.ch; helena.aicher@usb.ch; helena.aicher@psychologie.uzh.ch,42577282 42443620 42220002 42179908 41993848
"Emerson, Amy",18,0,1,"MAPS Public Benefit Corporation (MAPS PBC), San Jose, CA, United States of America.",2024,jennifer.mitchell@ucsf.edu,39126501 39126500 38198456 37404974 37404971
"Rossi, Giordano Novak",18,5,0,"Department of Neuroscience and Behavior, Ribeirão Preto Medical School, University of São Paulo, Ribeirão Preto, SP, Brazil.",2026,,42520175 38820373 38780800 38553114 37335211
"Wang, Xiaohui",17,0,17,"Interdisciplinary Laboratory for Frontier Chemistry, Changchun Institute of Applied Chemistry, Chinese Academy of Sciences, Changchun, Jilin, China; School of Applied Chemistry and Engineering, University of Science and Technology of China, Hefei, Anhui, China. Electronic address: xiaohui.wang@ciac.",2026,xiaohui.wang@ciac.ac.cn,42581074 42432011 42341036 42312173 42083530
"Kwan, Alex C",17,0,15,"Meinig School of Biomedical Engineering, Cornell University, Ithaca, NY, USA.; Department of Psychiatry, Weill Cornell Medicine, New York, NY, USA.",2026,alex.kwan@cornell.edu; alex.kwan@yale.edu,42539178 42414551 42079081 42039555 41352354
"Olson, David E",17,0,12,"Institute for Psychedelics and Neurotherapeutics, University of California, Davis, Davis, CA, USA. deolson@ucdavis.edu.; Department of Chemistry, University of California, Davis, Davis, CA, USA. deolson@ucdavis.edu.; Department of Biochemistry & Molecular Medicine, School of Medicine, University of ",2025,deolson@ucdavis.edu,41078264 41027992 40802711 39915657 39103446
"Boehnke, Kevin F",17,2,10,"Department of Anesthesiology, University of Michigan, Ann Arbor, MI, USA; Michigan Psychedelic Center, University of Michigan, Ann Arbor, MI, USA.",2026,kboehnke@med.umich.edu,42248136 42243569 41667049 41365426 41291774
"Gründer, Gerhard",17,6,4,"Central Institute of Mental Health, Department of Molecular Neuroimaging, Medical Faculty Mannheim, University of Heidelberg, Mannheim 68159, Germany; German Centre for Mental Health, Mannheim-Heidelberg-Ulm, Berlin, Germany; MIND Foundation, Berlin, Germany; OVID Clinic Berlin, Berlin, Germany. Ele",2026,gerhard.gruender@zi-mannheim.de,42201843 41848690 41337833 41066253 40976246
"Knudsen, Gitte Moos",17,0,3,"Neurobiology Research Unit, Copenhagen University Hospital, Rigshospitalet, Copenhagen, Denmark.; Department of Clinical Medicine, University of Copenhagen, Copenhagen, Denmark.",2026,gmk@nru.dk,42580506 42343098 41198613 40018886 40656118
"Dunlop, Boadie W",17,0,3,"Emory University School of Medicine, Department of Psychiatry and Behavioral Sciences, Atlanta, GA, United States.",2026,,42528601 41075579 40047545 40021999 40002494
"Ona, Genís",17,6,1,"ANIMA Group. Institut de Recerca Sant Joan de Déu (IRSJD), Esplugues de Llobregat, Spain.; Research in Neurobehavior and Health (NEUROLAB),Institut de Recerca Biomèdica Catalunya Sud (IRBCatSud), Reus, Spain.; Sociedad Española de Medicina Psicodélica (SEMPsi), Barcelona, Spain.",2026,genis.ona@sjd.es,42228759 40260121 40236491 38917636 38169823
"Sepeda, Nathan D",17,0,0,"Center for Psychedelic and Consciousness Research, Department of Psychiatry and Behavioral Sciences, The Johns Hopkins University School of Medicine, Baltimore, MD, USA.; Center for Psychedelic Drug Research and Education, College of Social Work, The Ohio State University, Columbus, OH, USA.",2026,,42533157 42035466 41869007 41747432 39921237
"Ozenne, Brice",17,0,0,"Neurobiology Research Unit, Copenhagen University Hospital Rigshospitalet, Copenhagen, Denmark.; Department of Public Health, Section of Biostatistics, University of Copenhagen, Copenhagen, Denmark.",2026,,42457666 42343098 42212900 40007438 39632615
"Nicholas, Christopher R",17,4,0,"Department of Family Medicine and Community Health, School of Medicine and Public Health, University of Wisconsin-Madison, Madison, WI, 53705, USA.; Transdisciplinary Center for Research in Psychoactive Substances, University of Wisconsin-Madison, Madison, WI, 53705, USA.",2026,christopher.nicholas@fammed.wisc.edu,41688423 41446307 40382852 40351554 39559692
"Agin-Liebes, Gabrielle",17,4,0,"Department of Psychiatry, Yale School of Medicine, New Haven, CT, USA.; Department of Neurology, University of California, San Francisco, CA, USA.",2025,gabrielle.agin-liebes@ucsf.edu,41214462 40894046 40351554 40331914 41969367
"Bhat, Venkat",16,0,12,"Interventional Psychiatry Program, St. Michael's Hospital, Toronto, Canada.; Institute of Medical Science, University of Toronto, Toronto, Canada.; Neuroscience Research Program, St. Michael's Hospital, Toronto, Canada.; Department of Psychiatry, University of Toronto, Toronto, Canada.",2026,venkat.bhat@utoronto.ca,42593636 42538940 42534095 42380668 41705428
"Knudsen, Gitte M",16,1,8,"Neurobiology Research Unit, Copenhagen University Hospital Rigshospitalet, Copenhagen, Denmark.; Department of Clinical Medicine, Faculty of Health and Medical Sciences, University of Copenhagen, Copenhagen, Denmark.",2026,gmk@nru.dk; gitte.knudsen@nru.dk,42457666 42212900 40541310 40007438 39632615
"Nichols, Charles D",16,0,8,"Department of Pharmacology and Experimental Therapeutics, LSU Health Sciences Center, New Orleans, LA, USA. cnich1@lsuhsc.edu.",2026,cnich1@lsuhsc.edu,41224969 40534669 40418878 40051761 38072874
"Stauffer, Christopher S",16,2,6,"Open Psychedelic Evaluation Nexus,Portland, OR, USA.; Oregon Health & Science University, Portland, OR, USA.; VA Portland Health Care System, Portland, OR, USA.",2026,christopher.stauffer@va.gov,42665360 42616497 42555520 41947855 40382852
"Agrawal, Manish",16,3,5,"Sunstone Therapies, Rockville, MD, USA.",2026,manish.agrawal@sunstonetherapies.com,42546985 42311441 42301160 42278842 41497513
"Husain, M Ishrat",16,1,5,"Department of Psychiatry, Temerty Faculty of Medicine, University of Toronto, Toronto, Canada.; Campbell Family Mental Health Research Institute, Centre for Addiction and Mental Health (CAMH), Toronto, Canada.",2026,ishrat.husain@camh.ca,41984443 41940853 40684956 40354769 40215914
"Aaronson, Scott T",16,4,4,"The Institute for Advanced Diagnostics and Therapeutics, Sheppard Pratt, Baltimore, MD, United States; University of Maryland School of Medicine, Department of Psychiatry, Baltimore, MD, United States.",2026,saaronson@sheppardpratt.org,42138588 41881122 41075579 40351554 39741440
"Raison, Charles L",16,2,4,"Department of Psychiatry, School of Medicine and Public Health, University of Wisconsin-Madison, Madison, WI, 53719, USA.; Transdisciplinary Center for Research in Psychoactive Substances, University of Wisconsin-Madison, Madison, WI, 53705, USA.",2026,raison@wisc.edu,41688423 39980218 39915687 39804360 39266503
"Schmid, Yasmin",16,2,3,"Psychopharmacology Research, Division of Clinical Pharmacology & Toxicology, Department of Clinical Research, University Hospital Basel, University of Basel, Switzerland.",2026,yasmin.schmid@usb.ch,42114863 41451514 41008409 40811135 40800003
"Mertens, Lea J",16,5,1,"Central Institute of Mental Health, Department of Molecular Neuroimaging, Medical Faculty Mannheim, University of Heidelberg, Mannheim 68159, Germany; German Centre for Mental Health, Mannheim-Heidelberg-Ulm, Berlin, Germany.",2026,lea.mertens@zi-mannheim.de,42201843 41848690 41337833 41066253 40976246
"Giribaldi, Bruna",16,0,1,"Perceptive Inc. (formerly Invicro LLC), Hammersmith Hospital, London (Wall, Demetriou, Ertl); Department of Metabolism, Digestion, and Reproduction (Wall, Ertl) and Centre for Psychedelic Research, Division of Psychiatry, Department of Brain Sciences, Faculty of Medicine (Wall, Ertl, Giribaldi, Rose",2025,,40554997 40547590 40329640 39764567 38423367
"Becker, Anna M",16,3,0,"Psychopharmacology Research, Division of Clinical Pharmacology & Toxicology, Department of Clinical Research, University Hospital Basel, University of Basel, Switzerland.",2026,,42626628 42600572 42243076 42035466 41451514
"Hasler, Gregor",15,1,13,"Molecular Psychiatry Lab, Faculty of Science and Medicine, University of Freiburg, Villars-sur-Glâne, Switzerland.; Lake Lucerne Institute, Vitznau, Switzerland.; Freiburg Mental Health Network, Villars-sur-Glâne, Switzerland.",2026,gregor.hasler@unifr.ch,42631663 42179908 41472616 39926700 39613915
"Malievskaia, Ekaterina",15,0,9,"Compass Pathfinder Ltd (a subsidiary of Compass Pathways plc), London, UK.",2026,,41881122 41497513 41075579 40047545 39741434
"Kelmendi, Benjamin",15,2,5,"Department of Psychiatry, Yale University, New Haven, CT, USA.; Transcend Therapeutics, New York, NY, USA.",2026,ben.kelmendi@yale.edu,42414551 40351554 39636638 39616450 38615521
"Stenbæk, Dea Siggaard",15,1,5,Department of Psychology University of Copenhagen Copenhagen Denmark.; Neurobiology Research Unit Copenhagen University Hospital Copenhagen Denmark.,2026,,42343098 42022021 40351554 40018886 39135498
"Carrera, Ignacio",15,0,5,"Laboratorio de Síntesis Orgánica, Departamento de Química Orgánica, Facultad de Química, Universidad de la República, Montevideo 11800, Uruguay.",2026,,42129626 41452009 41322617 40789467 38467891
"Goldberg, Simon B",15,2,5,"Department of Counseling Psychology, University of Wisconsin-Madison, Madison, WI, USA; Center for Healthy Minds, University of Wisconsin-Madison, Madison, WI, USA.",2026,sbgoldberg@wisc.edu,41606087 41389560 40645527 39472586 38140891
"Dames, Shannon",15,5,4,"Psychedelic-Assisted Therapy Post-Graduate Program, Health Sciences and Human Services, Vancouver Island University, Nanaimo, BC, Canada.",2026,,42574657 42548601 42319884 41694514 41193674
"Wolff, Max",15,6,1,"Department of Molecular Neuroimaging, Central Institute of Mental Health, Medical Faculty Mannheim, Heidelberg University, Mannheim, Germany; Department of Psychiatry and Neurosciences, Charité - Universitätsmedizin Berlin, corporate member of Freie Universität Berlin and Humboldt-Universität zu Ber",2026,max.wolff@zi-mannheim.de,42201843 41848690 41818845 41345723 41224017
"Lerer, Bernard",14,0,7,"Centre for Psychedelic Research, Hadassah Medical Center, Hebrew University, Jerusalem, Israel.",2026,lerer@mail.huji.ac.il,41679899 40897865 40514369 40156912 39394457
"Walsh, Zach",14,1,7,"Department of Psychology, University of British Columbia, Kelowna, BC, Canada.",2026,,41073618 39208303 39126501 37815125 37655532
"Kuchař, Martin",14,0,4,"Forensic Laboratory of Biologically Active Substances, Department of Chemistry of Natural Compounds, University of Chemistry and Technology Prague, Technická 5, Praha 6, 166 28, Czech Republic; Department of Experimental Neurobiology, National Institute of Mental Health, Topolová 748, 250 67, Klecan",2026,martin.kuchar@vscht.cz,41780506 41479142 41110634 40619050 40599633
"Zhang, Yanbo",14,0,3,"Department of Psychiatry, University of Alberta, Edmonton, Canada.",2026,yanbo9@ualberta.ca; yanbo.zhang@ualberta.ca,42593636 42534095 42380668 41705428 40879152
"Majić, Tomislav",14,6,3,"Department of Psychiatry and Neurosciences, Campus Charité Mitte, Charité - Universitätsmedizin Berlin, Corporate Member of Freie Universität Berlin and Humboldt Universität zu Berlin, Berlin, Germany.",2026,tomislav.majic@charite.de,42201843 41749025 41749024 40174857 40165350
"Mitchell, Jennifer M",14,4,2,"Department of Psychiatry and Behavioral Sciences, Weill Institute for Neurosciences, University of California, San Francisco, CA, USA.; Department of Neurology, University of California San Francisco, San Francisco, CA, USA.; Department of Veterans Affairs, Research Service, San Francisco VA Medical",2026,jennifer.mitchell@ucsf.edu,42381187 41773283 41272340 41214462 40850924
"Husain, Muhammad Ishrat",14,2,2,"Department of Psychiatry, University of Toronto, Canada; Centre for Addiction and Mental Health (CAMH), Toronto, Canada; Temerty Centre for Therapeutic Brain Intervention, CAMH, Toronto, Canada; Poul Hansen Family Centre for Depression, University Health Network (UHN), Toronto, Canada.",2026,,41705428 41587629 41485400 41401486 41392767
"Müller, Felix",14,6,1,"Clinical Pharmacology and Toxicology, Department of Biomedicine and Department of Clinical Research, University Hospital Basel and University of Basel, Basel, Switzerland.; Psychiatric University Hospital, University of Basel, Basel, Switzerland.",2026,felix.mueller@upk.ch,42626628 42600572 41563753 40482648 39889565
"Kaelen, Mendel",14,2,1,"Wavepaths, London, UK.",2026,m.kaelen@imperial.ac.uk,42068187 40528492 39636638 37094657 36433778
"Yehuda, Rachel",13,1,8,"Department of Psychiatry, Icahn School of Medicine at Mount Sinai, New York, NY, USA.; James J. Peters Department of Veterans Affairs Medical Center, Bronx, New York, NY, USA.",2026,,42294851 41497513 40883964 39973948 39263894
"Guss, Jeffrey",13,0,5,"NYU School of Medicine, New York, NY, USA.",2026,,42301160 40492498 40171515 39713770 38632313
"Fonzo, Gregory A",13,3,4,"Charmaine and Gordon McGill Center for Psychedelic Research and Therapy, University of Texas at Austin, USA.",2026,gfonzo@austin.utexas.edu,42250921 42219133 41651241 41645048 41048658
"Grob, Charles S",13,0,4,"UCLA School of Medicine, Los Angeles, CA, USA.",2026,cgrob@labiomed.org,41707717 40492498 40351554 39741435 39709010
"Gallardo, Eugenia",13,0,4,"Centro de Investigação em Ciências da Saúde, Universidade da Beira Interior (CICS-UBI), Covilhã, Portugal.; Laboratório de Fármaco-Toxicologia, UBIMedical, Universidade da Beira Interior, Covilhã, Portugal.; Centro Académico Clínico das Beiras (CACB) - Grupo de Problemas Relacionados com Toxicofilia",2025,egallardo@fcsaude.ubi.pt,38962992 38931386 38699824 38004320 37447135
"Deco, Gustavo",13,0,3,"Department of Information and Communication Technologies, Centre for Brain and Cognition, Computational Neuroscience Group, Universitat Pompeu Fabra, Barcelona, 08005, Spain.",2026,morten.kringelbach@psych.ox.ac.uk; nklmpg@stanford.edu; gustavo.deco@upf.edu,42618786 42381187 41261994 40940591 40689865
"Halberstadt, Adam L",13,4,3,"Department of Psychiatry, University of California San Diego, La Jolla, California 92093, United States.",2026,ahalberstadt@health.ucsd.edu; ahalberstadt@ucsd.edu; ahalbers@ucsd.edu,42567236 41852641 41051875 39900138 35524430
"Petranker, Rotem",13,4,3,"Department of Psychology, Neuroscience, and Behaviour, McMaster University, Hamilton, Canada.",2026,rotem@petranker.com; rotem@boredomlab.org,42566966 42125778 41693474 40348309 39718337
"Kelly, John R",13,3,3,"Trinity Centre for Health Sciences, Department of Psychiatry, Tallaght University Hospital, Dublin, Ireland.",2026,kellyjr@tcd.ie,42539773 42113605 41881122 41816502 41075579
"Osika, Walter",13,0,3,"Department of Neurobiology, Care Sciences and Society, Karolinska Institutet, Stockholm, Sweden.",2026,,42113558 41389560 40645527 38477889 38140891
"Luoma, Jason B",13,5,2,"Portland Psychotherapy Clinic, Research, & Training Center, Portland, OR, USA.; Open Psychedelic Evaluation Nexus,Portland, OR, USA.",2026,,42665360 42616497 41566347 40803962 39881568
"Solmi, Marco",13,1,2,"Department of Psychiatry, University of Ottawa, Ottawa, Ontario, Canada; Department of Child and Adolescent Psychiatry, Charité Universitätsmedizin, Berlin, Germany; Department of Mental Health, The Ottawa Hospital, Ottawa, Ontario, Canada; Ottawa Hospital Research Institute, Ottawa, Ontario, Canada",2026,msolmi@toh.ca,42215638 41857461 41830808 41205366 41122434
"Hellerstein, David J",13,0,2,"New York State Psychiatric Institute, Department of Psychiatry, Vagelos College of Physicians and Surgeons, Columbia University, New York City, NY, United States.",2026,david.hellerstein@nyspi.columbia.edu,41881122 41139739 41075579 40326007 40047545
"Gasser, Peter",13,3,2,"Medical Office for Psychiatry and Psychotherapy, Solothurn, Switzerland.",2026,pgasser@gmx.net,40800003 40492498 40165350 39963333 39190240
"Burback, Lisa",13,1,1,"Department of Psychiatry, University of Alberta, Edmonton, Canada.; Neuroscience and Mental Health Institute (NMHI), University of Alberta, Edmonton, Canada.",2026,burback@ualberta.ca,42593636 42534095 42380668 41705428 40879152
"Sherwood, Alexander M",13,5,1,"Usona Institute, Madison, Wisconsin 53711, United States.",2026,,41773421 40743107 39939591 38826215 38189238
"Schindler, Emmanuelle A D",13,11,1,"Headache Center of Excellence, Veterans Affairs Connecticut Healthcare System, West Haven, Connecticut, USA.; Neurology Service, Veterans Affairs Connecticut Healthcare System, West Haven, Connecticut, USA.; Department of Neurology, Yale School of Medicine, New Haven, Connecticut, USA.",2026,emmanuelle.schindler@yale.edu,41562498 41459830 38581739 42533876 37652000
"Winkler, Olga",13,0,0,"Department of Psychiatry, University of Alberta, Edmonton, Canada.; Neuroscience and Mental Health Institute (NMHI), University of Alberta, Edmonton, Canada.",2026,olga.winkler@albertahealthservices.ca,42593636 42534095 42380668 41705428 40879152
"Jetly, Rakesh",13,0,0,"The Institute of Mental Health Research, Royal Ottawa Hospital, University of Ottawa, Ottawa, Canada.",2026,rakesh@drjetly.com,42593636 42534095 42380668 41705428 40879152
"Modlin, Nadav Liam",13,7,0,"The Institute of Psychiatry, Psychology and Neuroscience, King's College London, London, UK.",2026,,42562964 42460632 42301160 41588876 41497513
"Inserra, Antonio",13,3,0,"Centre for Behavioural Sciences and Mental Health, Istituto Superiore di Sanità, Rome, Italy.",2026,antonio.inserra@iss.it,42401369 42342649 41974985 41077262 40840197
"Doss, Manoj K",13,6,0,"Department of Psychiatry and Behavioral Sciences, Center for Psychedelic Research and Therapy, The University of Texas at Austin Dell Medical School, Austin, TX, USA.",2026,manoj.doss@austin.utexas.edu; mdoss3@jhmi.edu,42219133 41942645 41345723 40450555 39614620
"Mallaroni, Pablo",13,4,0,"Department of Neuropsychology and Psychopharmacology, Faculty of Psychology and Neuroscience, Maastricht University, Maastricht, 6229 ER, The Netherlands.",2026,p.mallaroni@maastrichtuniversity.nl,42030660 41942645 41634136 41261994 39614620
"Fricke, Janis",13,5,0,"Cluster of Excellence Balance of the Microverse, Friedrich Schiller University Jena, Neugasse 23, 07743, Jena, Germany.; Chemical Biology of Microbe-Host Interactions, Leibniz Institute for Natural Product Research and Infection Biology - Hans Knöll Institute, Beutenbergstr. 11a, 07745, Jena, German",2024,,39487767 38664850 35583969 33667102 32101345
"Hamilton, Scott",13,0,0,"Stanford School of Medicine, Stanford University, Stanford, CA, USA.",2024,jennifer.mitchell@ucsf.edu,39375459 39126501 39126500 37709999 37404971
"Jones, J Andrew",12,0,9,"Miami University, Department of Chemical, Paper, and Biomedical Engineering, Oxford, OH, USA. Electronic address: jones@miamioh.edu.",2026,jones@miamioh.edu; jonesj28@miamioh.edu,42288133 40381450 40250599 38888046 38846751
"Suppes, Trisha",12,0,7,"Department of Psychiatry and Behavioral Sciences, Stanford University, Palo Alto, CA, USA.",2026,tsuppes@stanford.edu,42248535 42138588 41645048 41048658 40994136
"Kringelbach, Morten L",12,1,7,"Center for Brain and Cognition, Computational Neuroscience Group, Department of Information and Communication Technologies, Universitat Pompeu Fabra, Barcelona, Spain.; Centre for Eudaimonia and Human Flourishing, Linacre College, University of Oxford, Oxford, UK.; Department of Psychiatry, Universi",2025,morten.kringelbach@psych.ox.ac.uk; nklmpg@stanford.edu; gustavo.deco@upf.edu,40940591 40689865 39632810 38853985 38515439
"Rush, Brian",12,2,6,"Institute for Mental Health Policy Research, Centre for Addiction and Mental Health, Toronto, ON, Canada.",2026,brian.rush@camh.ca,42407184 41618525 41389648 40882971 40327705
"Fisher, Patrick MacDonald",12,0,6,"Neurobiology Research Unit, Copenhagen University Hospital, Rigshospitalet, Copenhagen, Denmark. patrick@nru.dk.; Department of Drug Design and Pharmacology, University of Copenhagen, Copenhagen, Denmark. patrick@nru.dk.",2026,patrick@nru.dk,42343098 39135498 40656118 36545240 36275302
"Fisher, Patrick M",12,0,4,"Neurobiology Research Unit, Rigshospitalet, Copenhagen, Denmark.",2026,patrick@nru.dk; patrick.fisher@nru.dk,42675044 42457666 42212900 41942645 40007438
"Lafrance, Adele",12,2,4,"Department of Research, Emotion Science, Sudbury, Ontario, Canada.",2026,adele@dradelelafrance.com,42414058 40468435 39350242 37943076 36171638
"Horáček, Jiří",12,0,4,"National Institute of Mental Health, Klecany, Czech Republic.; Third Faculty of Medicine, Charles University Prague, Czech Republic.",2026,,41479142 41389223 40666257 40599633 40522607
"Argento, Elena",12,7,4,"Department of Psychology, University of British Columbia, Kelowna, BC, Canada.",2026,bccsu-ea@bccsu.ubc.ca,41073618 41058650 39208303 38654554 37378010
"Maples-Keller, Jessica L",12,2,3,"Emory Center for Psychedelics and Spirituality, Emory University.",2026,,42528601 40758287 40530405 39895858 39804360
"Sessa, Ben",12,7,3,Independent Consultant.,2025,b.sessa@imperial.ac.uk,40492610 35301759 35175662 35000572 33601929
"Averill, Lynnette A",12,2,2,"Ethical Legal Implications of Psychedelics in Society Program, Center for Medical Ethics and Health Policy, Baylor College of Medicine, Houston, TX, USA. Psychiatry and Behavioral Sciences, Baylor College of Medicine, Houston, TX, USA. The Menninger Clinic, Houston, TX, USA.",2026,,42576923 42400152 41499117 41024388 39804300
"Tabaac, Burton J",12,5,2,"Department of Neurology, University of Nevada Reno School of Medicine, Reno, NV, United States.; Department of Neurology, Carson Tahoe Health, Carson City, NV, United States.",2026,,42318348 42299720 41714909 39219339 38518273
"Seynaeve, Mathieu",12,2,1,"Beckley Psytech Ltd, An AtaiBeckley Company, Oxford, UK.; Department of Psychological Medicine, Institute of Psychiatry, Psychology & Neuroscience, King's College, London, UK.",2026,mathieu.seynaeve@kcl.ac.uk,42562964 42544757 41874919 41761045 41714909
"Shinozuka, Kenneth",12,3,1,"Centre for Eudaimonia and Human Flourishing, Linacre College, University of Oxford, Oxford, UK. kennethshinozuka@gmail.com.; Department of Psychiatry, University of Oxford, Oxford, UK. kennethshinozuka@gmail.com.; Oxford Mathematics of Consciousness and Applications Network (OMCAN), University of Ox",2024,kennethshinozuka@gmail.com,42299720 41714909 40208968 39632810 38518273
"Alcázar-Córcoles, Miguel Ángel",12,0,1,"Department of Biological and Health Psychology, School of Psychology, Autonomous University of Madrid, Madrid, Spain.",2026,,41854389 41687467 41082525 36456173 35635152
"Tylš, Filip",12,2,0,"National Institute of Mental Health, Klecany, Czech Republic.; Third Faculty of Medicine, Charles University Prague, Czech Republic.",2026,filip.r.tyls@gmail.com,41479142 41389223 40599633 40522607 38010760
"Lucas, Philippe",11,0,10,"Michigan Psychedelic Center, University of Michigan, MI, Canada.",2026,,42566966 40260901 40051481 39944237 39718337
"González-Maeso, Javier",11,0,9,"Department of Physiology & Biophysics, Virginia Commonwealth University School of Medicine, Richmond, Virginia 23298, United States.; Department of Pharmacology & Toxicology, Virginia Commonwealth University School of Medicine, Richmond, Virginia 23298, United States.",2026,javier.maeso@vcuhealth.org; jgmaeso@vcu.edu,41914141 41481361 41266307 39416073 37874338
"Woolley, Joshua D",11,0,9,"Department of Psychiatry and Behavioral Sciences, Weill Institute for Neurosciences, University of California, San Francisco, CA, USA.; San Francisco Veterans Affairs Medical Center, San Francisco, CA, USA.",2025,jennifer.mitchell@ucsf.edu,41315485 40205013 38915850 38782821 38687360
"Duarte, Ana Paula",11,0,8,"Centro de Investigação em Ciências da Saúde, Universidade da Beira Interior (CICS-UBI), Covilhã, Portugal.; Laboratório de Fármaco-Toxicologia, UBIMedical, Universidade da Beira Interior, Covilhã, Portugal.",2025,apduarte@fcsaude.ubi.pt,38962992 38931386 38699824 37447135 36144509
"Schoevers, Robert A",11,0,5,"University Medical Centre Groningen, Department of Psychiatry, Groningen, the Netherlands.",2026,,41881122 41075579 39788410 39706482 39667373
"Shannon, Scott",11,2,4,"Wholeness Center, Fort Collins, Colorado, USA.",2026,jennifer.mitchell@ucsf.edu,42517136 42504298 42319884 41112936 40933207
"Maia, Lucas Oliveira",11,3,4,Federal University of Alfenas University of Campinas Federal University of Rio Grande do Norte.,2025,lucas.maia.024@ufrn.edu.br; lucasohmaia@gmail.com,40967680 40900021 38809663 36863501 36368095
"Marseille, Elliot",11,5,3,"University of California, Berkeley, CA, United States.; UC Berkeley, Collaborative for the Economics of Psychedelics (CEP), Berkeley, CA, United States.",2026,emarseille1@berkeley.edu,42395285 42088004 41674667 40883271 40109441
"Carter, Olivia",11,0,2,"Melbourne School of Psychological Sciences, University of Melbourne, Parkville, Victoria 3010, Australia.",2026,,42566154 42307775 42114863 41679377 41186141
"Siegel, Joshua S",11,3,2,"Washington University School of Medicine, Saint Louis, MO, USA.; NYU Langone Center for Psychedelic Medicine, Department of Psychiatry, New York University Grossman School of Medicine, New York, NY, USA.",2026,jssiegel@wustl.edu; joshua.siegel@nyulangone.org,42258710 41139739 41083844 40533500 40473634
"Kruger, Daniel J",11,6,1,"Department of Community Health and Health Behavior, School of Public Health and Health Professions, University at Buffalo, Buffalo, NY, USA; Michigan Psychedelic Center (M-PsyC), University of Michigan, Ann Arbor, MI, USA. Electronic address: djkruger@buffalo.edu.",2026,djkruger@buffalo.edu; kruger@umich.edu,42566966 42248136 41291774 40342400 40323119
"Madsen, Martin K",11,5,1,"Neurobiology Research Unit, Copenhagen University Hospital Rigshospitalet, Copenhagen, Denmark.; Department of Psychiatry Odense-Svendborg, University Hospital of Southern Denmark, Svendborg, Denmark.; Research Unit, Department of of Psychiatry, University Hospital of Southern Denmark, Odense﻿, Denm",2026,,42457666 42212900 40007438 39632615 38238974
"Spriggs, Meg J",11,3,1,"Centre for Psychedelic Research, Division of Psychiatry, Department of Brain Sciences, https://ror.org/041kmwe10Imperial College London, London, UK.",2026,,42414058 40547590 39881126 39350242 38520045
"Somers, Metten",11,1,1,"Department of Psychiatry, Brain Center University Medical Center Utrecht, University Utrecht, Utrecht, The Netherlands.",2026,,42130778 41881122 41412413 41075579 40022534
"Greenshaw, Andrew",11,0,0,"Department of Psychiatry, University of Alberta, Edmonton, Canada.",2026,agreensh@ualberta.ca,42593636 42534095 42380668 41705428 40879152
"Shao, Ling-Xiao",11,4,0,"Meinig School of Biomedical Engineering, Cornell University, Ithaca, NY 14853, USA.",2026,,42539178 42039555 41352354 41023408 40175553
"Marwood, Lindsey",11,1,0,"Compass Pathfinder Ltd (a subsidiary of Compass Pathways plc), London, UK.",2026,,42460632 41881122 41075579 40047545 39706482
"Davoudian, Pasha A",11,2,0,"Meinig School of Biomedical Engineering, Cornell University, Ithaca, NY 14853, USA; Interdepartmental Neuroscience Program, Yale University School of Medicine, New Haven, CT 06511, USA; Medical Scientist Training Program, Yale University School of Medicine, New Haven, CT 06511, USA.",2026,,42039555 41352354 41023408 40175553 39939591
"Ley, Laura",11,2,0,"Psychopharmacology Research, Division of Clinical Pharmacology & Toxicology, Department of Clinical Research, University Hospital Basel, University of Basel, Switzerland.",2026,,42035466 41451514 40482648 40140019 40656108
"Reckweg, Johannes T",11,3,0,"Department of Neuropsychology and Psychopharmacology, Faculty of Psychology and Neuroscience, Maastricht University, Maastricht, MD 6200, the Netherlands.",2026,,42030660 40528856 39741439 39614620 38061689
"Cherian, Kirsten",11,1,0,"Stanford Brain Stimulation Lab. Department of Psychiatry and Behavioral Sciences, Stanford University School of Medicine, Palo Alto, CA, USA.; Department of Psychiatry and Behavioral Sciences, Stanford University School of Medicine, Palo Alto, CA, USA.",2026,,41883580 41687815 41620509 38518273 38518272
"Daldegan-Bueno, Dimitri",11,5,0,"Interdisciplinary Cooperation for Ayahuasca Research and Outreach, School of Medical Sciences, University of Campinas, Campinas, São Paulo, Brazil.; Faculty of Medical and Health Sciences, School of Pharmacy, The University of Auckland, Auckland, New Zealand.",2025,d.daldegan@auckland.ac.nz,40889616 40579992 37798662 36863501 36368095
"Rosas, Fernando E",11,0,0,"Centre for Psychedelic Research, Department of Brain Sciences, Faculty of Medicine, Imperial College London, London, UK.; Department of Informatics, University of Sussex, Brighton, UK.; Centre for Complexity Science, Imperial College London, London, UK.; Center for Eudaimonia and Human Flourishing, ",2025,,39881126 39301949 38520045 38247730 37897244
"Kuypers, K P C",11,4,0,"Department of Neuropsychology and Psychopharmacology, Faculty of Psychology and Neuroscience, Maastricht University, Maastricht, The Netherlands.",2025,k.kuypers@maastrichtuniversity.nl,39791347 37689275 33833225 33694031 32816295
"Gonçalves, Joana",11,8,0,"Centro de Investigação em Ciências da Saúde, Universidade da Beira Interior (CICS-UBI), Covilhã, Portugal.; Laboratório de Fármaco-Toxicologia, UBIMedical, Universidade da Beira Interior, Covilhã, Portugal.",2025,janitagoncalves@hotmail.com,38962992 38931386 38699824 37447135 36144509
"Muir, Owen S",10,1,9,"Fermata Health, Brooklyn, NY; and.; Acacia Clinics, Sunnyvale, CA.",,,42299720 41714909 38518273 38518272 38518271
"Roth, Bryan L",10,0,8,"Department of Pharmacology, University of North Carolina at Chapel Hill, Chapel Hill, NC, USA. bryan_roth@med.unc.edu.",2026,bryan_roth@med.unc.edu,42563032 41052972 40683247 37808655 37137306
"Heifets, Boris D",10,0,7,"Department of Anesthesiology, Perioperative and Pain Medicine, Stanford University School of Medicine, Stanford, California, USA.; Department of Psychiatry and Behavioral Sciences, Stanford University, Stanford, California, USA.",2026,bheifets@stanford.edu,42675044 41565674 41121647 40672181 40291657
"Tagliazucchi, Enzo",10,0,7,"Department of Physics, Institute of Applied and Interdisciplinary Physics, University of Buenos Aires, Buenos Aires, Argentina.; National Scientific and Technical Research Council, Buenos Aires, Argentina.; Cognitive Neuroscience Center, Universidad de San Andrés, Buenos Aires, Argentina.; Latin Ame",2026,tagliazucchi.enzo@googlemail.com,42559191 41458361 40634541 38423367 36940333
"Martin-Soelch, Chantal",10,0,7,"Department of Psychology, University of Fribourg, Fribourg, Switzerland.",2026,,42220002 39823398 39360499 37841918 36679060
"Gobbi, Gabriella",10,2,6,"Department of Psychiatry, McGill University and Research Institute of the McGill University Health Center, Montreal, QC, Canada.",2026,gabriella.gobbi@mcgill.ca; danilo.degregorio@mcgill.ca,42096531 41077262 40984017 39299781 36263521
"Nemeroff, Charles B",10,0,6,"Department of Psychiatry and Behavioral Sciences (Fonzo, Barksdale, Nemeroff) and Center for Psychedelic Research and Therapy (Fonzo, Nemeroff), University of Texas at Austin Dell Medical School, Austin; Institute for Early Life Adversity Research, University of Texas at Austin, Austin (Fonzo, Nemer",2025,,40450555 39741438 39741437 39616450 39455547
"Williams, Monnica T",10,2,5,"School of Psychology, University of Ottawa, 136 Jean-Jacques Lussier, Vanier Hall, Ottawa, ON, K1N 6N5, Canada. Monnica.Williams@uOttawa.ca.; Behavioral Wellness Clinic, Tolland, CT, USA. Monnica.Williams@uOttawa.ca.",2026,monnica.williams@uottawa.ca,42436172 39804304 39443907 37652035 35727042
"Meinhardt, Marcus W",10,2,5,"Institute for Psychopharmacology, Central Institute of Mental Health (ZI), University of Heidelberg/Medical Faculty Mannheim, Mannheim, Germany.; Molecular Neuroimaging, Central Institute of Mental Health (ZI), University of Heidelberg/ Medical Faculty Mannheim, Mannheim, Germany.",2026,marcus.meinhardt@zi-mannheim.de,42192100 41891829 40899152 39639028 38097569
"Carhart-Harris, R L",10,3,5,"Division of Psychiatry, Department of Brain Sciences, Centre for Psychedelic Research, Imperial College London, London, UK. robin.carhart-harris@ucsf.edu.; Carhart-Harris Lab, Department of Neurology, University of California San Francisco, San Francisco, CA, USA. robin.carhart-harris@ucsf.edu.",2026,robin.carhart-harris@ucsf.edu; r.carhart-harris@imperial.ac.uk,42086570 37955822 36584883 32895801 31221820
"Repantis, Dimitris",10,0,4,"Department of Psychiatry and Neurosciences, Campus Charité Mitte, Charité - Universitätsmedizin Berlin, Berlin, Germany.; German Center for Mental Health (DZPG), Berlin, Potsdam, Germany.",2026,,42304595 42268384 41881122 41075579 41017267
"Galvão-Coelho, Nicole Leite",10,1,4,"Laboratory of Hormone Measurement, Department of Physiology and Behavior, Biosciences Center, Federal University of Rio Grande do Norte, Natal, RN, Brazil.",2026,,41714608 40060188 36545037 36408451 34761362
"Soares, Jair C",10,0,3,"Louis A. Faillace Department of Psychiatry & Behavioral Sciences, UTHealth Houston, 1941 East Rd., Houston, TX 77054, USA. Electronic address: Jair.C.Soares@uth.tmc.edu.",2026,jair.c.soares@uth.tmc.edu,42442821 41881122 41762772 41109422 39675677
"Baumann, Michael H",10,0,3,"Designer Drug Research Unit, Intramural Research Program, National Institute on Drug Abuse, National Institutes of Health, Baltimore, Maryland 21224, United States.",2026,,42079221 41452009 40418247 40381003 39636099
"Araujo, Draulio B",10,0,3,"Brain Institute, Federal University of Rio Grande do Norte, Natal, Brazil.",2026,draulio@neuro.ufrn.br,41942645 41342247 40337754 38141403 36368095
"Slot, Jason C",10,0,3,"Entheome Foundation, Oakland, California, USA.; Department of Plant Pathology, The Ohio State University, Columbus, Ohio, United States.; Center for Psychedelic Drug Research and Education, The Ohio State University, Columbus, Ohio, United States.",2025,slot.1@osu.edu,41056483 39727395 41836496 38052161 37961470
"Tsang, Vivian W L",10,6,2,"From the Department of Psychiatry, Faculty of Medicine, University of British Columbia, Vancouver, British Columbia, Canada (V.W.L.T.); Undergraduate Medical Program, University of British Columbia, Vancouver, British Columbia, Canada (M.K.K., E.A.); Faculty of Science, McMaster University, Hamilton",2026,thevotumlab@gmail.com,42319884 41694514 41540564 41105111 41082834
"Spanagel, Rainer",10,0,2,"Institute for Psychopharmacology, Central Institute of Mental Health (ZI), University of Heidelberg/Medical Faculty Mannheim, Mannheim, Germany.; German Center for Mental Health (DZPG), partner site Mannheim-Heidelberg-Ulm, Mannheim, Germany.",2026,rainer.spanagel@zi-mannheim.de,42192100 41960323 41891829 40646424 39639028
"Blumberger, Daniel M",10,0,2,"Department of Psychiatry, University of Toronto, Canada; Centre for Addiction and Mental Health (CAMH), Toronto, Canada; Temerty Centre for Therapeutic Brain Intervention, CAMH, Toronto, Canada.",2026,,41401486 41392767 41122434 40933784 40684956
"Fernandes-Osterhold, Gisele",10,0,1,"University of California San Francisco, San Francisco, CA, USA.",2026,,42668404 42575192 41902950 40468435 40205013
"Palitsky, Roman",10,6,1,"Emory Center for Psychedelics and Spirituality, Emory University.",2026,,42528601 42130783 41869002 40758287 40021999
"Rieser, Nathalie M",10,3,1,"Department of Adult Psychiatry and Psychotherapy, Psychiatric University Clinic Zurich and University of Zurich, Zurich, Switzerland.",2026,nathalie.rieser@bli.uzh.ch,42421650 42192100 40830011 40351554 40144690
"Martell, Jonny",10,0,1,"Centre for Psychedelic Research, Division of Psychiatry, Department of Brain Sciences, https://ror.org/041kmwe10Imperial College London, London, UK.",2026,,42414058 39897296 39882198 39764567 37466289
"Berlowitz, Ilana",10,8,1,"Institute of Anatomy, Faculty of Medicine, University of Zurich, Zurich, Switzerland.; Unit for Clinical and Health Psychology, Department of Psychology, University of Fribourg, Fribourg, Switzerland.",2025,ilana.berlowitz@uzh.ch,39823398 39360499 36679060 35600851 34933085
"Rosenbaum, Daniel",10,4,0,"Department of Psychiatry, University of Toronto, Toronto, ON, Canada.; UHN Centre for Mental Health - Psychedelic Psychotherapy Research Group, University Health Network, Toronto, ON, Canada.",2026,,42541603 41152967 40639037 39116148 38301164
"Rocha, Juliana Mendes",10,4,0,"Department of Neuroscience and Behavior, Ribeirão Preto Medical School, University of São Paulo, Ribeirão Preto, SP, Brazil. Departament of Psychossocial Oncology, Medical Cumming School, University of Calgary, Calgary, Canada.",2026,,42520175 37335211 36947216 35289542 35107855
"Nayak, Sandeep",10,1,0,"Center for Psychedelic and Consciousness Research, Department of Psychiatry and Behavioral Sciences, Johns Hopkins University School of Medicine, Baltimore, MD, USA.",2026,,42207275 41730563 39543323 39447981 38483940
"Straumann, Isabelle",10,3,0,"Clinical Pharmacology and Toxicology, Department of Biomedicine and Department of Clinical Research, University Hospital Basel, Basel, Switzerland.; Department of Pharmaceutical Sciences, University of Basel, Basel, Switzerland.",2026,,42049943 41451514 40999236 40140019 40022427
"Liao, Clara",10,1,0,"Meinig School of Biomedical Engineering, Cornell University, Ithaca, NY, USA.; Interdepartmental Neuroscience Program, Yale University, New Haven, CT, USA.",2026,,42039555 41023408 40766642 40175553 39939591
"Mansur, Rodrigo B",10,0,0,"University of Toronto, Toronto, Canada.; Department of Psychiatry, University of Toronto, Toronto, Canada.",2025,rodrigo.mansur@uhn.ca,41285295 40354769 40337756 38570038 38359838
"Meling, Daniel",10,2,0,"Psychedelic Research and Therapy Development, Adult Psychiatry and Psychotherapy, Psychiatric University Hospital Zurich, University of Zurich, Zurich, Switzerland.; Faculty of Medicine, Department of Psychosomatic Medicine and Psychotherapy, Medical Center - University of Freiburg, Freiburg, German",2026,daniel.meling@bli.uzh.ch,41035622 40536012 40311954 39923404 39774840
"Wall, Matthew B",10,4,0,"Centre for Psychedelic Research, Division of Brain Sciences, Imperial College London, London, UK.; Perceptive, Centre for Imaging Sciences, London, UK.",2025,matthew.wall@imperial.ac.uk; matt.wall@invicro.co.uk,40541308 40481249 40329640 40281226 37759038
"Wang, Julie B",10,0,0,"MAPS Public Benefit Corporation (MAPS PBC), San Jose, CA, United States of America.",2024,jennifer.mitchell@ucsf.edu; juliewang@mapsbcorp.com,39126500 38198456 37404971 36713926 35727042
"Osório, Flávia L",10,0,0,"Department of Neurosciences and Behavior, Ribeirão Preto Medical School, University of São Paulo, Ribeirão Preto, Brazil.; National Institute of Science and Technology - Translational Medicine, Ribeirão Preto, Brazil.",2022,,37335211 35289542 35107855 34421675 31065350
"Nock, Matthew K",9,0,9,"Department of Psychology, Harvard University, Cambridge, MA, United States.",2024,,38979507 37692301 36216840 35732796 35393455
"Caldas, Eloisa Dutra",9,0,8,"Laboratory of Toxicology, Department of Pharmacy, Faculty of Health Sciences, University of Brasília, Brasilia, DF, Brazil. eloisa@unb.br.",2025,eloisa@unb.br,40498206 35458698 34596814 32660098 32103409
"Woolley, Joshua",9,0,6,"Translational psychedelic research group, Department of Psychiatry and Behavioral Sciences, Weill Institute for Neurosciences, University of California, San Francisco, USA.; San Francisco Veterans Affairs Medical Center, San Francisco, USA.",2026,josh.woolley@ucsf.edu,40906191 40051581 39823947 38659049 37651119
"Brietzke, Elisa",9,0,5,"Department of Psychiatry, Queen's University School of Medicine, Kingston, ON, Canada.; Centre for Psychedelics Health and Research, Providence Care Hospital and Queen's University, Kingston, ON, Canada.",2026,,41405984 41148143 39731144 39568756 39568211
"Mayo, Leah M",9,0,4,"Department of Psychiatry, Mathison Centre for Mental Health Research and Education, and Hotchkiss Brain Institute, University of Calgary, Calgary, AB, Canada.",2026,,42540045 41918771 41205366 40669813 42662093
"Brett, Jonathan",9,3,4,"From the Thomas Jefferson University (J.C.); St. Vincent's Hospital Alcohol and Drug Service (K.J.S., L.A.), Sydney, Australia; National Drug and Alcohol Research Centre (NDARC) (K.J.S., L.A.), The University of New South Wales, Randwick, Australia; New South Wales Drug and Alcohol Clinical Research",2026,jonathan.brett@svha.org.au,42422525 42031666 41424164 40974259 40382852
"Sabé, Michel",9,3,4,"Division of Addiction Psychiatry, Department of Psychiatry, University Hospitals of Geneva, 70, Grand-Pré, CH-1202, Geneva, Switzerland; Faculty of Medicine, University of Geneva, Geneva, Switzerland; Division of Adult Psychiatry, Department of Psychiatry, University Hospitals of Geneva, 2, Chemin d",2026,michel.sabe@hug.ch; michel.sabe@hcuge.ch,42215638 41830808 41575100 41205366 41009515
"Evens, Ricarda",9,1,4,"Department of Psychology, Humboldt-Universität zu Berlin, Germany.",2026,,42201843 41848690 41749025 41121524 40165350
"Bedi, Gillinder",9,1,4,"Centre for Youth Mental Health, The University of Melbourne, and Orygen, Melbourne, VIC, Australia.",2026,gill.bedi@unimelb.edu.au,42114863 41633448 41178084 40683535 39929500
"Lerer, Leonard",9,2,4,"ParowBio, Chicago, IL, USA. leonard.lerer@gmail.com.",2026,leonard.lerer@gmail.com,42088004 41932939 40109441 39394457 38979304
"Lifschytz, Tzuri",9,0,4,"Biological Psychiatry Laboratory and Hadassah BrainLabs Center for Psychedelic Research, Hebrew University, Ein Karem, Jerusalem, Israel. lifschytztzuri@gmail.com.",2025,lifschytztzuri@gmail.com; tzuri.lifschytz@mail.huji.ac.il,40897865 40514369 40156912 39394457 38979304
"Hapke, Emma",9,0,3,"Department of Psychiatry, University of Toronto, Toronto, ON, Canada.; UHN Centre for Mental Health - Psychedelic Psychotherapy Research Group, University Health Network, Toronto, ON, Canada.",2026,jennifer.mitchell@ucsf.edu,42541603 41152967 39116148 37404971 36376043
"Meyer, Thomas D",9,3,3,"Faillace Department of Psychiatry and Behavioral Sciences, McGovern Medical School, University of Texas Health Science Center, Houston, TX, United States.",2026,thomas.d.meyer@uth.tmc.edu,42442821 41645048 41109422 41075579 39706482
"Hutson, Paul R",9,1,3,"Transdisciplinary Center for Research in Psychoactive Substances, University of Wisconsin-Madison, Madison, WI, 53705, USA.; School of Pharmacy, University of Wisconsin-Madison, Madison, WI, 53705, USA.",2026,paul.hutson@wisc.edu,41688423 40168028 39266503 40046866 37651119
"Duthaler, Urs",9,0,3,"Division of Clinical Pharmacology and Toxicology, Department of Pharmaceutical Sciences, University of Basel, Basel, Switzerland.; Division of Clinical Pharmacology and Toxicology, Department of Biomedicine, University Hospital Basel, Basel, Switzerland.; Institute of Forensic Medicine, Department o",2024,urs.duthaler@unibas.ch,38741590 37258715 37231080 36507738 36434963
"Richards, William A",9,0,2,"Department of Psychiatry and Behavioral Sciences, Johns Hopkins University School of Medicine, Baltimore, Maryland, USA.",2026,,42035466 41869007 40165350 35285721 33643087
"Jones, Grant M",9,7,2,"Department of Psychology, Harvard University, USA.",2025,gmj005@g.harvard.edu,41208129 39586127 38979507 36314881 36216840
"Weleff, Jeremy",9,2,2,"Department of Psychiatry, Yale University School of Medicine, 300 George Street, Suite 901, New Haven, CT, 06511, USA.; Department of Psychiatry, Faculty of Medicine & Dentistry, University of Alberta, Edmonton, AB, Canada.; Neuroscience and Mental Health Institute, University of Alberta, Edmonton, ",2025,jeremy.weleff@yale.edu,40600242 40147088 40051760 39833376 37928914
"Mennenga, Sarah E",9,0,2,"Department of Psychiatry, NYU Langone Center for Psychedelic Medicine, NYU Grossman School of Medicine, New York (Pagni, Zeifman, Mennenga, Carrithers, Goldway, O'Donnell, Ross, Bogenschutz); School of Life Sciences, Arizona State University, Tempe (Mennenga); Department of Psychology, New York Univ",2025,,39741446 36992856 36332827 36001306 33860185
"Ribeiro, Sidarta",9,0,2,"Brain Institute, Federal University of Rio Grande do Norte, Natal, Brazil. sidartaribeiro@neuro.ufrn.br.; Center for Strategic Studies, Oswaldo Cruz Foundation (FIOCRUZ), Rio de Janeiro, Brazil. sidartaribeiro@neuro.ufrn.br.",2024,sidartaribeiro@neuro.ufrn.br,38987574 38760450 35158230 35105186 34253268
"Szigeti, Balázs",9,5,1,"Translational psychedelic research group, Department of Psychiatry and Behavioral Sciences, Weill Institute for Neurosciences, University of California, San Francisco, USA. balazs.szigeti@ucsf.edu.; Centre for Psychedelic Research, Imperial College London, London, UK. balazs.szigeti@ucsf.edu.",2026,balazs.szigeti@ucsf.edu,42668404 41848744 40906191 40492610 40205013
"Lyons, Taylor",9,2,1,"Centre for Psychedelic Research, Imperial College London, UK.",2026,,42381187 42068187 40654586 40554997 40547590
"Armand, Sophia",9,1,1,Department of Psychology University of Copenhagen Copenhagen Denmark.; Neurobiology Research Unit Copenhagen University Hospital Copenhagen Denmark.,2026,,42343098 42212900 42022021 40007438 40656071
"Dorval, Michel",9,4,1,"Department of Oncology, Faculty of Pharmacy, Université Laval, Québec City, QC, Canada.; Department of Oncology, CHU de Québec-Université Laval Research Center, Québec City, QC, Canada.; Department of Oncology, Institut de soins palliatifs et de fin de vie Michel-Sarrazin - Université Laval, Québec ",2026,,42278812 42154482 41804100 41601251 41008422
"Kohek, Maja",9,2,1,"ICEERS International Center for Ethnobotanical Education, Research and Services, C/ Sepúlveda, 65, bajos 2, 08015, Barcelona, Spain; Medical Anthropology Research Center, Department of Anthropology, Philosophy and Social Work, University of Rovira I Virgili, Av. Catalunya, 35, 43002, Tarragona, Spai",2026,,41854389 41687467 41082525 40236491 38169823
"Loizaga-Velder, Anja",9,2,1,"Nierika Institute for Intercultural Medicine, Ocuilan, Mexico.",2026,,41618525 40492498 39400118 37675972 37615330
"Barba, Tommaso",9,2,1,"Centre for Psychedelic Research, Imperial College London, London, UK.",2026,tommaso.barba20@imperial.ac.uk,41496490 40260121 39764567 38983371 38605658
"Wießner, Isabel",9,3,1,"Brain Institute, Federal University of Rio Grande do Norte, Natal, Brazil.",2026,isabel.wiessner@gmail.com,41342247 40579992 40337754 40258990 38141403
"Dornbierer, Dario A",9,1,1,"Psychedelic Research and Therapy Development, Adult Psychiatry and Psychotherapy, Psychiatric University Hospital Zurich, University of Zurich, Zurich, Switzerland.; Institute of Pharmacology and Toxicology, University of Zurich, Zurich, Switzerland.",2026,dario@reconnect-labs.com,40819190 40639043 40536012 40311954 39923404
"Nichols, David E",9,3,1,"Department of Chemical Biology and Medicinal Chemistry, University of North Carolina at Chapel Hill, Chapel Hill, North Carolina, USA.",2026,drdave@purdue.edu,40683247 40418878 39354889 32946782 32398764
"Greenway, Kyle T",9,2,1,"Department of Psychiatry, Faculty of Medicine, McGill University, Montreal, Canada.; Lady Davis Institute, Jewish General Hospital,Montreal, Canada.; Division of Psychiatry, Department of Brain Sciences, Centres for Neuropsychopharmacology and Psychedelic Research, Imperial College London, London, U",2026,kyle.greenway@mcgill.ca,40528492 40051481 39764567 39019922 38605658
"Downey, Amanda E",9,5,0,"Department of Pediatrics, University of California, San Francisco, San Francisco, CA, USA.; Department of Psychiatry and Behavioral Sciences, University of California, San Francisco, CA, USA.",2026,amanda.downey@ucsf.edu,42668404 42128951 41320824 40468435 40051581
"Bradley, Ellen R",9,1,0,"Translational psychedelic research group, Department of Psychiatry and Behavioral Sciences, Weill Institute for Neurosciences, University of California, San Francisco, USA.; Parkinson's Disease Research, Education, and Clinical Center, San Francisco Veterans Affairs Medical Center, San Francisco, US",2026,ellen.bradley@ucsf.edu,42668404 41320824 40906191 40205013 40051581
"Syed, Omer A",9,6,0,"Institute of Medical Science, University of Toronto, Toronto, Canada.",2026,omer.syed@mail.utoronto.ca,42566966 42125778 41693474 41587629 41485400
"Lake, Stephanie",9,3,0,"UCLA Center for Cannabis and Cannabinoids, Jane and Terry Semel Institute for Neuroscience and Human Behavior, University of California, Los Angeles, CA, USA.; Department of Psychiatry and Biobehavioral Science, David Geffen School of Medicine, University of California, Los Angeles, CA, USA.",2026,slake@mednet.ucla.edu,42566966 40260901 39944237 39718337 39503411
"Bird, Catherine",9,0,0,"Department of Psychological Medicine, Institute of Psychiatry, Psychology & Neuroscience, King's College London, UK.",2026,,42562964 41761045 41588876 39372842 39301810
"Savalia, Neil K",9,2,0,"Meinig School of Biomedical Engineering, Cornell University, Ithaca, NY 14853, USA; Interdepartmental Neuroscience Program, Yale University School of Medicine, New Haven, CT 06511, USA; Medical Scientist Training Program, Yale University School of Medicine, New Haven, CT 06511, USA.",2026,,42539178 42039555 41352354 41023408 40175553
"Godfrey, Kate",9,2,0,"Centre for Psychedelic Research, Division of Psychiatry, Department of Brain Sciences, https://ror.org/041kmwe10Imperial College London, London, UK.",2026,k.godfrey@imperial.ac.uk,42490582 42414058 40654586 40618640 40541309
"Gattuso, James J",9,8,0,"Florey Institute of Neuroscience and Mental Health, Parkville, VIC, Australia.; Florey Department of Neuroscience and Mental Health, University of Melbourne, Parkville, VIC, Australia.",2026,,42471435 41365493 40940205 40849086 40189698
"Stenbæk, Dea S",9,0,0,"Neurobiology Research Unit, Copenhagen University Hospital Rigshospitalet, Copenhagen, Denmark.; Department of Psychology, University of Copenhagen, Copenhagen, Denmark.",2026,,42457666 42212900 40937732 40007438 40656071
"Madsen, Martin Korsbak",9,1,0,"Neurobiology Research Unit, Copenhagen University Hospital, Rigshospitalet, Copenhagen, Denmark.; Department of Psychiatry Odense-Svendborg, University Hospital of Southern Denmark, Svendborg, Denmark.",2026,,42343098 39135498 36545240 36275302 35355714
"Cheung, Katherine",9,7,0,"Bloomberg School of Public Health & Berman Institute of Bioethics, Johns Hopkins University. 1809 Ashland Ave, Baltimore, MD 21205, USA. Electronic address: kcheun20@jh.edu.",2026,kcheun20@jh.edu,42288041 40908054 40739983 40668936 40411403
"Chang, Sue-Ling",9,0,0,"Department of Oncology, CHU de Québec-Université Laval Research Center, Québec City, QC, Canada.; Department of Oncology, Institut de soins palliatifs et de fin de vie Michel-Sarrazin - Université Laval, Québec City, QC, Canada.; Réseau québécois de recherche en soins palliatifs et de fin de vie (RQ",2026,,42278812 42154482 41804100 41601251 41008422
"Herberholz, Moss",9,0,0,"The Radical Well-Being Center, Southfield, MI, USA.",2026,,42248136 41291774 40342400 40323119 39297183
"Glynos, Nicolas G",9,5,0,"Michigan Psychedelic Center (M-PsyC), University of Michigan, Ann Arbor, MI, USA; Department of Anesthesiology, University of Michigan, Ann Arbor, MI, USA.",2026,,42248136 40323119 40260901 40171515 39944237
"Eckert, Anne",9,0,0,"Psychiatric University Hospital, University of Basel, Basel, Switzerland.; Transfaculty Research Platform Molecular and Cognitive Neuroscience, University of Basel, Basel, Switzerland.",2026,,42243076 42049943 40999236 37258715 37231080
"Egger, Klemens",9,5,0,"Department of Adult Psychiatry and Psychotherapy, University Hospital of Psychiatry Zurich, University of Zurich, Zurich, Switzerland.; Neuroscience Center Zurich, University of Zurich and Swiss Federal Institute of Technology Zurich, Zurich, Switzerland.; Department of Nuclear Medicine, Bern Univer",2026,klemens.egger@bli.uzh.ch,42220002 41035622 40639043 40541310 39923404
"Seragnoli, Federico",9,0,0,"Division of Addiction Psychiatry, Department of Psychiatry, University Hospitals of Geneva, 70, Grand-Pré, CH-1202, Geneva, Switzerland.",2026,,42215638 42179908 41830808 41575100 40614615
"Soler, Joaquim",9,3,0,"Department of Psychiatry, Hospital de la Santa Creu i Sant Pau, Institut d'Investigació Biomèdica-Sant Pau (IIB-SANT PAU), Barcelona, Spain.; Department of Psychiatry and Forensic Medicine, Universitat Autònoma de Barcelona (UAB), Barcelona, Spain.; Centro de Investigación Biomédica en Red de Salud ",2026,jsolerri@santpau.cat,42083787 34411343 33551823 30406413 29674223
"Vizeli, Patrick",9,2,0,"Clinical Pharmacology and Toxicology, Department of Biomedicine and Department of Clinical Research, University Hospital Basel, Basel, Switzerland.; Department of Pharmaceutical Sciences, University of Basel, Basel, Switzerland.",2026,,42049943 41451514 40999236 38741590 37611653
"Kvam, Tor-Morten",9,7,0,"Institute of Clinical Medicine, University of Oslo, Oslo, Norway; Nordre Østfold DPS, Østfold Hospital Trust, Grålum, Norway. Electronic address: tor-morten.kvam@so-hf.no.",2026,tor-morten.kvam@so-hf.no,41787762 41664469 41344230 40641116 40466556
"Jones, Grant",9,8,0,"Department of Psychology, Harvard University, Cambridge, MA, USA.",2026,gmj005@g.harvard.edu,41723946 40334252 39447981 37692301 37649653
"Mistry, Sunil",9,0,0,"Compass Pathfinder Ltd (a subsidiary of Compass Pathways plc), London, UK.",2026,,41362124 41075579 40047545 39706482 39427449
"Botvinnik, Alexander",9,0,0,"Biological Psychiatry Laboratory and Hadassah BrainLabs Center for Psychedelic Research, Hebrew University, Ein Karem, Jerusalem, Israel.",2025,,40897865 40514369 40156912 39394457 38979304
"Mithoefer, Michael",9,0,0,"MAPS Public Benefit Corporation (MAPS PBC), San Jose, CA, United States of America.; Department of Psychiatry and Behavioral Sciences, Medical University of South Carolina, Charleston, SC, United States of America.",2024,jennifer.mitchell@ucsf.edu,39559692 39375459 38198456 38125286 37709999
"Luís, Ângelo",9,0,0,"Centro de Investigação em Ciências da Saúde, Universidade da Beira Interior (CICS-UBI), Covilhã, Portugal.; Laboratório de Fármaco-Toxicologia, UBIMedical, Universidade da Beira Interior, Covilhã, Portugal.",2025,,38962992 38931386 38699824 37447135 36144509
"Kometer, Michael",9,2,0,"Department of Adult Psychiatry and Psychotherapy, Psychiatric University Clinic Zurich and University of Zurich, Zurich, Switzerland.",2024,mikometer@gmail.com,38654063 38531905 38089057 32820851 31649304
"Crippa, José Alexandre S",9,0,0,"Department of Neuroscience and Behavior, Ribeirão Preto Medical School, University of São Paulo, SP, Brazil, and National Institute of Science and Technology - Translational Medicine, Ribeirão Preto, SP, Brazil.",2019,,37335211 31065350 28525587 27810345 27354908
"Renoir, Thibault",8,0,8,"Florey Institute of Neuroscience and Mental Health, Parkville, VIC, Australia. tibo.renoir@gmail.com.; Florey Department of Neuroscience and Mental Health, University of Melbourne, Parkville, VIC, Australia. tibo.renoir@gmail.com.; Academic Quality Department, Melbourne Polytechnic, Melbourne, VIC, ",2026,tibo.renoir@gmail.com; thibault.renoir@unimelb.edu.au,42471435 41365493 40940205 40849086 40189698
"Ramaekers, J G",8,0,8,"Department of Neuropsychology and Psychopharmacology, Faculty of Psychology and Neuroscience, Maastricht University, P.O. Box 616, 6200 MD Maastricht, The Netherlands.",2023,j.ramaekers@maastrichtuniversity.nl,37689275 35072760 33833225 33694031 32446245
"Mograbi, Daniel C",8,1,7,"Department of Psychology, Pontifical Catholic University of Rio de Janeiro (PUC-Rio), Rio de Janeiro, Rio de Janeiro, Brazil; King's College London, Institute of Psychiatry-Psychology & Neuroscience, London, UK. Electronic address: daniel.mograbi@kcl.ac.uk.",2026,daniel.mograbi@kcl.ac.uk,42296474 42288429 40579992 38980658 37949934
"Gołembiowska, Krystyna",8,0,7,"Unit II, Department of Pharmacology and Brain Biostructure, Maj Institute of Pharmacology, Polish Academy of Sciences, 12 Smętna, Kraków, 31-343, Poland. nfgolemb@cyf-kr.edu.pl.",2026,nfgolemb@cyf-kr.edu.pl,42009274 41557251 41486340 40243003 40157708
"Weissman, Cory R",8,0,6,"University of California, San Diego, San Diego, United States.",2026,cweissman@health.ucsd.edu,42108552 41920509 38609500 35551500 35044730
"Sussulini, Alessandra",8,0,6,"Laboratory of Bioanalytics and Integrated Omics (LaBiomics), Institute of Chemistry, Universidade Estadual de Campinas (UNICAMP), Campinas, Brazil.; Instituto Nacional de Ciência e Tecnologia em Bioanalítica (INCTBio), Institute of Chemistry, Universidade Estadual de Campinas (UNICAMP), Campinas, Br",2025,sussulini@unicamp.br; sussulini@iqm.unicamp.br,40694839 39470142 36717401 35378111 34530685
"Foldi, Claire J",8,2,5,"Department of Physiology, Monash Biomedicine Discovery Institute, Monash University, Clayton, Victoria, 3800, Australia. claire.foldi@monash.edu.",2026,claire.foldi@monash.edu,42185639 41980923 40403997 39349428 38988467
"Hallak, Jaime Eduardo Cecilio",8,0,4,"Department of Neuroscience and Behavior, Ribeirão Preto Medical School, University of São Paulo, Ribeirão Preto, SP, Brazil. National Science and Technology Institute for Translational Medicine, CNPq, Ribeirão Preto, SP, Brazil. National Science and Technology Institute for Digital Mental Health, CN",2026,,42520175 41123976 39564645 38820373 36408451
"Uchida, Hiroyuki",8,2,4,"Department of Neuropsychiatry, Keio University School of Medicine, Tokyo, Japan.",2026,,42096531 41876058 41749057 38889223 38318991
"Ladha, Karim S",8,0,3,"Department of Anesthesiology and Pain Medicine, University of Toronto, Toronto, Ontario, Canada.; Department of Anesthesia, Women's College Hospital, Toronto, Ontario, Canada.",2026,,42594864 41940853 41205366 40750953 39529994
"Ross, Margaret",8,0,3,"Department of Psychosocial Care, St Vincent's Hospital, Melbourne, Australia.",2026,,42517555 41418682 40974259 40896210 40233965
"Sames, Dalibor",8,0,3,"Department of Chemistry, Columbia University, New York, New York 10027, United States.; Zuckerman Mind Brain Behavior Institute, Columbia University, New York, New York 10027, United States.",2026,ds584@columbia.edu,42364550 41960323 41452009 39304653 38720072
"Rosa, William E",8,3,3,"Department of Psychiatry and Behavioral Sciences, Memorial Sloan Kettering Cancer Center, New York, New York, USA.",2026,,42311441 41783943 39834311 39699865 37753521
"Lenze, Eric J",8,0,3,"Washington University School of Medicine, Saint Louis, MO, USA.",2026,,41139739 40533500 40473634 40326007 39994461
"Pittenger, Christopher",8,0,2,"Department of Psychiatry, Yale University, New Haven, CT, USA.; Department of Neuroscience, Yale University School of Medicine, New Haven, CT, USA.; Department of Psychology, Yale University, New Haven, CT, USA.; Wu Tsai Institute, Yale University, New Haven, CT, USA.; Center for Brain and Mind Heal",2026,,42414551 42368319 38615521 38435972 38264632
"Zullino, Daniele",8,0,2,"Division of Addiction Psychiatry, Department of Psychiatry, University Hospitals of Geneva, 70, Grand-Pré, CH-1202, Geneva, Switzerland; Faculty of Medicine, University of Geneva, Geneva, Switzerland.",2026,,42215638 41830808 39881644 39592825 37610195
"Pascual, Juan C",8,0,2,"Centro de Investigación Biomédica en Red de Salud Mental, Instituto de Salud Carlos III, Madrid, Spain.; Mental Health and Psychiatry Department, Consorci Hospitalari de Vic, Institut de Recerca i Innovació en Ciències de la Vida i de la Salut a la Catalunya Central (IRIS-CC), Barcelona, Spain.",2026,jpascual@santpau.cat,42083787 34411343 33551823 30406413 29615905
"Glatfelter, Grant C",8,4,2,"Designer Drug Research Unit, Intramural Research Program, National Institute on Drug Abuse, Baltimore, MD, 21224, USA. grant.glatfelter@nih.gov.",2025,grant.glatfelter@nih.gov,42079221 40418247 40381003 39636099 38189238
"Rossell, Susan L",8,1,2,"Centre for Mental Health and Brain Sciences, Swinburne University of Technology, John St, Hawthorn, VIC, 3122, Australia.",2026,,41571194 41392767 41050149 40685910 40233965
"Mulsant, Benoit H",8,0,2,"Temerty Centre for Therapeutic Brain Intervention, Centre for Addiction and Mental Health, Toronto, ON, Canada; Institute of Medical Science, Temerty Faculty of Medicine, University of Toronto, Toronto, ON, Canada; Department of Psychiatry, Temerty Faculty of Medicine, University of Toronto, Toronto",2025,,41122434 40933784 40684956 37615379 37489299
"Back, Anthony L",8,6,1,"Department of Medicine, University of Washington School of Medicine, Seattle, WA, United States.; Fred Hutchinson Cancer Center, Seattle, WA, United States.",2026,,42656547 42539893 42058096 40256160 39636638
"Watts, Rosalind",8,1,1,"ACER Integration, Somerset, UK.",2026,contact@drrosalindwatts.com,42640722 35939083 35431912 35313754 34053342
"Neitzke-Spruill, Logan",8,4,1,"Ethical Legal Implications of Psychedelics in Society Program, Center for Medical Ethics and Health Policy, Baylor College of Medicine, Houston, TX, USA.",2026,logan.neitzke-spruill@bcm.edu,42576923 42547119 42152689 41499117 41024388
"Penn, Andrew",8,2,1,"School of Nursing, University of California, San Francisco.",2026,andrew.penn@ucsf.edu,42416539 40042324 39699865 40046862 40046570
"Penzenstadler, Louise",8,1,1,"Division of Addiction Psychiatry, Department of Psychiatry, University Hospitals of Geneva, 70, Grand-Pré, CH-1202, Geneva, Switzerland; Faculty of Medicine, University of Geneva, Geneva, Switzerland.",2026,,42215638 41830808 41575100 40275842 39973494
"Nutt, D J",8,1,1,"Division of Psychiatry, Department of Brain Sciences, Centre for Psychedelic Research, Imperial College London, London, UK.",2026,d.nutt@imperial.ac.uk,42086570 40541312 37955822 36584883 29923178
"Ljuslin, Michael",8,0,1,"Department of Supportive Oncology, Dana-Farber Cancer Institute, Boston, Massachusetts, USA.; Department of Rehabilitation and Geriatrics, Geneva University Hospitals, Geneva, Switzerland.",2026,,41184102 41109203 41008409 39260823 38117108
"Castle, David",8,0,1,"Centre for Mental Health Services Innovation, University of Tasmania, Hobart, TAS, Australia.",2025,,41050149 36272145 36191546 36097251 35975555
"Ruffell, Simon G D",8,3,1,"Onaya Science, Iqiuitos, Peru.; Social, Therapeutic and Community Studies and the Faiths & Civil Society Unit, Goldsmith, University of London, London, UK.; School of Population and Global Health, University of Melbourne, Melbourne, Australia.",2025,,40842948 40619953 39111558 38868739 37904854
"de Araujo, Draulio B",8,0,1,"Brain Institute, Federal University of Rio Grande do Norte, Natal, RN, Brazil.",2023,,37315149 33266844 30427388 28993683 28785066
"Ragnhildstveit, Anya",8,4,0,"Canadian Centre for Psychedelic Science, Toronto, Ontario, Canada.; Center for Psychedelic Research, Pneuma Science, Draper, Utah, USA.; Department of Psychiatry, University of Cambridge, Cambridge, UK.; Department of Psychiatry and Behavioral Sciences, Baylor College of Medicine, Houston, Texas, US",2026,,42629464 42128951 42125778 41693474 38076677
"Dunbar, Fiona",8,0,0,"Beckley Psytech Ltd, An AtaiBeckley Company, Toronto, ON, Canada.",2026,,42544757 41874919 41761045 41368982 41198731
"Swieczkowski, Damian",8,7,0,"Department of Toxicology, Faculty of Pharmacy, Medical University of Gdansk, Gdańsk, Poland. Electronic address: damian.swieczkowski@gumed.edu.pl.",2026,damian.swieczkowski@cm.umk.pl; damian.swieczkowski@gumed.edu.pl,42538465 41546918 40643096 40440859 40279353
"Hannan, Anthony J",8,0,0,"Florey Institute of Neuroscience and Mental Health, Parkville, VIC, Australia. anthony.hannan@florey.edu.au.; Florey Department of Neuroscience and Mental Health, University of Melbourne, Parkville, VIC, Australia. anthony.hannan@florey.edu.au.; Department of Anatomy and Physiology, University of Me",2026,anthony.hannan@florey.edu.au,42471435 41365493 40940205 40849086 40189698
"Croal, Megan",8,0,0,"Compass Pathfinder Ltd (a subsidiary of Compass Pathways plc), London, UK.",2026,,42460632 41881122 41075579 39706482 39427449
"Santos, Fabiana Pereira",8,1,0,"Department of Clinical and Toxicological Analysis, School of Pharmaceutical Sciences, University of São Paulo, São Paulo, Brazil. Electronic address: fabianasantos@usp.br.",2026,fabianasantos@usp.br,42401369 41628561 41168399 40043852 39613951
"Koning, Elena",8,8,0,"Department of Psychiatry, Dalhousie University, Halifax, NS B3H 2E2, Canada.",2026,elena.koning@queensu.ca,42393007 41898038 41405984 40898376 39731144
"Wang, Hongshuang",8,2,0,"Interdisciplinary Laboratory for Frontier Chemistry, Changchun Institute of Applied Chemistry, Chinese Academy of Sciences, Changchun, 130022, China.",2026,hongshuang.wang@ciac.ac.cn,42341036 42083530 40830580 40702747 40534671
"Sen, Abhishek K",8,0,0,"Miami University, Department of Chemical, Paper, and Biomedical Engineering, Oxford, OH, USA. Electronic address: sena2@miamioh.edu.",2026,sena2@miamioh.edu,42288133 40381450 40250599 38888046 38825326
"Barron, Julie",8,0,0,"Blue Sage Health Consulting, Ann Arbor, MI, USA; Michigan Psychedelic Society, Ann Arbor, MI, USA.",2026,,42248136 41291774 40342400 40323119 39297183
"Luethi, Dino",8,1,0,"Clinical Pharmacology and Toxicology, Department of Biomedicine and Department of Clinical Research, University Hospital Basel, Basel, Switzerland.; Department of Pharmaceutical Sciences, University of Basel, Basel, Switzerland.",2026,,42243076 42049943 40999236 40022427 37231080
"Stephan, Jean-François",8,1,0,"Private Practice, Montréal, QC, Canada.",2026,,42154482 41008422 40739983 40385526 39379285
"Mathai, David S",8,4,0,"Ethical Legal Implications of Psychedelics in Society Program, Center for Medical Ethics and Health Policy, Baylor College of Medicine, Houston, TX, USA.; Department of Psychiatry and Behavioral Sciences, Baylor College of Medicine, Houston, TX, USA.; Sattva Medicine, Psychiatry, Psychotherapy, and ",2026,dmathai@bcm.edu,42152689 41499117 41024388 39921237 39543323
"Sager, Zachary",8,0,0,"Department of Supportive Oncology, Dana-Farber Cancer Institute, Boston, Massachusetts, USA.; Department of Medicine, Harvard Medical School, Boston, Massachusetts, USA.",2026,,42130779 41184102 41109203 39587692 38240068
"Anderson, Thomas",8,2,0,"Canadian Centre for Psychedelic Science, Toronto, Ontario, Canada.; Psychedelic Studies Research Program, University of Toronto, Mississauga, Ontario, Canada.; Department of Psychology, University of Toronto, Toronto, Ontario, Canada.",2026,metathomas.anderson@mail.utoronto.ca,42125778 41693474 38374976 33591231 32754101
"van Oorsouw, Kim",8,1,0,"Department of Clinical Psychological Science, Faculty of Psychology and Neuroscience, Maastricht University, Maastricht, MD 6200, the Netherlands.",2026,k.vanoorsouw@maastrichtuniversity.nl,42030660 39614620 38061689 37869513 37159257
"Blei, Felix",8,3,0,"Department Pharmaceutical Microbiology, Friedrich-Schiller-Universität, Jena, Germany.",2026,,42011697 41087826 31729089 31150155 30098085
"Chadeayne, Andrew R",8,1,0,"CaaMTech, LLC, Issaquah, Washington, USA.",2026,,42011697 40318115 39636099 37082754 36407948
"Chisamore, Noah",8,2,0,"Department of Pharmacology and Toxicology, University of Toronto, Toronto, ON, Canada. Electronic address: noah.chisamore@mail.utoronto.ca.",2026,noah.chisamore@uhn.ca; noah.chisamore@mail.utoronto.ca; noah.chisamore2@uhn.ca,41984443 41955843 41690631 41581334 41285295
"Feifel, David",8,0,0,"Kadima Neuropsychiatry Institute, San Diego, CA, United States.",2026,,41881122 41645048 41075579 40047545 39706482
"Tsai, Joyce",8,0,0,"Compass Pathways, Inc. (a subsidiary of Compass Pathways plc), NY, United States.",2026,,41881122 41075579 40047545 39706482 39427449
"Coker, Allison R",8,0,0,"Department of Neurology, University of California San Francisco, San Francisco, CA, USA.; Multidisciplinary Association for Psychedelic Studies (MAPS), San Jose, CA, USA.",2026,,41795251 41272340 41214462 40927687 40760833
"McCorvy, John D",8,1,0,"Laboratory of Translational Psychiatry, Department of Psychiatry, University of Colorado School of Medicine, Anschutz Medical Campus, Aurora, Colorado 80045, United States.; ‡Department of Cell Biology, Neurobiology, and Anatomy and §Department of Pharmacology and Toxicology, Neuroscience Research C",2025,jmccorvy@mcw.edu,41789300 39636099 37940583 37752222 33860183
"Doyle, Zoe",8,1,0,"Department of Health Sciences, Western University, London, ON, Canada. Electronic address: zoe.doyle@uhn.ca.",2026,zoe.doyle@uhn.ca,41690631 41581334 41285295 40590216 40337756
"Teopiz, Kayla M",8,1,0,"Brain and Cognition Discovery Foundation, Toronto, ON, Canada; Institute of Medical Science, University of Toronto, ON, Canada. Electronic address: kayla.teopiz@alumni.utoronto.ca.",2026,kayla.teopiz@alumni.utoronto.ca; kayla.teopiz@mail.utoronto.ca,41690631 41643722 41360373 38570038 38244804
"Kwaśny, Aleksander",8,1,0,"Department of Psychiatry, Faculty of Medicine, Medical University of Gdansk, Gdańsk, Poland.",2026,,41546918 40643096 40440859 40279353 40251723
"de la Fuente Revenga, Mario",8,2,0,"Department of Physiology & Biophysics, Virginia Commonwealth University School of Medicine, Richmond, Virginia 23298, United States.; Department of Pharmacology & Toxicology, Virginia Commonwealth University School of Medicine, Richmond, Virginia 23298, United States.; Virginia Institute of Psychiat",2026,fuente.revenga@gmail.com,41481361 39416073 35963476 35233648 34345931
"Brunovský, Martin",8,0,0,"National Institute of Mental Health, Klecany, Czech Republic.; Third Faculty of Medicine, Charles University Prague, Czech Republic.",2026,,41479142 40599633 40522607 37425017 37336163
"Jaster, Alaina M",8,4,0,"Department of Psychiatry and Behavioral Neuroscience, Wayne State University, Detroit, MI, USA.",2026,,41266307 41224969 40107634 37940583 37759040
"Kuchar, Martin",8,0,0,"Forensic Laboratory of Biologically Active Substances, Department of Chemistry of Natural Compounds, University of Chemistry and Technology Prague, Technická 5, Praha 6, 166 28, Czech Republic; Department of Experimental Neurobiology, National Institute of Mental Health, Topolová 748, 250 67, Klecan",2026,,41187880 40260121 39639028 38097569 35918311
"Gorman, Ingmar",8,2,0,"Fluence International, Inc, New York, NY, USA.",2026,jennifer.mitchell@ucsf.edu,40492498 39804303 39654004 38010760 37404971
"Gibbons, William J",8,1,0,"Miami University, Department of Chemical, Paper, and Biomedical Engineering, Oxford, OH, USA. Electronic address: gibbonwj@miamioh.edu.",2025,gibbonwj@miamioh.edu,40250599 38888046 38825326 37337917 37230161
"Cozzi, Nicholas V",8,1,0,"Neuropharmacology Laboratory, University of Wisconsin School of Medicine and Public Health, Madison, WI, United States of America; Alexander Shulgin Research Institute, Lafayette, CA, United States of America.",2024,,38581739 36416492 34982048 33184743 32685866
"Beutler, Bryce D",8,1,0,"University of Southern California, Keck School of Medicine, Los Angeles, CA.",,,38518273 38518272 38518271 38518270 38518269
"Arenas, Alejandro",8,0,0,"Department of Anesthesiology, University of Washington School of Medicine, Seattle, WA.",,,38518273 38518272 38518271 38518270 38518269
"Evans, Viviana D",8,1,0,"Department of Psychiatry, Icahn School of Medicine at Mount Sinai, New York, NY.",,,38518273 38518272 38518271 38518270 38518269
"Fasano, Chelsey",8,0,0,"Teachers College, Columbia University, New York, NY.",,,38518273 38518272 38518271 38518270 38518269
"Cubała, Wiesław Jerzy",7,0,7,"Department of Psychiatry, Faculty of Medicine, Medical University of Gdansk, Gdańsk, Poland.",2026,,42538465 42517990 41546918 40643096 40440859
"Henríquez-Hernández, Luis Alberto",7,1,5,"Unit of Toxicology, Clinical Sciences Department, Universidad de Las Palmas de Gran Canaria, Paseo Blas Cabrera Felipe s/n, 35016 Las Palmas de Gran Canaria, Spain.; Asociación Científica Psicodélica, 35412 Arucas, Spain.",2026,luis.henriquez@ulpgc.es,42582418 41915638 41600753 40894333 40440773
"McGuire, Amy L",7,1,5,"Ethical Legal Implications of Psychedelics in Society Program, Center for Medical Ethics and Health Policy, Baylor College of Medicine, Houston, TX, USA.",2026,,42400152 42152689 41499117 41024388 40315211
"Carlson, Linda E",7,2,5,"Department of Oncology, University of Calgary, Calgary, Alberta, Canada.",2026,l.carlson@ucalgary.ca; lcarlso@ucalgary.ca,42396366 41861455 41590327 41013977 40710191
"O'Connor, Sarah E",7,0,5,"Department Natural Product Biosynthesis, Max Planck Institute for Chemical Ecology, Jena, Germany.",2026,sarah.oconnor@jic.ac.uk,42296364 42011697 40318115 40202182 36240425
"Reynolds, Lisa",7,0,5,"Department of Psychological Medicine, Faculty of Medical and Health Sciences, University of Auckland, Grafton, Auckland, New Zealand.",2026,l.reynolds@auckland.ac.nz,42231725 41741401 40889616 40605189 39230415
"de Bitencourt, Rafael Mariano",7,0,4,"Behavioral Neuroscience Laboratory, University of Southern Santa Catarina (UNISUL), Tubarão, Santa Catarina, Brazil.",2026,rafael.bitencourt@ulife.com.br; bitencourtrm@gmail.com,42401369 41974985 40043852 39613951 39181308
"Castle, David J",7,0,4,"Department of Women's and Children's Health, Karolinska Institutet, Stockholm, Sweden.; Centre for Mental Health Service Innovation, University of Tasmania, Hobart, Tasmania, Australia.",2025,,41392767 37489299 37139585 36844032 36515406
"Kahn, James G",7,0,4,"Collaborative for the Economics of Psychedelics (CEP), UC Berkeley/UC San Francisco Center for Global Health Delivery, Diplomacy, and Economics, Berkeley, CA, USA.; Philip R. Lee Institute for Health Policy Studies, School of Medicine, UC San Francisco, San Francisco, CA, USA.; Department of Epidemi",2025,,40883271 38125286 36545038 35653357 35230652
"Marinho, Eduardo A V",7,1,4,"Department of Health Sciences, Universidade Estadual de Santa Cruz, Ilhéus, BA, 45662-900, Brazil. eavmarinho@uesc.br.",2024,eavmarinho@uesc.br; edumarinho@hotmail.com,39523057 39443587 35253069 34621171 32676773
"Korthuis, P Todd",7,2,3,"Open Psychedelic Evaluation Nexus,Portland, OR, USA.; Oregon Health & Science University, Portland, OR, USA.",2026,,42665360 42616497 42555520 40803962 39881568
"Murnane, Kevin S",7,0,3,"Department of Pharmacology, Toxicology & Neuroscience, School of Graduate Studies, Louisiana State University Health Shreveport, Shreveport, Louisiana 71103, United States.; Louisiana Addiction Research Center, Louisiana State University Health Shreveport, Shreveport, Louisiana 71103, United States.",2026,kevin.murnane@lsuhs.edu,42539773 41852641 39627438 39506378 40046566
"Lundberg, Johan",7,0,3,"Centre for Psychiatry Research, Department of Clinical Neuroscience, Karolinska Institutet and Stockholm Health Care Services, Region Stockholm, Stockholm, Sweden.",2026,,42414566 42138922 41952163 40736734 38572715
"Glue, Paul",7,3,3,Department Psychological Medicine University of Otago Dunedin New Zealand.,2026,paul.glue@otago.ac.nz,41798779 40933204 38773523 27870477 27180314
"González, Débora",7,3,3,"Institut de Recerca Sant Joan de Déu (IRSJD), Santa Rosa 39-57, 08950 Esplugues de Llobregat, Spain; Faculty of Health Sciences, Isabel I University, Burgos, Spain; PHI Association, Barcelona, Spain; Sociedad Española de Medicina Psicodelica (SEMPsi), Barcelona, Spain.",2026,debora.gonzalez@sjd.es; deboragonzalez@iceers.org,41687467 40890317 40236490 39839135 35592178
"van Elk, Michiel",7,2,3,"Institute of Psychology, Leiden University, Wassenaarseweg 52, 2333, AK, Leiden, the Netherlands.",2026,m.van.elk@fsw.leidenuniv.nl,41187880 40551401 37967550 37766730 35635152
"Mash, Deborah C",7,3,3,"Professor Emerita University of Miami Miller School of Medicine, Depts. Neurology and Molecular and Cellular Pharmacology. Electronic address: dmash@med.miami.edu.",2023,dmash@med.miami.edu,36907284 35614973 34542215 34139922 29922156
"Galvão-Coelho, Nicole",7,0,2,"Department of Physiology and Behavior, Universidade Federal do Rio Grande do Norte, Natal, Brazil.",2026,nicole.galvao@ufrn.br,42575192 41902950 41266565 40337754 40258990
"Muthukumaraswamy, Suresh",7,0,2,"School of Pharmacy, Faculty of Medical and Health Sciences, University of Auckland, 85 Park Road, Grafton, Auckland, 1023, New Zealand. Electronic address: sd.muthu@auckland.ac.nz.",2025,sd.muthu@auckland.ac.nz,42574302 40889616 37798662 37466178 36325995
"Rothbaum, Barbara O",7,0,2,"Department of Psychiatry, Emory School of Medicine, Atlanta, Georgia, USA.; Emory Healthcare Veterans Program, Atlanta, Georgia, USA.",2026,,42528601 41820235 40339144 39895858 39804360
"Cumming, Paul",7,2,2,"Department of Nuclear Medicine, Bern University Hospital, Bern, Switzerland.; School of Psychology and Counselling, Queensland University of Technology, Brisbane, QLD, Australia.",2026,paul.k.cumming@gmail.com,42220002 40541310 39254764 37841918 37783788
"Betzler, Felix",7,0,2,"Department of Psychiatry and Neurosciences, Charité Campus Mitte, Charité - Universitätsmedizin Berlin, Berlin, Germany. felix.betzler@charite.de.",2026,felix.betzler@charite.de,42201843 41848690 41388888 39829391 39436632
"Nigam, Kabir",7,1,2,"Department of Medicine, Harvard Medical School, Boston, Massachusetts, USA.; Department of Psychiatry, Brigham and Women's Hospital, Boston, Massachusetts, USA.",2026,knigam@partners.org,41184102 41109203 39260823 38105653 37385694
"Nicol, Ginger E",7,1,2,"Healthy Mind Lab, Department of Psychiatry, Washington University School of Medicine, St Louis, MO, USA. nicolg@wustl.edu.",2025,nicolg@wustl.edu,41083844 39994461 39697578 39605498 39419768
"Więckiewicz, Gniewko",7,3,2,"Department of Psychiatry, Faculty of Medical Sciences in Zabrze, Medical University of Silesia, Tarnowskie Góry, Poland.",2025,,40656049 38919636 37496681 37241141 37074831
"Manke, David R",7,0,2,"Department of Chemistry & Biochemistry, University of Massachusetts Dartmouth, North Dartmouth, MA 02747, United States.",2025,,40418247 39636099 37082754 36407948 35874244
"Bogenschutz, Michael",7,0,2,"Department of Psychiatry, NYU Grossman School of Medicine; NYU Langone Center for Psychedelic Medicine, New York, NY, USA.",2025,jennifer.mitchell@ucsf.edu,39821493 39375459 37709999 37404971 37276086
"Galvão-Coelho, Nicole L",7,1,2,"Laboratory of Hormone Measurement, Department of Physiology and Behavior, Federal University of Rio Grande do Norte, Natal, RN, Brazil.",2025,nicolelgalvaocoelho@gmail.com,38969716 36272145 34855694 33427944 30427388
"Barsuglia, Joseph P",7,1,2,"Terra Incognita Project, Ben Lomond, CA, USA.",2020,jbarsuglia@me.com,32704581 30822141 30471678 30272050 30020025
"Jacobs, Edward",7,4,1,"Center for Psychedelic and Consciousness Research, Department of Psychiatry and Behavioral Sciences, Johns Hopkins University School of Medicine, Baltimore, MD, USA.",2026,,42640722 41730563 40908054 39804324 38485474
"Peck, Stephanie Knatz",7,3,1,"Department of Psychiatry, University of California San Diego, San Diego, CA USA.",2026,sknatz@health.ucsd.edu,42567236 40420197 39741434 39350242 38988455
"Quednow, Boris B",7,0,1,"Department of Adult Psychiatry and Psychotherapy, University Hospital of Psychiatry Zurich, University of Zurich, Zurich, Switzerland.; Neuroscience Center Zurich, University of Zurich and Swiss Federal Institute of Technology Zurich, Zurich, Switzerland.",2026,quednow@bli.uzh.ch,42443620 42220002 39923404 39774840 39196383
"Girn, Manesh",7,3,1,"Department of Neurology, University of California San Francisco, San Francisco, CA, USA. manesh.girn@ucsf.edu.",2026,manesh.girn@ucsf.edu; manesh.girn@mail.mcgill.ca,42381187 41942645 38654554 37181886 36940333
"Garel, Nicolas",7,0,1,"Department of Psychiatry, Faculty of Medicine, McGill University, Montreal, Canada.; Department of Psychiatry and Behavioral Sciences, Faculty of Medicine, Stanford University, Stanford, USA.",2026,,42278812 42154482 41127918 40528492 39019922
"Jungaberle, Andrea",7,0,1,"MIND Foundation, Berlin, Germany; OVID Clinic Berlin, Berlin, Germany.",2026,,42201843 41848690 40976246 40972068 40223145
"Spangemacher, Moritz",7,1,1,"Central Institute of Mental Health, Department of Molecular Neuroimaging, Medical Faculty Mannheim, University of Heidelberg, Mannheim 68159, Germany; German Centre for Mental Health, Mannheim-Heidelberg-Ulm, Berlin, Germany.",2026,,42201843 41848690 41337833 40976246 39628414
"Bysiek, Agnieszka",7,2,1,"Unit II, Department of Pharmacology and Brain Biostructure, Maj Institute of Pharmacology, Polish Academy of Sciences, 12 Smętna, Kraków, 31-343, Poland.",2026,,42009274 41486340 40243003 40157708 39412581
"Grant, George H",7,0,1,"Emory Center for Psychedelics and Spirituality, Emory University.",2026,,41869002 40758287 39980218 39804360 39082259
"Ot'alora G, Marcela",7,1,1,"Aguazul-Bluewater, Inc., Boulder, CO, USA.",2024,jennifer.mitchell@ucsf.edu,39559692 39375459 37709999 37404971 33972795
"Lancelotta, Rafael",7,1,1,"Center for Psychedelic Drug Research and Education, College of Social Work, The Ohio State University, Columbus, Ohio, USA.",2022,,35301754 35149998 33344861 32529966 30822141
"O'Donovan, Aoife",7,0,0,"Department of Psychiatry and Behavioral Sciences, Translational Psychedelic Research (TrPR) Program, Weill Institute for Neurosciences, University of California, San Francisco, USA.; San Francisco Veterans Affairs Medical Center, CA, USA.",2026,,42668404 40205013 40051581 39823947 38782821
"Williams, Martin",7,0,0,"School of Health Sciences, Swinburne University of Technology, Hawthorn, Victoria, Australia.",2026,,42618786 41050149 38988467 33745287 32227084
"Bhagavan, Chiranth",7,5,0,"Department of Psychiatry, University of Melbourne, Austin Health, Heidelberg, Victoria 3084, Australia; Mental Health Division, Austin Health, Heidelberg, Victoria 3084, Australia; Department of Psychological Medicine, Faculty of Medical and Health Sciences, University of Auckland, 22-30 Park Avenue",2026,cbhagavan@student.unimelb.edu.au; cbha783@aucklanduni.ac.nz,42566154 42307775 41679377 41186141 39669539
"Butler, Matthew",7,2,0,"Department of Psychological Medicine, Institute of Psychiatry, Psychology and Neuroscience, King's College London, London, UK.; South London and Maudsley NHS Foundation Trust, Bethlem Royal Hospital, Beckenham, UK.",2026,,42566154 41186141 39669539 37904854 35578800
"Pallavicini, Carla",7,2,0,"Department of Physics, Institute of Applied and Interdisciplinary Physics, University of Buenos Aires, Buenos Aires, Argentina.; National Scientific and Technical Research Council, Buenos Aires, Argentina.; Cognitive Neuroanatomy Lab, The Integrative Neuroscience and Cognition Center (INCC UMR 8002)",2026,carlap@df.uba.ar,42559191 41458361 40634541 36940333 35918311
"Ermakova, Anna O",7,2,0,"Beckley Psytech Ltd, An AtaiBeckley Company, Oxford, UK.",2026,anya@beckleypsytech.com,42544757 41874919 41761045 41368982 41198731
"Mueller, Michael J",7,1,0,"Psychedelic Research and Therapy Development, Adult Psychiatry and Psychotherapy, Psychiatric University Hospital Zurich, University of Zurich, Zurich, Switzerland.; Neuroscience Center Zurich, University of Zurich, Zurich, Switzerland.; Department of Health Science and Technology, ETH Zurich, Zuric",2026,m.j.muller1992@gmail.com,42443620 40819190 40536012 40311954 39774840
"Lin, Cong",7,1,0,"Interdisciplinary Laboratory for Frontier Chemistry, Changchun Institute of Applied Chemistry, Chinese Academy of Sciences, Changchun, Jilin, China.",2026,,42432011 42341036 42312173 41765343 40631920
"Kratina, Sarah",7,5,0,"Institute of Health Policy, Management and Evaluation, Dalla Lana School of Public Health, University of Toronto, 155 College Street, 4th fl, Toronto, Ontario, Canada, M5T 3M6. Electronic address: sarahkratina@gmail.com.",2026,sarahkratina@gmail.com,42407184 41918771 41389648 40327705 40051583
"Vohryzek, Jakub",7,3,0,"Computational Neuroscience Group, Universitat Pompeu Fabra, Barcelona, Spain.; Centre for Eudaimonia and Human Flourishing, Linacre College, University of Oxford, Oxford, UK.",2026,jakub.vohryzek@upf.edu,42381187 40940591 40689865 38853985 38515439
"Swainson, Jennifer",7,1,0,"Department of Psychiatry, University of Alberta, Edmonton, Canada.; Neuroscience and Mental Health Institute, University of Alberta, Edmonton, Canada.",2026,jns1@ualberta.ca,42380668 41148143 40879152 40874484 40245969
"Koslowski, Michael",7,1,0,"Klinik für Psychiatrie und Psychotherapie, Campus Charité Mitte, Charité - Universitätsmedizin Berlin, corporate member of Freie Universität Berlin, Humboldt-Universität zu Berlin, and Berlin Institute of Health, Berlin, Germany. michael.koslowski@charite.de.; Aix Marseille Université, Marseille, Fr",2026,michael.koslowski@charite.de,42201843 41848690 41388888 40351554 39190240
"Farzin, Houman",7,1,0,"Lady Davis Institute for Medical Research, Jewish General Hospital, Montréal, QC, Canada.; Faculty of Medicine and Health Sciences, McGill University, Montréal, QC, Canada.",2026,,42154482 41127918 41008422 40739983 40385526
"Toennes, Stefan W",7,0,0,"Goethe University Frankfurt, University Hospital, Institute of Legal Medicine, Frankfurt Main D-60596, Germany.",2026,,42030660 38061689 37253161 37159257 35339828
"Wojtas, Adam",7,4,0,"Unit II, Department of Pharmacology and Brain Biostructure, Maj Institute of Pharmacology, Polish Academy of Sciences, 31-343 Kraków, Smętna, Poland.",2026,wojtas@if-pan.krakow.pl,42009274 40243003 40157708 38203411 38203271
"Johnson, Danica E",7,1,0,"Mood Disorders Psychopharmacology Unit, Poul Hansen Depression Center, University Health Network, Toronto, ON, Canada.; Institute of Medical Science, University of Toronto, Toronto, ON, Canada.",2026,danica.johnson@uhn.ca; danica.johnson@mail.utoronto.ca,41984443 41955843 41581334 41285295 40129307
"Kaczmarek, Erica S",7,1,0,"Department of Pharmacology and Toxicology, University of Toronto, Toronto, ON, Canada. Electronic address: erica.kaczmarek@mail.utoronto.ca.",2026,erica.kaczmarek@uhn.ca; erica.kaczmarek@mail.utoronto.ca,41984443 41955843 41690631 41581334 41285295
"Lipsitz, Orly",7,0,0,"Poul Hansen Family Centre for Depression, Toronto Western Hospital, University Health Network, Toronto, Ontario, Canada; Department of Psychological Clinical Science, University of Toronto Scarborough, Toronto, ON, Canada. Electronic address: orly.lipsitz@uhn.ca.",2026,orly.lipsitz@uhn.ca,41955843 41285295 40590216 36097251 34791625
"Bienemann, Bheatrix",7,2,0,"Independent researcher, Rio de Janeiro, Brazil.",2026,,41902950 40579992 38980658 37949934 37348116
"Husain, Muhammad I",7,0,0,"Campbell Family Mental Health Research Institute, Centre for Addiction and Mental Health, Toronto, Canada; Temerty Faculty of Medicine, Department of Psychiatry, University of Toronto, Toronto, Canada.",2026,,41881122 41205366 41138900 41075579 39706482
"Wahba, Mourad",7,1,0,"Cumbria, Northumberland, Tyne and Wear NHS Foundation Trust, UK; Newcastle University, Newcastle upon Tyne, UK.",2026,,41881122 41075579 39706482 39654264 36740140
"Yonamine, Maurício",7,0,0,"Department of Clinical and Toxicological Analyses, University of Sao Paulo, Sao Paulo, Brazil.",2026,,41788629 41168399 40043852 36069952 26716991
"Blainey, Marc G",7,1,0,"Department of Spiritual Care and Psychotherapy, Martin Luther University College, Waterloo, ON, Canada. Electronic address: mblainey@luther.wlu.ca.",2026,mblainey@luther.wlu.ca; ethnometaphysics@gmail.com,41690631 41581334 40590216 40337756 40129307
"Viktorinová, Michaela",7,0,0,"National Institute of Mental Health, Klecany, Czech Republic.",2026,,41479142 41389223 40599633 40522607 35743788
"Calder, Abigail E",7,5,0,"Molecular Psychiatry Lab, Faculty of Science and Medicine, University of Freiburg, Villars-sur-Glâne, Switzerland.",2026,abigail.calder@unifr.ch,41472616 39926700 39613915 39302087 39168165
"Villiger, Daniel",7,7,0,"Institute of Philosophy, Zollikerstrasse 117, 8008 Zürich, Switzerland. Electronic address: daniel.villiger@uzh.ch.",2025,daniel.villiger@uzh.ch,41424285 40499284 39980214 39618402 38371714
"Mian, Maha N",7,3,0,"Department of Psychology, Suffolk University, Boston, MA, USA. maha.mian@suffolk.edu.; Department of Psychiatry and Behavioral Sciences, Weill Institute for Neurosciences, University of California, San Francisco, CA, USA. maha.mian@suffolk.edu.",2026,maha.mian@suffolk.edu,41272340 41214462 40760833 39935253 37287954
"Miller, Megan",7,4,0,"Department of Population Health, NYU Grossman School of Medicine, New York, NY, USA.",2025,miller89@wisc.edu,40751754 40042324 39821493 39699865 37753521
"von Rotz, Robin",7,2,0,"Reconnect Labs AG, Winterthur, Switzerland.",2025,,40639043 40144690 39923404 38089057 37138774
"Ching, Terence H W",7,3,0,"Department of Psychiatry, Yale School of Medicine, New Haven, Connecticut, USA.",2025,,40351554 38435972 38264632 40656968 37652035
"Smigielski, Lukasz",7,3,0,"Department of Child and Adolescent Psychiatry and Psychotherapy, Psychiatric University Hospital Zurich, University of Zurich, Zurich, Switzerland.",2025,lu.smigielski@gmail.com; lukasz.smigielski@uzh.ch,40351554 38654063 38531905 37459910 32820851
"Arcoverde, Emerson",7,0,0,"Department of Clinical Medicine, Health Science Center, Federal University of Rio Grande do Norte, Natal, Rio Grande do Norte, Brazil.; University Hospital Onofre Lopes, Federal University of Rio Grande do Norte, Natal, Rio Grande do Norte, Brazil.",2025,,40337754 40258990 38141403 34761362 31798447
"Pagni, Broc A",7,1,0,"Department of Psychiatry, NYU Langone Center for Psychedelic Medicine, NYU Grossman School of Medicine, New York (Pagni, Zeifman, Mennenga, Carrithers, Goldway, O'Donnell, Ross, Bogenschutz); School of Life Sciences, Arizona State University, Tempe (Mennenga); Department of Psychology, New York Univ",2025,,40337752 40081794 39741446 37608057 37167080
"Uthaug, Malin V",7,0,0,"Department of Neuropsychology and Psychopharmacology, Faculty of Psychology and Neuroscience, Maastricht University, Maastricht, Netherlands.; Centre for Psychedelic Research, Division of Psychiatry, Imperial College London, London, England, United Kingdom.",2025,,40276609 38025484 37897244 35149998 34966300
"Schenberg, Eduardo Ekman",7,6,0,"Instituto Phaneros, São Paulo, Brazil.; Project on Psychedelics Law and Regulation (POPLAR), Petrie-Flom Center for Health Law Policy, Biotechnology, and Bioethics at Harvard Law School, Cambridge, Massachusetts, USA.; Language, Action and Brain Lab, Division of Psychology & Language Sciences, Unive",2025,,40230191 38161296 37979818 36263512 34986699
"Sherwood, Alexander",7,0,0,"The Usona Institute, 2780 Woods Hollow Road, Madison, WI, USA.",2025,,40202903 35483009 34062028 33237633 32685866
"Murphy-Beiner, Ashleigh",7,0,0,"Centre for Psychedelic Research, Division of Academic Psychiatry, Imperial College London, London, UK.",2024,,39764567 37942467 37466289 37264814 37251069
"Kolaczynska, Karolina E",7,2,0,"Division of Clinical Pharmacology and Toxicology, Department of Pharmaceutical Sciences, University of Basel, Basel, Switzerland.; Division of Clinical Pharmacology and Toxicology, Department of Biomedicine, University Hospital Basel, Basel, Switzerland.",2024,,38741590 36507738 36434963 35222010 35217796
"Dörner, Sebastian",7,1,0,"Institute of Pharmacy, Friedrich Schiller University, Jena, Germany.; Research Group Pharmaceutical Microbiology, Leibniz Institute of Natural Product Research and Infection Biology, Hans Knöll Institute, Jena, Germany.",2024,,38664850 38548735 35583969 35483009 34062028
"Dolder, Patrick C",7,2,0,"Clinical Pharmacology and Toxicology, Department of Biomedicine and Department of Clinical Research, University Hospital Basel, Basel, Switzerland; Department of Pharmaceutical Sciences, University of Basel, Basel, Switzerland.",2023,,36266118 34035391 31572246 31152167 28197931
"Krengel, Felix",7,4,0,"Departamento de Ecología y Recursos Naturales, Facultad de Ciencias, Universidad Nacional Autónoma de México, Ciudad de México, México.",2023,40949009@ciencias.unam.mx,35338475 34999156 32392600 32232967 31095891
"Elices, Matilde",7,0,0,"Psychiatry Service, Hospital de la Santa Creu i Sant Pau, Barcelona, Spain.; Centre for Biomedical Research in Mental Health, CIBERSAM, Barcelona, Spain.",2022,matilde.elices@yahoo.com,34411343 33551823 30406413 29615905 28525587
"Kraehenmann, Rainer",7,4,0,"Neuropsychopharmacology and Brain Imaging, Department of Psychiatry, Psychotherapy and Psychosomatics, Psychiatric Hospital, Faculty of Medicine, University of Zurich, Zurich. Switzerland.",2017,r.kraehenmann@bli.uzh.ch,29167644 28711736 28625125 27091970 26909323
"D'Souza, Deepak C",6,0,6,"Department of Psychiatry, Yale School of Medicine, New Haven, Connecticut, USA.; Psychiatry Service, Veterans Affairs Connecticut Healthcare System, West Haven, Connecticut, USA.",2026,,41459830 38581739 37392016 36416492 33184743
"Kovalchuk, Igor",6,0,6,"Department of Biological Sciences, University of Lethbridge, Lethbridge, AB T1K 3M4, Canada.",2025,,41105970 40283890 38397173 38137946 37623246
"Benyamina, A",6,0,6,"Department of Psychiatry and Addictology, APHP, Paul Brousse Hospital, Villejuif, France.; Unité de Recherche Psychiatrie-Comorbidités-Addictions, PSYCOMADD - Paris Saclay University Île-de-France, Villejuif, France.",2025,,40277080 40031999 40010428 38961652 38579460
"Kamboj, Sunjeev K",6,0,5,"Clinical, Educational and Health Psychology, University College London, London, UK.",2026,,42313772 41819589 40700019 39572645 38374177
"Palner, Mikael",6,0,4,"Clinical Physiology and Nuclear Medicine, Department of Clinical Research, University of Southern Denmark, Odense, Denmark.; Department of Nuclear Medicine, Odense University Hospital, Odense, Denmark.; Neurobiology Research Unit, Copenhagen University Hospital, Copenhagen, Denmark.",2026,mpalner@health.sdu.dk,42675044 42094840 37940583 37841918 37783788
"Hales, Sarah",6,0,4,"Department of Psychiatry, University of Toronto, Canada; Princess Margaret Cancer Centre, UHN, Toronto, Canada.",2026,sarah.hales@uhn.ca,42541603 41401486 41152967 40639037 38301164
"Leão, Richardson N",6,0,4,"Neurodynamics Lab, Brain Institute, Federal University of Rio Grande do Norte, Natal, RN, Brazil.",2025,richardson.leao@neuro.ufrn.br,38987574 38969716 38760450 31923390 31019450
"Hallak, Jaime E",6,0,4,"Departamento de Neurociências e Ciências do Comportamento, Faculdade de Medicina de Ribeirão Preto, Universidade de São Paulo, Ribeirão Preto, SP, Brazil.; Instituto Nacional de Ciência e Tecnologia Translacional em Medicina (INCT-TM), Ribeirão Preto, SP, Brasil.",2021,,33707976 33146343 33053072 29497055 29123145
"Benyamina, Amine",6,0,3,"Département de Psychiatrie et d'Addictologie, Hôpital Paul Brousse, Assistance Publique-Hôpitaux de Paris APHP, Villejuif, France.; Faculté de Médecine, Unité de Recherche Psychiatrie-Comorbidités-Addictions - PSYCOMADD, Université Paris-Saclay, Le Kremlin-Bicêtre, France.",2026,,42609034 42228481 36812444 36678537 33730602
"Kristensen, Jesper L",6,0,3,"Department of Drug Design and Pharmacology, Faculty of Health and Medical Sciences, University of Copenhagen, Copenhagen Ø, Denmark.",2026,,41224969 40534669 38648420 36180111 33359368
"Mendive, Fernando",6,1,3,"Independent researcher, Tarapoto, Peru.",2024,,37948338 37615330 34975500 34093190 32748709
"Carter, Adrian",6,0,2,"School of Psychological Sciences, Monash University, Melbourne, Australia.; Monash Bioethics Centre, School of Philosophical, Historical and Indigenous Studies, Monash University, Melbourne, Australia.",2026,adrian.carter@monash.edu,42572818 41699875 41244962 39283030 32693321
"Castellanos, Joel",6,0,2,"Department of Anesthesiology, University of California San Diego, San Diego, CA USA.",2026,,42567236 39281029 38813452 38706873 36259015
"Polito, Vince",6,2,2,"School of Psychological Sciences, Macquarie University, Sydney, New South Wales, Australia.",2026,vince.polito@mq.edu.au,42509777 41562498 38877715 37997979 35609684
"Schellekens, Arnt",6,1,2,"Nijmegen Institute for Science Practitioners in Addiction (NISPA), Nijmegen, The Netherlands.; Department of Psychiatry, Radboud University Medical Center, Nijmegen, The Netherlands.",2026,,42130778 39612154 36846225 34859515 33620733
"Palamar, Joseph J",6,4,2,"Department of Population Health, NYU Grossman School of Medicine, NYU Langone Health, New York.",2026,joseph.palamar@nyulangone.org,42014961 40033160 38326175 37605471 36934660
"Jackson, Heather",6,0,2,"Unlimited Sciences, Colorado Springs, CO, USA.",2026,,41822953 39921237 39447981 38715376 38666090
"Wilson-Poe, Adrianne R",6,0,1,"Open Psychedelic Evaluation Nexus,Portland, OR, USA.; Oregon Health & Science University, Portland, OR, USA.; Legacy Research Institute, Legacy Health, Portland, OR, USA.",2026,,42665360 42616497 40803962 39881568 38888164
"Goel, Akash",6,2,1,"Department of Anesthesiology & Pain Medicine, University of Toronto, Toronto, Ontario, Canada.; Department of Anesthesia and Pain Medicine, St Michael's Hospital, Toronto, Ontario, Canada.",2026,akash.goel@utoronto.ca,42594864 41984443 40750953 39529994 37698433
"Monson, Candice M",6,0,1,"Department of Psychology, Toronto Metropolitan University, Toronto, Canada.",2026,,42593636 41705428 42662093 39823496 37146908
"Borkel, Lucas F",6,2,1,"Unit of Toxicology, Clinical Sciences Department, Universidad de Las Palmas de Gran Canaria, Las Palmas de Gran Canaria, Spain.; Asociación Científica Psicodélica, Arucas, Spain.",2026,,42582418 41915638 40894333 40440773 38108102
"de Araujo, Draulio Barros",6,0,1,"Advanced Center for Psychedelic Medicine, Natal, RN, Brazil.; Brain Institute, Federal University of Rio Grande Do Norte, Natal, RN, Brazil.",2026,,42575192 41902950 37979818 36408451 32648790
"Gardner, John",6,1,1,"School of Social Sciences, Monash University, Melbourne, Australia.; Monash Bioethics Centre, School of Philosophical, Historical and Indigenous Studies, Monash University, Melbourne, Australia.",2026,john.gardner@monash.edu,42572818 41699875 41244962 39283030 32693321
"Armstrong, Stacey B",6,3,1,"Center for Psychedelic Drug Research and Education, College of Social Work, The Ohio State University, Columbus, OH, USA. armstrong.1014@osu.edu.",2026,armstrong.1014@osu.edu,42533157 39935253 39298596 39263894 38377244
"O'Callaghan, Clare",6,2,1,"Department of Psychosocial Care, St Vincent's Hospital, Melbourne, Australia; Caritas Christi, St Vincent's Hospital Melbourne, Australia; Department of Medicine, University of Melbourne, Australia.",2026,,42517555 41418682 40858059 40370591 39655606
"Dornbierer, Dario",6,0,1,"Reconnect Labs AG, Spin-Off of the University of Zurich, Winterthur, Switzerland.",2026,,42443620 42220002 38654063 38531905 37841918
"Low, Fiona",6,3,1,"Department of Physical Medicine and Rehabilitation, Johns Hopkins University School of Medicine, Baltimore, MD, USA.; Department of Psychology, University at Albany, State University of New York, Albany, NY, USA.",2026,,42172091 41058595 39475365 37343940 36682063
"Harkin, Andrew",6,0,1,"Trinity Institute of Neurosciences, Trinity College Dublin, Dublin, Ireland.; Psychedelic Research Group, Trinity College Dublin, Dublin, Ireland.",2026,,42113605 41869862 41816502 39506378 36605409
"Black, Joshua C",6,1,1,"Rocky Mountain Poison & Drug Safety, Denver Health and Hospital Authority, Denver, Colorado.",2026,,42044375 41834488 41817506 40258279 40112266
"Henningfield, Jack E",6,2,1,"Department of Psychiatry and Behavioral Sciences, Johns Hopkins University School of Medicine, Baltimore, Maryland, USA.; Pinney Associates, Inc, Research, Health Policy & Abuse Liability, Bethesda, Maryland, USA.",2026,jhenning@pinneyassociates.com,41618525 37015315 36588452 35987353 35973601
"Thorens, Gabriel",6,1,1,"Faculty of Medicine, University of Geneva, Geneva, Switzerland.; Division of Addiction Psychiatry, Department of Psychiatry, University Hospitals of Geneva, 70, Grand-Pré, CH-1202, Geneva, Switzerland.",2025,,41575100 39592825 37610195 37557019 36191546
"Kangaslampi, Samuli",6,4,1,"Faculty of Social Sciences/Psychology, Tampere University, Tampere, Finland.",2026,samuli.kangaslampi@tuni.fi,41345723 41224017 40095090 37814082 35384730
"Paleos, Casey",6,0,1,"InnerMost PBC, New York.; Nautilus Sanctuary, New York.",2026,jennifer.mitchell@ucsf.edu,41254844 39375459 37709999 37404971 35809678
"Dupuis, David",6,4,1,"Institut national de la santé et de la recherche médicale (INSERM), Paris, 75013, France.",2025,david.dupuis2@gmail.com,41051875 36367797 36263513 35313754 34887799
"King, Franklin",6,1,1,"Director, Training and Education, Center for Neuroscience of Psychedelics, Massachusetts General Hospital, Boston, MA; Instructor, Department of Psychiatry, Harvard Medical School, Boston, MA; Principal investigator, Assessment of Psilocybin (TRP-8802) in Concert With Psychotherapy in Patients With ",2025,,40600242 40032306 39998940 38161296 34690582
"McDonald, William M",6,0,1,"Department of Psychiatry and Behavioral Sciences (Fonzo, Barksdale, Nemeroff) and Center for Psychedelic Research and Therapy (Fonzo, Nemeroff), University of Texas at Austin Dell Medical School, Austin; Institute for Early Life Adversity Research, University of Texas at Austin, Austin (Fonzo, Nemer",2025,,39741438 39741437 39616450 34483775 33053043
"de Boer, Alberdina",6,0,1,"Tulip Medical Consulting, LLC, Port Townsend, WA, USA.",2024,jennifer.mitchell@ucsf.edu,39375459 37709999 37404971 37275981 35140642
"Hallak, Jaime E Cecílio",6,0,1,"Department of Neurosciences and Behavior, Ribeirão Preto Medical School, University of São Paulo, Ribeirão Preto, Brazil.; National Institute of Science and Technology, Translational Medicine, Ribeirão Preto, São Paulo, Brazil.",2025,,38780800 38553114 37335211 35289542 34166299
"Wagner, Anne C",6,2,1,"Department of Psychology, Toronto Metropolitan University, Toronto, Canada.",2024,,38174611 37146908 34858270 33888025 32903724
"Erowid, Earth",6,0,0,"Erowid Center, Grass Valley, CA, United States of America.",2026,,42631663 39915687 39712538 34348413 32038317
"Erowid, Fire",6,0,0,"Erowid Center, Grass Valley, CA, United States of America.",2026,,42631663 39915687 39712538 34348413 32038317
"Renner, Anna C",6,6,0,"North Dakota State University, Fargo, North Dakota 58108-6050, United States.",2026,,42621912 41704348 41531985 41531975 41256989
"Rojas-Hernández, Jaime",6,0,0,"Unit of Toxicology, Clinical Sciences Department, Universidad de Las Palmas de Gran Canaria, Las Palmas de Gran Canaria, Spain.; Asociación Científica Psicodélica, Arucas, Spain.; Asociación Canaria para el Desarrollo de la Salud a Través de la Atención, Las Palmas de Gran Canaria, Spain.",2026,,42582418 41915638 40894333 40440773 38108102
"Krediet, Erwin",6,1,0,"ARQ National Psychotrauma Center, Diemen, The Netherlands.; Department of Psychiatry, Leiden University Medical Center, Leiden, The Netherlands.; OPEN Foundation, Amsterdam, The Netherlands.",2026,,42563131 40551401 40492498 38316896 32803732
"DiBerto, Jeffrey F",6,1,0,"Department of Pharmacology, University of North Carolina at Chapel Hill, Chapel Hill, NC, USA.",2026,,42563032 40683247 37808655 34797943 34411534
"Jiang, Quan",6,1,0,"Meinig School of Biomedical Engineering, Cornell University, Ithaca, NY 14853, USA.",2026,,42539178 42039555 41352354 41023408 40175553
"Szarpak, Lukasz",6,1,0,"Henry JN Taub Department of Emergency Medicine, Baylor College of Medicine, Houston, USA.; Institute of Medical Science, Collegium Medicum, The John Paul II Catholic University of Lublin, Lublin, Poland.",2026,,42538465 40643096 40440859 40279353 40245934
"Pruc, Michal",6,0,0,"Institute of Medical Science, Collegium Medicum, The John Paul II Catholic University of Lublin, Lublin, Poland.",2026,,42538465 40643096 40440859 40279353 40245934
"Levin, Adam W",6,1,0,"Center for Psychedelic Drug Research and Education, College of Social Work, The Ohio State University, Columbus, OH, USA.",2026,,42533157 40470809 39263894 38483940 40046570
"Peacock, Caroline",6,1,0,"Emory Center for Psychedelics and Spirituality, Emory University.",2026,,42528601 40758287 39804360 39082259 38166057
"Sloshower, Jordan",6,2,0,"Department of Psychiatry, Yale University, New Haven, CT, USA.",2026,jordan.sloshower@yale.edu,42436172 40351554 38632313 37651119 37392016
"Siefried, Krista J",6,0,0,"From the Thomas Jefferson University (J.C.); St. Vincent's Hospital Alcohol and Drug Service (K.J.S., L.A.), Sydney, Australia; National Drug and Alcohol Research Centre (NDARC) (K.J.S., L.A.), The University of New South Wales, Randwick, Australia; New South Wales Drug and Alcohol Clinical Research",2026,,42422525 42031666 41424164 40974259 39929500
"McCulloch, Drummond E-Wen",6,5,0,"Neurobiology Research Unit, Copenhagen University Hospital Rigshospitalet, Copenhagen, Denmark.; Department of Clinical Medicine, Faculty of Health and Medical Sciences, University of Copenhagen, Copenhagen, Denmark.",2026,drummond.mcculloch@nru.dk,42343098 42212900 40656118 35588933 35355714
"Maggio, Carolina",6,0,0,"The Institute of Psychiatry, Psychology and Neuroscience, King's College London, London; South London and Maudsley NHS Foundation Trust, Maudsley Hospital, London, United Kingdom.",2026,,42301160 40864832 40492108 39372842 39301810
"Mashour, George A",6,0,0,"Department of Anesthesiology, University of Michigan Medical School, Ann Arbor, MI, USA.; Center for Consciousness Science, University of Michigan, Ann Arbor, MI, USA.; Neuroscience Graduate Program, University of Michigan, Ann Arbor, MI, USA.; Michigan Psychedelic Center, University of Michigan Med",2026,,42282806 40323119 40171515 40128190 38405722
"Pouyan, Niloufar",6,2,0,"Department of Anesthesiology, University of Michigan Medical School, 24 Frank Lloyd Wright Drive, Ann Arbor, MI, 48105, USA.; Michigan Psychedelic Center, University of Michigan Medical School, Ann Arbor, MI, USA.; Neuroscience Graduate Program, University of Michigan, Ann Arbor, MI, USA.",2026,npouyan@umich.edu,42243569 41291774 40323119 40171515 39297183
"Alvarez, Oscar",6,0,0,"Parc Sanitari Sant Joan de Déu, Barcelona, Spain; Sant Joan de Déu Research Foundation, Barcelona, Spain.",2026,,42228759 41881122 41075579 39706482 36740140
"Smallridge, John W",6,0,0,"Neurophenomenology of Consciousness Lab, Department of Psychiatry, Psychotherapy and Psychosomatics, Psychiatric Hospital, University of Zurich, Zurich, Switzerland.",2026,john@reconnect-labs.com,42220002 41611012 40639043 39340164 38883812
"Williams, Martin L",6,3,0,"Centre for Mental Health, Department of Psychology, Swinburne University of Technology, Hawthorn, Victoria, Australia; Psychedelic Research in Science & Medicine (PRISM), Balwyn North, Victoria, Australia. Electronic address: martin@prism.org.au.",2026,martin@prism.org.au,42168232 41421053 40858059 40336703 37139585
"Yang, Kevin H",6,4,0,"Department of Psychiatry, University of California San Diego School of Medicine, La Jolla.",2026,,42152600 42092643 42014961 40033160 38941086
"Woodburn, Samuel C",6,1,0,"Meinig School of Biomedical Engineering, Cornell University, Ithaca, NY, 14853, USA.",2026,,42079081 41023408 40175553 39554087 39087917
"Harvey, Kalin",6,0,0,"Quantified Citizen Technologies Inc., Vancouver, BC, Canada.",2026,,42058096 41073618 39636638 35902723 35773270
"Gressler, Markus",6,0,0,"Pharmaceutical Microbiology, Friedrich-Schiller-Universität Jena, Jena, Germany.; Pharmaceutical Microbiology, Leibniz Institute for Natural Product Research and Infection Biology - Hans-Knöll-Institute, Jena, Germany.",2026,,42011697 40318115 40202903 35583969 31802575
"Wong, Sabrina",6,1,0,"Mood Disorders Psychopharmacology Unit, University Health Network, Toronto, Ontario, Canada; Institute of Medical Science, University of Toronto, Toronto, Ontario, Canada; Brain and Cognition Discovery Foundation, Toronto, Ontario, Canada.",2026,sabrinal.wong@mail.utoronto.ca; sabrina.wong@mail.utoronto.ca,41984443 41643722 41360373 40962065 38570038
"Le, Gia Han",6,1,0,"Mood Disorders Psychopharmacology Unit, University Health Network, Toronto, Ontario, Canada; Institute of Medical Science, University of Toronto, Toronto, Ontario, Canada; Brain and Cognition Discovery Foundation, Toronto, Ontario, Canada.",2026,hanny.le@mail.utoronto.ca,41984443 41643722 41360373 40962065 38570038
"Jones, Brett D M",6,0,0,"Department of Psychiatry, University of Toronto, Toronto, Canada.; Centre for Addiction and Mental Health, Toronto, Ontario, Canada.",2026,,41984443 41122434 40933784 40684956 37615379
"Buchborn, Tobias",6,1,0,Central Institute for Mental Health.,2026,,41960323 41051875 40899152 40161736 37869510
"Kirlic, Namik",6,0,0,"Compass Pathways, Inc. (a subsidiary of Compass Pathways plc), NY, United States.",2026,,41881122 41497513 41075579 40492108 39706482
"Simmons, Hollie",6,0,0,"Compass Pathfinder Ltd (A Subsidiary of Compass Pathways Plc), London, UK.",2026,,41881122 41075579 40883964 39706482 39427449
"Young, Matthew B",6,0,0,"Compass Pathways, Inc. (a subsidiary of Compass Pathways plc), NY, United States.",2026,,41881122 41075579 40047545 39706482 39427449
"Hallak, Jaime",6,0,0,"Department of Neurosciences and Behavior, Ribeirão Preto Medical School, University of São Paulo, Avenida dos Bandeirantes, 3900 - Monte Alegre, 14049-900, Ribeirão Preto, Brazil; National Institute for Translational Medicine (INCT-TM), CNPq, Ribeirão Preto, Brazil.",2026,,41854389 41687467 41082525 31798447 30427388
"Lowe, Matthew X",6,2,0,"Unlimited Sciences, Colorado Springs, CO, USA.",2026,,41822953 39921237 39447981 38715376 38666090
"Wong, Stanley",6,3,0,"Department of Psychiatry, University of Toronto, Toronto, ON, Canada.",2026,,41793582 41205366 41122434 40933784 40032291
"Zarrabi, Ali John",6,0,0,"Emory Center for Psychedelics and Spirituality (A.J.Z.), Emory University, Atlanta, Georgia, USA; Division of Palliative Medicine (A.J.Z.), Department of Family and Preventive Medicine, School of Medicine, Emory University, Atlanta, Georgia, USA.",2026,,41783943 41173063 39082259 38166057 40046860
"Lewis, Benjamin R",6,5,0,"Department of Psychiatry, University of Utah Huntsman Mental Health Institute, Salt Lake City, USA.",2026,ben.lewis@hsc.utah.edu,41645048 41048658 40972137 39802794 37404966
"Ho, Roger",6,0,0,"Department of Psychological Medicine, Yong Loo Lin School of Medicine, National University of Singapore, Singapore, Singapore.; Institute for Health Innovation and Technology (iHealthtech), National University of Singapore, Singapore, Singapore.; Division of Life Science (LIFS), Faculty of Science, ",2026,pcmrhcm@nus.edu.sg,41643722 38570038 38244804 36097251 34791625
"Bruno, Vitor",6,1,0,"Department of Clinical and Toxicological Analysis, School of Pharmaceutical Sciences, University of São Paulo, Brazil.; Department of Psychiatry, McGill University and Research Institute of the McGill University Health Center, Montreal, QC, Canada.",2026,,41628561 41222610 41077262 40984017 34437939
"Brudner, Ryan M",6,1,0,"Institute of Medical Science, University of Toronto, Toronto, ON, Canada. Electronic address: ryan.brudner@mail.utoronto.ca.",2026,ryan.brudner@mail.utoronto.ca,41581334 41285295 40590216 40337756 40129307
"Casey, Austen B",6,1,0,"Department of Anesthesiology, Perioperative and Pain Medicine, Stanford University School of Medicine, Stanford, California, USA.",2026,,41565674 41121647 40672181 40291657 37248402
"Atli, Merve",6,0,0,"COMPASS Pathways, London, UK.",2025,,41497513 41362124 40047545 39741434 37606733
"Klein, Adam K",6,1,0,"Gilgamesh Pharmaceuticals Inc., New York, NY, USA.",2026,,41493065 41099491 39900138 33860183 32077284
"Viktorin, Vojtěch",6,1,0,"National Institute of Mental Health, Klecany, Czech Republic.",2026,,41479142 41389223 40599633 40522607 37336163
"González, Bruno",6,2,0,"Department of Chemistry, Columbia University, New York, New York 10027, United States.",2026,,41452009 40789467 38255760 37221656 34250335
"Klaiber, Aaron",6,0,0,"Psychopharmacology Research, Division of Clinical Pharmacology & Toxicology, Department of Clinical Research, University Hospital Basel, University of Basel, Switzerland.",2026,,41451514 40140019 37258715 37231080 36342343
"Korčák, Jakub",6,0,0,"National Institute of Mental Health, Topolová 748, Klecany, 250 67, Czechia.",2025,,41389223 40599633 40522607 35743788 33343372
"Kolbman, Nicholas",6,2,0,"Department of Anesthesiology, University of Michigan, Ann Arbor, MI, USA.; Center for Consciousness Science, University of Michigan, Ann Arbor, MI, USA.; Department of Pharmacology, University of Michigan, Ann Arbor, MI, USA.",2025,,41280125 40342400 40128190 38405722 38113836
"Halman, Andreas",6,2,0,"School of Population and Global Health, University of Melbourne, Melbourne, Australia.",2026,,41266565 39579192 39345195 39308441 38868739
"Ruffell, Simon",6,1,0,"Melbourne School of Population and Global Health, The University of Melbourne, Parkville, VIC, Australia.; University of Exeter, Exeter, England.",2025,s.g.d.ruffell@gmail.com,41266565 38363085 36322843 36272145 32700023
"Hibicke, Meghan",6,3,0,"Department of Pharmacology and Experimental Therapeutics, LSU Health Sciences Center, New Orleans, LA, USA.",2026,,41224969 40534669 40051761 40047006 33257322
"Kovalchuk, Olga",6,0,0,"Department of Biological Sciences, University of Lethbridge, Lethbridge, AB T1K 3M4, Canada.",2025,,41105970 40283890 38397173 38137946 37623246
"Snyder, Abraham Z",6,0,0,"Department of Neurology, Washington University School of Medicine, St Louis, MO, USA.; Mallinckrodt Institute of Radiology, Washington University School of Medicine, St Louis, MO, USA.",2025,,41083844 40533500 40473634 39605498 39020167
"De Gregorio, Danilo",6,2,0,"IRCCS San Raffaele Scientific Institute, Milan, Italy; Faculty of Medicine, Vita-Salute San Raffaele University, Milan, Italy.",2025,danilo.degregorio@mcgill.ca; gabriella.gobbi@mcgill.ca,41077262 36191546 35177979 33328244 33257322
"Noorani, Tehseen",6,3,0,"School of Pharmacy, Faculty of Medical and Health Sciences, University of Auckland, 85 Park Road, Grafton, Auckland, 1023, New Zealand. Electronic address: tehseen.noorani@auckland.ac.nz.",2025,tehseen.noorani@auckland.ac.nz,41051875 40889616 37466178 38588216 34566724
"Rodriguez, Carolyn I",6,0,0,"Psychiatry & Behavioral Sciences, Stanford University School of Medicine, Palo Alto, CA, USA.",2026,,41024388 39741438 39741437 39616450 34483775
"Schäfer, Tim",6,3,0,"Pharmaceutical Microbiology, Friedrich Schiller University, Beutenbergstrasse 11a, Jena, Germany.; Pharmaceutical Microbiology, Leibniz Institute for Natural Product Research and Infection Biology - Hans Knöll Institute, Beutenbergstrasse 11a, Jena, Germany.",2025,,40977073 40202903 39487767 38664850 36327140
"Rupp, Bernhard",6,0,0,"Department of General, Inorganic and Theoretical Chemistry, University of Innsbruck, Austria.; k.-k. Hofkristallamt, San Diego, CA, USA.",2025,,40977073 39449146 39413044 38548735 36327140
"Luppi, Andrea I",6,1,0,"Centre for Eudaimonia and Human Flourishing, Linacre College, University of Oxford, Oxford, United Kingdom.; Department of Psychiatry, University of Oxford, Oxford, United Kingdom.; St John's College, University of Cambridge, Cambridge, United Kingdom.; Division of Information Engineering, Universit",2025,,40940591 38853985 37315149 37214949 36192411
"Wilson, Carey",6,0,0,"Florey Institute of Neuroscience and Mental Health, Melbourne Brain Centre, University of Melbourne, Parkville, Australia.",2025,,40940205 40849086 40189698 39864573 39489287
"Nielson, Elizabeth M",6,1,0,"Fluence International Inc, Woodstock, NY, USA.",2026,,40492498 37276086 36322843 33796055 33643087
"Cosimano, Mary P",6,0,0,"Johns Hopkins University School of Medicine, Baltimore, Maryland, USA.",2025,,40351554 35285721 35166158 33146667 29020861
"Cameron, Lindsay P",6,5,0,"Nancy Pritzker Laboratory, Department of Psychiatry and Behavioral Sciences, Stanford University, USA.",2025,,40291657 37940583 36630260 33299186 30036036
"Kopra, Emma I",6,3,0,"Department of Psychological Medicine, Institute of Psychiatry, Psychology, and Neuroscience, King's College London, London, UK. Electronic address: emma.kopra@kcl.ac.uk.",2025,emma.kopra@kcl.ac.uk,40189946 39437962 38184476 36876583 36209780
"Strickland, Justin C",6,4,0,"Department of Psychiatry and Behavioral Sciences, Johns Hopkins University School of Medicine, Baltimore, Maryland, USA.",2024,,40051759 38152462 37795509 35341564 34151215
"Murphy, Roberta",6,1,0,"Centre for Psychedelic Research, Division of Academic Psychiatry, Imperial College London, London, UK.",2024,,39764567 37466289 37264814 37251069 35431912
"O'Donnell, Kelley C",6,4,0,"Department of Psychiatry, NYU Grossman School of Medicine, New York (O'Donnell); NYU Langone Center for Psychedelic Medicine, New York (O'Donnell); University of Colorado Anschutz Medical Campus, Denver (Gringsby); Department of Psychiatry and Biobehavioral Sciences and Pediatrics, UCLA School of Me",2025,,39741446 39741435 39559692 38161295 37651119
"Breeksema, Joost J",6,4,0,"Department of Psychiatry, University Medical Center Groningen, University of Groningen, Groningen, Netherlands.",2025,j.j.breeksema@umcg.nl,39667373 38316896 36017784 34812901 33560605
"Oliveira-Lima, Alexandre J",6,0,0,"Department of Health Sciences, Universidade Estadual de Santa Cruz, Ilhéus, BA, 45662-900, Brazil.",2024,,39523057 39443587 35253069 34621171 32676773
"Harrison, Charlotte",6,0,0,"MAPS Public Benefit Corporation (MAPS PBC), San Jose, CA, United States of America.",2024,jennifer.mitchell@ucsf.edu,39375459 38198456 37709999 37404971 36815187
"Gandy, Sam",6,1,0,"Centre for Psychedelic Research, Imperial College London, London, UK.",2023,,38868739 36601974 35939083 33335742 29674223
"Barroso, Mário",6,0,0,"Serviço de Química e Toxicologia Forenses, Instituto Nacional de Medicina Legal e Ciências Forenses, Delegação do Sul, Lisbon, Portugal.",2024,mario.j.barroso@inmlcf.mj.pt,38699824 38004320 33669160 33260723 32899469
"Gill, Hartej",6,2,0,"Mood Disorder and Psychopharmacology Unit, University Health Network, Toronto, Canada; Institute of Medical Science, University of Toronto, Toronto, Canada. Electronic address: hartej.gill@utoronto.ca.",2024,hartej.gill@utoronto.ca; hartej.gill@mail.utoronto.ca,38570038 36097251 35580433 34791625 34048997
"Varghese, Nimmy",6,0,0,"Psychiatric University Hospital, University of Basel, Basel, Switzerland.",2023,,37258715 37231080 36342343 35217796 34743319
"Lobão-Soares, Bruno",6,0,0,"Postgraduate Program in Psychobiology, Department of Physiology and Behavior, Federal University of Rio Grande do Norte (UFRN), Natal, RN, Brazil.; Department of Biophysics and Pharmacology, UFRN, Natal, RN, Brazil.; National Science and Technology Institute for Translational Medicine (INCT-TM), São",2022,,36545037 36408451 31231276 30427388 29903051
"Lee, Yena",6,0,0,"7978Mood Disorders Psychopharmacology Unit, University Health Network, Toronto, Ontario, Canada.",2023,,36097251 35975555 35905796 34791625 32954860
"Lenz, Claudius",6,4,0,"Department Pharmaceutical Microbiology at the, Hans Knöll Institute, Friedrich-Schiller-Universität Jena, Beutenbergstrasse 11a, 07745, Jena, Germany.",2022,,35483009 34062028 33237633 32101345 31725937
"Carbonaro, Theresa M",6,3,0,"Department of Psychiatry and Behavioral Sciences, Johns Hopkins University School of Medicine, Baltimore, MD, USA.",2021,,38235248 33611977 32500212 30062577 29116367
"Kristiansen, Sara",6,0,0,"Neurobiology Research Unit and NeuroPharm, Rigshospitalet, Copenhagen, Denmark.",2022,,34189985 33501857 32146028 30846853 30685771
"Pokorny, Thomas",6,2,0,"Neuropsychopharmacology and Brain Imaging, Department of Psychiatry, Psychotherapy and Psychosomatics, Psychiatric Hospital, University of Zurich, Zurich, Switzerland; Heffter Research Center Zurich, Department of Psychiatry, Psychotherapy and Psychosomatics, Psychiatric Hospital, University of Zuri",2017,,29167644 28637246 27091970 26875114 26231498
"Moghaddam, Bita",5,0,5,"Department of Behavioral Neuroscience, Oregon Health & Science University, Portland, OR, USA; Department of Psychiatry, Oregon Health & Science University, Portland, OR, USA. Electronic address: bita@ohsu.edu.",2024,bita@ohsu.edu,42539231 40047885 38909970 36807609 36712091
"Ferris, Craig F",5,0,5,"Center for Translational NeuroImaging, Northeastern Univ, Boston, MA, USA. c.ferris@northeastern.edu.; Depts of Psychology and Pharmaceutical Sciences Northeastern Univ, Boston, MA, USA. c.ferris@northeastern.edu.",2026,c.ferris@northeastern.edu,42168715 41796937 41708994 40376612 39975204
"Bertoglio, Leandro J",5,0,5,"Departamento de Farmacologia, Universidade Federal de Santa Catarina, Florianópolis, SC, Brazil. Electronic address: leandro.bertoglio@ufsc.br.",2026,leandro.bertoglio@ufsc.br,41860795 41411685 40116762 39305969 38320596
"Andreassen, Ole A",5,0,5,"Institute of Clinical Medicine, University of Oslo, Oslo, Norway; Oslo University Hospital, Division of Mental Health and Addiction, Oslo, Norway.",2026,,41664469 41344230 40641116 36386973 30421744
"Dentinger, Bryn T M",5,0,4,"Collections and Research, Natural History Museum of Utah, Salt Lake City, UT 84108, USA.; School of Biological Sciences, University of Utah Health, Salt Lake City, UT 84112, USA.",2026,,42539197 42247306 41818815 38194448 36445079
"Berkovich-Ohana, Aviva",5,0,4,"Edmond J. Safra Brain Research Center, University of Haifa, Haifa, Israel.; Integrated Brain and Behavior Research Center (IBBRC), University of Haifa, Haifa, Israel.; Department of Counseling and Human Development, Faculty of Education, University of Haifa, Haifa, Israel.; Department of Learning an",2025,,41207900 40268786 40236491 38169823 30245648
"Kuceyeski, Amy",5,0,4,"Department of Radiology, Weill Cornell Medicine, New York, NY, USA.",2026,amk2012@med.cornell.edu,40766642 38969436 37214949 36713926 36192411
"Morgan, Celia J A",5,0,4,"Psychopharmacology and Addiction Research Centre, University of Exeter, Stocker Road, EX4 4PY, United Kingdom.",2025,,40492610 37904854 34177670 29497055 29123145
"Linardi, Alessandra",5,0,4,"Department of Physiological Sciences, Santa Casa de São Paulo School of Medical Sciences (FCMSCSP), 01221-020, São Paulo, SP, Brazil. Electronic address: alelinardi40@gmail.com.",2025,alelinardi40@gmail.com,39244172 33119972 30582439 30488498 25950593
"Herman, Melissa A",5,0,3,"Department of Pharmacology, University of North Carolina at Chapel Hill, Chapel Hill, NC, USA.; Bowles Center for Alcohol Studies, University of North Carolina at Chapel Hill, Chapel Hill, NC, USA.",2026,melissa_herman@unc.edu,42563032 41213805 41052972 38909051 37808655
"Zarrabi, Ali J",5,1,3,"Emory Center for Psychedelics and Spirituality, Emory University, Atlanta, Georgia, USA.; Division of Palliative Medicine, Department of Family and Preventive Medicine, Emory University School of Medicine, Atlanta, Georgia, USA.",2026,ali.zarrabi@emoryhealthcare.org,42528601 42130783 40628762 40021999 39804360
"Keshen, Aaron",5,1,3,"Department of Psychiatry, Dalhousie University, Room 3005, 5909 Veterans Memorial Lane, Halifax, Nova Scotia B3H 2E2, Canada. Electronic address: aaron.keshen@nshealth.ca.",2026,aaron.keshen@nshealth.ca,42393007 41898038 41708265 40898376 39438992
"Martinotti, Giovanni",5,0,3,"Department of Neurosciences, Imaging and Clinical Sciences, University ""G. D'Annunzio"", Chieti, Italy.; Department of Mental Health, ASL 2 Abruzzo Lanciano-Vasto-Chieti, Chieti, Italy.; Psychopharmacology, Drug Misuse and Novel Psychoactive Substances Research Unit, School of Life and Medical Scienc",2026,,42342649 41173871 40840197 37987270 36263479
"Raymond-Flesch, Marissa",5,0,3,"Department of Pediatrics, University of California, San Francisco, San Francisco, CA, USA.; Philip R. Lee Institute for Health Policy Studies, University of California, San Francisco, San Francisco, CA, USA.",2026,,42128951 40468435 39823947 38659049 37551650
"Wenthur, Cody J",5,0,3,"Transdisciplinary Center for Research in Psychoactive Substances, University of Wisconsin-Madison, Madison, WI, 53705, USA.; School of Pharmacy, University of Wisconsin-Madison, Madison, WI, 53705, USA.",2026,,41688423 41244305 39266503 38264637 37588757
"Peled-Avron, Leehe",5,2,3,"Department of Psychology, Bar Ilan University, Ramat-Gan, Israel; Gonda Multidisciplinary Brain Research Center, Bar Ilan University, Ramat-Gan, Israel.",2026,peledle@biu.ac.il; leehee.peled@gmail.com; leehe.peled@biu.ac.il,41315485 41314362 40812728 39424835 38915850
"Borgwardt, Stefan",5,0,3,"Department of Psychiatry and Psychotherapy, University of Lübeck, 23538 Lübeck, Germany.",2025,stefan.borgwardt@upkbs.ch,40482648 35076721 32547435 30471679 27249781
"Liang, Chih-Sung",5,0,3,"Department of Psychiatry, Tri-Service General Hospital, National Defense Medical Centre, Taipei, Taiwan; Department of Psychiatry, Beitou Branch, Tri-Service General Hospital, Taipei, Taiwan. Electronic address: lcsyfw@gmail.com.",2025,lcsyfw@gmail.com,39389119 39193583 39168500 35207210 34619818
"Sisti, Dominic",5,0,3,"Department of Medical Ethics and Health Policy, Perelman School of Medicine, University of Pennsylvania, Philadelphia, PA, United States.",2022,,39116148 38662068 38662012 35782410 32461241
"Reyes-Chilpa, Ricardo",5,0,3,"Departamento de Productos Naturales, Instituto de Química, Universidad Nacional Autónoma de México, Ciudad de México, México.",2023,chilpa@unam.mx,35338475 34999156 32392600 32232967 31095891
"Woolley, Josh D",5,0,2,"Department of Psychiatry and Behavioral Sciences, Translational Psychedelic Research (TrPR) Program, Weill Institute for Neurosciences, University of California, San Francisco, USA.; San Francisco Veterans Affairs Medical Center, CA, USA.",2026,,42668404 41320824 40468435 39741441 38310541
"Olbrich, Sebastian",5,0,2,"Hospital for Psychiatry, Psychotherapy and Psychosomatic, University Zurich, Switzerland.",2026,,42577282 42319884 41611012 40336446 39199113
"Kanaan, Richard",5,0,2,"Department of Psychiatry, University of Melbourne, Austin Health, Heidelberg, Victoria 3084, Australia; Mental Health Division, Austin Health, Heidelberg, Victoria 3084, Australia.",2026,,42307775 41679377 41186141 39669539 39372842
"Schoevers, R A",5,0,2,"University of Groningen, University Medical Center Groningen, Department of Psychiatry, Hanzeplein 1, 9713, GZ, Groningen, the Netherlands.",2026,,42307188 41650725 39289250 32816294 32816292
"Marcourakis, Tania",5,0,2,"Department of Clinical and Toxicological Analysis, School of Pharmaceutical Sciences, University of São Paulo, Brazil.",2026,tmarcour@usp.br,41788629 41222610 41168399 40984017 34437939
"Brewerton, Timothy D",5,2,2,"Department of Psychiatry and Behavioral Sciences, Medical University of South Carolina, Charleston, SC, USA.",2026,drtimothybrewerton@gmail.com,41703646 40420197 35272210 33203569 27067625
"Torterolo, Pablo",5,0,2,"Departamento de Fisiología, Facultad de Medicina, Universidad de la República, Montevideo, Uruguay.",2025,ptortero@fmed.edu.uy,40789467 38467891 38255760 33860181 29755349
"Belser, Alexander B",5,0,2,"Yale School of Public Health, Yale University, New Haven, CT, USA.",2026,,40492498 40046864 35719571 32073177 29666578
"Holland, Julie",5,0,2,"Private Practice, New York, NY, USA.",2024,,39126502 35743326 33221932 29728331 29152674
"Thambi, Paul",5,0,2,"Sunstone Therapies, Rockville, Maryland, USA.",2024,,38125286 38105655 38105653 37590474 37052904
"Quintana-Hernández, Domingo J",5,0,1,"Asociación Científica Psicodélica, Arucas, Spain.; Faculty of Psychology, Universidad del Atlántico Medio, Las Palmas de Gran Canaria, Spain.",2026,,42582418 40894333 40440773 38108102 36851023
"Elfving, Betina",5,0,1,"Experimental and Molecular Psychiatry, Translational Neuropsychiatry Unit, Department of Clinical Medicine, Aarhus University, Denmark. Electronic address: betina.elfving@clin.au.dk.",2026,betina.elfving@clin.au.dk,42580506 40534669 36545240 33143539 31106729
"Bryson, Alexander",5,0,1,"Florey Institute of Neuroscience & Mental Health, Parkville, Victoria 3052, Australia; Department of Neurology, Austin Health, Parkville, Victoria 3084, Australia; Department of Neurology, Eastern Health, Box Hill 3128, Australia.",2026,,42566154 42307775 41679377 41186141 39669539
"Faber, Sonya C",5,0,1,"School of Psychology, University of Ottawa, 136 Jean-Jacques Lussier, Vanier Hall, Ottawa, ON, K1N 6N5, Canada.",2026,sfaber@uottawa.ca,42548882 42436172 39804304 39443907 35126196
"Maćkowiak, Marzena",5,0,1,"Department of Pharmacology and Brain Biostructure, Maj Institute of Pharmacology, Polish Academy of Sciences, 31-343 Kraków, Smętna, Poland.",2026,,42517891 42009274 40157708 38203271 35743159
"Beckman, Maria",5,1,1,"Centre for Psychiatry Research, Department of Clinical Neuroscience, Karolinska Institutet and Stockholm Health Care Services, Region Stockholm, Stockholm, Sweden. maria.beckman@ki.se.",2026,maria.beckman@ki.se,42414566 42138922 41952163 38572715 36760432
"Krystal, John H",5,0,1,"Department of Psychiatry, Yale University, New Haven, CT, USA.; Department of Neuroscience, Yale University School of Medicine, New Haven, CT, USA.; Department of Psychology, Yale University, New Haven, CT, USA.",2026,,42414551 39741438 39741437 32111343 27909173
"Kaye, Alfred P",5,0,1,"Department of Psychiatry, Yale University, New Haven, CT, USA. alfred.kaye@yale.edu.; Wu Tsai Institute, Yale University, New Haven, CT, USA. alfred.kaye@yale.edu.; Center for Brain and Mind Health, Yale University, New Haven, CT, USA. alfred.kaye@yale.edu.; Department of Comparative Medicine, Yale ",2026,alfred.kaye@yale.edu,42414551 39939591 38826215 37435405 37015972
"Soto-Angona, Oscar",5,1,1,"ANIMA Group, Institut de Recerca Sant Joan de Déu (IRSJD), Santa Rosa 39-57, 08950, Esplugues de Llobregat, Spain.; Parc Sanitari Sant Joan de Déu, Dr. Antoni Pujades 42, 08830, Sant Boi de Llobregat, Spain.; Department of Psychiatry and Forensic Medicine, Universitat Autónoma de Barcelona, Cerdanyo",2026,,42228759 41341075 40890317 40236490 39839135
"Brand, Manuela",5,0,1,"Swiss Medical Society for Psychedelic Therapy, Berne, Switzerland.; Private Practice, Kleinmond, South Africa.",2026,,42201843 41848690 41272341 38101439 35103814
"Jesse, Robert",5,0,1,"Department of Psychiatry and Behavioral Sciences, Center for Psychedelic and Consciousness Research, Johns Hopkins University School of Medicine, Baltimore, Maryland, USA.",2025,,41869007 37061961 31013281 29020861 27578767
"Tani, Hideaki",5,1,1,"Department of Neuropsychiatry, Keio University School of Medicine, Tokyo, Japan.",2026,,41749057 38889223 38318991 37704433 35045580
"Jeffrey, Jessica K",5,2,1,"UCLA Semel Institute for Neuroscience and Human Behavior, David Geffen School of Medicine, University of California, Los Angeles, United States of America.",2026,,41707717 40440674 39709010 38734406 40046861
"Stewart, Lowan Han",5,0,1,"Nordre Østfold DPS, Østfold Hospital Trust, Grålum, Norway.",2026,,41664469 41344230 40641116 40495248 38025484
"Byrne, Kevin",5,0,1,"Department of Psychiatry, University of Utah Huntsman Mental Health Institute, Salt Lake City, USA.",2026,,41645048 40972137 39802794 37404966 37302533
"Williamson, Victoria",5,0,1,"King's Centre for Military Health Research, King's College London, London, United Kingdom.; Department of Psychology, University of Bath, Bath, United Kingdom.",2025,,41497513 40864832 40492108 40337755 38268571
"Dwyer, Justin",5,2,1,"Department of Psychosocial Care, St Vincent's Hospital, Melbourne, Australia. Electronic address: Justin.dwyer@svha.org.au.",2026,justin.dwyer@svha.org.au,41418682 40896210 40858059 40370591 32227084
"Tulsky, James A",5,0,1,"Department of Supportive Oncology, Dana-Farber Cancer Institute, Boston, Massachusetts, USA.; Harvard Medical School, Boston, Massachusetts, USA.",2026,,41184102 41109203 38105653 35285721 32233936
"Freissmuth, Michael",5,1,1,"Institute of Pharmacology, Center of Physiology and Pharmacology, Medical University of Vienna, Vienna, Austria.",2025,michael.freissmuth@meduniwien.ac.at,41051709 36648438 33860180 29086036 28405636
"Thomas, Kelan",5,2,1,"Clinical Sciences, Touro University California College of Pharmacy, Vallejo, CA, USA. kthomas10@touro.edu.",2026,kthomas10@touro.edu,40937732 39042251 35253070 34251464 28481178
"Barratt, Monica J",5,0,1,"Social Equity Research Centre and Digital Ethnography Research Centre, RMIT University, Melbourne, VIC 3000, Australia; National Drug and Alcohol Research Centre, University of New South Wales, Sydney, NSW 2052, Australia. Electronic address: monica.barratt@rmit.edu.au.",2025,monica.barratt@rmit.edu.au,40490153 40382852 33591231 29497055 29123145
"Cleare, Anthony J",5,0,1,"Centre for Affective Disorders, Institute of Psychiatry, Psychology & Neuroscience, King's College London, London SE5 8AF, UK; National Institute for Health Research Biomedical Research Centre at South London and Maudsley NHS Foundation Trust and King's College London, London SE5 8AF, UK; South Lond",2025,,40189946 38184476 37818448 36209780 35923458
"Maake, Caroline",5,0,1,"Institute of Anatomy, Faculty of Medicine, University of Zurich, Zurich, Switzerland.",2025,,39823398 39360499 36679060 34933085 33117182
"Carpenter, Linda L",5,0,1,"Department of Psychiatry and Behavioral Sciences (Fonzo, Barksdale, Nemeroff) and Center for Psychedelic Research and Therapy (Fonzo, Nemeroff), University of Texas at Austin Dell Medical School, Austin; Institute for Early Life Adversity Research, University of Texas at Austin, Austin (Fonzo, Nemer",2025,,39741437 39616450 36911109 34483775 32098487
"Schubert, Violeta",5,0,1,"NICM Health Research Institute, Western Sydney University, Sydney, Australia.",2026,,39579192 36962494 34308566 33967757 33745287
"van den Brink, Wim",5,0,1,"Academic Medical Center, Department of Psychiatry, Amsterdam UMC, Amsterdam, The Netherlands.; Amsterdam Neuroscience Research, Program Compulsivity, Impulsivity and Attention, Amsterdam, The Netherlands.",2024,,38421388 38316896 36017784 35225143 34812901
"Muthukumaraswamy, Suresh D",5,2,1,"School of Pharmacy, The University of Auckland, Auckland, New Zealand.",2023,sd.muthu@auckland.ac.nz,37947758 34038314 31857204 28422113 26421727
"Robison, Reid",5,2,1,"Numinus Wellness, Draper, UT, USA.; University of Utah School of Medicine, SL, UT, USA.",2024,reid@novamind.ca,37651119 36862829 36846226 35524316 35326338
"Gorczyca, Piotr",5,0,1,"Department and Clinic of Psychiatry, Medical University of Silesia, 42-612 Tarnowskie Góry, Poland.",2023,,37496681 37241141 37074831 36767234 34451890
"O'Keane, Veronica",5,0,1,"Department of Psychiatry, Trinity College, Dublin, Ireland.; Tallaght University Hospital, Dublin, Ireland.; Trinity College Institute of Neuroscience, Ireland.",2023,,37443386 36605409 36322843 34975593 34131812
"Berger, Ann",5,0,1,"Pain and Palliative Care Service, Clinical Center, National Institutes of Health, Bethesda, MD, United States of America. Electronic address: aberger@cc.nih.gov.",2023,aberger@cc.nih.gov,37015315 36858149 36513161 35987353 35973601
"Winstock, Adam R",5,0,1,"Institute of Epidemiology and Health Care, University College London, London, UK.; Global Drug Survey Ltd, London, UK.",2023,,36876583 35388724 33591231 29497055 29123145
"Pic-Taylor, Aline",5,1,1,"Laboratory of Embryology and Developmental Biology, Department of Genetics and Morphology, Institute of Biology, University of Brasilia, Brasilia, DF, Brazil.",2020,alinepic@unb.br,32103409 31698029 30086270 29522798 26049017
"Polanco, Martin",5,0,1,"b Crossroads Treatment Center , Tijuana , Mexico.",2018,,30574112 30471678 30272050 30020025 29608409
"Sakai, Kimberly",5,1,0,"Department of Psychiatry and Behavioral Sciences, Translational Psychedelic Research (TrPR) Program, Weill Institute for Neurosciences, University of California, San Francisco, USA.",2026,,42668404 40205013 38687360 36516137 36515370
"Cook, Ryan R",5,0,0,"Open Psychedelic Evaluation Nexus,Portland, OR, USA.; Oregon Health & Science University, Portland, OR, USA.",2026,,42665360 42616497 41817506 39881568 38888164
"Calder, Abigail",5,2,0,"Molecular Psychiatry Lab, Faculty of Science and Medicine, University of Fribourg, Villars-sur-Glâne, Switzerland.; Fribourg Mental Health Network, Villars-sur-Glâne, Switzerland.",2026,,42631663 42179908 37352816 37256606 36855289
"Chambers, Richard",5,0,0,"Monash Centre for Consciousness and Contemplative Studies, Monash University, Melbourne, Victoria, Australia.",2026,,42618786 37693239 36720405 36465958 35981469
"Roseman, L",5,0,0,"Division of Psychiatry, Department of Brain Sciences, Centre for Psychedelic Research, Imperial College London, London, UK.",2026,,42605589 42086570 36584883 29923178 26257162
"Reichelt, Amy C",5,0,0,"Department of Physiology and Pharmacology, Western University, London, Canada.; School of Biomedicine, Adelaide Medical School, University of Adelaide, Adelaide, Australia.",2026,,42593636 41705428 42662093 40245969 39354706
"Falchi-Carvalho, Marcelo",5,3,0,"Advanced Center for Psychedelic Medicine, Natal, RN, Brazil.; Department of Clinical Medicine, Federal University of Rio Grande Do Norte, Natal, RN, Brazil.",2026,,42575192 41902950 40337754 40258990 38141403
"Jelen, Luke A",5,0,0,"Department of Psychological Medicine, Institute of Psychiatry, Psychology & Neuroscience, King's College London, London, UK.; South London and Maudsley NHS Foundation Trust, London, UK.",2026,,42562964 36322843 33345689 32627308 27856684
"Cavanna, Federico",5,1,0,"Department of Physics, Institute of Applied and Interdisciplinary Physics, University of Buenos Aires, Buenos Aires, Argentina.; National Scientific and Technical Research Council, Buenos Aires, Argentina.",2026,,42559191 41458361 40634541 35918311 35676541
"Muller, Stephanie",5,2,0,"Department of Physics, Institute of Applied and Interdisciplinary Physics, University of Buenos Aires, Buenos Aires, Argentina.; National Scientific and Technical Research Council, Buenos Aires, Argentina.",2026,stephanieamuller@gmail.com,42559191 41458361 40634541 35918311 35676541
"Cleare, Anthony",5,0,0,"Addictions Department, School of Academic Psychiatry, Institute of Psychiatry, Psychology and Neuroscience, King's College London, London, UK.; South London and Maudsley NHS Foundation Trust, UK.",2026,,42544757 41497513 40864832 40492108 40337755
"Werle, Isabel",5,4,0,"Departamento de Farmacologia, Universidade Federal de Santa Catarina, Florianópolis, SC, Brazil.",2026,,42544550 41411685 40116762 39305969 38320596
"Johansen, Annette",5,1,0,"Neurobiology Research Unit, Copenhagen University Hospital Rigshospitalet, Copenhagen, Denmark.; Department of Neurology, Copenhagen University Hospital Rigshospitalet, Copenhagen, Denmark.",2026,,42457666 42212900 40007438 39632615 33467676
"Svarer, Claus",5,0,0,"Neurobiology Research Unit, Rigshospitalet, Copenhagen University Hospital, Copenhagen, Denmark.",2026,,42457666 39632615 32146028 30846853 30685771
"Caflisch, Luzia",5,0,0,"Psychedelic Research & Therapy Development, Department of Adult Psychiatry and Psychotherapy, University Hospital of Psychiatry Zurich, University of Zurich, Lenggstrasse 31, P.O. Box 363, CH-8032, Zurich, Switzerland.; Department of Psychology, University of Zurich, Zurich, Switzerland.",2026,luziacarado@gmail.com,42443620 40311954 39774840 39340164 38264636
"Suay, Dila",5,2,0,"Momilab, IMT School for Advanced Studies, Lucca, Italy.; Department of Adult Psychiatry and Psychotherapy, Psychiatric University Clinic Zurich and University of Zurich, Zurich, Switzerland.",2026,dila.suay@imtlucca.it,42443620 40819190 40311954 39774840 38264636
"Blemings, Allan",5,0,0,"Centre for Psychedelic Research, Division of Psychiatry, Department of Brain Sciences, https://ror.org/041kmwe10Imperial College London, London, UK.",2026,r.carhart-harris@imperial.ac.uk,42414058 34744825 34437798 33852780 33648632
"Deleemans, Julie M",5,1,0,"Department of Oncology, University of Calgary, Calgary, Alberta, Canada.",2026,,42396366 41861455 41013977 40710191 36753025
"Ibi, Daisuke",5,3,0,"Department of Chemical Pharmacology, Faculty of Pharmacy, Meijo University, Nagoya, Japan.; Department of Chemical Pharmacology, Graduate School of Pharmacy, Meijo University, Nagoya, Japan.",2026,ibid@meijo-u.ac.jp,42379141 38945903 37874338 37461593 36990794
"Kamileen, Mohamed O",5,2,0,"Department of Natural Product Biosynthesis, Max Planck Institute for Chemical Ecology, Jena 07745, Germany.",2026,,42296364 40202182 36240425 31364847 30030374
"Rudin, Deborah",5,0,0,"Clinical Pharmacology and Toxicology, Department of Biomedicine and Department of Clinical Research, University Hospital Basel, Basel, Switzerland.; Department of Pharmaceutical Sciences, University of Basel, Basel, Switzerland.",2026,,42243076 42049943 40999236 40336703 38741590
"Wells, Alesha",5,0,0,"Department of Psychological Medicine, Faculty of Medical and Health Sciences, University of Auckland, Grafton, Auckland, New Zealand.",2026,,42231725 41741401 40080763 39230415 36325995
"Kärtner, Laura",5,0,0,"Department of Molecular Neuroimaging, Central Institute of Mental Health, Medical Faculty Mannheim, Heidelberg University, Mannheim, Germany.; German Center for Mental Health, partner site Mannheim-Heidelberg-Ulm, Mannheim, Germany.",2026,,42201843 41848690 38101439 37869510 35103814
"McAlpine, Rosalind G",5,2,0,"Department of Experimental Psychology, University College London, UK.; Clinical Psychopharmacology Unit, University College London, UK.",2026,rosalind.mcalpine.18@ucl.ac.uk,42175700 40700019 39572645 38374177 38332334
"Kulkarni, Praveen P",5,0,0,"Center for Translational NeuroImaging, Northeastern Univ, Boston, MA, USA.",2026,,42168715 41796937 41708994 40376612 39975204
"Fallu, Jean-Sébastien",5,0,0,"School of Psychoeducation, Université de Montréal, QC, Canada.; Center for Public Health Research (CReSP), Montréal, QC, Canada.",2026,,42154482 40739983 40385526 39379285 38253521
"Danforth, Alicia",5,1,0,"The Lundquist Institute, Harbor-UCLA Medical Center, Torrance, CA, USA.",2026,adanforth@lundquist.org,42114863 40492498 40351554 34761363 33150319
"Oehen, Peter",5,1,0,"Private Practice, Solothurn, Switzerland.",2026,,42114863 40492498 36855289 35546928 33853422
"Domínguez-Clavé, Elisabet",5,3,0,"Department of Psychiatry, Hospital de la Santa Creu i Sant Pau, Institut d'Investigació Biomèdica-Sant Pau (IIB-SANT PAU), Barcelona, Spain.",2026,bethdclave@gmail.com,42083787 34411343 30406413 28525587 26976063
"Nothnagel, Jack D",5,0,0,"Meinig School of Biomedical Engineering, Cornell University, Ithaca, NY 14853, USA.",2026,,42039555 41352354 41023408 40175553 39554087
"Moujaes, Flora",5,2,0,"Department of Adult Psychiatry and Psychotherapy, University of Zurich, Zurich, Switzerland.",2026,,41942645 40830011 40144690 37838755 37459910
"Faerman, Afik",5,0,0,"Department of Psychiatry and Behavioral Sciences, Stanford University School of Medicine, Palo Alto, CA, United States.",2026,,41883580 41687815 41620509 41265656 38182784
"Licht, Rasmus W",5,0,0,"Aalborg University Hospital, Department of Psychiatry, Aalborg, Denmark; Aalborg University, Department of Clinical Medicine, Aalborg, Denmark.",2026,,41881122 41075579 39706482 36740140 36322843
"Zisook, Sidney",5,0,0,"Department of Psychiatry, University of California San Diego, San Diego, CA, United States.",2026,,41881122 41075579 39706482 37606733 36322843
"Bossis, Anthony P",5,0,0,"NYU Langone Center for Psychedelic Medicine, Department of Psychiatry, New York University (NYU) Grossman School of Medicine, New York, New York, USA.; Department of Classics and Religious Studies, University of Ottawa, Ottawa, Canada.",2025,,41869007 35285721 32233936 31916890 29666578
"Fabiano, Nicholas",5,1,0,"Department of Psychiatry, University of Ottawa, Ottawa, ON, Canada. nfabi026@uottawa.ca.",2026,nfabi026@uottawa.ca,41793582 41205366 40933784 40032291 37615379
"Paranhos, Beatriz Aparecida Passos Bismara",5,0,0,"School of Pharmaceutical Sciences, University of São Paulo (USP), São Paulo, São Paulo, Brazil.",2026,,41788629 41222610 41168399 38820373 38780800
"Nikolič, Marek",5,1,0,"Psychedelic Research Centre, National Institute of Mental Health, Klecany, Czech Republic.; 3rd Faculty of Medicine, Charles University, Prague, Czech Republic.",2026,,41780506 41389223 40599633 40522607 37336163
"Mehtani, Nicky J",5,3,0,"Medicine, University of California, San Francisco, California, USA nicky.mehtani@ucsf.edu.; Center on Substance Use and Health, San Francisco Department of Public Health, San Francisco, California, USA.",2025,nicky.mehtani@ucsf.edu,41773283 41214462 40850924 39095420 37061961
"Yonezawa, Kengo",5,2,0,"Department of Neuropsychiatry, Keio University School of Medicine, Tokyo, Japan.",2026,,41749057 38889223 38318991 37704433 35045580
"Weintraub, Marc J",5,3,0,"UCLA Semel Institute for Neuroscience and Human Behavior, David Geffen School of Medicine, University of California, Los Angeles, United States of America. Electronic address: mjweintraub@mednet.ucla.edu.",2026,mjweintraub@mednet.ucla.edu,41707717 40440674 39709010 38734406 40046861
"Goksøyr, Ivar W",5,0,0,"Østfold Hospital Trust, Grålum, Norway.",2026,,41664469 41344230 40641116 40492498 36386973
"Rhee, Taeho Greg",5,3,0,"Department of Psychiatry, Yale School of Medicine, New Haven, United States.; Department of Public Health Sciences, University of Connecticut School of Medicine, Farmington, United States.",2026,taeho.rhee@yale.edu; tgrhee.research@gmail.com,41643722 38570038 38123725 37925136 37609159
"Singleton, S Parker",5,4,0,"Penn Lifespan Informatics and Neuroimaging Center, University of Pennsylvania, Philadelphia, Pennsylvania, United States of America.; Department of Psychiatry, Perelman School of Medicine, University of Pennsylvania, Philadelphia, Pennsylvania, United States of America.",2026,sps253@cornell.edu,41634136 38969436 37214949 36713926 36192411
"Žuljević, Marija Franka",5,4,0,"Department of Medical Humanities, University of Split School of Medicine, Split, Splitsko-Dalmatinska, Croatia.",2026,marija.franka.zuljevic@mefst.hr,41581835 39655749 39134670 38855648 37921118
"Andrashko, Veronika",5,0,0,"National Institute of Mental Health, Klecany, Czech Republic.",2026,,41479142 41389223 40522607 35743788 33343372
"Koudelka, Vlastimil",5,0,0,"National Institute of Mental Health, Klecany, Czech Republic.",2026,,41479142 40599633 37425017 35743788 29302713
"Hájková, Kateřina",5,0,0,"Forensic Laboratory of Biologically Active Substances, Department of Chemistry of Natural Compounds, University of Chemistry and Technology, Prague, Czech Republic.",2026,,41479142 40522607 36430546 35743788 33119971
"Gottschalk, Christopher H",5,0,0,"Department of Neurology, Yale School of Medicine, New Haven, Connecticut, USA.",2026,,41459830 38581739 36416492 33184743 26595349
"Knock, Elizabeth",5,1,0,"Alcohol and Drug Service, St Vincent's Hospital Sydney, Darlinghurst, New South Wales, Australia.",2025,,41424164 40974259 39929500 39713770 36998623
"Ledwos, Nicole",5,3,0,"General Adult Psychiatry and Health Systems Division, https://ror.org/03e71c577Centre for Addiction and Mental Health, Toronto, Ontario, Canada.",2025,,41392767 37489299 36844032 36515406 36193898
"Bravermanová, Anna",5,1,0,"National Institute of Mental Health, Topolová 748, Klecany, 250 67, Czechia.; First Faculty of Medicine, Charles University Prague, Kateřinská 32, Prague, 121 08, Czechia.",2025,,41389223 40522607 35743788 33343372 29302713
"Tadmor, Nir",5,0,0,"Impulse Integrative Clinical Center, Haifa, Israel.; SafeHeart, Israel.",2026,,41297324 41217093 40236491 38169823 37559046
"David, Jonathan",5,3,0,"Edmond J. Safra Brain Research Center, University of Haifa, Haifa, Israel.; Integrated Brain and Behavior Research Center (IBBRC), University of Haifa, Haifa, Israel.; Department of Counseling and Human Development, Faculty of Education, University of Haifa, Haifa, Israel.",2025,yonidavid9@gmail.com,41207900 40268786 40236491 38169823 35000572
"Kruegel, Andrew C",5,0,0,"Gilgamesh Pharmaceuticals Inc., New York, NY, USA.",2026,,41099491 39900138 39304653 38720072 26517751
"DeBattista, Charles",5,1,0,"Stanford University, Department of Psychiatry and Behavioral Sciences, Stanford, CA, United States.",2026,,41075579 39706482 38993656 36740140 36322843
"Williams, Sam",5,0,0,"Compass Pathfinder Ltd (a subsidiary of Compass Pathways plc), London, UK.",2026,,41075579 39706482 37443386 36740140 35090363
"Stamets, Paul",5,0,0,"Fungi Perfecti, LLC, Olympia, United States.",2026,,41073618 36445079 35902723 35773270 34795334
"Wojtasiewicz, Cassandra",5,0,0,"Meinig School of Biomedical Engineering, Cornell University, Ithaca, NY, USA.",2025,,41023408 40175553 39939591 39554087 38826215
"Brownstien, Michal",5,3,0,"Biological Psychiatry Laboratory and Hadassah BrainLabs Center for Psychedelic Research, Hebrew University, Ein Karem, Jerusalem, Israel.",2025,,40897865 40156912 39394457 38979304 36430623
"Marcus, Olivia",5,2,0,"New York University, Rory Meyers College of Nursing, New York, NY, USA.",2026,,40882971 38164518 37675972 37615330 34093190
"Pick, Susannah",5,0,0,"The Institute of Psychiatry, Psychology and Neuroscience, King's College London, London, United Kingdom.",2025,,40864832 40337755 39372842 35578800 32435447
"Tsang, WaiFung",5,0,0,"King's College London, Institute of Psychiatry, Psychology and Neuroscience, London, United Kingdom.",2025,,40842948 39111558 38868739 37904854 34177670
"Kaplan, Deanna M",5,0,0,"Emory Center for Psychedelics and Spirituality, Emory University.",2026,,40758287 39980218 39804360 39082259 37256584
"Peill, Joseph",5,1,0,"Department of Brain Sciences, Faculty of Medicine, Imperial College London, London, GBR.",2025,,40654586 40618640 39897296 39882198 38605658
"Harding, Rebecca",5,2,0,"Centre for Psychedelic Research, Division of Brain Sciences, Imperial College London, London, UK. rebecca.harding.22@ucl.ac.uk.; Clinical Psychopharmacology Unit, University College London, London, UK. rebecca.harding.22@ucl.ac.uk.",2025,rebecca.harding.22@ucl.ac.uk,40481249 40281226 37759038 37377473 37264950
"Romeo, B",5,5,0,"Department of Psychiatry and Addictology, APHP, Paul Brousse Hospital, Villejuif, France.; Unité de Recherche Psychiatrie-Comorbidités-Addictions, PSYCOMADD - Paris Saclay University Île-de-France, Villejuif, France.",2025,bruno.romeo@aphp.fr; brunoromeo@hotmail.fr,40277080 40031999 40010428 38961652 38579460
"Kervadec, E",5,0,0,"Department of Psychiatry and Addictology, APHP, Paul Brousse Hospital, Villejuif, France.",2025,,40277080 40031999 40010428 38961652 38579460
"Fauvel, B",5,0,0,"Laboratoire Mémoire, Cerveau et Cognition (UR 7536), Institut de Psychologie, Université Paris Cité, Paris, France.",2025,,40277080 40031999 40010428 38961652 38579460
"Strika-Bruneau, L",5,0,0,"Department of Psychiatry and Addictology, APHP, Paul Brousse Hospital, Villejuif, France.; Unité de Recherche Psychiatrie-Comorbidités-Addictions, PSYCOMADD - Paris Saclay University Île-de-France, Villejuif, France.",2025,,40277080 40031999 40010428 38961652 38579460
"Amirouche, A",5,0,0,"Department of Psychiatry and Addictology, APHP, Paul Brousse Hospital, Villejuif, France.; Unité de Recherche Psychiatrie-Comorbidités-Addictions, PSYCOMADD - Paris Saclay University Île-de-France, Villejuif, France.",2025,,40277080 40031999 40010428 38961652 38579460
"Piolino, P",5,0,0,"Laboratoire Mémoire, Cerveau et Cognition (UR 7536), Institut de Psychologie, Université Paris Cité, Paris, France.",2025,,40277080 40031999 40010428 38961652 38579460
"Ko, Kwonmok",5,5,0,"Centre for Affective Disorders, Institute of Psychiatry, Psychology & Neuroscience, King's College London, London SE5 8AF, UK. Electronic address: kwon.ko@kcl.ac.uk.",2025,kwon.ko@kcl.ac.uk,40189946 38184476 37818448 36209780 35923458
"Shahar, Orr",5,2,0,"Biological Psychiatry Laboratory and Hadassah BrainLabs, Center for Psychedelic Research, Hebrew University, Jerusalem, Israel.",2025,,40156912 38698823 38378926 37164956 36430623
"Xin, Yitong",5,1,0,"College of Social Work, The University of Utah, Salt Lake City, UT, USA.; Center for Psychedelic Drug Research and Education, College of Social Work, The Ohio State University, Columbus, OH, USA.",2026,,39943916 38377244 37734158 38455323 34349358
"Wolf, Ursula",5,0,0,"Institute of Complementary and Integrative Medicine, University of Bern, Bern, Switzerland.",2025,,39823398 39360499 36679060 34933085 33117182
"Wolfgang, Aaron S",5,3,0,"Department of Psychiatry and Behavioral Sciences (Fonzo, Barksdale, Nemeroff) and Center for Psychedelic Research and Therapy (Fonzo, Nemeroff), University of Texas at Austin Dell Medical School, Austin; Institute for Early Life Adversity Research, University of Texas at Austin, Austin (Fonzo, Nemer",2025,aaron.wolfgang@yale.edu,39741441 39741438 39741437 37682446 36564939
"Widge, Alik S",5,0,0,"Department of Psychiatry and Behavioral Sciences (Fonzo, Barksdale, Nemeroff) and Center for Psychedelic Research and Therapy (Fonzo, Nemeroff), University of Texas at Austin Dell Medical School, Austin; Institute for Early Life Adversity Research, University of Texas at Austin, Austin (Fonzo, Nemer",2025,,39741438 39741437 39616450 34483775 32098487
"Golen, James A",5,0,0,"Department of Chemistry and Biochemistry, University of Massachusetts Dartmouth, North Dartmouth, Massachusetts 02747, United States.",2024,,39636099 37082754 36407948 35874244 31391991
"Kloft, Lilian",5,0,0,"Department of Neuropsychology and Psychopharmacology, Faculty of Psychology and Neuroscience, Maastricht University, Maastricht, Netherlands.",2025,,39614620 38061689 37869513 37159257 35339828
"Dursun, Serdar M",5,0,0,"National Institute for Translational Medicine (INCT-TM), CNPq, São Paulo, Brazil.; Department of Psychiatry (Neurochemical Research Unit) and Neuroscience and Mental Health Institute, University of Alberta, Edmonton, AB, Canada.",2024,,39568756 36358968 35829812 35301934 29366418
"Serra, Yasmim A",5,1,0,"Department of Health Sciences, Universidade Estadual de Santa Cruz, Ilhéus, BA, 45662-900, Brazil.",2024,,39523057 39443587 35253069 32676773 29896106
"Blakolmer, Karin",5,0,0,"Parow Entheobiosciences (ParowBio), Chicago, IL, USA.",2025,,39394457 38979304 38698823 38378926 40047010
"Yu, Chia-Ling",5,2,0,"Department of Pharmacy, Chang Gung Memorial Hospital Linkou, Taipei, Taiwan.",2025,,39389119 39193583 39168500 35207210 34619818
"Yang, Fu-Chi",5,0,0,"Department of Neurology, Tri-Service General Hospital, National Defense Medical Centre, Taipei, Taiwan.",2025,,39389119 39193583 39168500 35207210 34619818
"Lanaro, Rafael",5,2,0,"Faculty of Medical Sciences, State University of Campinas (UNICAMP), 13083-894, Campinas, SP, Brazil. Electronic address: rlanaro@unicamp.br.",2025,rlanaro@unicamp.br,39244172 33119972 30582439 30488498 25950593
"Hartogsohn, Ido",5,5,0,"The Graduate Program in Science, Technology and Society, The Interdisciplinary Studies Unit, Bar-Ilan University, Ramat Gan, Israel.",2026,,39080241 36289109 35572236 34017252 29559884
"Nikolić-Kokić, Aleksandra",5,1,0,"Department of Physiology, Institute for Biological Research ""Siniša Stanković""-National Institute of the Republic of Serbia, University of Belgrade, Bulevar Despota Stefana 142, 11060 Belgrade, Serbia.",2024,,38928231 35054409 34829663 29599898 25660330
"Netzband, Nige",5,1,0,"Department of Health and Applied Sciences, University of the West of England, Bristol, United Kingdom.",2023,,38868739 37904854 34177670 32700023 32638916
"Restolho, José",5,0,0,"Eurofins Forensic Services (Heathrow), Feltham, UK.",2024,,38699824 34577025 33669160 33260723 33114334
"Fernández, Nicolás",5,0,0,"Cátedra de Toxicología y Química Legal, Laboratorio de Asesoramiento Toxicológico Analítico (CENATOXA), Facultad de Farmacia y Bioquímica, Universidad de Buenos Aires, Ciudad Autónoma de Buenos Aires, Argentina.",2024,,38699824 34577025 33669160 33260723 33114334
"Kichuk, Stephen A",5,0,0,"Department of Psychiatry, Yale University School of Medicine, New Haven, CT, United States.",2024,,38615521 38435972 38264632 37181888 36536916
"Linnet, Kristian",5,0,0,"Department of Forensic Medicine, Section of Forensic Chemistry, Faculty of Health and Medical Sciences, University of Copenhagen, Copenhagen, Denmark.",2024,,38238974 34246868 33288378 30846853 30685771
"Lewis, Candace R",5,4,0,"School of Life Sciences, Arizona State University, Tempe, AZ, United States.; Neurogenomics Division, Translational Genomics Research Institute (TGen), Phoenix, AZ, United States.",2023,candace.lewis@asu.edu,37838755 36992856 36815187 32085521 28711736
"Mason, N L",5,3,0,"Department of Neuropsychology and Psychopharmacology, Faculty of Psychology and Neuroscience, Maastricht University, P.O. Box 616, 6200 MD Maastricht, The Netherlands. Electronic address: natasha.mason@maastrichtuniversity.nl.",2023,natasha.mason@maastrichtuniversity.nl,37689275 33833225 33694031 32446245 30105399
"Feilding, A",5,0,0,"The Beckley Foundation, Beckley Park, Oxford, OX3 9SY, United Kingdom.",2023,,37689275 33833225 32446245 29119217 26257162
"Owens, Lindsey T",5,0,0,"New York University Langone Center for Psychedelic Medicine, Department of Psychiatry, New York University Grossman School of Medicine.",2024,,37276086 36332827 36001306 29666578 29515439
"Ferris, Jason A",5,0,0,"Centre for Health Services Research, Faculty of Medicine, The University of Queensland, Brisbane, QLD, Australia.",2023,,36876583 35388724 33591231 29497055 29123145
"Barbosa, Paulo C R",5,0,0,"Department of Health Sciences, Universidade Estadual de Santa Cruz, Rod. Ilhéus/Itabuna, Km 16, Ilhéus, BA, 45662-0, Brazil.",2022,,36386199 35253069 34621171 32676773 29896106
"Toennes, S W",5,0,0,"Institute of Legal Medicine, Goethe University of Frankfurt, Frankfurt, Germany.",2022,,35072760 33833225 33694031 32446245 30105399
"Burmester, Daniel",5,0,0,"Neurobiology Research Unit, Copenhagen University Hospital Rigshospitalet, Copenhagen, Denmark.",2021,,33501857 32146028 30846853 30685771 30633430
"Razi, Adeel",4,0,4,"School of Psychological Sciences and Turner Institute for Brain and Mental Health, Monash University, Clayton, Australia. adeel.razi@monash.edu.; Wellcome Centre for Human Neuroimaging, University College London, London, United Kingdom. adeel.razi@monash.edu.; CIFAR Azrieli Global Scholars Program, ",2026,adeel.razi@monash.edu,42618786 42168232 38862674 38185235
"Cubała, Wiesław J",4,0,4,"Cubała, Department of Psychiatry, Faculty of Medicine, Medical University of Gdan´sk, Gdan´sk, Poland.",2026,,42267234 40279353 40245934 39754904
"Suzuki, Joji",4,0,4,"Department of Psychiatry, Brigham and Women's Hospital, Boston, Massachusetts, USA.; Harvard Medical School, Boston, Massachusetts, USA.",2026,jsuzuki2@bwh.harvard.edu,42130779 40433994 39587692 27338969
"Williams, Nolan R",4,0,4,"Department of Psychiatry and Behavioral Sciences, Stanford University School of Medicine, Palo Alto, CA, United States.",2026,nolanw@stanford.edu,41883580 41687815 41265656 38182784
"Pal, Dinesh",4,0,4,"Department of Anesthesiology, University of Michigan, Ann Arbor, MI, USA. dineshp@umich.edu.; Center for Consciousness Science, University of Michigan, Ann Arbor, MI, USA. dineshp@umich.edu.; Michigan Psychedelic Center, University of Michigan, Ann Arbor, MI, USA. dineshp@umich.edu.; Neuroscience Gr",2025,dineshp@umich.edu; dineshp@med.umich.edu,41280125 40128190 38405722 38113836
"Gergs, Ulrich",4,0,4,"Institut für Pharmakologie und Toxikologie, Medizinische Fakultät, Martin-Luther-Universität Halle-Wittenberg, Magdeburger Str. 4, 06097, Halle, Germany. ulrich.gergs@medizin.uni-halle.de.",2025,ulrich.gergs@medizin.uni-halle.de,40732298 40000760 38876450 38370480
"Blagojević, Duško",4,0,4,"Department of Physiology, Institute for Biological Research ""Siniša Stanković""-National Institute of the Republic of Serbia, University of Belgrade, Bulevar Despota Stefana 142, 11060 Belgrade, Serbia.",2024,,38928231 35054409 34829663 29599898
"Lohitnavy, Manupat",4,0,3,"Center of Excellence for Environmental Health and Toxicology, Faculty of Pharmaceutical Sciences, Naresuan University, Phitsanulok, 65000, Thailand. manupatl@gmail.com.; Pharmacokinetic Research Unit, Faculty of Pharmaceutical Sciences, Naresuan University, Phitsanulok, Thailand. manupatl@gmail.com.",2026,manupatl@gmail.com,42663926 40839168 40258947 39257234
"Delgoda, Rupika",4,0,3,"Caribbean Centre for Research in Bioscience, Faculty of Science and Technology, University of the West Indies, 6 Belmopan Close, Mona, Jamaica.",2026,thejani.delgoda@uwimona.edu.jm,42591237 40802522 38341264 36990027
"Marsden, John",4,1,3,"Addictions Department, School of Academic Psychiatry, Institute of Psychiatry, Psychology and Neuroscience, King's College London, London, UK.; South London and Maudsley NHS Foundation Trust, UK.",2026,,42544757 41368982 39887551 38845381
"Zarate, Carlos A",4,0,3,"Experimental Therapeutics and Pathophysiology Branch, National Institute of Mental Health, National Institutes of Health, Bethesda, MD, USA.",2026,,42521762 42498781 41762772 37414490
"Rico, Eduardo Pacheco",4,0,3,"Laboratory of Translational Psychiatry, Graduate Program in Health Sciences, University of Southern Santa Catarina (UNESC), Criciúma, Santa Catarina, Brazil. eduprico@gmail.com.",2026,eduprico@gmail.com,42401369 42385294 41974985 39181308
"Himmerich, Hubertus",4,0,3,"Centre for Research in Eating and Weight Disorders (CREW), Department of Psychological Medicine, Institute of Psychiatry, Psychology & Neuroscience, King's College London, London, UK.; South London and Maudsley NHS Foundation Trust, London, UK.",2026,,42157199 42116676 40378942 37823233
"Cabassa, Leopoldo J",4,0,3,"Brown School of Social Work, Washington University in St. Louis, St. Louis.",2026,,41920580 39994461 39697578 39419768
"Angarita, Gustavo A",4,0,3,"Department of Psychiatry, Yale University School of Medicine, New Haven, CT, USA.",2025,gustavo.angarita@yale.edu,40147088 39833376 42368319 37435405
"Werten, Sebastiaan",4,0,3,"Department of General, Inorganic and Theoretical Chemistry, University of Innsbruck, Austria.",2025,sebastiaan.werten@i-med.ac.at,39449146 39413044 38548735 36327140
"Buchman, Daniel Z",4,0,3,"Psychedelic Psychotherapy Research Group, University Health Network, Toronto, Ontario, Canada.; Centre for Addiction and Mental Health, Toronto, Ontario, Canada.; Dalla Lana School of Public Health, Toronto, Ontario, Canada.",2024,,39116148 38956331 38232948 37097844
"Lewis, Evan Cole",4,1,3,"Hospital for Sick Children, Department of Pediatrics, University of Toronto, Toronto, ON, Canada.",2024,,38654554 38283836 37636336 37378010
"Romeo, Bruno",4,2,2,"Département de Psychiatrie et d'Addictologie, Hôpital Paul Brousse, Assistance Publique-Hôpitaux de Paris APHP, Villejuif, France.; Faculté de Médecine, Unité de Recherche Psychiatrie-Comorbidités-Addictions - PSYCOMADD, Université Paris-Saclay, Le Kremlin-Bicêtre, France.",2026,brunoromeo@hotmail.fr,42609034 42228481 33730602 32448048
"Giacobbe, Peter",4,0,2,"Institute of Medical Science, Temerty Faculty of Medicine, University of Toronto, Toronto, ON, Canada; Sunnybrook Health Sciences Centre, Toronto, ON, Canada; Department of Psychiatry, Temerty Faculty of Medicine, University of Toronto, Toronto, ON, Canada; Kerr Chair in Interventional Psychiatry, S",2026,,42566966 41587629 41485400 38956594
"Watler, Crosbie",4,0,2,"Island Health Services, Nanaimo, BC, Canada.",2026,,42548601 40051685 35928772 35095617
"Berg, Carla J",4,2,2,"George Washington Cancer Center, George Washington University, Washington, DC, USA.",2026,carlaberg@gwu.edu,42428139 42318842 42224931 42212774
"Kozak, Zofia",4,1,2,"Sheppard Pratt Health System, Towson, Maryland.",2026,,42301163 38359837 38105654 37869790
"Christie, Brian R",4,0,2,"Division of Medical Sciences, University of Victoria, Victoria, B.C., Canada.",2026,brain64@uvic.ca,42285092 41193674 40669813 40496249
"Shultz, Sandy R",4,0,2,"Department of Neuroscience, School of Translational Medicine, Monash University, Melbourne, VIC, Australia. sandy.shultz@monash.edu.; Centre for Trauma and Mental Health Research, Vancouver Island University, Nanaimo, B.C., Canada. sandy.shultz@monash.edu.; Division of Medical Sciences, University o",2026,sandy.shultz@monash.edu,42285092 41193674 40669813 40496249
"Sackeim, Harold A",4,0,2,"Department of Psychiatry, Medical University of South Carolina, Charleston, South Carolina.",2026,,42138588 39741440 38598225 38055270
"Erritzoe, D",4,1,2,"Division of Psychiatry, Department of Brain Sciences, Centre for Psychedelic Research, Imperial College London, London, UK.",2026,d.erritzoe@imperial.ac.uk,42086570 40541312 37955822 29923178
"Monte, Andrew A",4,0,2,"Rocky Mountain Poison & Drug Safety, Denver Health and Hospital Authority, Denver, Colorado.; University of Colorado School of Medicine, Aurora.",2026,,42044375 41834488 41817506 40258279
"Stamatakis, Emmanuel A",4,0,2,"Division of Anaesthesia and Department of Clinical Neurosciences, University of Cambridge, Cambridge, UK.",2026,,41942645 37315149 36192411 32619708
"Myran, Daniel T",4,1,2,"Bruyère Health Research Institute, Ottawa, ON, Canada. dmyran@ohri.ca.; Ottawa Hospital Research Institute, Ottawa, ON, Canada. dmyran@ohri.ca.; Faculty of Medicine, University of Toronto, Toronto, ON, Canada. dmyran@ohri.ca.; Department of Family and Community Medicine, North York General Hospital,",2026,dmyran@ohri.ca,41857461 41205366 40168023 40032291
"Schnurr, Paula P",4,0,2,"Department of Psychiatry, Geisel School of Medicine at Dartmouth, Hanover, New Hampshire, USA.; Executive Division, Department of Veterans Affairs National Center for PTSD, White River Junction, Vermont, USA.",2026,,41820235 40339144 39741441 39616450
"Calvey, Tanya",4,2,2,"Department of Human Biology, University of Cape Townhttps://ror.org/03p74gp79, South Africa.; Neuroscience Institute, University of Cape Townhttps://ror.org/03p74gp79, South Africa.",2026,tanya.calvey@wits.ac.za,41679899 39114487 30471678 30471677
"Singh, Balwinder",4,1,2,"Department of Psychiatry and Psychology, Mayo Clinic, 200 First Street SW, Rochester, MN, 55905, USA. singh.balwinder@mayo.edu.",2026,singh.balwinder@mayo.edu,41485178 39955464 39196888 36561896
"Garland, Eric L",4,0,2,"Endowed Professor in Health Sciences, Sanford Institute for Empathy and Compassion, Professor, Department of Psychiatry, University of California San Diego.",2025,,40972137 39802794 37302533 35253514
"Earp, Brian D",4,0,2,"Uehiro Oxford Institute, University of Oxford, Oxford, UK; Centre for Biomedical Ethics, Yong Loo Lin School of Medicine, National University of Singapore, Singapore.",2025,,40908054 38662070 38315212 37366110
"Mathur, Brian N",4,0,2,"Department of Pharmacology and Physiology, School of Medicine, University of Maryland, Baltimore, MD, USA. bmathur@som.umaryland.edu.; Department of Psychiatry, School of Medicine, University of Maryland, Baltimore, MD, USA. bmathur@som.umaryland.edu.; University of Maryland Medicine Institute for N",2025,bmathur@som.umaryland.edu,40830107 34897383 33987652 32454209
"Campbell, W Keith",4,0,2,"University of Georgia, USA.",2025,,40818292 37296197 37002934 35253514
"Berro, Laís F",4,0,2,"Department of Health Sciences, Universidade Estadual de Santa Cruz, Ilhéus, BA, Brazil; Department of Psychiatry and Human Behavior, Center for Innovation and Discovery in Addictions, University of Mississippi Medical Center, Jackson, MS, United States.",2024,lberro@umc.edu,39523057 35253069 34621171 30922893
"Politi, Matteo",4,2,2,"Research Department, Takiwasi Center for the Rehabilitation of Drug Addicts and Research on Traditional Medicines, Tarapoto, Peru.",2024,,38864823 34975500 34794194 32985365
"McMurray, Matthew S",4,0,2,"Department of Psychology, Miami University, Oxford, Ohio, USA.",2024,mcmurrms@miamioh.edu,38846751 38825326 36529299 35310468
"Keyes, Katherine M",4,1,2,"Department of Epidemiology, Mailman School of Public Health, Columbia University, New York, NY, USA.",2024,,38326175 37605471 37287110 36934660
"De Leo, Joseph",4,0,2,"University at Albany, SUNY, New York (Earleywine); Center for Compassionate Care, Hamilton, Ont., Canada (De Leo, Bhayana); Sapience Therapy, Greenfield, Mass. (Rajanna, Scott).",2024,,38161299 36127639 35318904 34979875
"Murray, Greg",4,0,2,"Centre for Mental Health, Department of Psychological Science, Swinburne University of Technology, Melbourne, VIC, Australia.",2023,,37840802 35513876 33745287 31752499
"Luke, David",4,0,2,"Centre for Psychedelic Research, Imperial College London, London, UK.; University of Greenwich, London, UK.",2023,,37457069 36601974 34489825 33335742
"Pudlo, Robert",4,0,2,"Department and Clinic of Psychiatry, Medical University of Silesia, 42-612 Tarnowskie Góry, Poland.",2023,,37241141 37074831 36767234 34451890
"Sellers, Edward M",4,2,2,", Department of Pharmacology & Toxicology, Medicine and Psychiatry, University of Toronto, Toronto, ON, M5S 4K2, Canada; DL Global Partners Inc., 78 Baby Point Crescent, Toronto, ON, M6S 2C1, Canada. Electronic address: e.sellers@dlglobalpartners.com.",2023,e.sellers@dlglobalpartners.com,36693562 33716753 33541678 28836272
"Meisenheimer, Poncho",4,0,2,"Usona Institute, 2780 Woods Hollow Rd, Madison, WI 53711, USA.",2022,,35187358 34982048 32685866 32077284
"Schmidt, Timo T",4,0,2,"Department of Psychiatry and Psychotherapy, Charité Universitätsmedizin Berlin, Berlin, Germany.; Department of Education and Psychology, Freie Universität Berlin, Berlin, Germany.",2021,,33663259 33663248 28768346 25670401
"Tupper, Kenneth W",4,0,2,"Director of Implementation and Partnerships, British Columbia Centre on Substance Use, Vancouver, Canada.; School of Population and Public Health, University of British Columbia, 2206 East Mall, Vancouver, V6T 1Z3, Canada.",2020,,31489731 30743091 30474794 28895501
"Furnish, Timothy",4,0,1,"Department of Anesthesiology, University of California San Diego, San Diego, CA USA.",2026,,42567236 39106989 36066961 29764303
"Geyer, Mark A",4,2,1,"Department of Psychiatry, University of California San Diego, San Diego, CA USA.",2026,mgeyer@ucsd.edu,42567236 38000715 28224459 26386624
"Kelly, Daniel F",4,1,1,"Treatment and Research in Psychedelics (TRIP) Center, Pacific Neuroscience Institute at Providence Saint John's Health Center, Santa Monica, CA, United States.; Brain Health Center, Pacific Neuroscience Institute at Providence Saint John's Health Center, Santa Monica, CA, United States.",2026,,42539824 37795513 37651119 36512813
"Serretti, Alessandro",4,1,1,"Department of Medicine and Surgery, Kore University of Enna, Italy; Oasi Research Institute-IRCCS, Troina, Italy.",2026,,42468074 40129874 39655426 37381161
"Anderson, Brian",4,0,1,"UCSF Department of Psychiatry and Behavioral Sciences, UC Berkeley Center for the Science of Psychedelics, Berkeley, CA, USA.",2026,,42416539 41618525 40492498 36184377
"Lo, Chris",4,0,1,"Public Health Sciences, Dalla Lana School of Public Health, University of Toronto, 155 College St, Room 500, Toronto, Ontario, Canada, M5T 3M7; Department of Psychiatry, Temerty Faculty of Medicine, University of Toronto, 250 College Street, 8th fl., Toronto, Ontario, M5T 1R8, Canada; School of Soci",2026,chris.lo@utoronto.ca,42407184 41389648 40327705 40051583
"Hall, Wayne",4,0,1,"National Centre for Youth Substance Use Research, University of Queensland, 31 Upland Road, St Lucia, Brisbane, Queensland 4067, Australia.",2026,,42247761 39094057 38845381 38771189
"Vieta, Eduard",4,0,1,"Department of Medicine, School of Medicine & Health Sciences, University of Barcelona (UB), 143 Casanova St., 08036, Barcelona, Catalonia, Spain.; Bipolar and Depressive Disorders Unit, Hospital Clinic, 170 Villarroel St., 08036, Barcelona, Catalonia, Spain.; Institut d'Investigacions Biomèdiques Au",2026,,42215638 41825162 41341075 41205366
"Kramers, Cornelis",4,0,1,"Department of Pharmacy, Radboud University Medical Center, Nijmegen, The Netherlands.",2026,,42130778 39612154 38519421 36597700
"de Wit, Harriet",4,2,1,"Department of Psychiatry and Behavioral Neuroscience, The University of Chicago, Chicago, Illinois, USA.",2026,hdew@uchicago.edu,42114863 41869008 36567083 34613430
"Garcia, Ana Cláudia Mesquita",4,3,1,"Interdisciplinary Center for Studies in Palliative Care, School of Nursing, Federal University of Alfenas, Alfenas, Brazil. Electronic address: ana.mesquita@unifal-mg.edu.br.",2026,ana.mesquita@unifal-mg.edu.br,41903620 40967680 38809663 35157985
"Roberts, Claire",4,1,1,"Beckley Psytech Ltd, An AtaiBeckley Company, Oxford, UK.",2026,,41874919 41761045 41368982 38616411
"Teixeira, Pedro J",4,2,1,"CIPER - Faculty of Human Kinetics, University of Lisbon, Cruz Quebrada, Portugal.; The Synthesis Institute B.V, Amsterdam, The Netherlands.",2026,,41854389 41793582 40581772 34053342
"Kirschner, Matthias",4,0,1,"Faculty of Medicine, University of Geneva, Geneva, Switzerland; Division of Adult Psychiatry, Department of Psychiatry, University Hospitals of Geneva, 2, Chemin du Petit-Bel-Air, CH-1226, Thonex, Switzerland.",2026,,41830808 40614615 39592825 37557019
"Banks, Matthew I",4,0,1,"Department of Anesthesiology, School of Medicine and Public Health, University of Wisconsin-Madison, Madison, WI, 53792, USA. mibanks@wisc.edu.; Transdisciplinary Center for Research in Psychoactive Substances, University of Wisconsin-Madison, Madison, WI, 53705, USA. mibanks@wisc.edu.; Department o",2026,mibanks@wisc.edu,41688423 39880687 39266503 37588757
"Tsang, Benjamin",4,0,1,"School of Medicine, Griffith University, Gold Coast, Queensland, Australia.; Department of Neurology, Sunshine Coast University Hospital, Sunshine Coast, Queensland, Australia.",2026,ben.tsang@mail.utoronto.ca,41587629 41562498 40348309 37689090
"Rosenblat, Joshua",4,0,1,"Mood Disorders Psychopharmacology Unit, Poul Hansen Depression Center, University Health Network, Toronto, ON, Canada.; Institute of Medical Science, University of Toronto, Toronto, ON, Canada.",2026,,41401486 40750953 39360403 36191546
"Thomas, Chantelle",4,0,1,"Department of Family Medicine and Community Health, University of Wisconsin School of Medicine and Public Health, Madison.",2026,,41254844 39804303 39559692 29945469
"Dor-Ziderman, Yair",4,1,1,"Edmond J. Safra Brain Research Center, University of Haifa, Haifa, Israel.; Integrated Brain and Behavior Research Center (IBBRC), University of Haifa, Haifa, Israel.; Department of Counseling and Human Development, Faculty of Education, University of Haifa, Haifa, Israel.",2025,yairem@gmail.com,41207900 40268786 40236491 38169823
"Marschall, Josephine",4,1,1,"Institute of Psychology, Leiden University, Wassenaarseweg 52, 2333 AK, Leiden, the Netherlands.",2026,,41187880 41110634 34915762 33928421
"Higgins, Guy A",4,3,1,"Transpharmation Inc., Fergus, ON, Canada.; Department Pharmacology and Toxicology, University of Toronto, Toronto, ON, Canada.",2026,guyh@intervivo.com,40862395 38184069 33716753 33541678
"Blest-Hopley, Grace",4,2,1,"King's College London, Institute of Psychiatry, Psychology and Neuroscience, London, UK.",2025,,40842948 40672681 40619953 37252138
"Hieronymus, Fredrik",4,2,1,"Institute of Neuroscience and Physiology, University of Gothenburg, Gothenburg, Sweden.; Department of Affective Disorders, Aarhus University, Aarhus, Denmark.",2025,soeoes@rm.dk,40736734 38572715 36812443 34437796
"Parker, Stephen",4,0,1,"Psychedelic Medicine and Supportive Care Lab, QIMR Berghofer Medical Research Institute, Brisbane, Queensland, Australia.; Faculty of Medicine, The University of Queensland, Brisbane, Queensland, Australia.; Metro North Mental Health, Brisbane, Queensland, Australia.",2025,,40683535 40660894 40233965 38907608
"Dosenbach, Nico U F",4,0,1,"Department of Neurology, Washington University School of Medicine, St Louis, MO, USA.; Mallinckrodt Institute of Radiology, Washington University School of Medicine, St Louis, MO, USA.; Department of Biomedical Engineering, Washington University in St. Louis, St Louis, MO, USA.; Department of Pediat",2025,,40533500 40473634 39020167 37701731
"Passie, Torsten",4,2,1,"Hannover Medical School, Hannover, Germany.; Dr. Senckenberg Institute for History and Ethics in Medicine, Goethe University, Frankfurt/Main, Germany.",2026,,40492498 36532196 32170326 25389218
"Gold, Noah D",4,3,1,"Department of Psychiatry, NYU Langone Center for Psychedelic Medicine, NYU Grossman School of Medicine, New York, New York, USA.; Albert Einstein College of Medicine, Bronx, New York, USA.",2025,,40337752 38833909 40046728 37167080
"Petridis, Petros D",4,1,1,"Department of Psychiatry, NYU Langone Center for Psychedelic Medicine, NYU Grossman School of Medicine, New York, New York, USA.",2025,,40337752 41969367 38240068 40046728
"Penn, Andrew D",4,0,1,"Department of Psychiatry and Behavioral Sciences, Weill Institute for Neurosciences, University of California, San Francisco, CA, USA.; School of Nursing, University of California, San Francisco, CA, USA.",2025,,40205013 37651119 35370864 33934465
"Geller, Jamarie",4,2,1,"The University of Michigan Department of Psychiatry, Ann Arbor, USA. jageller7@gmail.com.",2025,jageller7@gmail.com,40171515 39723418 39699759 37184861
"Marks, Mason",4,3,1,Harvard Law School.; Florida State University College of Law.,2025,mmarks@law.harvard.edu,39804318 39078646 36565855 34608331
"Gearin, Alex K",4,3,1,"Medical Ethics and Humanities Unit, School of Clinical Medicine, LKS Faculty of Medicine, The University of Hong Kong, Hong Kong, SAR, China.",2024,akgearin@gmail.com,39374048 37639859 34975500 31494522
"Thielking, Paul",4,0,1,"Numinus Wellness, Draper, UT, USA.",2024,,39208303 37378010 37302533 36862829
"Christie, Devon",4,1,1,"Department of Medicine, University of British Columbia, Vancouver, BC, Canada.",2024,,38706873 36405923 35568884 34552518
"González, Joaquín",4,2,1,"Departamento de Fisiología, Facultad de Medicina, Universidad de la República, Avenida General Flores 2125, Montevideo 11800, Uruguay.",2024,joaqgonzar@gmail.com,38467891 38255760 33860181 29755349
"Seli, Paul",4,0,1,"Department of Psychology and Neuroscience, Duke University, Durham, NC, United States.",2024,,38374976 38076677 36846226 35326338
"Brown, Randall T",4,1,1,"Department of Family Medicine & Community Health, University of Wisconsin School of Medicine & Public Health, Madison.",2023,,40046866 37651119 29945469 28353056
"Rucker, James J H",4,1,1,"Kings College London, Institute of Psychiatry, Psychology and Neuroscience, London, United Kingdom.",2023,james.rucker@kcl.ac.uk,37904854 34177670 34121583 29284138
"Altman, Brianna R",4,1,1,"Department of Psychology, University at Albany, State University of New York, Albany, NY, USA.",2023,,37287954 35318904 34979875 33779383
"Lipson, Joshua",4,0,1,"Teachers College, Columbia University, New York, USA.",2023,,36774449 35732796 35677137 35393455
"Carhart-Harris, Robin Lester",4,0,1,"Neuroscape, Weill Institute for Neurosciences, University of California San Francisco, CA, USA; Centre for Psychedelic Research, Department of Brain Sciences, Imperial College London, London, UK.",2022,,35924888 35588933 33335742 30369890
"Baker, Glen",4,0,1,"National Institute for Translational Medicine (INCT-TM), CNPq, São Paulo, Brazil.; Department of Psychiatry (Neurochemical Research Unit) and Neuroscience and Mental Health Institute, University of Alberta, Edmonton, AB, Canada.",2023,,35829812 35301934 33740877 29366418
"Brandt, Simon D",4,1,1,"School of Pharmacy and Biomolecular Sciences, Liverpool John Moores University, Liverpool.",2022,,35524430 34884800 33860183 31917152
"Xiang, Ping",4,0,1,"Shanghai Key Laboratory of Forensic Medicine, Shanghai Forensic Service Platform, Academy of Forensic Sciences, Ministry of Justice, Shanghai, China.",2022,xiangping2630@163.com,35312166 33894686 36353314 33126071
"Shi, Yan",4,1,1,"Shanghai Key Laboratory of Forensic Medicine, Shanghai Forensic Service Platform, Academy of Forensic Sciences, Ministry of Justice, Shanghai, China.",2022,shiy@ssfjd.cn,35312166 33894686 36353314 33126071
"Malcolm, Benjamin",4,1,1,"Spirit Pharmacist, . Spiritpharmacist@protonmail.com.",2022,spiritpharmacist@protonmail.com,35253070 34251464 33242285 28481178
"Barker, Steven A",4,1,1,"School of Veterinary Medicine, Department of Comparative Biomedical Sciences, Louisiana State University, Baton Rouge, LA, 70803, USA. Sbarke1@lsu.edu.",2022,sbarke1@lsu.edu,35064294 28525587 26421727 25069786
"Bouso, José C",4,0,1,"International Center for Ethnobotanic Education, Research and Service, Barcelona, Spain.; Medical Anthropology Research Center, University of Rovira I Virgili, Tarragona, Spain.; Department of Neurosciences and Behavior, Ribeião Preto Medical School, University of Sao Paulo, Sao Paulo, Brazil.",2022,,34308566 34220590 33146343 27287824
"Chwyl, Christina",4,2,0,"The Portland Institute for Psychedelic Science, 3700N Williams Ave, Portland, OR 97203, USA. Electronic address: cchwyl@portlandpsychotherapy.com.",2026,cchwyl@portlandpsychotherapy.com,42665360 41566347 40803962 32529966
"McCarty, Dennis",4,0,0,"Open Psychedelic Evaluation Nexus,Portland, OR, USA.; Oregon Health & Science University, Portland, OR, USA.",2026,,42665360 42616497 39881568 38888164
"Thaoboonruang, Nilubon",4,3,0,"Center of Excellence for Environmental Health and Toxicology, Faculty of Pharmaceutical Sciences, Naresuan University, Phitsanulok, 65000, Thailand.; Pharmacokinetic Research Unit, Faculty of Pharmaceutical Sciences, Naresuan University, Phitsanulok, Thailand.",2026,,42663926 40839168 40258947 39257234
"Stoliker, Devon",4,3,0,"School of Psychological Sciences and Turner Institute for Brain and Mental Health, Monash University, Clayton, Australia.",2026,devon.stoliker@monash.edu,42618786 42168232 38862674 38185235
"Novelli, Leonardo",4,1,0,"School of Psychological Sciences and Turner Institute for Brain and Mental Health, Monash University, Clayton, Australia.",2026,,42618786 42168232 38862674 38185235
"Pertl, Kellie",4,0,0,"Open Psychedelic Evaluation Nexus,Portland, OR, USA.; Oregon Health & Science University, Portland, OR, USA.",2026,,42616497 40803962 39881568 38888164
"Fauvel, Baptiste",4,1,0,"Laboratoire MC2, Institut de Psychologie, Université Paris-Cité, Boulogne-Billancourt, France.",2026,,42609034 42228481 40456393 35384730
"Timmermann, C",4,0,0,"Division of Psychiatry, Department of Brain Sciences, Centre for Psychedelic Research, Imperial College London, London, UK.",2026,,42605589 42086570 41129673 36584883
"Ritvo, Paul",4,0,0,"Department of Psychiatry, University of Toronto, Toronto, ON, Canada; Department of Psychology, Faculty of Health, York University, North York, ON, Canada; School of Kinesiology and Health Science, York University, North York, ON, Canada.",2026,,42594864 40750953 39529994 35734507
"Hernández-Álvarez, Elisa",4,1,0,"Unit of Toxicology, Clinical Sciences Department, Universidad de Las Palmas de Gran Canaria, Paseo Blas Cabrera Felipe s/n, 35016 Las Palmas de Gran Canaria, Spain.; Universidad Fernando Pessoa Canarias, 35450 Guía, Spain.; Asociación Científica Psicodélica, 35412 Arucas, Spain.",2026,,42582418 41915638 41600753 40894333
"Jungwirth, Johannes",4,2,0,"Department of Adult Psychiatry and Psychotherapy, University Hospital of Psychiatry Zurich, University of Zurich, Switzerland.",2026,,42577282 39196383 36747965 36636296
"Douglass, Hannah M",4,1,0,"Centre for Psychedelic Research, Division of Psychiatry, Department of Brain Sciences, https://ror.org/041kmwe10Imperial College London, London, UK.; School of Pharmacy, Faculty of Medical and Health Sciences, https://ror.org/03b94tp07University of Auckland, Auckland, New Zealand.",2026,,42574302 42414058 36373934 34744825
"Trim, Julie",4,0,0,"Department of Psychiatry, University of California San Diego, San Diego, CA USA.",2026,,42567236 40420197 38988455 37488291
"Berlowitz, David",4,0,0,"Institute for Breathing and Sleep, Austin Health, Melbourne, VIC, Australia.; Department of Physiotherapy, Melbourne School of Health Sciences, University of Melbourne, Melbourne, VIC, Australia.",2026,,42566154 42307775 41186141 39669539
"Attard, Zachary",4,0,0,"Institute for Breathing and Sleep, Austin Health, Melbourne, VIC, Australia.; Department of Physiotherapy, Melbourne School of Health Sciences, University of Melbourne, Melbourne, VIC, Australia.",2026,,42566154 42307775 41186141 39669539
"Schmitz, Gavin P",4,1,0,"Department of Pharmacology, University of North Carolina at Chapel Hill, Chapel Hill, NC, USA.",2026,,42563032 41052972 40683247 37808655
"Mott, Sarah E",4,0,0,"Department of Pharmacology, University of North Carolina at Chapel Hill, Chapel Hill, NC, USA.",2026,,42563032 41213805 38909051 37808655
"Campbell-Coker, Kete",4,0,0,"South London and Maudsley NHS Foundation Trust, London, UK.",2026,,42562964 39372842 39301810 36322843
"Butler, Matt",4,2,0,"Department of Psychological Medicine, Institute of Psychiatry, Psychology & Neuroscience, King's College London, London, UK.",2026,matthew.butler@kcl.ac.uk,42562964 39372842 39301810 36063208
"Carter, Ben",4,0,0,"King's Clinical Trials Unit, King's College London, London, UK.; Department of Biostatistics and Health Informatics, Institute of Psychiatry, Psychology & Neuroscience, King's College London, London, UK.",2026,,42562964 42116676 37818448 34853114
"Zamberlan, Federico",4,0,0,"Department of Cognitive Science and Artificial Intelligence, Tilburg University, Tilburg, North Brabant, Netherlands.",2026,,42559191 35918311 35676541 31247301
"Allard, Pearl",4,0,0,"Department of Health and Human Services, Vancouver Island University, Nanaimo, BC, Canada.",2026,,42548601 41082834 40051685 37723666
"Cho, Matthew",4,2,0,"Department of Psychiatry, University of Toronto, Toronto, ON, Canada. matthewchan.cho@mail.utoronto.ca.",2026,matthewchan.cho@mail.utoronto.ca,42541603 40639037 38301164 37097844
"Myers, Susanna",4,0,0,"Fred Hutchinson Cancer Center, Seattle, WA, United States.",2026,,42539893 42058096 40051480 39636638
"Sergi, Karina",4,0,0,"Treatment and Research in Psychedelics (TRIP) Center, Pacific Neuroscience Institute at Providence Saint John's Health Center, Santa Monica, CA, United States.",2026,,42539824 40351554 37795513 36512813
"Jha, Manish K",4,1,0,"Department of Psychiatry, University of Texas Southwestern Medical Center, Dallas.",2026,,42538940 40284409 40094838 36855876
"Mletzko, Tanja",4,0,0,Emory Center for Psychedelics and Spirituality.,2025,,42528601 39804360 39082259 37651119
"Arakelian, Miranda",4,0,0,"Experimental Therapeutics & Pathophysiology Branch, Division of Intramural Research Program, National Institute of Mental Health, Bethesda, MD, USA.",2026,,42521762 40600242 40147088 40051760
"Krsak, Martin",4,1,0,"School of Medicine, University of Colorado, Aurora, Colorado, USA.; Trillion Clinical and Research Customs, LLC., Denver, Colorado, USA.",2026,,42504298 42319884 41112936 40933207
"Thomas, Christopher W",4,1,0,"Compass Pathways, London, UK.",2026,,42432161 40913115 40858779 38198569
"Golden, Caroline T",4,1,0,"Compass Pathways, London, UK.",2026,,42432161 40913115 40858779 35882885
"Gilmour, Gary",4,0,0,"Compass Pathways plc, London, UK.",2026,,42432161 42032175 40545270 38198569
"LoParco, Cassidy R",4,2,0,"Department of Prevention and Community Health, Milken Institute School of Public Health, George Washington University, Washington, DC, USA.",2026,,42428139 42318842 42224931 42212774
"Acheson, Liam",4,0,0,"From the Thomas Jefferson University (J.C.); St. Vincent's Hospital Alcohol and Drug Service (K.J.S., L.A.), Sydney, Australia; National Drug and Alcohol Research Centre (NDARC) (K.J.S., L.A.), The University of New South Wales, Randwick, Australia; New South Wales Drug and Alcohol Clinical Research",2026,,42422525 42031666 41424164 39929500
"Dibbs, Mark",4,0,0,"Department of Psychiatry, Yale University, New Haven, CT, USA.",2026,,42414551 39939591 38826215 37015972
"Schwartz, Robert",4,0,0,"Institute of Health Policy, Management and Evaluation, Dalla Lana School of Public Health, University of Toronto, 155 College Street, 4th fl, Toronto, Ontario, Canada, M5T 3M6; Institute for Mental Health Policy Research, Centre for Addiction and Mental Health, 250 College St, Toronto, Ontario, Cana",2026,robert.schwartz@utoronto.ca,42407184 41389648 40327705 37486818
"Strike, Carol",4,0,0,"Public Health Sciences, Dalla Lana School of Public Health, University of Toronto, 155 College St, Room 500, Toronto, Ontario, Canada, M5T 3M7. Electronic address: carol.strike@utoronto.ca.",2026,carol.strike@utoronto.ca,42407184 41389648 40327705 37486818
"Lodetti, Guilherme",4,3,0,"Laboratory of Translational Psychiatry, Graduate Program in Health Sciences, University of Southern Santa Catarina (UNESC), Criciúma, Santa Catarina, Brazil.",2026,,42401369 42385294 41974985 39181308
"Perl, Yonatan Sanz",4,0,0,"Institut du Cerveau - Paris Brain Institute - ICM, Inserm CNRS, Sorbonne Université, Paris, 75013, France.; Department of Information and Communication Technologies, Centre for Brain and Cognition, Computational Neuroscience Group, Universitat Pompeu Fabra, Barcelona, 08005, Spain.",2026,,42381187 41261994 40689865 38800462
"Gazzaley, Adam",4,0,0,"Department of Neurology, University of California, San Francisco, California, San Francisco, USA.; Department of Psychiatry and Behavioral Sciences, University of California, San Francisco, San Francisco, California, USA.",2026,,42381187 36740518 35809678 33888025
"Li, Xin-Min",4,0,0,"Department of Psychiatry, Faculty of Medicine and Dentistry, University of Alberta, Edmonton, AB, Canada.",2026,xinmin@ualberta.ca,42380668 40419666 39756636 38807690
"Havel, Vaclav",4,0,0,Columbia University.,2026,,42364550 41960323 38720072 32330007
"Larsen, Kristian",4,1,0,"Neurobiology Research Unit, Copenhagen University Hospital, Rigshospitalet, Copenhagen, Denmark.; Faculty of Health and Medical Sciences, University of Copenhagen, Copenhagen, Denmark.",2026,,42343098 40007438 39610321 40656071
"Pettorruso, Mauro",4,1,0,"Department of Neurosciences, Imaging and Clinical Sciences, University ""G. D'Annunzio"", Chieti, Italy.; Department of Mental Health, ASL 2 Abruzzo Lanciano-Vasto-Chieti, Chieti, Italy.",2026,mauro.pettorruso@unich.it,42342649 41173871 40840197 36263479
"Poppe, Christopher",4,2,0,"Department of Psychiatry and Neurosciences, Campus Charité Mitte, Charité - Universitätsmedizin Berlin, Berlin, Germany. christopher.poppe@charite.de.; German Center for Mental Health (DZPG), Berlin, Potsdam, Germany. christopher.poppe@charite.de.",2026,christopher.poppe@charite.de,42304595 42268384 41017267 39509052
"Lepow, Lauren",4,2,0,"Center for Psychedelic Psychotherapy and Trauma Research, Icahn School of Medicine at Mount Sinai, New York.",2026,,42301160 38284341 37404962 34616272
"Caputi, Lorenzo",4,0,0,"Department of Natural Product Biosynthesis, Max Planck Institute for Chemical Ecology, Jena 07745, Germany.",2026,,42296364 40202182 36240425 31364847
"Allen, Josh",4,2,0,"Department of Neuroscience, School of Translational Medicine, Monash University, Melbourne, VIC, Australia.; Centre for Trauma and Mental Health Research, Vancouver Island University, Nanaimo, B.C., Canada.; Division of Medical Sciences, University of Victoria, Victoria, B.C., Canada.",2026,,42285092 41193674 40669813 40496249
"Masse-Grenier, Marianne",4,1,0,"Oncology Program, CHU de Québec-Université Laval Research Center, Quebec, QC G1S 4L8, Canada.",2026,,42278812 40385526 39379285 38253521
"Terwey, Theis H",4,0,0,"n.cour projects GmbH,Berlin, Germany.",2026,,42247279 40528856 37409159 34912222
"Reid, Matthew J",4,2,0,"Department of Psychiatry and Behavioral Sciences, Johns Hopkins School of Medicine, Baltimore, MD, USA.",2026,mreid27@jhmi.edu,42243392 41645048 41048658 39532819
"De Pieri, Marco",4,0,0,"Faculty of Medicine, University of Geneva, Geneva, Switzerland; Division of Adult Psychiatry, Department of Psychiatry, University Hospitals of Geneva, 2, Chemin du Petit-Bel-Air, CH-1226, Thonex, Switzerland.",2026,,42215638 41830808 39592825 37557019
"Böge, Kerem",4,0,0,"Department of Neuroscience and Psychiatry, Charité-Universitätsmedizin Berlin (corporate member of Freie Universität Berlin and Humboldt-Universität zu Berlin), Campus Charite Mitte, Berlin, Germany; Department of Clinical Psychology and Psychotherapy, Medical University Brandenburg-Theodor Fontane,",2026,,42215638 41830808 40614615 39592825
"Herdener, Marcus",4,0,0,"Department of Adult Psychiatry and Psychotherapy, Psychiatric University Clinic Zurich and University of Zurich, Zurich, Switzerland.",2026,,42192100 40830011 40144690 34910289
"Conn, Kyna",4,0,0,"Department of Physiology, Monash University, Clayton, VIC, Australia.; Monash Biomedicine Discovery Institute, Clayton, VIC, Australia.",2026,,42185639 40403997 39349428 38980913
"Cavallaro, Noah",4,2,0,"Center for Translational NeuroImaging, Northeastern Univ, Boston, MA, USA.",2026,,42168715 41796937 41708994 40376612
"Ortiz, Richard J",4,0,0,"Department of Psychology, Northern Illinois Univ, DeKalb, IL, USA.",2026,,42168715 41708994 40376612 39975204
"Treasure, Janet",4,0,0,"Centre for Research in Eating and Weight Disorders (CREW), Department of Psychological Medicine, Institute of Psychiatry, Psychology & Neuroscience, King's College London, London, UK.; South London and Maudsley NHS Foundation Trust, London, UK.",2026,,42157199 42116676 40378942 37823233
"Satybaldiyeva, Nora",4,0,0,"Stanford Prevention Research Center, Stanford University School of Medicine, Palo Alto, California.",2026,,42152600 42092643 40033160 38941086
"van der Vaart, Andrew",4,1,0,"Institute for Advanced Diagnostics and Treatment, Sheppard Pratt Health System, Baltimore, Maryland.; Department of Psychiatry, University of Maryland, Baltimore, Maryland.",2026,,42138588 39741440 38598225 38055270
"van der Meer, Pim B",4,2,0,"Department of Neurology, Leiden University Medical Center, Leiden, The Netherlands.; Department of Psychiatry, University Medical Center Utrecht Brain Center, University Medical Center Utrecht, Utrecht, The Netherlands.",2026,pbvandermeer@lumc.nl,42130778 39612154 39033264 36846225
"Schoones, Jan W",4,0,0,"Directorate of Research Policy, Leiden University Medical Center, Leiden, The Netherlands.",2026,,42130778 39982684 39812743 36846225
"Beidas, Zeina",4,2,0,"Department of Psychology, University of Toronto Mississauga, Mississauga, Canada.",2026,,42125778 41693474 39718337 39503411
"Guerin, Alexandre A",4,0,0,"Centre for Youth Mental Health, University of Melbourne, Melbourne, Victoria, Australia.; Orygen, Melbourne, Victoria, Australia.",2026,,42114863 41178084 38654146 36165006
"Bradley, Melissa",4,1,0,"Department of Health Behavior, University of Alabama at Birmingham School of Public Health, Birmingham.",2026,,42096204 41446307 39731315 38072874
"Matzopoulos, Richard",4,2,0,"Division of Public Health Medicine, Faculty of Health Sciences, University of Cape Town, Cape Town, South Africa.; Burden of Disease Research Unit, South African Medical Research Council, Cape Town, South Africa.",2026,,42088004 40109441 35401265 35046855
"Morlock, Robert",4,0,0,"YourCareChoice, Ann Arbor, MI, United States.",2026,,42088004 40109441 35401265 35046855
"Arikci, Denis",4,1,0,"Psychopharmacology Research, Division of Clinical Pharmacology & Toxicology, Department of Clinical Research, University Hospital Basel, University of Basel, Switzerland.",2026,,42049943 41451514 40140019 37231080
"Thomann, Jan",4,1,0,"Clinical Pharmacology and Toxicology, Department of Biomedicine and Department of Clinical Research, University Hospital Basel, Basel, Switzerland.; Department of Pharmaceutical Sciences, University of Basel, Basel, Switzerland.",2026,,42049943 40022427 38741590 37231080
"Rockhill, Karilynn M",4,3,0,"Rocky Mountain Poison & Drug Safety, Denver, Colorado, USA.",2026,,42044375 41834488 40258279 40112266
"Szpręgiel, Izabela",4,1,0,"Unit II, Department of Pharmacology and Brain Biostructure, Maj Institute of Pharmacology, Polish Academy of Sciences, 12 Smętna, Kraków, 31-343, Poland.",2026,szpreg@if-pan.krakow.pl,42009274 41486340 40157708 39412581
"Adams, Danielle R",4,3,0,"School of Social Work, University of Missouri-Columbia, Columbia.",2026,,41920580 39994461 39697578 39419768
"Nowakowska, Ania",4,0,0,"Compass Pathfinder Ltd (a subsidiary of Compass Pathways plc), London, UK.",2026,,41881122 41075579 40047545 39706482
"Fiedorowicz, Jess G",4,0,0,"Faculty of Medicine, University of Ottawa, Ottawa, ON, Canada.; Ottawa Hospital Research Institute, Ottawa, ON, Canada.; Department of Mental Health, The Ottawa Hospital, Ottawa, ON, Canada.; School of Epidemiology and Public Health, Faculty of Medicine, University of Ottawa, Ottawa, ON, Canada.",2026,,41857461 40933784 40168023 40032291
"Kaiser, Stefan",4,0,0,"Faculty of Medicine, University of Geneva, Geneva, Switzerland; Division of Adult Psychiatry, Department of Psychiatry, University Hospitals of Geneva, 2, Chemin du Petit-Bel-Air, CH-1226, Thonex, Switzerland.",2026,,41830808 40614615 39592825 37557019
"Moureaux, Florence",4,0,0,Patient-Partner.,2026,,41804100 41601251 41008422 40385526
"Morton, Emma",4,1,0,"School of Psychological Sciences, Monash University, Clayton, Victoria, Australia.",2026,,41790781 38687360 36516137 36515370
"Rog, Justyna",4,0,0,"Nordre Østfold DPS, Østfold Hospital Trust, Grålum, Norway.",2026,,41787762 41664469 41344230 40641116
"Autran, Ingrid",4,0,0,"Nordre Østfold DPS, Østfold Hospital Trust, Grålum, Norway.",2026,,41787762 41664469 41344230 40641116
"Berthold-Losleben, Mark",4,0,0,"Nordre Østfold DPS, Østfold Hospital Trust, Grålum, Norway; Department of Mental Health, Norwegian University of Science and Technology, Trondheim, Norway.",2026,,41787762 41664469 41344230 40641116
"Jurok, Radek",4,0,0,"Forensic Laboratory of Biologically Active Substances, Department of Chemistry of Natural Compounds, University of Chemistry and Technology Prague, Prague, Czech Republic.",2026,,41780506 40619050 33119971 35542213
"Cihlářová, Petra",4,0,0,"Forensic Laboratory of Biologically Active Substances, Department of Chemistry of Natural Compounds, University of Chemistry and Technology Prague, Prague, Czech Republic.",2026,,41780506 40619050 36430546 33119971
"Vejmola, Čestmír",4,1,0,"Psychedelic Research Centre, National Institute of Mental Health, Klecany, Czech Republic.; Third Faculty of Medicine, Charles University, Praha, Czech Republic.",2026,,41779518 40599633 40522607 37425017
"So, Sara",4,0,0,"Center for Psychedelic and Consciousness Research, Department of Psychiatry and Behavioral Sciences, Johns Hopkins School of Medicine, 5510 Nathan Shock Drive, Baltimore, MD, 21224, USA.",2026,,41741501 37795509 33427007 30822141
"Zahid, Zarmeen",4,0,0,"Center for Psychedelic and Consciousness Research, Department of Psychiatry and Behavioral Sciences, Johns Hopkins University School of Medicine, Baltimore, MD, USA.",2026,,41730563 40830011 39880687 37588757
"Rodrigues, Nelson B",4,0,0,"Department of Psychology, Neuropsychology Track, University of Windsor, Windsor, ON, Canada. Electronic address: rodrig23@uwindsor.ca.",2026,rodrig23@uwindsor.ca,41690631 35580433 34791625 32954860
"Andión, Oscar",4,0,0,"Research Sherpas, Mieres (Girona), Spain.",2026,,41687467 40890317 40236490 39839135
"Ort, Andres",4,1,0,"Neurophenomenology of Consciousness Lab, Department of Psychiatry, Psychotherapy and Psychosomatics, Psychiatric Hospital, University of Zurich, Zurich, Switzerland.",2026,,41611012 40144690 38883812 37138774
"Comai, Stefano",4,0,0,"Department of Pharmaceutical and Pharmacological Sciences, University of Padua, Padua, Italy; Department of Biomedical Sciences, University of Padua, Padua, Italy; Department of Psychiatry, McGill University, Montreal, QC, Canada.",2026,,41586631 41475502 41009515 40957728
"Weiglein, Geneva",4,0,0,"Department of Psychiatry, University of Toronto, Toronto, ON, Canada. Electronic address: genevamaryelisabeth.weiglein@uhn.ca.",2026,genevamaryelisabeth.weiglein@uhn.ca,41581334 40590216 40337756 40129307
"Riva-Cambrin, Jeremy",4,0,0,"Department of Psychiatry, University of Toronto, Toronto, ON, Canada. Electronic address: jeremy.riva-cambrin@uhn.ca.",2026,jeremy.riva-cambrin@uhn.ca,41581334 41285295 40129307 38359838
"Malenka, Robert C",4,0,0,"Department of Psychiatry and Behavioral Sciences, Stanford University School of Medicine, Stanford, CA, USA.; Nancy Pritzker Laboratory, Department of Psychiatry and Behavioral Sciences, Stanford University School of Medicine, Stanford, CA, USA.",2026,,41565674 40672181 37248402 36865251
"Pittman, Brian P",4,0,0,"Department of Psychiatry, Yale School of Medicine, New Haven, Connecticut, USA.",2026,,41459830 38581739 36416492 33184743
"Vogt, Severin B",4,1,0,"Psychopharmacology Research, Division of Clinical Pharmacology & Toxicology, Department of Clinical Research, University Hospital Basel, University of Basel, Switzerland.",2026,,41451514 40541320 40140019 36434963
"Erne, Livio",4,0,0,"Clinical Pharmacology and Toxicology, Department of Biomedicine and Department of Clinical Research, University Hospital Basel, Basel, Switzerland.; Department of Pharmaceutical Sciences, University of Basel, Basel, Switzerland.",2026,,41451514 40999236 40022427 36434963
"Dourron, Haley Maria",4,2,0,"Drug Use & Behavior Lab, Department of Health Behavior, School of Public Health, University of Alabama at Birmingham, Birmingham, AL, USA. hdourron@uab.edu.",2025,hdourron@uab.edu,41446307 40046860 38072874 35577136
"Copes, Heith",4,0,0,"J. Frank Barefield, Jr. Department of Criminal Justice, College of Arts and Sciences, University of Alabama at Birmingham, Birmingham, USA.",2025,jhcopes@uab.edu,41446307 39731315 31071597 29039233
"Lea, Toby",4,3,0,"Centre for Social Research in Health, University of New South Wales, Sydney, Australia.",2025,toby.lea@unsw.edu.au,41424164 32043165 31778967 31648596
"Stenfors, Cecilia U D",4,0,0,"Department of Psychology, Stockholm University, Stockholm, Sweden.",2026,,41389560 37859627 37476092 35805769
"Liu, Tiecheng",4,0,0,"Department of Anesthesiology, University of Michigan, Ann Arbor, MI, USA.",2025,,41280125 40128190 38405722 38113836
"Vanini, Giancarlo",4,0,0,"Department of Anesthesiology, University of Michigan, Ann Arbor, MI, USA.; Center for Consciousness Science, University of Michigan, Ann Arbor, MI, USA.; Michigan Psychedelic Center, University of Michigan, Ann Arbor, MI, USA.; Neuroscience Graduate Program, University of Michigan, Ann Arbor, MI, US",2025,gvanini@med.umich.edu,41280125 40128190 38405722 38113836
"Sanders, Justin J",4,1,0,"Division of Palliative Care, Faculty of Medicine and Health Sciences, McGill University, Montreal, QC, Canada.; Division of Supportive and Palliative Care, McGill University Health Centre, Montreal, QC, Canada.",2025,,41204841 41127918 38105653 33848208
"Sanders, Justin",4,0,0,"McGill University, Montreal, Quebec, Canada.",2026,,41184102 41109203 37818641 32233936
"Sholevar, Roxanne",4,2,0,"Department of Supportive Oncology, Dana-Farber Cancer Institute, Boston, Massachusetts, USA.; Department of Medicine, Harvard Medical School, Boston, Massachusetts, USA.",2026,,41184102 41109203 39841075 37818641
"Bender, David A",4,3,0,"The University of Texas at Austin Dell Medical School, Austin, TX, USA. david.bender@austin.utexas.edu.; Washington University School of Medicine, Saint Louis, MO, USA. david.bender@austin.utexas.edu.",2026,david.bender@austin.utexas.edu; davidabender@wustl.edu,41139739 40326007 39928849 39020167
"Wang, Bo",4,0,0,"Department of Biological Sciences, University of Lethbridge, Lethbridge, AB T1K 3M4, Canada.",2025,,41105970 38397173 38137946 37623246
"Dickinson, Jonathan",4,0,0,"Ambio Life Sciences Inc, Vancouver, Canada.",2025,,41082525 38182784 32232967 30618175
"Santos-Brault, Eesmyal",4,0,0,"Quantified Citizen Technologies Inc., Vancouver, BC, Canada.",2026,,41073618 35902723 35773270 34795334
"Strauss, Nigel",4,1,0,"Centre for Mental Health & Brain Sciences, Swinburne University of Technology, Melbourne, VIC, Australia.; Millswyn Clinic, South Yarra, VIC, Australia.",2025,drnigel@bigpond.net.au,41050149 34803761 31752499 28918722
"Rossi, Giordano N",4,0,0,"Departamento de Neurociências e Ciências do Comportamento, Faculdade de Medicina de Ribeirão Preto, Universidade de São Paulo, Ribeirão Preto, SP, Brazil.",2026,,41024404 37937505 34220590 31065350
"Hébert, Johanne",4,0,0,"Department of Nursing Sciences, Universite du Quebec a Rimouski, Rimouski, Canada.; Centre de recherche du CISSS de Chaudière-Appalaches, Canada.",2025,,41008422 40739983 39379285 38253521
"Atasoy, Selen",4,1,0,"Centre for Eudaimonia and Human Flourishing, Linacre College, University of Oxford, Oxford, United Kingdom.; Center for Music in the Brain, Aarhus University, Aarhus, Denmark.",2025,,40940591 38853985 31132450 30471684
"Hokanson, Jamila",4,0,0,"Department of Psychiatry, Yale University, New Haven, CT, USA.",2025,,40908054 38435972 38264632 37181888
"Lazar, Michal",4,1,0,"Biological Psychiatry Laboratory and Hadassah BrainLabs Center for Psychedelic Research, Hebrew University, Ein Karem, Jerusalem, Israel.",2025,,40897865 40156912 39394457 38979304
"Zeifman, Richard",4,1,0,"NYU Center for Psychedelic Medicine, NYU Grossman School of Medicine, New York, NY 10016, USA.; Center for Psychedelic Research, Department of Brain Sciences, Imperial College London, London SW7 2AZ, UK.",2025,,40894046 40094838 37200873 35253514
"Neimeyer, Robert A",4,0,0,"Portland Institute for Loss and Transition, Portland, OR, United States.",2025,,40890317 40236490 39839135 35592178
"Sundram, Frederick",4,0,0,"Department of Psychological Medicine, Faculty of Medical and Health Sciences, University of Auckland, 22 Park Avenue, Grafton, Auckland, 1023, New Zealand. Electronic address: f.sundram@auckland.ac.nz.",2025,f.sundram@auckland.ac.nz,40889616 37798662 36325995 34360453
"Tyler, Marshall",4,0,0,"Future Wellness, University of the West Indies, 2 St. George's Close, Mona, Jamaica.",2026,,40802522 39727395 38341264 36990027
"Deschamps, Pierre",4,0,0,"McGill Research Group on Health and Law, McGill University, Montréal, QC, Canada.",2025,,40739983 40385526 39379285 38253521
"Neumann, Joachim",4,3,0,"Institut für Pharmakologie und Toxikologie, Medizinische Fakultät, Martin-Luther-Universität Halle-Wittenberg, Magdeburger Str. 4, 06097, Halle, Germany.",2025,,40732298 40000760 38876450 38370480
"Graziosi, Marianna",4,0,0,"Center for Psychedelic and Consciousness Research, Department of Psychiatry and Behavioral Sciences, Johns Hopkins University School of Medicine, Baltimore, Maryland, USA.; Department of Clinical Psychology, Hofstra University, Hempstead, New York, USA.",2025,,40668936 40351554 39230883 35677124
"Szafoni, Sandra",4,2,0,"Department of Psychiatry, Faculty of Medical Sciences in Zabrze, Medical University of Silesia, Tarnowskie Góry, Poland.",2025,,40656049 38919636 37241141 37074831
"Rohani-Shukla, Cyrus",4,0,0,"Department of Brain Sciences, Faculty of Medicine, Imperial College London, London, GBR.",2025,,40618640 39897296 39882198 39111558
"Offman, Hilary",4,0,0,"Canadian Rapid Treatment Centre of Excellence, Mississauga, ON, Canada.",2025,offmanh@rogers.com,40590216 38850581 38359838 35975555
"Bostoen, Tijmen",4,1,0,"Department of Psychiatry, Leiden University Medical Center, Leiden, the Netherlands; ARQ National Psychotrauma Centre, Centrum '45, Oegstgeest, the Netherlands. Electronic address: T.Bostoen@centrum45.nl.",2025,t.bostoen@centrum45.nl,40541316 40541315 39369173 32170326
"Jensen, Anders A",4,1,0,"Lophora ApS, 2920 Charlottenlund, Denmark.; Department of Drug Design and Pharmacology, Faculty of Health and Medical Sciences, University of Copenhagen, DK-2100 Copenhagen Ø, Denmark.",2025,,40534669 38648420 37783788 31657895
"Subramanian, Subha",4,2,0,"Department of Psychiatry, Beth Israel Deaconess Medical Center and Harvard Medical School, Boston, MA, 02215, USA. ssubram5@bidmc.harvard.edu.",2025,ssubram5@bidmc.harvard.edu,40533500 40473634 39020167 37701731
"Perry, Demetrius",4,0,0,"Department of Psychiatry, Washington University School of Medicine in St. Louis, St. Louis, MO, USA.",2025,,40533500 40473634 39020167 37701731
"Horan, Christine",4,0,0,"Miami VA Medical Center, Miami, FL, USA.",2025,,40533500 40473634 39020167 37701731
"de la Salle, Sara",4,1,0,"Department of Psychiatry, Faculty of Medicine, McGill University, Montreal, Canada.; Lady Davis Institute, Jewish General Hospital,Montreal, Canada.",2026,,40528492 40051481 39019922 34096755
"Zach, Peter",4,0,0,"National Institute of Mental Health, Topolová 748, Klecany, 250 67, Czechia.",2025,,40522607 37336163 35743788 33343372
"O'Brien, Steve",4,1,0,"Department of Brain Sciences, Imperial College London, London, UK.; Department of Brain Sciences,Faculty of Medicine, Imperial College London, London, UK.",2025,,40492610 39882724 33601929 31308191
"Barlow, Caine",4,0,0,"Entheome Foundation, Oakland, California, USA.; Entheogenesis Australis, Belgrave, VIC, Australia.",2025,caine@entheogenesis.org,40490153 39727395 38052161 36587787
"Andersen, Kristoffer A A",4,2,0,"Section for Clinical Addiction Research (RusForsk), Oslo University Hospital, Oslo, Norway.",2025,kranan@ous-hf.no,40466556 40276609 38025484 33125716
"Gaca, Zuzanna",4,0,0,"Department of Clinical Research and Development, LUXMED Group, Warsaw, Poland.",2025,,40440859 40279353 40245934 39754904
"Shao, Samantha",4,0,0,"Department of Psychiatry, University of California, San Diego, CA, USA.",2025,,40420197 38988455 37488291 36322843
"Naeem, Marilyn",4,0,0,"Department of Chemistry & Biochemistry, University of Massachusetts Dartmouth, North Dartmouth, MA 02747, United States.",2025,,40418247 39636099 37082754 36407948
"Chen-Li, David",4,0,0,"Mood Disorders Psychopharmacology Unit, Poul Hansen Depression Center, University Health Network, Toronto, ON, Canada.; Institute of Medical Science, University of Toronto, Toronto, ON, Canada.",2026,david.chen-li@uhn.ca,40354769 39360403 38850581 32954860
"Di Vincenzo, Joshua D",4,0,0,"Poul Hansen Family Centre for Depression, Mood Disorders Psychopharmacology Unit, University Health Network, Toronto, Ontario, Canada. Electronic address: joshua.divincenzo@uhnresearch.ca.",2025,joshua.divincenzo@uhnresearch.ca; joshua.divincenzo@uhn.ca,40354769 38570038 38244804 35905796
"Demetriou, Lysia",4,0,0,"Perceptive Inc. (formerly Invicro LLC), Hammersmith Hospital, London (Wall, Demetriou, Ertl); Department of Metabolism, Digestion, and Reproduction (Wall, Ertl) and Centre for Psychedelic Research, Division of Psychiatry, Department of Brain Sciences, Faculty of Medicine (Wall, Ertl, Giribaldi, Rose",2025,,40329640 31941394 29288686 29030624
"Robinson, Gregory Ian",4,3,0,"Department of Biological Sciences, University of Lethbridge, Lethbridge, AB T1K 3M4, Canada.",2025,,40283890 38137946 37623246 36985596
"Gerasymchuk, Marta",4,0,0,"Department of Biological Sciences, University of Lethbridge, Lethbridge, AB T1K 3M4, Canada.",2025,,40283890 38137946 37623246 36985596
"Li, Dongping",4,0,0,"Department of Biological Sciences, University of Lethbridge, Lethbridge, AB T1K 3M4, Canada.",2025,,40283890 38137946 37623246 36985596
"Hudson, Darryl",4,0,0,"GoodCap Pharmaceuticals, 520 3rd Avenue SW, Suite 1900, Calgary, AB T2P 0R3, Canada.",2025,,40283890 38137946 37623246 36985596
"Verroust, V",4,0,0,"Unité de Recherche Psychiatrie-Comorbidités-Addictions, PSYCOMADD - Paris Saclay University Île-de-France, Villejuif, France.; Université Picardie-Jules Vernes, Amiens, France.",2025,,40277080 40010428 38961652 38579460
"Reiche, Simon",4,2,0,"Charité - Universitätsmedizin Berlin, corporate member of Freie Universität Berlin, Humboldt-Universität zu Berlin, and Berlin Institute of Health, Department of Psychiatry and Psychotherapy, Campus Charité Mitte, Charité Universitätsmedizin Berlin, Charitéplatz 1, 10117 Berlin, Germany. Electronic ",2025,simon.reiche@charite.de,40174857 39741155 34603053 28947181
"Roberts, Daniel E",4,0,0,"Center for Psychedelic Medicine, Department of Psychiatry, New York University Grossman School of Medicine, New York, NY, USA.",2026,,40081794 39921237 37608057 37200873
"Morunga, Eva",4,0,0,"Te Toka Tumai - Auckland City Hospital, Te Whatu Ora Health New Zealand, Auckland, New Zealand.",2025,,40080763 39230415 38773523 36325995
"Stansfield, Susan C",4,0,0,"Compass Pathfinder Ltd (a subsidiary of Compass Pathways plc), London, United Kingdom.",2025,,40047545 37443386 36740140 36322843
"Dorsen, Caroline",4,2,0,"Rutgers School of Nursing, Newark, NJ, USA.",2025,,40042324 39834311 39699865 31534445
"Al-Imam, Ahmed",4,4,0,"Department of Computer Science and Statistics, Poznan University of Medical Sciences, 61-806, Poznan, Poland. ahmed.al.imam@student.ump.edu.pl.; Doctoral School, Poznan University of Medical Sciences, 61-806, Poznan, Poland. ahmed.al.imam@student.ump.edu.pl.; Department of Anatomy and Cellular Biolo",2025,ahmed.al.imam@student.ump.edu.pl,40032797 37375778 35682204 28948056
"Kamphuis, Jeanine",4,0,0,"Department of Psychiatry, University Medical Center Groningen, Groningen, the Netherlands.",2025,,39788410 38316896 36322843 36017784
"Lennard-Jones, Molly",4,0,0,"Compass Pathways, London (Kirlić, Lennard-Jones, Atli, Malievskaia, Gaillard, Goodwin, Koelpin); Institute of Psychiatry, Psychology, and Neuroscience, King's College London (Modlin); School of Medicine, University of California San Diego, San Diego (Peck).",2025,,39741434 36707036 35090363 33643087
"Rockefeller, Alan",4,0,0,"Entheome Foundation, Oakland, California, USA.; Counter Culture Labs, Oakland, California, USA.",2025,,39727395 41836496 37961470 36430546
"Mallet, Luc",4,0,0,"Univ Paris-Est Créteil, DMU IMPACT, Département Médical-Universitaire de Psychiatrie et d'Addictologie, Hôpitaux Universitaires Henri Mondor - Albert Chenevier, Assistance Publique-Hôpitaux de Paris, Créteil, France.; Sorbonne Université, Institut du Cerveau-Paris Brain Institute-ICM, Inserm, CNRS, ",2025,,39592825 38279085 37557019 36191546
"Poulter, Bruce",4,0,0,"Aguazul- Bluewater, Inc., Boulder, CO, United States.",2024,jennifer.mitchell@ucsf.edu,39559692 37404971 33972795 30371148
"Rogge, Kai",4,1,0,"Institute of Pharmacy, Friedrich Schiller University, Jena, Germany.; Research Group Pharmaceutical Microbiology, Leibniz Institute of Natural Product Research and Infection Biology, Hans Knöll Institute, Jena, Germany.",2025,,39449146 39413044 38548735 35583969
"Kisaki, Natali D",4,1,0,"Department of Health Sciences, Universidade Estadual de Santa Cruz, Ilhéus, BA, 45662-900, Brazil.",2024,,39443587 35253069 32676773 29896106
"Berro, Lais F",4,0,0,"Department of Health Sciences, Universidade Estadual de Santa Cruz, Ilhéus, BA, 45662-900, Brazil. lberro@umc.edu.; Department of Psychiatry and Human Behavior, Center for Innovation and Discovery in Addictions, University of Mississippi Medical Center, 2500 N State St, Jackson, MS, 39216, USA. lber",2024,lberro@umc.edu,39443587 32676773 29896106 29740355
"van der Kolk, Bessel",4,0,0,"Boston University School of Medicine, Boston, MA, USA.",2024,jennifer.mitchell@ucsf.edu,39375459 37709999 37404971 33972795
"Gelfand, Yevgeniy",4,0,0,"Zen Therapeutic Solutions, Mt. Pleasant, SC, USA.",2024,jennifer.mitchell@ucsf.edu,39375459 37709999 37404971 33972795
"Quevedo, Sylvestre",4,0,0,"Department of Psychiatry and Behavioral Sciences, University of California, San Francisco, San Francisco, CA, USA.; San Francisco Insight and Integration Center, San Francisco, CA, USA.",2024,jennifer.mitchell@ucsf.edu,39375459 37709999 37404971 33972795
"Kleiman, Sarah",4,0,0,"Kleiman Consulting and Psychological Services, PC, Ivyland, PA, USA.",2024,jennifer.mitchell@ucsf.edu,39375459 37709999 37404971 33972795
"Parker-Guilbert, Kelly",4,0,0,"KPG Psychological Services, LLC, Brunswick, ME, USA.",2024,jennifer.mitchell@ucsf.edu,39375459 37709999 37404971 33972795
"Tzarfaty, Keren",4,0,0,"University of Haifa, Haifa, Israel.; MAPS Israel, Hod Hasharon, Israel.",2024,jennifer.mitchell@ucsf.edu,39375459 37709999 37404971 33972795
"Moore, Claire",4,0,0,"Cancer Therapies, Stem Cell Medicine, Murdoch Children's Research Institute, Parkville, Victoria, Australia.; Department of Paediatrics, The University of Melbourne, Melbourne, Victoria, Australia.",2025,,39345195 36862829 35524316 35326338
"Tseng, Ping-Tao",4,0,0,"Institute of Biomedical Sciences, National Sun Yat-sen University, Kaohsiung, Taiwan.; Department of Psychology, College of Medical and Health Science, Asia University, Taichung, Taiwan.; Prospect Clinic for Otorhinolaryngology and Neurology, Kaohsiung, Taiwan.; Institute of Precision Medicine, Nati",2024,,39193583 39168500 35207210 34619818
"Hsu, Chih-Wei",4,0,0,"Department of Psychiatry, Kaohsiung Chang Gung Memorial Hospital and Chang Gung University College of Medicine, Kaohsiung, Taiwan.",2024,,39193583 39168500 35207210 34619818
"Hovmand, Oliver Rumle",4,4,0,"Psychiatry South, Region Zealand Psychiatry, Vordingborg, Denmark.; Psychiatric Research Unit, Region Zealand Psychiatry, Slagelse, Denmark.; Neurobiological Research Unit, Copenhagen University Hospital, Copenhagen, Denmark.; Department of Clinical Medicine, University of Copenhagen, Copenhagen, De",2025,,39135498 38225795 37969069 37403379
"Mitchell, Jennifer",4,1,0,"Department of Psychiatry and Behavioral Sciences, University of California, San Francisco, Sandler Neurosciences Bldg., Rm 510, 675 Nelson Rising Lane, San Francisco, CA, 94143, USA.; Department of Neurology, University of California, San Francisco, San Francisco, CA, USA.",2024,jennifer.mitchell@ucsf.edu,39095420 34635856 33257322 33150319
"Leão, Katarina E",4,0,0,"Hearing and Neuronal Activity Lab, Brain Institute, Federal University of Rio Grande do Norte, Natal, RN, Brazil. katarina.leao@ufrn.br.",2025,katarina.leao@ufrn.br,38987574 38969716 38760450 31923390
"Tatalović, Nikola",4,2,0,"Department of Physiology, Institute for Biological Research ""Siniša Stanković""-National Institute of the Republic of Serbia, University of Belgrade, Bulevar Despota Stefana 142, 11060 Belgrade, Serbia.",2024,,38928231 35054409 34829663 29599898
"Adams, Alexandra M",4,2,0,"Department of Chemical, Paper, and Biomedical Engineering, Miami University, Oxford, Ohio, USA.",2024,adamsam8@miamioh.edu,38888046 37337917 35310468 31550507
"de Lima Osório, Flávia",4,0,0,"Department of Neurosciences and Behavior, Ribeirão Preto Medical School, University of São Paulo, Ribeirão Preto, SP, Brazil.; National Institute of Science and Technology, Translational Medicine, Ribeirão Preto, SP, Brazil.",2021,,38820373 33843820 33118052 26650973
"Vargas, Maxemiliano V",4,1,0,"Institute for Psychedelics and Neurotherapeutics, University of California, Davis, Davis, CA, USA.",2025,,38743110 36630260 34671279 33299186
"Lotan, Amit",4,0,0,"Biological Psychiatry Laboratory and Hadassah BrainLabs Center for Psychedelic Research, Hadassah Medical Center, Hebrew University, Jerusalem, Israel.",2024,,38698823 38378926 37164956 36430623
"Brendle, Madeline",4,0,0,"Numinus Wellness, Draper, UT, USA.; Department of Pharmacotherapy, University of Utah College of Pharmacy, SLC, UT, USA.",2024,,38654554 36862829 35524316 35326338
"Michels, Lars",4,0,0,"Department of Neuroradiology, University Hospital Zurich, Neuroscience Center Zurich (ZNZ), University of Zurich and ETH Zurich, Zurich, Switzerland.",2024,,38654063 38531905 37838755 28711736
"Knuijver, Thomas",4,3,0,"IrisZorg, Nijmegen, The Netherlands.; Nijmegen Institute for Scientist-Practitioners in Addiction, Nijmegen, The Netherlands.",2024,m.belgers@iriszorg.nl,38519421 34859515 33620733 30300292
"Belgers, Maarten",4,0,0,"IrisZorg, Nijmegen, The Netherlands.; Nijmegen Institute for Scientist-Practitioners in Addiction, Nijmegen, The Netherlands.",2024,,38519421 34859515 33620733 30300292
"Shnayder, Sarah",4,1,0,"Teachers College, Columbia University, New York, New York, USA.",2024,sarah.shnayder@sunstonetherapies.com,38435972 38264632 38105655 36513161
"Johansen, Sys S",4,0,0,"Department of Forensic Medicine, Section of Forensic Chemistry, Faculty of Health and Medical Sciences, University of Copenhagen, Copenhagen, Denmark.",2024,,38238974 34246868 30846853 30685771
"Mithoefer, Ann T",4,0,0,"MAPS Public Benefit Corporation (MPBC), San Jose, CA, USA.",2024,,38174611 30890035 29728331 28635375
"Jackson, Laura Kate",4,0,0,"Integrated Research Literacy Group, Draper, UT, United States.",2023,,38076677 36846226 35326338 34867548
"Simão, Ana Y",4,3,0,"Centro de Investigação em Ciências da Saúde, Universidade da Beira Interior (CICS-UBI), 6201-506 Covilhã, Portugal.; Laboratório de Fármaco-Toxicologia, UBIMedical, Universidade da Beira Interior, 6200-000 Covilhã, Portugal.",2023,anaaysa95@gmail.com,38004320 33669160 33260723 31635364
"Miceli McMillan, Riccardo",4,4,0,"Faculty of Medicine, Mayne Medical School, University of Queensland, Herston, QLD, Australia.; Faculty of Arts and Education, Deakin University, Burwood, VIC, Australia.",2024,riccardo.micelimcmillan@uqconnect.edu.au,37927156 36384307 35064398 33148774
"Duerler, Patricia",4,2,0,"Department of Psychiatry, Psychotherapy and Psychosomatics, Psychiatric University Hospital Zurich, Lenggstrasse 31, Zurich, Switzerland.",2023,,37838755 35274296 34255821 32111343
"Pilecki, Brian",4,1,0,"Portland Psychotherapy Clinic, Research, and Training Center, Portland, OR, United States.",2023,bpilecki@portlandpsychotherapy.com,37520237 34739165 34468293 33827588
"Stokłosa, Iga",4,1,0,"Department and Clinic of Psychiatry, Medical University of Silesia, 42-612 Tarnowskie Góry, Poland.",2023,,37496681 37241141 36767234 34451890
"Baker-Jones, Michelle",4,0,0,"Centre for Psychedelic Research, Division of Academic Psychiatry, Imperial College London, London, UK.",2024,,37466289 37264814 35431912 33852780
"Stämpfli, Philipp",4,0,0,"Department of Psychiatry, Psychotherapy and Psychosomatics, Psychiatric Hospital, University of Zurich, Switzerland; MR Center, Psychiatric University Hospital, University of Zurich, Switzerland.",2024,,37459910 34255821 32111343 27091970
"Coker, Allison",4,0,0,"Department of Neurology, University of California San Francisco, San Francisco, CA, USA. Department of Psychiatry and Behavioral Sciences, University of California San Francisco, San Francisco, CA, USA. Department of Psychiatry, New York University Grossman School of Medicine, New York, NY, USA. Mul",2023,jennifer.mitchell@ucsf.edu,37404971 35286849 34635856 33972795
"Silveira, Gabriela de Oliveira",4,2,0,"School of Pharmaceutical Sciences, University of Sao Paulo, Ribeirão Preto, Brazil.",2022,silveirago@usp.br,37335211 35107855 33592724 33134270
"Podrebarac, Samantha K",4,0,0,"NYU Langone Center for Psychedelic Medicine, Department of Psychiatry, New York University Grossman School of Medicine, New York, New York, USA.",2023,,40046728 36332827 29666578 29515439
"Pham, Duyen N K",4,0,0,"Department of Chemistry and Biochemistry, University of Massachusetts Dartmouth, North Dartmouth, Massachusetts 02747, United States.",2023,,37082754 36407948 35874244 35583969
"Favaro, Vanessa Manchim",4,1,0,"Division of Neuromuscular Diseases, Department of Neurology and Neurosurgery, Federal University of São Paulo (UNIFESP), São Paulo, Brazil.",2023,,36863501 35378111 34530685 26716991
"Forstmann, Matthias",4,3,0,"University of Zurich, Zurich, Switzerland.",2023,matthias.forstmann@mail.com; molly.crockett@yale.edu,36601974 33335742 31964815 28631526
"Maia-de-Oliveira, João Paulo",4,0,0,"Onofre Lopes University Hospital, Federal University of Rio Grande do Norte, Natal, RN, Brazil.; National Science and Technology Institute for Translational Medicine, São Paulo, Brazil.; Department of Clinical Medicine, Federal University of Rio Grande do Norte, Natal, RN, Brazil.",2022,,36545037 32648790 31231276 26650973
"Forcehimes, Alyssa A",4,0,0,"The Change Companies, Carson City, Nevada.",2022,,36332827 36001306 29515449 25586396
"Knight, Gemma",4,0,0,"Centre for Affective Disorders, Institute of Psychiatry, Psychology and Neuroscience, King's College London, London, United Kingdom.",2022,,36322843 35923458 34853114 32627308
"Lui, Leanna M W",4,0,0,"Mood Disorders Psychopharmacology Unit, Poul Hansen Family Centre for Depression, University Health Network, 399 Bathurst Street, MP 9-325, Toronto, ON, M5T 2S8, Canada.",2022,,36097251 35905796 34791625 34048997
"Danforth, Alicia L",4,3,0,"The Lundquist Institute, Harbor-UCLA Medical Center, Torrance, CA, USA.",2022,adanforth@labiomed.org,35973601 30909821 30196397 25818246
"Frecska, Ede",4,2,0,"Department of Psychiatry, Faculty of Medicine, University of Debrecen, Nagyerdei Krt 98, H-4032 Debrecen, Hungary.",2022,efrecska@hotmail.com,35625734 27390204 26973523 26485742
"Cantillo, Jordi",4,0,0,"International Center for Ethnobotanical Education, Research and Services (ICEERS), Barcelona, Spain.",2022,,35592178 34025402 31938878 28556759
"Singhal, Nikhita",4,0,0,"Department of Psychiatry, University of Toronto, Toronto, Ontario, Canada.",2022,,35551500 35044730 33860173 33118052
"Santos, Beatriz Werneck Lopes",4,2,0,"Laboratory of Toxicology, Department of Pharmacy, Faculty of Health Sciences, University of Brasilia, Brasilia 70910-900, Brazil.",2022,,35458698 34596814 32660098 32103409
"James, Edward",4,4,0,"School of Pharmacy and Pharmaceutical Sciences, Cardiff University, Cardiff, UK.",2022,,35301759 35175662 32573835 30763121
"Richards, Brian D",4,0,0,"Department of Psychiatry and Behavioral Sciences, Center for Psychedelic and Consciousness Research, Johns Hopkins School of Medicine, Baltimore, Maryland, USA.; The Bill Richards Center for Healing, Sunstone Therapies, Aquilino Cancer Center, Rockville, Maryland, USA.",2022,,35285721 33643087 29020861 27909165
"Barros-Santos, Thaísa",4,0,0,"Department of Biological Sciences, Universidade Estadual de Santa Cruz, Ilhéus, BA, Brazil.",2022,,35253069 34621171 32676773 29896106
"O'Shaughnessy, David M",4,2,0,"Department of Psychology, University of California, Berkeley, United States.",2022,,34933085 34149407 33717431 32800077
"Franquesa, Alba",4,1,0,"Psychiatry Service, Hospital de la Santa Creu i Sant Pau, Barcelona, Spain.",2022,,34411343 30406413 29674223 26612618
"de Oliveira Silveira, Gabriela",4,1,0,"Department of Clinical and Toxicological Analyses, School of Pharmaceutical Sciences, University of São Paulo, São Paulo 05508-000, Brazil.",2020,,34166299 33843820 32365548 29903051
"Riba, J",4,0,0,"Department of Neuropsychology and Psychopharmacology, Faculty of Psychology and Neuroscience, Maastricht University, Maastricht, The Netherlands.",2021,,33694031 30982127 30105399 27435062
"Sanches, Rafael F",4,0,0,"Departamento de Neurociências e Ciências do Comportamento, Faculdade de Medicina de Ribeirão Preto, Universidade de São Paulo, Ribeirão Preto, SP, Brazil.; Instituto Nacional de Ciência e Tecnologia Translacional em Medicina (INCT-TM), Ribeirão Preto, SP, Brasil.",2021,,33118052 33053072 27230395 25806551
"Onias, Heloisa",4,0,0,"Brain Institute, Federal University of Rio Grande do Norte (UFRN),Natal/RN,Brazil.",2019,,33266844 29903051 29867608 28785066
"Maia-de-Oliveira, João P",4,0,0,"Onofre Lopes University Hospital, UFRN,Natal/RN,Brazil.",2019,,30427388 29903051 29867608 25806551
"Valle, Marta",4,1,0,"Department of Pharmacology and Therapeutics, Universitat Autònoma de Barcelona (UAB), Barcelona, Spain.; Centro de Investigación Biomédica en Red de Salud Mental, CIBERSAM, Barcelona, Spain.; Pharmacokinetic and Pharmacodynamic Modelling and Simulation, Sant Pau Institute of Biomedical Research (IIB",2019,,30406413 28525587 27039035 26874330
"Friedlander, Pablo",4,0,0,"School of Medicine, Autonomous University of Barcelona, Barcelona, Spain; Human Neuropsychopharmacology Research Group, Sant Pau Institute of Biomedical Research, Barcelona, Spain; Pharmacokinetic and Pharmacodynamic Modelling and Simulation, Sant Pau Institute of Biomedical Research, Barcelona, Spa",2017,,28525587 27039035 26976063 26612618
"Vandrey, Ryan",3,0,3,"Behavioral Pharmacology Research Unit, Department of Psychiatry and Behavioral Sciences, Johns Hopkins University School of Medicine, Baltimore, MD, USA.",2026,,42649324 37947321 29682608
"Hiramatsu, Masayuki",3,0,3,"Department of Chemical Pharmacology, Faculty of Pharmacy, Meijo University, Nagoya, Japan.; Department of Chemical Pharmacology, Graduate School of Pharmacy, Meijo University, Nagoya, Japan.",2026,mhiramt@meijo-u.ac.jp,42379141 37874338 37461593
"Guertin, Jason Robert",3,0,3,"Faculty of Medicine, Université Laval, Québec City, QC, Canada.; Population Health and Optimal Health Practices.",2026,,42278812 41804100 41601251
"Batalla, Albert",3,0,3,"Department of Psychiatry, University Medical Center Utrecht Brain Center, University Medical Center Utrecht, Utrecht, The Netherlands.",2026,,42130778 39033264 36846225
"Thompson, Scott M",3,0,3,"Laboratory of Translational Psychiatry, Department of Psychiatry, University of Colorado School of Medicine, Anschutz Medical Campus, Aurora, Colorado 80045, United States.",2025,scott.m.thompson@cuanschutz.edu; sthompson@som.umaryland.edu,41789300 36921889 33850049
"Caballero, Joshua",3,0,3,"University of Georgia College of Pharmacy, Athens, GA, USA.",2026,,41784123 38598236 37842360
"Bell, J Simon",3,0,3,"Centre for Medicine Use and Safety, Faculty of Pharmacy and Pharmaceutical Sciences, Monash University, Melbourne, VIC, Australia.",2026,simon.bell2@monash.edu,41633448 40683535 39979849
"Castelo-Branco, Miguel",3,0,3,"Coimbra Institute for Biomedical Imaging and Translational Research (CIBIT), University of Coimbra, Coimbra 3000-548, Portugal.; Institute of Nuclear Sciences Applied to Health (ICNAS), University of Coimbra, Coimbra 3000-548, Portugal.; Faculty of Medicine (FMUC), University of Coimbra, Coimbra 300",2026,,41619760 39380091 34658876
"Zhao, Rui-Lin",3,0,3,"State Key Laboratory of Microbial Diversity and Innovative Utilization, Institute of Microbiology, Chinese Academy of Sciences, Beijing 100101, China Sichuan Agricultural University Chengdu China.; College of Life Sciences, University of Chinese Academy of Sciences, Huairou District, Beijing, 100408",2026,,41607716 39852464 38535228
"Szulc, Agata",3,0,3,"Department of Psychiatry, Faculty of Health Sciences, Medical University of Warsaw, Warsaw, Poland.",2025,,40781763 39529900 38742125
"Haass-Koffler, Carolina L",3,0,3,"Department of Psychiatry and Human Behavior, Warren Alpert Medical School, Brown University, Providence, RI, USA.; Center for Alcohol and Addiction Studies, Brown University, Providence, RI, USA.; Department of Behavioral and Social Sciences, School of Public Health, Brown University, Providence, RI",2025,carolina_haass-koffler@brown.edu,40640527 39262902 38683460
"Schoevers, Robert",3,0,3,"Department of Psychiatry, Research School of Behavioural and Cognitive Neurosciences, University of Groningen, University Medical Center Groningen, Groningen, the Netherlands.",2025,,40541316 40541315 38316896
"Kaye, Walter H",3,0,3,"Department of Psychiatry, University of California, San Diego, CA, USA.",2025,wkaye@health.ucsd.edu,40420197 38988455 37488291
"Fink-Jensen, Anders",3,0,3,"Psychiatric Center Copenhagen, Frederiksberg Hospital, University of Copenhagen, Frederiksberg, Denmark.; Faculty of Health and Medical Sciences, Department of Clinical Medicine, University of Copenhagen, Kobenhavn, Denmark.",2025,,40018886 36241352 36173202
"Facchini, Peter J",3,0,3,"Enveric Biosciences, Inc., 3655 36 Street NW, Calgary, Alberta T2L 1Y8, Canada.; Department of Biological Sciences, University of Calgary, Calgary, Alberta T2N 1N4, Canada.",2024,pfacchin@ucalgary.ca,39288539 37983270 37690691
"Faron-Górecka, Agata",3,0,3,"Department of Pharmacology, Maj Institute of Pharmacology Polish Academy of Sciences, Kraków, Poland. gorecka@if-pan.krakow.pl.",2025,gorecka@if-pan.krakow.pl,39030424 38963553 37882914
"Sigurdsson, Engilbert",3,0,3,"Mental Health Services, Landspitali University Hospital, Faculty of Medicine, University of Iceland.",2024,,38713560 37909445 36040772
"D'Souza, Deepak Cyril",3,0,3,"Department of Psychiatry, Yale School of Medicine, New Haven, Connecticut; Clinical Neuroscience Research Unit, Connecticut Mental Health Center, New Haven, Connecticut; VA Connecticut Healthcare System, West Haven, Connecticut. Electronic address: deepak.dsouza@yale.edu.",2024,deepak.dsouza@yale.edu,38632313 38301886 36938991
"Courtet, Philippe",3,0,3,"Centre Hospitalier Universitaire Montpellier, Montpellier, France aistelengvai@gmail.com.",2023,aistelengvai@gmail.com,36812445 34959614 33324259
"Oliveira, Maria Gabriela Menezes",3,0,3,"Department of Psychobiology, Federal University of São Paulo (Unifesp), São Paulo, Brazil.; Interdisciplinary Cooperation for Ayahuasca Research and Outreach (Icaro), School of Medical Sciences, State University of Campinas (Unicamp), State University of Campinas, Campinas, Brazil.",2022,gabriela.oliveira@unifesp.br,35378111 34530685 26716991
"Eloff, Jacobus N",3,0,3,"Phytomedicine Programme, Paraclinical Sciences Department, University of Pretoria, Onderstepoort, Pretoria, Gauteng, 0110, South Africa.",2021,,34385833 33339902 32878164
"Musah, Rabi A",3,0,3,"Department of Chemistry, University at Albany-State University of New York (SUNY), 1400 Washington Avenue, Albany, New York 12222, United States.",2020,rmusah@albany.edu,33195905 29974424 27348465
"Yu, Ai-Ming",3,0,3,"Department of Biochemistry & Molecular Medicine, UC Davis School of Medicine, Sacramento, CA, USA. Electronic address: aimyu@ucdavis.edu.",2016,aimyu@ucdavis.edu,27709018 26977821 25446678
"Lang, Undine E",3,0,2,"University of Basel, Department of Psychiatry (UPK), 4012 Basel, Switzerland.",2026,,42600572 39889565 30471679
"Zhang, Liming",3,0,2,"State Key Laboratory of Toxicology and Medical Countermeasures, Beijing Institute of Pharmacology and Toxicology, Beijing Key Laboratory of Neuropsychopharmacology, Beijing, China.",2026,,42365496 38680011 37000971
"Preller, K H",3,0,2,"Department of Adult Psychiatry and Psychotherapy, University Hospital of Psychiatry Zurich, University of Zurich, Zurich, Switzerland.",2026,,42208423 39695323 29703645
"Daws, Stephanie E",3,0,2,Center for Substance Abuse Research.; Department of Neural Sciences.,2026,stephanie.daws@temple.edu,42186402 39433903 38854027
"Skipper, Jeremy I",3,0,2,"Experimental Psychology, University College London, London, UK.",2026,,42175700 41819589 40700019
"Pozo, Oscar J",3,0,2,"Applied Metabolomics Research Group, Hospital del Mar Research Institute, Barcelona 08003, Spain.",2026,opozo@imim.es,42030660 37944438 35339828
"Allen, John J B",3,0,2,"Department of Psychology, University of Arizona, Tucson, AZ, USA.",2026,,41825921 41723946 34784024
"Miklowitz, David J",3,0,2,"UCLA Semel Institute for Neuroscience and Human Behavior, David Geffen School of Medicine, University of California, Los Angeles, United States of America.",2026,,41707717 40440674 40046861
"Mattarei, Andrea",3,0,2,"Department of Pharmaceutical and Pharmacological Sciences, University of Padua, Padua, Italy.",2026,andrea.mattarei@unipd.it,41586631 41475502 40957728
"Cheng, Jianjun",3,0,2,"iHuman Institute, ShanghaiTech University, 393 Middle Huaxia Road, Shanghai 201210, China.; School of Life Science and Technology, ShanghaiTech University, 393 Middle Huaxia Road, Shanghai 201210, China.",2025,,41087124 38033123 35084960
"Sandtner, Walter",3,0,2,"Institute of Pharmacology, Center of Physiology and Pharmacology, Medical University of Vienna, Vienna, Austria. walter.sandtner@meduniwien.ac.at.",2025,walter.sandtner@meduniwien.ac.at,41051709 37137306 36648438
"Cordner, Zachary A",3,0,2,"Department of Psychiatry and Behavioral Sciences, Johns Hopkins University School of Medicine, Baltimore, MD, USA.; MindWork Group, Baltimore, MD, USA.",2025,zcordner@mindworkgroup.com; zac@jhmi.edu,41048658 38964565 36646257
"Kamińska, Justyna",3,0,2,"Faculty of Psychology, University of Warsaw, Warsaw, Poland.",2025,,40959683 40051051 37926796
"Fernandez, Anthony Vincent",3,0,2,"Department of Sports Science and Clinical Biomechanics, University of Southern Denmark, Odense, Denmark.; Danish Institute for Advanced Study, University of Southern Denmark, Odense, Denmark.",2025,,40898376 37927156 36384307
"Brunt, Tibor M",3,1,2,"PhD, Department of Psychiatry, Amsterdam UMC, University of Amsterdam, P.O. Box 22660, 1100 DD, Amsterdam, The Netherlands. orbit.biomed@gmail.com.",2025,orbit.biomed@gmail.com,40849544 27243280 26807959
"Lacey, Cameron",3,1,2,Elimbias Health; University of Canterbury.,2025,,40638925 37589380 36779424
"Corder, Gregory",3,0,2,"Department of Psychiatry, Perelman School of Medicine, University of Pennsylvania, Philadelphia, PA, USA. gcorder@upenn.edu.; Department of Neuroscience, Mahoney Institute for Neurosciences, Perelman School of Medicine, University of Pennsylvania, Philadelphia, PA, USA. gcorder@upenn.edu.; Departmen",2025,gcorder@upenn.edu,40419686 38352491 37802267
"Lopez-Castroman, Jorge",3,0,2,"Department of Psychiatry, CHU Nîmes, University of Montpellier, Nîmes, France.; Department of Psychiatry, Public Health, Radiology, Nursing and Medicine, University of Santiago de Compostela, Santiago de Compostela, Spain.; Centro de Investigacion Biomédica en Red de Salud Mental, Madrid, Spain.",2025,,40353492 35953638 34959614
"Schmidt, Timo Torsten",3,0,2,"Department of Psychiatry and Psychotherapy, Berlin Institute of Health, Charité Universitätsmedizin Berlin, Humboldt-Universität zu Berlin, Berlin, Germany.; Neurocomputation and Neuroimaging Unit, Department of Education and Psychology, Freie Universität Berlin, Berlin, Germany.",2025,,40165350 37284524 35294453
"Gruber, Aaron J",3,0,2,"Canadian Center for Behavioural Neuroscience, Department of Neuroscience, University of Lethbridge, Lethbridge, Alberta, Canada.",2024,,39364682 38298796 38115411
"Hren, Darko",3,0,2,"Department of Psychology, Faculty of Humanities and Social Sciences, University of Split, Split, Croatia.",2024,,39134670 38855648 37921118
"Xu, Fei",3,0,2,"School of Public Health, Ningxia Key Laboratory of Environmental Factors and Chronic Diseases Control, Ningxia Medical University, Yinchuan, Ningxia, China; Physical and Chemical Department, Ningxia Hui Autonomous Region Center for Disease Control and Prevention, Yinchuan, Ningxia, China. Electronic",2024,lengyue0524@163.com,38971474 36761319 36386664
"Naassila, Mickaël",3,0,2,"INSERM UMR 1247 GRAP, Groupe de Recherche sur l'Alcool et les Pharmacodépendances, Centre Universitaire de Recherche en Santé (CURS), Université de Picardie Jules Verne, 80025 Amiens Cedex 1, France.",2024,,38703387 38018944 34788104
"Davoli, Christopher C",3,0,2,"Department of Psychology, Central Michigan University, Mount Pleasant, MI, USA.",2025,,38310541 32194129 30836890
"White, C Michael",3,1,2,"University of Connecticut School of Pharmacy, Storrs, CT, USA.; Department of Research Administration, Hartford Hospital, Hartford, CT, USA.",2024,,38111216 36635883 34708874
"De Berardis, Domenico",3,0,2,"Department of Psychiatry, Azienda Sanitaria Locale 4, 64100 Teramo, Italy.; School of Nursing, University of L'Aquila, 67100 L'Aquila, Italy.; International Centre for Education and Research in Neuropsychiatry, Samara State Medical University, 443100 Samara, Russia.",2023,,37987270 32220028 29209235
"Pilc, Andrzej",3,1,2,"Department of Nutrition and Drug Research, Faculty of Health Sciences, Institute of Public Health, Jagiellonian University Medical College, Kraków, Poland.; Department of Neurobiology, Maj Institute of Pharmacology, Polish Academy of Sciences, Kraków, Poland.",2023,pilc@if-pan.krakow.pl,37932583 37817501 35934973
"Raz, Amir",3,0,2,"Lady Davis Institute for Medical Research, 293290Institute for Community and Family Psychiatry, Jewish General Hospital, Montreal, QC, Canada.; Departments of Psychiatry, Psychology, and Neurology &amp; Neurosurgery, 5620McGill University, Montreal, QC, Canada.; Montreal Neurological Institute, 5620",2022,,36317302 36031848 32144438
"Gerber, Konstantin",3,1,2,Fundamental Rights Research Group (CNPQ-PUC/SP).,2022,,36263512 34986699 33860186
"Koenig, Xaver",3,1,2,"Department of Neurophysiology and -Pharmacology, Center for Physiology and Pharmacology, Medical University of Vienna, Vienna, Austria.",2022,xaver.koenig@meduniwien.ac.at,34871422 27020671 25642835
"Kalueff, Allan V",3,1,2,"School of Pharmaceutical Sciences, Southwest University, Chongqing 400700, China; ZENEREI Research Center, 309 Palmer Court, Slidell, LA 70458, USA; The International Zebrafish Neuroscience Research Consortium (ZNRC), Slidell 70458, LA, USA; Institute of Translational Biomedicine, St. Petersburg Sta",2017,avkalueff@gmail.com,28947075 28479267 27002655
"Maillet, Emeline L",3,1,2,"DemeRx, Inc., R&D Laboratory, University of Miami Life Science and Tech Park. Blg 1, 1951 NW 7th Ave, Suite 300, Miami, FL 33136, USA. Electronic address: author@demerx.com.",2017,author@demerx.com; emailletlaure@gmail.com; emaillet@demerx.us,28479267 27044509 26302653
"Strassman, Rick J",3,0,2,"Department of Psychiatry, University of New Mexico School of Medicine Albuquerque, NM, USA.",2016,,27653781 27471468 25586396
"Gold, Mark S",3,0,1,"Department of Psychiatry, Washington University School of Medicine, St. Louis, MO, 63110, USA.",2026,,42677050 41300197 39634920
"Lohitnavy, Ornrat",3,0,1,"Center of Excellence for Environmental Health and Toxicology, Faculty of Pharmaceutical Sciences, Naresuan University, Phitsanulok, 65000, Thailand.; Pharmacokinetic Research Unit, Faculty of Pharmaceutical Sciences, Naresuan University, Phitsanulok, Thailand.; Department of Pharmacy Practice, Facul",2026,,42663926 40258947 39257234
"Reggente, Nicco",3,0,1,"Institute for Advanced Consciousness Studies, 2811 Wilshire Blvd #510, Santa Monica, CA 90403, United States.",2026,,42657182 39949786 38200491
"Seth, Anil K",3,0,1,"Sussex Centre for Consciousness Science, Department of Informatics, University of Sussex, Brighton, UK.; Program on Brain, Mind, and Consciousness, Canadian Institute for Advanced Research, Toronto, Ontario, Canada.",2026,a.k.seth@sussex.ac.uk,42618786 31857204 28422113
"De La Haye, Winston",3,1,1,"Department of Community Health and Psychiatry, Faculty of Medical Sciences, University of the West Indies, 3 Gibraltar Camp Rd, Mona, Jamaica.",2026,,42591237 40802522 37457761
"Heinzerling, Keith G",3,1,1,"Treatment and Research in Psychedelics (TRIP) Center, Pacific Neuroscience Institute at Providence Saint John's Health Center, Santa Monica, CA, United States.; Brain Health Center, Pacific Neuroscience Institute at Providence Saint John's Health Center, Santa Monica, CA, United States.",2026,,42539824 40351554 37795513
"Slot, Jason",3,1,1,"Department of Plant Pathology, The Ohio State University; Columbus, OH 43210, USA.",2026,slot.1@osu.edu,42539197 40494306 37210028
"Fabbri, Chiara",3,0,1,"Department of Biomedical and Neuromotor Sciences, University of Bologna, Italy.",2026,,42468074 39655426 37381161
"Fanelli, Giuseppe",3,0,1,"Department of Medicine, University of Udine, Udine, Italy; Donders Institute for Brain, Cognition and Behaviour, Radboud University, Nijmegen, the Netherlands; Department of Human Genetics, Radboud University Medical Center, Nijmegen, the Netherlands. Electronic address: giuseppe.fanelli@uniud.it.",2026,giuseppe.fanelli@uniud.it,42468074 39655426 37381161
"Kosten, Thomas R",3,0,1,"Menninger Department of Psychiatry and Behavioral Sciences, Baylor College of Medicine, Houston, TX, USA.; Department of Neuroscience, Baylor College of Medicine, Houston, TX, USA.",2026,,42400152 38574699 32056741
"Wang, Guyan",3,0,1,"Department of Anesthesiology, Beijing Tongren Hospital, Capital Medical University, Beijing, China.",2026,,42365496 38680011 37000971
"da Silveira, Dartiu Xavier",3,0,1,"Department of Psychiatry, Escola Paulista de Medicina, Universidade Federal de São Paulo, Brazil.",2026,,42363614 27653781 26421727
"Fava, Maurizio",3,0,1,"Department of Psychiatry, Massachusetts General Hospital, Harvard Medical School, Boston, MA, USA.",2026,,42350785 39781538 37569888
"Pani, Luca",3,0,1,"NetraMark Corp., Toronto, ON, Canada.; Department of Psychiatry and Behavioral Sciences, Leonard M. Miller School of Medicine, University of Miami, Coral Gables, FL, United States.; Department of Biomedical, Metabolic, and Neural Sciences, University of Modena and Reggio Emilia, Modena, Italy.",2026,,42267234 41988526 31303095
"Williams, Leanne M",3,0,1,"Department of Psychiatry and Behavioral Sciences, Stanford University, Palo Alto, CA 94305.; Sierra-Pacific Mental Illness Research, Education and Clinical Center, Veterans Affairs Palo Alto Health Care System, Palo Alto, CA 94304.",2026,,42258710 37248402 36865251
"Arunogiri, Shalini",3,0,1,"Turning Point, Eastern Health, Melbourne, Australia.; Monash Addiction Research Centre, Eastern Health Clinical School, Faculty of Medicine, Nursing and Health Sciences, Monash University, Melbourne, Australia.",2026,,42219760 41906885 40626648
"Bosia, Marta",3,0,1,"Department of Humanities and Life Sciences, University School for Advanced Studies IUSS, 27100, Pavia, Italy; School of Medicine, Vita-Salute San Raffaele University, 20132, Milan, Italy; Schizophrenia Research and Clinical Unit, IRCCS San Raffaele Scientific Institute, 20127, Milan, Italy.",2026,,42215638 41830808 41009515
"Perez-Castillo, Ana",3,0,1,"Institute for Biomedical Research Sols-Morreale (CSIC-UAM), 28029 Madrid, Spain; Networking Research Center on Neurodegenerative Diseases (CIBERNED), Carlos III Health Institute, 28031 Madrid, Spain.",2026,aperez@iib.uam.es,42128256 32989216 28706205
"Farb, Norman",3,0,1,"Psychedelic Studies Research Program, University of Toronto, Mississauga, Ontario, Canada.; Department of Psychological & Brain Sciences, University of Toronto, Mississauga, Ontario, Canada.; Graduate Department of Psychological Clinical Science, University of Toronto, Scarborough, Ontario, Canada.",2026,,42125778 41693474 32754101
"Moulin, Thiago C",3,0,1,"Department of Pharmaceutical Biosciences, Uppsala University, Uppsala, Sweden.; Functional Pharmacology and Neuroscience, Department of Surgical Sciences, Uppsala University, Uppsala, Sweden.",2026,,42104189 31019450 30233313
"Meiri, David",3,0,1,"Department of Biology, Technion-Israel Institute of Technology, Haifa, Israel.",2026,dmeiri@technion.ac.il,41921002 40263354 39825910
"Cipriani, Andrea",3,1,1,"Department of Psychiatry, https://ror.org/052gg0110University of Oxford, UK.; NIHR Oxford Health Clinical Research Facility, https://ror.org/04c8bjx39Oxford Health NHS Foundation Trust, Oxford, UK.; Oxford Precision Psychiatry Lab, NIHR Oxford Health Biomedical Research Centre, https://ror.org/052gg",2026,,41906234 41205366 29728332
"Moreno, Francisco A",3,1,1,"Department of Psychiatry, College of Medicine - Tucson, University of Arizona, USA.",2026,fmoreno@email.arizona.edu,41825921 40351554 34784024
"Montoy, Juan Carlos C",3,2,1,"Department of Emergency Medicine, University of California, San Francisco, CA, United States. Electronic address: juancarlos.montoy@ucsf.edu.",2026,juancarlos.montoy@ucsf.edu,41795251 40927687 40760833
"Michalak, Erin E",3,0,1,"Department of Psychiatry, University of British Columbia, Vancouver, British Columbia, Canada.",2026,,41790781 38687360 36515370
"Tanuseputro, Peter",3,0,1,"Department of Family Medicine and Primary Care, Faculty of Medicine, University of Hong Kong, Hong Kong, China.",2026,,41748534 41205366 40032291
"Touyz, Stephen",3,0,1,"The Inside Out Institute, University of Sydney, Sydney Local Health District, New South Wales, Australia.",2026,,41708265 40898376 39438992
"Neill, Joanna C",3,0,1,"Division of Pharmacy and Optometry, School of Health Sciences, University of Manchester, Manchester, UK.",2026,,41700878 37264950 34588093
"Lawn, Will",3,2,1,"Department of Psychology, Institute of Psychiatry Psychology and Neuroscience (IoPPN), King's College London, London, UK.",2026,will.lawn@ucl.ac.uk,41698392 29497055 29123145
"Satterthwaite, Theodore D",3,0,1,"Penn Lifespan Informatics and Neuroimaging Center, University of Pennsylvania, Philadelphia, Pennsylvania, United States of America.; Department of Psychiatry, Perelman School of Medicine, University of Pennsylvania, Philadelphia, Pennsylvania, United States of America.",2026,sattertt@pennmedicine.upenn.edu,41634136 37802267 35643270
"Lu, Lin",3,0,1,"Peking University Sixth Hospital, Peking University Institute of Mental Health, NHC Key Laboratory of Mental Health (Peking University), National Clinical Research Center for Mental Disorders (Peking University Sixth Hospital), Peking-Tsinghua Center for Life Sciences and PKU-IDG/McGovern Institute ",2026,linlu@bjmu.edu.cn,41620327 41249765 38574699
"Nestor, Sean M",3,0,1,"Institute of Medical Science, Temerty Faculty of Medicine, University of Toronto, Toronto, ON, Canada; Sunnybrook Health Sciences Centre, Toronto, ON, Canada; Department of Psychiatry, Temerty Faculty of Medicine, University of Toronto, Toronto, ON, Canada.",2026,sean.nestor@utoronto.ca,41587629 41485400 38956594
"De Martin, Sara",3,0,1,"Department of Pharmaceutical and Pharmacological Sciences, University of Padua, Padua, Italy. Electronic address: sara.demartin@unipd.it.",2026,sara.demartin@unipd.it,41586631 41475502 40957728
"Rodgers, Anthony",3,1,1,"The George Institute for Global Health, University of New South Wales, Sydney, New South Wales, Australia.",2026,arodgers@georgeinstitute.org,41562498 40382852 37830221
"Hughes, Zoë A",3,0,1,"Gilgamesh Pharmaceuticals Inc., New York, NY, USA.",2026,,41493065 41099491 39900138
"Sharp, Trevor",3,0,1,"University Department of Pharmacology, Oxford, UK.",2026,trevor.sharp@pharm.ox.ac.uk,41491717 40545270 26192543
"Kufs, Johann E",3,0,1,"Bio Pilot Plant, Leibniz Institute for Natural Product Research and Infection Biology-Hans Knöll Institute, Jena, Germany.; Faculty of Technology, Bielefeld University, Bielefeld, Germany.",2026,,41467547 39487767 29842926
"Valiante, Vito",3,0,1,"Biobricks of Microbial Natural Product Syntheses, Leibniz Institute for Natural Product Research and Infection Biology-Hans Knöll Institute, Jena, Germany.",2026,vito.valiante@leibniz-hki.de,41467547 39487767 29842926
"Regestein, Lars",3,0,1,"Bio Pilot Plant, Leibniz Institute for Natural Product Research and Infection Biology-Hans Knöll Institute, Jena, Germany.",2026,,41467547 39487767 32101345
"Fitzgerald, Paul B",3,0,1,"School of Medicine and Psychology, The Australian National University, Canberra, ACT, Australia.",2026,,41405025 39670342 34803761
"Bassir Nia, Anahita",3,0,1,"Department of Psychiatry, Yale University School of Medicine, New Haven, CT, USA; Clinical Neuroscience Research Unit, Connecticut Mental Health Center, New Haven, CT, USA; VA Connecticut Healthcare System, West Haven, CT, USA.",2025,,41323491 40147088 37928914
"Sanacora, Gerard",3,0,1,"Department of Psychiatry, Yale University, New Haven, USA. Electronic address: Gerard.sanacora@yale.edu.",2026,gerard.sanacora@yale.edu,41232997 37925136 37651119
"Garcia, Raphael Caio Tamborelli",3,0,1,"Institute of Environmental, Chemical and Pharmaceutical Sciences, Federal University of São Paulo (Unifesp), Diadema, São Paulo, Brazil. raphael.garcia@unifesp.br.",2026,raphael.garcia@unifesp.br,41222610 41168399 34437939
"Berk, Michael",3,0,1,"Deakin University, IMPACT - the Institute for Mental and Physical Health and Clinical Translation, School of Medicine, Barwon Health, Geelong, Victoria, Australia.",2025,,41205366 35811423 33745287
"Yatham, Lakshmi N",3,0,1,"Department of Psychiatry, University of British Columbia, Vancouver, Canada; Institute of Mental Health, University of British Columbia, Vancouver, Canada.",2025,l.yatham@ubc.ca,41205366 37227597 35975555
"Hutchison, Kent E",3,1,1,"Department of Psychiatry, University of Colorado Anschutz Medical Campus, Aurora.",2026,,41191341 41030347 40443723
"Wang, Sheng",3,0,1,"Key Laboratory of Multi-Cell Systems, Shanghai Institute of Biochemistry and Cell Biology, Center for Excellence in Molecular Cell Science, Chinese Academy of Sciences, University of Chinese Academy of Sciences, 320 Yueyang Road, Shanghai 200031, China.; Key Laboratory of Systems Health Science of Z",2025,,41087124 38033123 35084960
"Storch, Eric A",3,0,1,"Psychiatry and Behavioral Sciences, Baylor College of Medicine, Houston, TX, USA.",2026,eric.storch@bcm.edu,41024388 40011007 32056741
"Boehlke, Christopher",3,0,1,"University of Basel, Department of Psychiatry (UPK), 4012 Basel, Switzerland; University Hospital Basel, Department of Palliative Care, 4031 Basel, Switzerland.",2025,,41008409 40482648 39260823
"Manuel, Jenni",3,0,1,"Department of Psychological Medicine, University of Otago, Christchurch, New Zealand.",2025,,40966702 37589380 36779424
"Negrão, André Brooking",3,0,1,"Perdizes Institute, Hospital das Clínicas (HCFMUSP), Faculty of Medicine, University of São Paulo, São Paulo, Brazil.",2025,,40933206 37927218 35896190
"Farré, Magí",3,0,1,"Department of Clinical Pharmacology, Hospital Universitari Germans Trias I Pujol-IGTP, Badalona, Spain.; Departament of Pharmacology, Therapeutics and Toxicology, Universitat Autonoma de Barcelona, Cerdanyola del Vallés, Spain.",2025,,40890317 31938878 28556759
"Torres, Maria C M",3,0,1,"Department of Chemistry, State University of Paraíba, Campina Grande 58429-500, Brazil.",2025,,40732278 40727727 40143157
"Finan, Patrick H",3,0,1,"Department of Anesthesiology, University of Virginia School of Medicine, Charlottesville, VA, United States; Department of Psychiatry & Behavioral Sciences, Johns Hopkins University School of Medicine, Baltimore, MD, United States.",2025,,40701207 34750350 33146667
"Sommer, Wolfgang H",3,1,1,"Institute of Psychopharmacology, Central Institute of Mental Health, Medical Faculty Mannheim, Heidelberg University, Mannheim, Germany. wolfgang.sommer@zi-mannheim.de.; German Center for Mental Health (DZPG), partner site Mannheim/Heidelberg/Ulm, Mannheim, Germany. wolfgang.sommer@zi-mannheim.de.",2025,wolfgang.sommer@zi-mannheim.de,40646424 36980303 34788104
"Ashton, Michael",3,0,1,"Department of Pharmacology, University of Gothenburg, Sweden.",2025,,40639043 37916667 37897244
"Nicol, Ginger",3,0,1,"Department of Psychiatry, Washington University School of Medicine in St. Louis, St. Louis, MO, USA.",2025,,40533500 40473634 37701731
"Greer, George R",3,0,1,"Heffter Research Institute, Greenwich, CT, USA.",2026,,40492498 39627438 34210406
"Fan, Yu-Guang",3,0,1,"Engineering Research Center of Tropical Medicine Innovation and Transformation of Ministry of Education, International Joint Research Center of Human-machine Intelligent Collaborative for Tumor Precision Diagnosis and Treatment of Hainan Province, Hainan Provincial Key Laboratory of Research and Dev",2025,,40463436 36761319 36386664
"Shafaroodi, Hamed",3,0,1,"Experimental Medicine Research Center, Tehran University of Medical Sciences, Tehran, Iran.; Department of Pharmacology, School of Medicine, Tehran University of Medical Sciences, Tehran, Iran.",2025,hshafaroodi@sina.tums.ac.ir,40461729 40232378 39996441
"Smith, William R",3,2,1,"Department of Psychiatry, University of North Carolina at Chapel Hill, School of Medicine, Chapel Hill, NC, USA.; Center for Bioethics, University of North Carolina at Chapel Hill, School of Medicine, Chapel Hill, NC, USA.",2025,william.smith@pennmedicine.upenn.edu,40415530 38238619 32461241
"Lehrner, Amy",3,0,1,"Center for Psychedelic Psychotherapy and Trauma Research, Department of Psychiatry, Icahn School of Medicine at Mount Sinai, New York, NY, USA.",2026,,40339144 39921237 37651148
"Farré, Magi",3,0,1,"Department of Clinical Pharmacology, Hospital Universitari Germans Trias I Pujol-IGTP, Badalona, Spain.; Departament of Pharmacology, Therapeutics and Toxicology, Universitat Autonoma de Barcelona, Cerdanyola del Vallés, Spain.",2025,,40236490 39839135 35592178
"Wolfgang, Aaron",3,0,1,"Walter Reed National Military Medical Center, Bethesda, MD; Uniformed Services University, Bethesda, MD; Yale School of Medicine, New Haven, CT.",2025,,40169224 37253556 35915689
"Riemer, Thomas G",3,0,1,"Department of Psychiatry and Psychotherapy, Berlin Institute of Health, Charité Universitätsmedizin Berlin, Humboldt-Universität zu Berlin, Berlin, Germany.; Charité-Universitätsmedizin Berlin, Humboldt‑Universität zu Berlin, and Berlin Institute of Health, Institute of Clinical Pharmacology and Tox",2025,,40165350 39741155 34603053
"Reynolds, Lisa M",3,2,1,"Department of Psychological Medicine, Faculty of Medical and Health Sciences, The University of Auckland, Auckland.",2025,,40080763 36325995 34360453
"Luoma, Jason",3,2,1,"Portland Psychotherapy Clinic, Research, & Training Center, Portland, Oregon, USA.",2024,,40051757 34646176 34468293
"Stauffer, Christopher",3,0,1,"Department of Mental Health, Veterans Affairs Portland Health Care System, Portland, Oregon, USA.; Social Neuroscience and Psychotherapy Lab, Department of Psychiatry, Oregon Health and Science University, Portland, Oregon, USA.",2024,,40051757 33150319 30950777
"Slabaugh, Sarah",3,0,1,"UMass Chan Medical School - Baystate, United States.",2025,,39978226 40046570 36127639
"Castro-Rodrigues, Pedro",3,0,1,"Neuropsychiatry Unit, Champalimaud Foundation, Lisbon, PRT.",2025,,39897296 39882198 36527355
"Aixalà, Marc",3,2,1,"International Center for Ethnobotanical Education, Research and Services, Barcelona, Spain. marcaixala@iceers.org.",2026,marcaixala@iceers.org,39579324 38010760 29863323
"Razmi, Ali",3,0,1,"Medicinal Plants Research Center, Institute of Medicinal Plants, ACECR, Karaj, Iran.",2026,arazmi@alumnus.tums.ac.ir,39535167 38236234 37490982
"Hsu, Tien-Wei",3,1,1,"Department of Psychiatry, E-DA Dachang Hospital, I-Shou University, Kaohsiung, Taiwan; Department of Psychiatry, E-DA Hospital, I-Shou University, Kaohsiung, Taiwan; Graduate Institute of Clinical Medicine, College of Medicine, Kaohsiung Medical University, Kaohsiung, Taiwan. Electronic address: s98",2025,s9801101@gmail.com,39389119 39193583 39168500
"Hartelius, Glenn",3,2,1,"Attention Strategies Institute, Berkeley, CA, United States.; Department of Mindfulness-Based Transpersonal Counseling, California Institute for Human Science, Encinitas, CA, United States.; Department of Psychology, Naropa University, Boulder, CO, United States.",2024,,39279805 37645640 34562957
"Costa, Jose Luiz",3,0,1,"Campinas Poison Control Center, University of Campinas, Campinas, SP, 13083-859, Brazil; Faculty of Pharmaceutical Sciences, University of Campinas, Campinas, SP, 13083-871, Brazil.",2024,,38553114 37642343 33119972
"Cabral, Joana",3,0,1,"Department of Psychiatry, University of Oxford, Oxford, UK.; Center for Music in the Brain, Aarhus University, Aarhus, Denmark.; Life and Health Sciences Research Institute (ICVS), School of Medicine, University of Minho, Braga, Portugal.; ICVS/3B's-PT Government Associate Laboratory, Braga/Guimarãe",2024,joana.cabral@psych.ox.ac.uk,38515439 32284420 31132450
"Sitte, Harald H",3,0,1,"Institute of Pharmacology, Center for Physiology and Pharmacology, Medical University of Vienna, Wäehringerstrasse 13A, 1090, Vienna, Austria.; Hourani Center for Applied Scientific Research, Al-Ahliyya Amman University, Amman, Jordan.; Center for Addiction Research and Science, Medical University V",2024,,38486047 36684007 34884800
"Colomina, Maria Teresa",3,0,1,"Universitat Rovira i Virgili, Research Group in Neurobehavior and Health (NEUROLAB), Tarragona, Spain. mariateresa.colomina@urv.cat.; Universitat Rovira i Virgili, Department of Psychology and Research Center for Behavior Assessment (CRAMC), Tarragona, Spain. mariateresa.colomina@urv.cat.; Universit",2024,mariateresa.colomina@urv.cat,38242896 37937505 34406452
"González-Trujano, María Eva",3,1,1,"Laboratorio de Neurofarmacología de Productos Naturales, Dirección de Investigaciones en Neurociencias, Instituto Nacional de Psiquiatría Ramón de la Fuente Muñiz, Calz. México-Xochimilco 101, Colonia Huipulco, Alcaldía Tlalpan, C.P. 14370, Ciudad de México, Mexico. Electronic address: evagontru@yah",2024,evagontru@yahoo.com.mx; evag@imp.edu.mx,37977425 37594163 34999156
"Araújo, Dráulio B",3,0,1,"Brain Institute, Federal University of Rio Grande do Norte (UFRN), Natal, Brazil.",2023,,37949934 36386967 29903051
"Hallak, Jaime Ec",3,0,1,"Department of Neurosciences and Behavior, Ribeirão Preto Medical School, University of São Paulo, Ribeirão Preto, Brazil.; National Institute for Translational Medicine (INCT-TM), CNPq, Ribeirão Preto (SP), Brazil.",2023,,37937505 33740877 27287824
"Lenoch, Kelsey",3,0,1,"Usona Institute, Fitchburg, Wisconsin.",2023,,37651119 35187358 33344861
"Peters, Jamie",3,1,1,"Department of Anesthesiology, University of Colorado Anschutz Medical Campus, Aurora, Colorado, USA.; Department of Pharmacology, University of Colorado Anschutz Medical Campus, Aurora, Colorado, USA.",2023,,37360328 34350400 33299186
"Schlag, Anne K",3,1,1,"Division of Psychiatry, Department of Brain Sciences, Centre for Psychedelic Research, Imperial College London, London, United Kingdom.; Drug Science, London, United Kingdom.",2023,,37264950 37251069 35107059
"Piegza, Magdalena",3,0,1,"Department and Clinic of Psychiatry, Medical University of Silesia, 42-612 Tarnowskie Góry, Poland.",2023,,37074831 36767234 34451890
"Zia, Farah Z",3,1,1,"National Institutes of Health (NIH), National Cancer Institute (NCI), Division of Cancer Treatment and Diagnosis (DCTD), Office of Cancer Complementary and Alternative Medicine (OCCAM), Rockville, MD, USA. Electronic address: ziaf@mail.nih.gov.",2023,ziaf@mail.nih.gov,37015315 36858149 35987353
"Alper, Kenneth",3,2,1,"Department of Psychiatry, NYU Grossman School of Medicine, New York, NY, United States.; Department of Neurology, NYU Grossman School of Medicine, New York, NY, United States.",2022,,36686713 28541119 25636206
"Sucic, Sonja",3,1,1,"Institute of Pharmacology and the Gaston H. Glock Research Laboratories for Exploratory Drug Development, Center of Physiology and Pharmacology, Medical University of Vienna, Vienna, Austria.",2023,,36648438 29086036 28405636
"Witkin, Jeffrey M",3,2,1,"Laboratory of Antiepileptic Drug Discovery, Ascension St. Vincent, Indianapolis, IN, USA.",2022,witkinconsult@gmail.com,35934973 31378256 30058481
"Michaels, Timothy I",3,1,1,"Department of Psychiatry, The Zucker Hillside Hospital, Northwell Health, Queens, NY 11004, USA.; Department of Psychiatry, The Donald and Barbara Zucker School of Medicine at Hofstra/Northwell, Hempstead, NY 11549, USA.",2022,timothy.michaels@uconn.edu,35743326 34096755 30064392
"Hilber, Karlheinz",3,0,1,"Department of Neurophysiology and -Pharmacology, Center for Physiology and Pharmacology, Medical University of Vienna, Vienna, Austria.",2022,karlheinz.hilber@meduniwien.ac.at,34871422 27020671 25642835
"Amoroso, Timothy",3,2,1,"Department of Psychiatry, Yale School of Medicine, New Haven, CT, USA.; Clinical Neurosciences Division, National Center for PTSD, West Haven, CT, USA.",2020,timamoroso@gmail.com,32704581 27118529 26579955
"Elman, Igor",3,1,0,"Department of Molecular Biology and Adelson School of Medicine, Ariel University, Ariel, Israel.; Cambridge Health Alliance, Harvard Medical School, Cambridge, MA, USA.",2026,,42677050 39634920 34922987
"Herth, Matthias M",3,0,0,"Department of Drug Design and Pharmacology, University of Copenhagen, Copenhagen, Denmark.; Department of Clinical Physiology, Nuclear Medicine and PET, Copenhagen University Hospital, Copenhagen, Denmark.",2026,,42675044 37841918 37783788
"Shalgunov, Vladimir",3,0,0,"Department of Drug Design and Pharmacology, University of Copenhagen, Copenhagen, Denmark.; Department of Clinical Physiology, Nuclear Medicine and PET, Copenhagen University Hospital, Copenhagen, Denmark.",2026,,42675044 37841918 37783788
"Levander, Ximena A",3,0,0,"Open Psychedelic Evaluation Nexus,Portland, OR, USA.; Oregon Health & Science University, Portland, OR, USA.",2026,,42665360 42616497 39881568
"Hase, Adrian",3,2,0,"Molecular Psychiatry Lab, Faculty of Science and Medicine, University of Fribourg, Villars-sur-Glâne, Switzerland.",2026,adrian.hase@unifr.ch,42631663 39613915 35031816
"Egan, Gary F",3,0,0,"Turner Institute for Brain and Mental Health, School of Psychological Sciences, Monash University, Melbourne, Victoria, Australia.; Monash Biomedical Imaging, Monash University, Melbourne, Victoria, Australia.",2026,,42618786 38862674 38185235
"Kisely, Steve",3,3,0,"Faculty of Health, Medicine and Behavioural Sciences, The University of Queensland, Woolloongabba, Australia.; Metro South Addiction and Mental Health Service, Metro South, Woolloongabba, QLD, Australia.",2026,,42610349 37161273 35285280
"Strika-Bruneau, Lana",3,1,0,"Département de Psychiatrie et d'Addictologie, Hôpital Paul Brousse, Assistance Publique-Hôpitaux de Paris APHP, Villejuif, France.; Faculté de Médecine, Unité de Recherche Psychiatrie-Comorbidités-Addictions - PSYCOMADD, Université Paris-Saclay, Le Kremlin-Bicêtre, France.",2026,,42609034 42228481 35384730
"Bezo, Aurore",3,0,0,"Département de Psychiatrie et d'Addictologie, Hôpital Paul Brousse, Assistance Publique-Hôpitaux de Paris APHP, Villejuif, France.; Faculté de Médecine, Unité de Recherche Psychiatrie-Comorbidités-Addictions - PSYCOMADD, Université Paris-Saclay, Le Kremlin-Bicêtre, France.",2026,,42609034 42228481 40031999
"Amirouche, Ammar",3,0,0,"Département de Psychiatrie et d'Addictologie, Hôpital Paul Brousse, Assistance Publique-Hôpitaux de Paris APHP, Villejuif, France.; Faculté de Médecine, Unité de Recherche Psychiatrie-Comorbidités-Addictions - PSYCOMADD, Université Paris-Saclay, Le Kremlin-Bicêtre, France.",2026,,42609034 42228481 36678537
"Diep, Calvin",3,0,0,"Department of Anesthesiology and Pain Medicine, University of Toronto, Toronto, ON, Canada.",2026,,42594864 37698433 35734507
"Pritlove, Cheryl",3,0,0,"Li Ka Shing Knowledge Institute, Unity Health Toronto, Toronto, ON, Canada; Social and Behavioural Sciences, Dalla Lana School of Public Health, University of Toronto, Toronto, Ontario, Canada.",2026,,42594864 40750953 39529994
"Clarke, Hance",3,0,0,"Department of Anesthesiology and Pain Medicine, University of Toronto, Toronto, ON, Canada; Pain Research Unit, Department of Anesthesia and Pain Management, Toronto General Hospital, Toronto, ON, Canada; Transitional Pain Service, Toronto General Hospital, University of Toronto, Toronto, ON, Canada",2026,,42594864 39529994 37698433
"Katz, Joel",3,0,0,"Department of Anesthesiology and Pain Medicine, University of Toronto, Toronto, ON, Canada; Temerty Faculty of Medicine, University of Toronto, Toronto, ON, Canada; Transitional Pain Service, Toronto General Hospital, University of Toronto, Toronto, ON, Canada; Department of Psychology, Faculty of H",2026,,42594864 39529994 35734507
"Wijeysundera, Duminda N",3,0,0,"Department of Anesthesia, St. Michael's Hospital, Unity Health Toronto, Toronto, ON, Canada; Department of Anesthesiology and Pain Medicine, University of Toronto, Toronto, ON, Canada; Temerty Faculty of Medicine, University of Toronto, Toronto, ON, Canada; Li Ka Shing Knowledge Institute, Unity Hea",2026,,42594864 40750953 39529994
"Lou, Wendy",3,0,0,"University of Toronto, Canada.",2026,,42593636 41705428 39823496
"de Sousa, Geovan Menezes",3,1,0,"Laboratory of Hormone Measurement, Department of Physiology and Behavior, Federal University of Rio Grande do Norte, Natal, RN, Brazil.",2026,,42575192 36545037 36408451
"Taylor, Wes",3,0,0,"Roots to Thrive Society for Psychedelic Therapy, Nanaimo, British Columbia, Canada.",2026,,42574657 40051685 37723666
"Ham, Rachel",3,2,0,"Department of Psychiatry, School of Clinical Sciences, Monash University, Melbourne, Australia.; School of Psychological Sciences, Monash University, Melbourne, Australia.",2026,,42572818 41699875 41244962
"Hurwitz, Ethan",3,0,0,"Department of Psychology, University of California San Diego, San Diego, CA USA.",2026,,42567236 30062577 29116367
"Sobolenko, Valentyn",3,0,0,"Department of Psychology, University of Toronto Mississauga, Mississauga, Canada.",2026,,42566966 39718337 39503411
"Nielsen, Glenn",3,0,0,"City St George's, University of London, London, UK.",2026,,42566154 41186141 39669539
"Issak, Sara",3,0,0,"Department of Physiotherapy, Melbourne School of Health Sciences, The University of Melbourne, Carlton, VIC, Australia.; Department of Physiotherapy, Epworth Healthcare, Camberwell, VIC, Australia.",2026,,42566154 41186141 39669539
"Braat, Sabine",3,0,0,"Centre for Epidemiology and Biostatistics, Melbourne School of Population and Global Health, The University of Melbourne, Melbourne, VIC, Australia.; MISCH (Methods and Implementation Support for Clinical Health) Research Hub, Faculty of Medicine, Dentistry and Health Sciences, University of Melbour",2026,,42566154 41186141 39669539
"Zaloumis, Sophie",3,0,0,"Centre for Epidemiology and Biostatistics, Melbourne School of Population and Global Health, The University of Melbourne, Melbourne, VIC, Australia.; MISCH (Methods and Implementation Support for Clinical Health) Research Hub, Faculty of Medicine, Dentistry and Health Sciences, University of Melbour",2026,,42566154 41186141 39669539
"Mayne, Deanne",3,0,0,"FND Hope International, Salmon, ID, USA.",2026,,42566154 41186141 39669539
"Chiu, Yi-Ting",3,2,0,"Department of Pharmacology, University of North Carolina at Chapel Hill, Chapel Hill, NC, USA.",2026,,42563032 41052972 37808655
"Wang, Wei",3,0,0,"Helen and Robert Appel Alzheimer's Disease Research Institute, Feil Family Brain and Mind Research Institute, Weill Cornell Medicine, New York, NY, USA.",2026,,42563032 37808655 37489299
"Wetsel, William C",3,0,0,"Department of Psychiatry and Behavioral Sciences, Duke University Medical Center, Durham, NC, USA.; Department of Cell Biology, Duke University Medical Center, Durham, NC, USA.; Department of Neurobiology, Duke University Medical Center, Durham, NC, USA.; Mouse Behavioral and Neuroendocrine Analysis",2026,william.wetsel@duke.edu,42563032 37808655 37137306
"Mantingh, Tim",3,0,0,"Department of Psychological Medicine, Institute of Psychiatry, Psychology & Neuroscience, King's College London, London, UK.",2026,,42562964 38583670 34853114
"Hampsey, Elliot",3,1,0,"Institute of Psychiatry, Psychology & Neuroscience (IoPPN), Kings College London, UK.",2026,,42562964 42212869 40820887
"de la Fuente, Laura Alethia",3,0,0,"Department of Physics, Institute of Applied and Interdisciplinary Physics, University of Buenos Aires, Buenos Aires, Argentina.; National Scientific and Technical Research Council, Buenos Aires, Argentina.; Institute of Cognitive and Translational Neuroscience, The Institute of Cognitive and Transla",2026,,42559191 41458361 35918311
"Bruno, Nicolás",3,0,0,"Department of Physics, Institute of Applied and Interdisciplinary Physics, University of Buenos Aires, Buenos Aires, Argentina.; National Scientific and Technical Research Council, Buenos Aires, Argentina.; Institut du Cerveau-Paris Brain Institute-ICM, Sorbonne Université, Paris, France.",2026,,42559191 41458361 40634541
"Totomanova, Iva",3,2,0,"Department of Neuropsychology & Psychopharmacology, Faculty of Psychology & Neuroscience, Maastricht University, Maastricht, The Netherlands.",2026,,42552418 40834796 40541311
"Tsang, Vivian Wl",3,2,0,"Department of Continuing Education, Evidence Based Health Care, University of Oxford, Oxford, United Kingdom.; Department of Psychiatry, Faculty of Medicine, University of British Columbia, Vancouver, BC, Canada.",2026,,42548601 39971922 37385217
"Mitcheson, Luke",3,0,0,"Addictions Department, School of Academic Psychiatry, Institute of Psychiatry, Psychology and Neuroscience, King's College London, London, UK.; South London and Maudsley NHS Foundation Trust, UK.",2026,,42544757 41368982 39887551
"McGregor, Bonnie A",3,0,0,"Orion Center for Integrative Medicine, Seattle, WA, United States.",2026,,42539893 42058096 39636638
"Guy, John",3,0,0,"Private Practice, Seattle, WA, United States.; Seattle Mindfulness Center, Seattle, WA, United States.",2026,,42539893 42058096 40051480
"Perez, Juliana",3,0,0,"Harmony Retreats, Union, WA, United States.",2026,,42539893 42058096 40051480
"Vest, M Frances",3,0,0,"Department of Pharmacology, Toxicology & Neuroscience, School of Graduate Studies, Louisiana State University Health Shreveport, Shreveport, Louisiana 71103, United States.; Louisiana Addiction Research Center, Louisiana State University Health Shreveport, Shreveport, Louisiana 71103, United States.",2026,,42539773 41852641 39627438
"Knox, Cory A",3,1,0,"Meinig School of Biomedical Engineering, Cornell University, Ithaca, NY, 14853, USA.",2026,,42539178 42079081 42039555
"Gilbert, Amelia D",3,0,0,"Meinig School of Biomedical Engineering, Cornell University, Ithaca, NY 14853, USA.",2026,,42539178 42079081 41352354
"Janssen-Aguilar, Reinhard",3,1,0,"Interventional Psychiatry Program, St. Michael's Hospital, Toronto, Ontario, Canada.",2026,,42534095 40879152 39823496
"Lancelotta, Rafaelle",3,0,0,"Center for Psychedelic Drug Research and Education, College of Social Work, The Ohio State University, Columbus, OH, USA.",2026,,42533157 38483940 37449499
"Raison, Charles",3,0,0,"Department of Psychiatry, School of Medicine and Public Health, University of Wisconsin-Madison, Madison, Wisconsin, USA.; Department of Human Development and Family Studies, School of Human Ecology, University of Wisconsin-Madison, Madison, Wisconsin, USA.",2023,,42528601 40046570 37701731
"Akula, Nirmala",3,0,0,"National Institutes of Mental Health, NIH.",2026,,42521762 42498781 41743330
"Schulmann, Anton",3,0,0,National Institute of Mental Health.,2026,,42521762 42498781 41743330
"Peng, Shiyong",3,0,0,National Institute of Mental Health.,2026,,42521762 42498781 41743330
"Yuan, Peixiong",3,0,0,NIH.,2026,,42521762 42498781 41743330
"Yavi, Mani",3,0,0,National Institute of Mental Health.,2026,,42521762 42498781 41743330
"Quintanilla, Brandi",3,0,0,University of Texas Health Science Center at Houston.,2026,,42521762 42498781 41743330
"Moaddel, Ruin",3,0,0,"Laboratory of Clinical Investigation, National Institute on Aging, National Institutes of Health, Baltimore, MD, USA.",2026,,42521762 42498781 41743330
"Kadriu, Bashkim",3,0,0,NIMH-NIH.,2026,,42521762 42498781 41743330
"Guerra, Lorena Terene Lopes",3,0,0,"Department of Neurosciences and Behavioral Sciences, Ribeirao Preto Medical School, University of São Paulo, Ribeirao Preto, Brazil.",2026,,42520175 41800655 41788629
"Rodrigues, Lucas Silva",3,2,0,"Department of Neuroscience and Behavior, Ribeirão Preto Medical School, University of São Paulo, Ribeirão Preto, SP, Brazil.",2026,,42520175 38820373 33914164
"Vicentini, Anna Beatriz",3,1,0,"Department of Neurosciences and Behavioral Sciences, University of Medicine of Ribeirão Preto, University of São Paulo, Brazil.",2026,,42520175 42218644 41800655
"de Paula, Caio César",3,1,0,"Department of Neurosciences and Behavioral Sciences, University of Medicine of Ribeirão Preto, University of São Paulo, Brazil.",2026,,42520175 42218644 41800655
"Wawrzczak-Bargieła, Agnieszka",3,1,0,"Department of Pharmacology and Brain Biostructure, Maj Institute of Pharmacology, Polish Academy of Sciences, 31-343 Kraków, Smętna, Poland.",2026,agnieszka.bargiela@if-pan.edu.pl,42517891 42009274 40157708
"Bezcioglu, Bilgenur",3,0,0,"Florey Institute of Neuroscience and Mental Health, Parkville, VIC, Australia.; Department of Anatomy and Physiology, University of Melbourne, Parkville, VIC, Australia.",2026,,42471435 40940205 40849086
"Scala, Mauro",3,3,0,"Universidad Europea de Madrid, Faculty of Biomedical and Health Sciences, Campus de Villaviciosa, Calle Tajo s/n, 28670, Villaviciosa de Odón, Madrid, Spain; School of Medicine, Complutense University of Madrid, Madrid, Spain; Health Research Institute Hospital 12 de Octubre, (imas12), Madrid, Spain",2026,,42468074 39655426 37381161
"Gonda, Xenia",3,2,0,"Department of Pharmacodynamics, Faculty of Pharmaceutical Sciences, Semmelweis University, Budapest, Hungary; Center of Pharmacology and Drug Research & Development, Semmelweis University, Budapest, Hungary; NAP3.0-SE Neuropsychopharmacology Research Group, Hungarian Brain Research Program, Semmelwe",2026,gonda.xenia@med.semmelweis-univ.hu,42468074 35716404 34588093
"Kirlić, Namik",3,2,0,"Compass Pathways, Inc. (A Subsidiary of Compass Pathways PLC), New York, USA.",2026,,42460632 41362124 39741434
"Dornbierer, Joëlle",3,0,0,"Psychedelic Research & Therapy Development, Department of Adult Psychiatry and Psychotherapy, University Hospital of Psychiatry Zurich, University of Zurich, Lenggstrasse 31, P.O. Box 363, CH-8032, Zurich, Switzerland. joellealine.dornbierer@uzh.ch.; Neuroscience Center Zurich (ZNZ), University of Z",2026,joellealine.dornbierer@uzh.ch,42443620 39923404 39340164
"Landolt, Hans-Peter",3,0,0,"Neuroscience Center Zurich (ZNZ), University of Zurich and ETH Zurich, Zurich, Switzerland.; Institute of Pharmacology and Toxicology, University of Zurich, Zurich, Switzerland.",2026,,42443620 39774840 38089057
"Vale, Lauren N",3,1,0,"Louis A. Faillace Department of Psychiatry & Behavioral Sciences, UTHealth Houston, 1941 East Rd., Houston, TX 77054, USA. Electronic address: Lauren.N.Vale@uth.tmc.edu.",2026,lauren.n.vale@uth.tmc.edu,42442821 41109422 39675677
"Ibrahim, Maya",3,0,0,"Louis A. Faillace Department of Psychiatry & Behavioral Sciences, UTHealth Houston, 1941 East Rd., Houston, TX 77054, USA; Department of Psychology, Florida State University, Tallahassee, FL 32301, USA. Electronic address: marletza20@gmail.com.",2026,marletza20@gmail.com; maya.ibrahim@uth.tmc.edu,42442821 41109422 39675677
"Rossheim, Matthew E",3,0,0,"Department of Health Administration and Health Policy, College of Public Health, University of North Texas Health Science Center, Fort Worth, TX, USA.",2026,,42428139 42224931 42212774
"Ezard, Nadine",3,0,0,"The National Centre for Clinical Research on Emerging Drugs, University of New South Wales, Sydney, NSW, Australia.; Alcohol and Drug Service, St Vincent's Hospital, Sydney, NSW, Australia.; The National Drug and Alcohol Research Centre, University of New South Wales, Sydney, NSW, Australia.; Drug a",2026,,42422525 40974259 39929500
"Yngwe, Hampus",3,1,0,"Centre for Psychiatry Research, Department of Clinical Neuroscience, Karolinska Institutet, and Stockholm Health Care Services, Region Stockholm, Stockholm, Sweden.",2026,,42414566 42138922 38572715
"Tiger, Mikael",3,0,0,"Centre for Psychiatry Research, Department of Clinical Neuroscience, Karolinska Institutet, and Stockholm Health Care Services, Region Stockholm, Stockholm, Sweden.",2026,,42414566 42138922 38572715
"Rondeau, Jocelyne",3,0,0,"Department of Psychiatry, Yale University, New Haven, CT, USA.",2026,,42414551 39939591 38826215
"Floris, Gabriele",3,2,0,"Department of Psychiatry, Yale University, New Haven, CT, USA.",2026,,42414551 39433903 38854027
"Read, Tim",3,0,0,"Centre for Psychedelic Research, Division of Psychiatry, Department of Brain Sciences, https://ror.org/041kmwe10Imperial College London, London, UK.; Institute of Psychedelic Therapy, London, UK.",2026,,42414058 35431912 34744825
"Nicholls, Dasha",3,0,0,"Division of Psychiatry, Department of Brain Sciences, Imperial College London, London, UK.",2026,,42414058 42116676 42101062
"Schuman, Haley D M",3,2,0,"Department of Oncology, University of Calgary, Calgary, Alberta, Canada.",2026,,42396366 41861455 40710191
"Mina, Raèf",3,0,0,"Cumming School of Medicine, Department of Oncology, Division of Psychosocial Oncology, University of Calgary, Calgary, AB, Canada.",2026,,42396366 41013977 40710191
"Barkova, Sofia",3,0,0,"Cumming School of Medicine, Department of Oncology, Division of Psychosocial Oncology, University of Calgary, Calgary, AB, Canada.",2026,,42396366 41013977 40710191
"Pasquini, Lorenzo",3,2,0,"Department of Neurology, University of California San Francisco, San Francisco, CA, USA.",2026,,42381187 41942645 32255395
"Takaba, Rika",3,2,0,"Department of Chemical Pharmacology, Graduate School of Pharmacy, Meijo University, Nagoya, Japan.",2026,140973239@ccalumni.meijo-u.ac.jp,42379141 37874338 37461593
"Yoshida, Keisuke",3,0,0,"Department of Medicinal Chemistry, Faculty of Pharmacy, Meijo University, Nagoya, Japan.",2026,,42379141 37874338 37461593
"Kawase, Ririna",3,0,0,"Department of Chemical Pharmacology, Faculty of Pharmacy, Meijo University, Nagoya, Japan.",2026,,42379141 37874338 37461593
"Kitagawa, Hiroko",3,0,0,"Department of Chemical Pharmacology, Faculty of Pharmacy, Meijo University, Nagoya, Japan.",2026,,42379141 37874338 37461593
"Kitagaki, Shinji",3,0,0,"Department of Medicinal Chemistry, Faculty of Pharmacy, Meijo University, Nagoya, Japan.",2026,,42379141 37874338 37461593
"Kilmer, Beau",3,1,0,"Drug Policy Research Center, RAND, Santa Monica, CA, USA.",2026,,42368324 41795902 39138955
"Du, Yingjie",3,2,0,"State Key Laboratory of Toxicology and Medical Countermeasures, Beijing Institute of Pharmacology and Toxicology, Beijing Key Laboratory of Neuropsychopharmacology, Beijing, China.; Department of Anesthesiology, Beijing Tongren Hospital, Capital Medical University, Beijing, China.",2026,,42365496 38680011 37000971
"Zhao, Xiangting",3,1,0,"Inner Mongolia Traditional Chinese and Mongolian Medical Research Institute, Hohhot, China.",2026,,42365496 38680011 37000971
"Yao, Yishan",3,0,0,"State Key Laboratory of Toxicology and Medical Countermeasures, Beijing Institute of Pharmacology and Toxicology, Beijing Key Laboratory of Neuropsychopharmacology, Beijing, China.",2026,,42365496 38680011 37000971
"Li, Yunfeng",3,0,0,"State Key Laboratory of Toxicology and Medical Countermeasures, Beijing Institute of Pharmacology and Toxicology, Beijing Key Laboratory of Neuropsychopharmacology, Beijing, China.",2026,,42365496 38680011 37000971
"d'Andrea, Giacomo",3,1,0,"Department of Neurosciences, Imaging and Clinical Sciences, University ""G. D'Annunzio"", Chieti, Italy.; Department of Mental Health, ASL 2 Abruzzo Lanciano-Vasto-Chieti, Chieti, Italy.",2026,giacomo.dandrea1993@gmail.com,42342649 41173871 38244804
"Sensi, Stefano L",3,0,0,"Department of Neurosciences, Imaging and Clinical Sciences, University ""G. D'Annunzio"", Chieti, Italy.",2026,,42342649 41173871 37315149
"Kleim, Birgit",3,0,0,"Department of Adult Psychiatry and Psychotherapy, Psychiatric Hospital, University of Zurich, Zurich, Switzerland.",2026,,42319884 39199113 38264636
"Schlag, Anne Katrin",3,0,0,"Drug Science and Imperial College London, London, UK.",2026,,42313772 41700878 39701143
"Napolitano, Stephanie",3,0,0,"Department of Public Health Sciences, Miller School of Medicine, University of Miami, Miami, Florida, USA.",2026,,42311441 40042324 39699865
"Jenkins, Betsy",3,0,0,"Sunstone Therapies, Rockville, Maryland, USA.",2026,,42311441 40518804 38105655
"Jones, Greg",3,0,0,"Experimental Therapeutics and Pathophysiology Branch, National Institute of Mental Health, National Institutes of Health, Bethesda, MD, USA.",2026,,42299720 41762772 41743330
"Cruz, Lucas",3,2,0,"Department of Psychology, Pontifical Catholic University of Rio de Janeiro (PUC-Rio), Rio de Janeiro, Rio de Janeiro, Brazil.",2026,,42296474 42288429 37949934
"Beserra, Fernando R",3,0,0,"Department of Psychology, Pontifical Catholic University of Rio de Janeiro (PUC-Rio), Rio de Janeiro, Rio de Janeiro, Brazil.",2026,,42296474 42288429 37638529
"Regier, Paul S",3,1,0,"Perelman School of Medicine, Department of Psychiatry, University of Pennsylvania, Philadelphia, PA 19104, USA.",2026,,42293816 41723946 34329952
"Audet-Croteau, Virginie",3,0,0,"Department of Oncology, CHU de Québec-Université Laval Research Center, Québec City, QC, Canada.; Department of Oncology, Institut de soins palliatifs et de fin de vie Michel-Sarrazin - Université Laval, Québec City, QC, Canada.; Réseau québécois de recherche en soins palliatifs et de fin de vie (RQ",2026,,42278812 41804100 41601251
"Zhang, Xue",3,0,0,"Department of Psychiatry and Behavioral Sciences, Stanford University, Palo Alto, CA 94305.",2026,,42258710 37248402 36865251
"Akiki, Teddy J",3,0,0,"Department of Psychiatry and Behavioral Sciences, Stanford University, Palo Alto, CA 94305.",2026,,42258710 36218281 35809678
"Kelly, Carlton M",3,1,0,"Northwestern University Feinberg School of Medicine, Chicago, IL, USA; US Department of Veterans Affairs Palo Alto Health Care System, USA; Department of Psychiatry and Behavioral Sciences, Stanford University School of Medicine, Stanford University, Stanford, CA, USA.",2026,,42248535 40485503 39789676
"Fradet, Mathieu",3,2,0,"US Department of Veterans Affairs Palo Alto Health Care System, USA; Department of Psychiatry and Behavioral Sciences, Stanford University School of Medicine, Stanford University, Stanford, CA, USA; Département de psychiatrie, Université de Sherbrooke, Sherbrooke, QC, Canada.",2026,,42248535 40485503 39789676
"Ellis, Sara",3,2,0,"Department of Psychology, Ohio State University, Columbus, OH, USA.",2026,,42248535 40499827 39343309
"Ostacher, Michael",3,0,0,"US Department of Veterans Affairs Palo Alto Health Care System, USA; Department of Psychiatry and Behavioral Sciences, Stanford University School of Medicine, Stanford University, Stanford, CA, USA.",2026,,42248535 40499827 39343309
"Aaronson, Scott",3,0,0,"Institute for Advanced Diagnostics and Treatment, Sheppard Pratt Health System, Baltimore, MD, USA.",2026,,42248535 40499827 39343309
"Vukalovic, Ina",3,0,0,"Psychiatric University Hospital, University of Basel, Basel, Switzerland.; Transfaculty Research Platform Molecular and Cognitive Neuroscience, University of Basel, Basel, Switzerland.",2026,,42243076 42049943 40999236
"Clayden, Cerys",3,1,0,"Department of Psychological Medicine, Faculty of Medical and Health Sciences, University of Auckland, Grafton, Auckland, New Zealand.",2026,,42231725 41741401 40605189
"Poetzsch, Sandra N",3,0,0,"Department of Forensic Pharmacology and Toxicology, Zurich Institute of Forensic Medicine, University of Zurich, Zurich, Switzerland.",2026,,42220002 39774840 37841918
"Højlund, Mikkel",3,1,0,"Department of Psychiatry Aabenraa, Mental Health Services Region of Southern Denmark, Aabenraa, Denmark; Department of Regional Health Research, University of Southern Denmark, Odense, Denmark.",2026,,42215638 41830808 41205366
"Sapienza, Jacopo",3,1,0,"IRCCS San Raffaele Scientific Institute, 20127, Milan, Italy; Department of Humanities and Life Sciences, University School for Advanced Studies IUSS, 27100, Pavia, Italy.",2026,,42215638 41830808 41009515
"Jensen, Rigmor H",3,0,0,"Department of Neurology, University of Copenhagen, Rigshospitalet-Glostrup, Danish Headache Center, Glostrup, Denmark.",2026,,42212900 41562498 38238974
"Singh, Jasbir",3,2,0,"Psychiatry, Contra Costa Regional Medical Center, Martinez, USA.",2026,,42211293 42093782 37292107
"Schmitz, Christian N",3,0,0,"Department of Molecular Neuroimaging, Central Institute of Mental Health, Medical Faculty Mannheim, Heidelberg University, Mannheim, Germany.; German Center for Mental Health, partner site Mannheim-Heidelberg-Ulm, Mannheim, Germany.; Department of Psychiatry and Psychotherapy, Central Institute of M",2026,,42201843 41848690 38097569
"Ströhle, Andreas",3,0,0,"Charité-Universitätsmedizin Berlin, Corporate Member of Freie Universität Berlin and Humboldt-Universität zu Berlin, Department of Psychiatry and Psychotherapy, Campus Charité Mitte, Berlin, Germany.",2026,,42201843 41848690 40656230
"Scharf, Dennis",3,0,0,"Department of Molecular Neuroimaging, Central Institute of Mental Health, Medical Faculty Mannheim, Heidelberg University, Mannheim, Germany.; German Center for Mental Health, partner site Mannheim-Heidelberg-Ulm, Mannheim, Germany.; Department of Psychiatry and Psychotherapy, Central Institute of M",2026,,42201843 41848690 35103814
"Färber, Luca V",3,0,0,"Department of Molecular Neuroimaging, Central Institute of Mental Health, Medical Faculty Mannheim, Heidelberg University, Mannheim, Germany.; German Center for Mental Health, partner site Mannheim-Heidelberg-Ulm, Mannheim, Germany.",2026,,42201843 41848690 39628414
"Wellek, Stefan",3,0,0,"German Center for Mental Health, partner site Mannheim-Heidelberg-Ulm, Mannheim, Germany.; Core Facility of Biostatistics, Central Institute of Mental Health, Medical Faculty Mannheim, Heidelberg University, Mannheim, Germany.",2026,,42201843 41848690 40656230
"Kuc, Joanna",3,1,0,"Experimental Psychology, University College London, London, UK.",2026,,42175700 41819589 37606733
"Blackburne, George",3,1,0,"Department of Experimental Psychology, University College London, UK.; Department of Computing, Imperial College London, UK.",2026,george.blackburne.18@ucl.ac.uk,42175700 40700019 38332334
"Soltanpour, Sima",3,0,0,"School of Information Technology, Carleton University, Ottawa, ON, Canada.",2026,,42168715 41796937 41708994
"Nasseef, Md Taufiq",3,0,0,"Department of Mathematics, College of Science and Humanity Studies, Prince Sattam Bin Abdulaziz University, Riyadh, Saudi Arabia.",2026,,42168715 41796937 41708994
"Utama, Rachel",3,0,0,"Center for Translational NeuroImaging, Northeastern Univ, Boston, MA, USA.",2026,,42168715 41708994 39975204
"Plourde, Louis",3,2,0,"Faculty of Pharmacy, Université Laval, QC, Canada.; Oncology Division, CHU de Québec-Université Laval Research Centre, QC, Canada.; Réseau québécois de recherche en soins palliatifs et de fin de vie (RQSPAL), QC, Canada.",2026,,42154482 39379285 38253521
"Robinson, Jill O",3,0,0,"Ethical Legal Implications of Psychedelics in Society Program, Center for Medical Ethics and Health Policy, Baylor College of Medicine, Houston, TX, USA.",2026,,42152689 41499117 41024388
"Kepner, Wayne",3,1,0,"Department of Psychiatry & Behavioral Sciences, Stanford University School of Medicine, Palo Alto, California.",2026,,42152600 42092643 40033160
"LaPratt, Jeffrey",3,0,0,"Institute for Advanced Diagnostics and Treatment, Sheppard Pratt Health System, Baltimore, Maryland.",2026,,42138588 39741440 38055270
"Swartz, Kimberly",3,0,0,"Institute for Advanced Diagnostics and Treatment, Sheppard Pratt Health System, Baltimore, Maryland.",2026,,42138588 39741440 38055270
"Shoultz, Audrey",3,0,0,"Institute for Advanced Diagnostics and Treatment, Sheppard Pratt Health System, Baltimore, Maryland.; Department of Psychiatry, University of Maryland, Baltimore, Maryland.",2026,,42138588 39741440 38055270
"Lauterbach, Margo",3,0,0,"Institute for Advanced Diagnostics and Treatment, Sheppard Pratt Health System, Baltimore, Maryland.; Department of Psychiatry, University of Maryland, Baltimore, Maryland.",2026,,42138588 39741440 38055270
"Szpak, Veronica",3,2,0,"Department of Psychiatry, Brigham and Women's Hospital, Boston, Massachusetts, USA.",2026,,42130779 40433994 39587692
"Kim, Amanda",3,0,0,"Department of Psychiatry, Brigham and Women's Hospital, Boston, Massachusetts, USA.; Harvard Medical School, Boston, Massachusetts, USA.",2026,,42130779 39587692 33280274
"Calleja-Conde, Javier",3,2,0,"Cardenal Cisneros Higher Education Center, 28006 Madrid, Spain; NBC Group, School of Life and Nature Sciences, Nebrija University, 28248 Madrid, Spain.",2026,,42128256 36301215 32989216
"Alonso-Gil, Sandra",3,0,0,"Institute for Biomedical Research Sols-Morreale (CSIC-UAM), 28029 Madrid, Spain; Networking Research Center on Neurodegenerative Diseases (CIBERNED), Carlos III Health Institute, 28031 Madrid, Spain; Molecular and Cellular Biosciences ""Margarita Salas"" Center for Biological Research (CIB), 28040 Mad",2026,,42128256 32989216 28706205
"Bershad, Anya",3,0,0,"Department of Psychiatry and Biobehavioral Sciences, Jane and Terry Semel Institute for Neuroscience and Human Behavior, UCLA, Los Angeles, CA, USA; VA Greater Los Angeles Healthcare System, Los Angeles, CA, USA.",2026,,42114863 41830808 39331116
"Grossman, Daniel H",3,1,0,"Department of Psychiatry and Behavioral Neurobiology, University of Alabama at Birmingham Heersink School of Medicine, Birmingham.",2026,,42096204 41773283 41446307
"Johansen, Sys Stybe",3,0,0,"Section of Forensic Chemistry, Department of Forensic Medicine, Faculty of Health and Medical Sciences, University of Copenhagen, Copenhagen, Denmark.",2026,,42094840 40018886 33288378
"Pagni, B A",3,2,0,"NYU Langone Center for Psychedelic Medicine, Department of Psychiatry, NYU Grossman School of Medicine, New York, NY, USA.",2026,,42086570 39980134 38326432
"Kettner, H",3,0,0,"Division of Psychiatry, Department of Brain Sciences, Centre for Psychedelic Research, Imperial College London, London, UK.; Carhart-Harris Lab, Department of Neurology, University of California San Francisco, San Francisco, CA, USA.",2026,,42086570 36584883 32895801
"Haijen, Eline",3,0,0,"Department of Neuropsychology and Psychopharmacology, Faculty of Psychology and Neuroscience, Maastricht University, the Netherlands.",2026,,42068187 35924888 31294673
"Bemis, Elizabeth A",3,0,0,"Rocky Mountain Poison & Drug Safety, Denver Health and Hospital Authority, Denver, Colorado.",2026,,42044375 41834488 41817506
"Stocker, Kurt",3,3,0,"Psychopharmacology Research, Division of Clinical Pharmacology & Toxicology, Department of Clinical Research, University Hospital Basel, University of Basel, Switzerland.; Chair of Cognitive Science, Department of Humanities, Social and Political Sciences, ETH Swiss Federal Institute of Technology Z",2026,,42035466 41451514 37905369
"Hartmann, Matthias",3,0,0,"Faculty of Psychology, UniDistance Suisse, Brig, Switzerland.",2026,,42035466 41451514 37905369
"Madrid-Gambin, Francisco",3,3,0,"Applied Metabolomics Research Group, Hospital del Mar Research Institute, Barcelona 08003, Spain. Electronic address: fmadrid@researchmar.net.",2026,fmadrid@researchmar.net; fmadrid@imim.es,42030660 37944438 35339828
"Kloft-Heller, Lilian",3,0,0,"Department of Neuropsychology and Psychopharmacology, Faculty of Psychology and Neuroscience, Maastricht University, Maastricht, MD 6200, the Netherlands.",2026,,42030660 41345723 40260121
"Kamińska, Katarzyna",3,0,0,"Chair and Department of Experimental and Clinical Physiology, Laboratory of the Centre for Preclinical Research, Medical University of Warsaw, Warszawa, Poland.",2026,katarzyna.kaminska@wum.edu.pl,42009274 41557251 39088105
"Schmidt, Christopher",3,1,0,"MIND Foundation, Berlin, Germany.; Department of Psychology, Humboldt-Universität zu Berlin, Berlin, Germany.",2026,,41993848 39937287 35724682
"Skorodumov, Ivan",3,0,0,Central Institute for Mental Health.,2026,,41960323 38097569 32369828
"Yang, Kevin",3,0,0,"University of California, San Diego, San Diego, United States.",2026,,41920509 38988455 37488291
"Geoly, Andrew D",3,1,0,"Department of Psychiatry and Behavioral Sciences, Stanford University School of Medicine, Palo Alto, CA, United States.",2026,,41883580 41687815 41265656
"Coetzee, John P",3,0,0,"Department of Psychiatry and Behavioral Sciences, Stanford University School of Medicine, Palo Alto, CA, United States; VA Palo Alto Health Care System, Women's Operational Military Exposure Network Center of Excellence (WOMEN CoE), Palo Alto, CA, United States.",2026,,41883580 41265656 38182784
"Sridhar, Malvika",3,1,0,"Department of Psychiatry and Behavioral Sciences, Stanford University School of Medicine, Palo Alto, CA, United States.",2026,,41883580 41687815 41265656
"Lissemore, Jennifer I",3,0,0,"Department of Psychiatry and Behavioral Sciences, Stanford University School of Medicine, Palo Alto, CA, United States.",2026,,41883580 41687815 41265656
"Keynan, Jackob N",3,0,0,"Department of Psychiatry and Behavioral Sciences, Stanford University School of Medicine, Stanford, California.",2026,,41883580 41687815 38182784
"Kratter, Ian H",3,0,0,"Department of Psychiatry and Behavioral Sciences, Stanford University School of Medicine, Stanford, California.",2026,,41883580 41687815 38182784
"Harrington, Colm",3,0,0,"Department of Psychiatry, Galway University Hospital, Republic of Ireland.",2026,,41869862 41410115 39506378
"Savard, Chantal",3,0,0,"Department of Oncology, University of Calgary, Calgary, Alberta, Canada.",2026,,41861455 41590327 40710191
"Leucht, Stefan",3,0,0,"Section for Evidence-Based Medicine in Psychiatry and Psychotherapy, School of Medicine and Health, Technical University of Munich (TUM), Munich, Germany; German Center for Mental Health (DZPG), Munich, Germany.",2026,,41830808 41825162 39592825
"Cuijpers, Pim",3,1,0,"Department of Clinical, Neuro and Developmental Psychology, Amsterdam Public Health Research Institute, WHO Collaborating Center for Research and Dissemination of Psychological Interventions, Vrije Universiteit Amsterdam, Amsterdam, The Netherlands.; International Institute for Psychotherapy, Babeș-",2026,,41825162 41536112 39356536
"Sacchet, Matthew D",3,0,0,"Harvard Meditation Research Program, Massachusetts General Hospital, Boston, Massachusetts, USA.",2026,,41819589 39244904 38374177
"Thuery, Guillaume",3,1,0,"Trinity Institute of Neurosciences, Trinity College Dublin, Dublin, Ireland.; Psychedelic Research Group, Trinity College Dublin, Dublin, Ireland.",2026,,41816502 41410115 39506378
"Caporuscio, Chiara",3,3,0,"Centre for Philosophy and AI Research (PAIR), Friedrich-Alexander-Universität Erlangen-Nürnberg, Erlangen, Germany. chiara.caporuscio@charite.de.; Psychedelic Substances Research Group, Department of Psychiatry and Neurosciences, Campus Charité Mitte, Charité - Universitätsmedizin Berlin, Berlin, Ge",2026,caporusciochiara1@gmail.com; chiara.caporuscio@charite.de,41807063 41017267 39485648
"Wang, Ralph C",3,0,0,"Department of Emergency Medicine, University of California, San Francisco, CA, United States.",2026,,41795251 40927687 40760833
"Stubbs, Brendon",3,0,0,"Department of Psychological Medicine, Institute of Psychiatry, Psychology and Neuroscience, Kings College London, London, UK.; Division of Social Psychiatry, Department of Psychiatry and Psychotherapy, Medical University of Vienna, Vienna, 1090, Austria.; Comprehensive Center for Clinical Neuroscien",2026,,41793582 35207210 34619818
"Šíchová, Klára",3,0,0,"Psychedelic Research Centre, National Institute of Mental Health, Klecany, Czech Republic.",2026,,41780506 40619050 40599633
"Griškova-Bulanova, Inga",3,1,0,"Psychedelic Research Centre, National Institute of Mental Health, Klecany, Czech Republic.; Institute of Biosciences, Vilnius University, Vilnius, Lithuania.; Translational Health Research Institute, Vilnius University, Vilnius, Lithuania.",2026,,41779518 35743788 29302713
"Kusudo, Keisuke",3,1,0,"Department of Neuropsychiatry, Keio University School of Medicine, Tokyo, Japan.",2026,,41749057 38889223 38318991
"Maheswari, Ashwath",3,0,0,"Center for Translational NeuroImaging, Northeastern Univ, Boston, MA, USA.",2026,,41708994 40376612 39975204
"Hay, Phillipa",3,0,0,"Translational Health Research Institute, School of Medicine, Western Sydney University, Sydney, New South Wales, Australia.",2026,,41708265 40898376 39438992
"Knatz Peck, Stephanie",3,1,0,"Department of Psychiatry, University of California, San Diego, CA, USA. sknatz@health.ucsd.edu.",2026,sknatz@health.ucsd.edu,41703646 40351554 36322843
"Halm, Simon",3,1,0,"University of Zurich, Zurich, Switzerland.",2026,,41699879 40144690 35788817
"Murray, Zurika",3,1,0,"Department of Genetics, University of the Free State, 205 Nelson Mandela Avenue, Bloemfontein, 9301, South Africa.",2026,,41691031 37274634 36340802
"Ali, Shaun",3,0,0,"Independent Practice, Ontario, Canada.",2026,,41690631 38359838 36945824
"van de Vooren, Inger-Tove Jentoft",3,0,0,"Nordre Østfold DPS, Østfold Hospital Trust, Grålum, Norway.",2026,,41664469 41344230 40641116
"Mørch-Johnsen, Lynn",3,0,0,"Department of Psychiatry, Østfold Hospital Trust, Grålum, Norway; Department of Clinical Research, Østfold Hospital Trust, Grålum, Norway.",2026,,41664469 41344230 40641116
"Holst, René",3,0,0,"Department of Clinical Research, Østfold Hospital Trust, Grålum, Norway.",2026,,41664469 41344230 40641116
"Clausen, Ingmar",3,0,0,"Nordre Østfold DPS, Østfold Hospital Trust, Grålum, Norway.",2026,,41664469 41344230 40641116
"Whinkin, Emily",3,2,0,"Advanced Integrative Medical Science Institute (AIMS) Institute, Seattle, WA, United States.",2025,,41659180 37711421 37305379
"Breeksema, J J",3,0,0,"University of Groningen, University Medical Center Groningen, Department of Psychiatry, Hanzeplein 1, 9713, GZ, Groningen, the Netherlands.",2026,,41650725 32816294 32816292
"Bratuskins, Suzie",3,0,0,"Neuromedicines Discovery Centre, Monash Institute of Pharmaceutical Sciences, Monash University, Melbourne, VIC, Australia.",2026,,41633448 40683535 39979849
"Soares, Carla",3,1,0,"Coimbra Institute for Biomedical Imaging and Translational Research (CIBIT), University of Coimbra, Coimbra 3000-548, Portugal.; Institute of Nuclear Sciences Applied to Health (ICNAS), University of Coimbra, Coimbra 3000-548, Portugal.; Faculty of Medicine (FMUC), University of Coimbra, Coimbra 300",2026,,41619760 39380091 34658876
"Lima, Gisela",3,1,0,"Coimbra Institute for Biomedical Imaging and Translational Research (CIBIT), University of Coimbra, Coimbra 3000-548, Portugal.; Institute of Nuclear Sciences Applied to Health (ICNAS), University of Coimbra, Coimbra 3000-548, Portugal.; Faculty of Medicine (FMUC), University of Coimbra, Coimbra 300",2026,,41619760 39380091 34658876
"Teixeira, Marta",3,0,0,"Coimbra Institute for Biomedical Imaging and Translational Research (CIBIT), University of Coimbra, Coimbra 3000-548, Portugal.; Institute of Nuclear Sciences Applied to Health (ICNAS), University of Coimbra, Coimbra 3000-548, Portugal.",2026,,41619760 39380091 34658876
"Phurbu, Dorji",3,0,0,"Xizang Key Laboratory of Plateau Fungi, Institute of Plateau Biology of Xizang Autonomous Region, Lhasa 850000, China Institute of Plateau Biology of Xizang Autonomous Region Lhasa China.",2026,,41607716 39852464 38535228
"Li, Jia-Xin",3,0,0,"State Key Laboratory of Microbial Diversity and Innovative Utilization, Institute of Microbiology, Chinese Academy of Sciences, Beijing 100101, China Sichuan Agricultural University Chengdu China.; College of Life Sciences, University of Chinese Academy of Sciences, Huairou District, Beijing, 100408",2026,,41607716 39852464 38535228
"MacCarthy, Sarah",3,0,0,"Department of Health Behavior, University of Alabama at Birmingham School of Public Health, Ryals Public Health Building (RPHB 434) 1720 2nd Avenue South, Birmingham, AL, USA.; Center for the Study of Sexual and Gender Health, University of Alabama at Birmingham, Birmingham, AL, USA.",2026,,41606087 40046860 35577136
"Bawks, Jordan",3,0,0,"Brain and Cognition Discovery Foundation, Toronto, ON, Canada. Electronic address: jordan.bawks2@uhn.ca.",2026,jordan.bawks2@uhn.ca,41581334 41285295 38359838
"Sethi, Rickinder",3,0,0,"Department of Psychiatry, University of Toronto, Toronto, ON, Canada. Electronic address: Rickinder.Sethi@uhn.ca.",2026,rickinder.sethi@uhn.ca,41581334 40590216 38359838
"Bahceci, Dilara",3,1,0,"The George Institute for Global Health, University of New South Wales, Sydney, New South Wales, Australia.",2026,dbahceci@georgeinstitute.org.au,41562498 40382852 37830221
"Sadko, Krzysztof",3,0,0,"Department of Psychiatry, Faculty of Medicine, Medical University of Gdansk, Gdańsk, Poland.",2026,,41546918 40440859 40251723
"Albert, Steven",3,0,0,"School of Psychiatry, Faculty of Medicine, University of New South Wales, Sydney, New South Wales, Australia.",2025,,41424164 40974259 39713770
"Chaves, Cristiano",3,1,0,"Department of Psychiatry, Queen's University School of Medicine, Kingston, ON, Canada.",2025,,41405984 39731144 39568756
"Gomes, Fabiano A",3,0,0,"Department of Psychiatry and Behavioural Neurosciences, McMaster University, Hamilton, Canada.",2025,,41405984 40337756 38359838
"Feusner, Jamie D",3,0,0,"Division of Neurosciences and Clinical Translation, University of Toronto, Toronto, Ontario, Canada.; Centre for Addiction and Mental Health, Toronto, Ontario, Canada.; Department of Women's and Children's Health, Karolinska Institutet, Stockholm, Sweden.",2025,,41392767 40458078 36515406
"Androvičová, Renáta",3,0,0,"National Institute of Mental Health, Topolová 748, Klecany, 250 67, Czechia.",2025,,41389223 40522607 29302713
"Madero, Santiago",3,2,0,"Department of Medicine, School of Medicine & Health Sciences, University of Barcelona (UB), 143 Casanova St., 08036, Barcelona, Catalonia, Spain.; Bipolar and Depressive Disorders Unit, Hospital Clinic, 170 Villarroel St., 08036, Barcelona, Catalonia, Spain.; Institut d'Investigacions Biomèdiques Au",2026,madero@clinic.cat,41341075 40327362 36806884
"Ona, Genis",3,0,0,"ANIMA Group, Institut de Recerca Sant Joan de Déu (IRSJD), Santa Rosa 39-57, 08950, Esplugues de Llobregat, Spain.; Sociedad Española de Medicina Psicodélica (SEMPsi), Barcelona, Spain.",2026,,41341075 38242896 37335211
"Rodríguez, Luisina",3,2,0,"Laboratorio de Síntesis Orgánica, Departamento de Química Orgánica, Facultad de QuímicaUniversidad de la República, Av. General Flores 2124, Montevideo 11800, Uruguay.; Arché- Núcleo Interdisciplinario de Estudios sobre Psicodélicos- Espacio InterdisciplinarioUniversidad de la República. José Enri",2025,,41322617 37750012 35449956
"Nelson, Amanda",3,0,0,"Department of Anesthesiology, University of Michigan, Ann Arbor, MI, USA.",2025,,41280125 40128190 38405722
"Alnagger, Naji L N",3,1,0,"Coma Science Group, GIGA-Consciousness, University of Liège, Avenue de l'hôpital 11, Liège, 4000, Belgium.; NeuroRehab & Consciousness Clinic, Neurology Department, University Hospital of Liège, Avenue de l'hôpital 11, Liège, 4000, Belgium.",2026,,41261994 40147181 37315149
"Cardone, Paolo",3,1,0,"Coma Science Group, GIGA-Consciousness, University of Liège, Avenue de l'hôpital 11, Liège, 4000, Belgium.; NeuroRehab & Consciousness Clinic, Neurology Department, University Hospital of Liège, Avenue de l'hôpital 11, Liège, 4000, Belgium.",2026,,41261994 40147181 37315149
"Martial, Charlotte",3,1,0,"Coma Science Group, GIGA-Consciousness, University of Liège, Avenue de l'hôpital 11, Liège, 4000, Belgium.; NeuroRehab & Consciousness Clinic, Neurology Department, University Hospital of Liège, Avenue de l'hôpital 11, Liège, 4000, Belgium.",2026,,41261994 40147181 39220326
"Barber, Michaela",3,2,0,"Department of Psychiatry, School of Clinical Sciences, Monash University, Clayton, VIC, Australia.",2025,michaela.barber@monash.edu,41244962 39283030 32693321
"Kramer, Hannah M",3,1,0,"Department of Pharmacology and Experimental Therapeutics, LSU Health Sciences Center, New Orleans, LA, USA.",2026,,41224969 40047006 32133835
"Katchborian-Neto, Albert",3,2,0,"Institute of Chemistry, Federal University of Alfenas (UNIFAL), Alfenas, Minas Gerais, Brazil.",2026,,41222610 36163588 32171895
"Magee, Sarah N",3,1,0,"Department of Pharmacology, University of North Carolina at Chapel Hill School of Medicine, Chapel Hill, NC, USA.",2025,,41213805 41052972 38909051
"Hooper, Jake F",3,2,0,"Department of Psychiatry, University of Colorado Anschutz Medical Campus, Aurora.",2026,,41191341 41030347 40443723
"Prochazkova, Luisa",3,2,0,"Institute of Psychology, Leiden University, Wassenaarseweg 52, 2333 AK, Leiden, the Netherlands. Electronic address: luiska.prochazkova@gmail.com.",2026,luiska.prochazkova@gmail.com,41187880 41110634 34915762
"Fejer, George",3,0,0,"Department of Psychology, University of Amsterdam, Nieuwe Achtergracht 129B, 1018WT, Amsterdam, the Netherlands.",2026,,41187880 34915762 33928421
"Chiappini, Stefania",3,0,0,"Department of Neurosciences, Imaging and Clinical Sciences, Università degli Studi G. D'Annunzio, Chieti-Pescara, Italy.; UniCamillus International Medical University, Rome, Italy.",2025,,41173871 36263479 32220028
"Camarini, Rosana",3,0,0,"Department of Pharmacology, Institute of Biomedical Sciences, University of São Paulo, Brazil.",2026,camarini@icb.usp.br,41168399 40984017 34437939
"Schneider, Evan",3,0,0,"Psychedelic Psychotherapy Research Group, University Health Network, Toronto, Canada.; Department of Family & Community Medicine, Division of Palliative Care, University of Toronto, Toronto, Canada.; Temmy Latner Centre for Palliative Care, Mount Sinai Hospital, Toronto, Canada.",2025,,41152967 38301164 37097844
"Ercal, Baris C",3,0,0,"Washington University School of Medicine, Saint Louis, MO, USA.",2026,,41139739 40326007 39928849
"Voineskos, Daphne",3,1,0,"Campbell Family Mental Health Research Institute, Centre for Addiction and Mental Health, Toronto, ON, Canada.",2025,,41122434 36573651 32021216
"Tarbi, Elise",3,0,0,"Department of Supportive Oncology, Dana-Farber Cancer Institute, Boston, MA, USA; Department of Nursing, University of Vermont, Burlington, VT, USA.",2025,,41109203 38105653 37590474
"Guérin, Benjamin",3,0,0,"Department of Philosophy, LdA UR 2274, University Marie & Louis Pasteur, University of Franche Comté, Besançon, France.",2025,,41109203 38105653 33848208
"Roddy, Kimberly",3,0,0,"Sunstone Therapies, Rockville, MD, USA.",2025,,41109203 38125286 38105655
"Gojani, Esmaeel Ghasemi",3,1,0,"Department of Biological Sciences, University of Lethbridge, Lethbridge, AB T1K 3M4, Canada.",2025,,41105970 40283890 38397173
"Rodriguez-Juarez, Rocio",3,0,0,"Department of Biological Sciences, University of Lethbridge, Lethbridge, AB T1K 3M4, Canada.; GoodCap Pharmaceuticals, 520 3rd Avenue SW, Suite 1900, Calgary, AB T2P 0R3, Canada.",2025,,41105970 40283890 36985596
"Otto, Marije E",3,2,0,"Centre for Human Drug Research, Leiden, The Netherlands.; Leiden Academic Centre for Drug Research, Leiden University, the Netherlands.",2026,motto@chdr.nl,41099491 39982684 39812743
"Borghans, Laura G J M",3,0,0,"Centre for Human Drug Research, Leiden, The Netherlands.; Leiden University Medical Center, The Netherlands.",2026,,41099491 39982684 39812743
"Heal, David J",3,1,0,"Department of Life Sciences, University of Bath, UK.; DevelRx Ltd, BioCity, Nottingham, UK.",2026,,41099474 36588452 35987353
"Hirschfeld, Tim",3,2,0,"Charité - Universitätsmedizin Berlin, corporate member of Freie Universität, Humbold-Universität zu Berlin, and Berlin Institute of Health, Department of Psychiatry and Psychotherapy, Campus Charité Mitte, Charité Universitätsmedizin Berlin, Berlin, Germany. tim.hirschfeld@charite.de.; Psychedelic S",2026,tim.hirschfeld@charite.de,41087826 40174857 33663259
"Padawer-Curry, Jonah A",3,2,0,"Imaging Science Program, Washington University in St. Louis, St. Louis, MO, USA.; Department of Radiology, Washington University in St. Louis, St. Louis, MO, USA.",2025,,41083844 39605498 39020167
"Teoh, Emma",3,0,0,"Compass Pathfinder Ltd (a subsidiary of Compass Pathways plc), London, UK.",2026,,41075579 40047545 39706482
"Boytsov, Danila",3,1,0,"Institute of Pharmacology, Center of Physiology and Pharmacology, Medical University of Vienna, Vienna, Austria.",2025,,41051709 37137306 36648438
"Meikle, Sally",3,2,0,"Melbourne School of Psychological Sciences, University of Melbourne, Redmond Barry Building, 17 Spencer Road, Melbourne, VIC 3010, Australia.; Centre for Mental Health & Brain Sciences, Swinburne University of Technology, Melbourne, VIC, Australia.",2025,,41050149 38654146 37767944
"Johansen, Lauren",3,2,0,"Centre for Mental Health & Brain Sciences, Swinburne University of Technology, Melbourne, VIC, Australia.",2025,ljohansen@swin.edu.au,41050149 37840802 35513876
"Pereira Galdino, Taynah",3,2,0,"Academic Unit of Materials Engineering, Federal University of Campina Grande, R. Aprígio Veloso, 882 - Bloco CJ3, Universitário, 58429-900 Campina Grande, PB, Brazil.",2025,,41048742 41048717 40727727
"Tan, Diran",3,0,0,"Meinig School of Biomedical Engineering, Cornell University, Ithaca, NY, USA.",2025,,41023408 40175553 39554087
"Liu, Rong-Jian",3,0,0,"Department of Psychiatry, Yale University School of Medicine, New Haven, CT, USA.",2025,,41023408 40175553 39554087
"Bilash, Olesia M",3,0,0,"Meinig School of Biomedical Engineering, Cornell University, Ithaca, NY, USA.",2025,,41023408 40175553 39554087
"Kim, Hail",3,0,0,"Graduate School of Medical Science and Engineering, KAIST, Daejeon, Republic of Korea.",2025,,41023408 40175553 39554087
"Che, Alicia",3,0,0,"Department of Psychiatry, Yale University School of Medicine, New Haven, CT, USA.",2025,,41023408 40175553 39554087
"Foxman, Robert",3,0,0,"Patient Partner, Montréal, QC, Canada.",2025,,41008422 40385526 38253521
"Schuldt, Anna",3,1,0,"Center for Palliative Care, University Hospital Zurich, 8091 Zurich, Switzerland.; University of Zurich, 8006 Zurich, Switzerland.",2025,,41008409 36747965 36636296
"Avedisian, Isidora",3,0,0,"Clinical Pharmacology and Toxicology, Department of Biomedicine and Department of Clinical Research, University Hospital Basel, Basel, Switzerland.; Department of Pharmaceutical Sciences, University of Basel, Basel, Switzerland.",2026,,40999236 40022427 34326773
"Hendrick, John",3,0,0,"Assistant Professor Department of Internal Medicine, Section of Palliative Medicine, University of Utah, and George E Whalen Veterans Affairs Hospital, Geriatrics Extended Care.",2025,,40972137 39802794 37302533
"Brennan, William",3,3,0,"Consultant, New York, NY, United States.",2025,,40969466 40046864 35719571
"Petrovitch, Dan",3,1,0,"Department of Psychological Sciences, Texas Tech University, Lubbock, TX, USA.",2025,,40969462 40381005 40266291
"Holas, Paweł",3,3,0,"Faculty of Psychology, University of Warsaw, Warsaw, Poland.",2025,pawel.holas@psych.uw.edu.pl,40959683 40051051 37926796
"Kong, Geraldine",3,0,0,"Peter Doherty Institute of Infection and Immunity, Department of Microbiology and Immunology, University of Melbourne, Parkville, Victoria, 3000, Australia; Centre for Pathogen Genomics, Department of Microbiology and Immunology, University of Melbourne, Parkville, Victoria, 3000, Australia.",2025,,40940205 40849086 37982394
"Fernandes-Nascimento, Maria Helha",3,3,0,"Postgraduate Program, Experimental Pathophysiology, Department of Pathology, Faculty of Medicine, University of São Paulo, São Paulo, Brazil.",2025,,40933206 37927218 35896190
"Viana-Ferreira, Karine",3,0,0,"Department of Pathology, Faculty of Medicine, University of São Paulo, São Paulo, Brazil.",2025,,40933206 37927218 35896190
"Danias, George",3,1,0,NYU Grossman School of Medicine.,2025,,40894046 38284341 38064635
"Sabucedo, Pablo",3,2,0,"Faculty of Health and Life Sciences, University of Liverpool, Liverpool, United Kingdom.; Sociedad Española de Medicina Psicodélica (SEMPsi), Barcelona, Spain.",2025,,40890317 40236490 39839135
"Haro, Josep Maria",3,0,0,"Parc Sanitari Sant Joan de Déu, Barcelona, Spain.; Institut de Recerca Sant Joan de Déu (IRSJD), Barcelona, Spain.; Center for Biomedical Research in Mental Health Network, (CIBERSAM), Madrid, Spain.",2025,,40890317 40236490 39839135
"Javkin, Julia",3,0,0,"Sociedad Española de Medicina Psicodélica (SEMPsi), Barcelona, Spain.; Kiyumi Collective, Hoosfdorp, Netherlands.; Heart & Brain Training, Nijmegen, Netherlands.; PHI Association, Barcelona, Spain.",2025,,40890317 40236490 39839135
"Forsyth, Anna",3,0,0,"School of Pharmacy, Faculty of Medical and Health Sciences, University of Auckland, 85 Park Road, Grafton, Auckland, 1023, New Zealand. Electronic address: a.forsyth@auckland.ac.nz.",2025,a.forsyth@auckland.ac.nz,40889616 37798662 34038314
"Hoeh, Nicholas",3,0,0,"Department of Psychological Medicine, Faculty of Medical and Health Sciences, University of Auckland, 22 Park Avenue, Grafton, Auckland, 1023, New Zealand. Electronic address: n.hoeh@auckland.ac.nz.",2025,n.hoeh@auckland.ac.nz,40889616 37798662 36325995
"Sarang, Maria",3,0,0,"The Institute of Psychiatry, Psychology and Neuroscience, King's College London, London, United Kingdom.",2025,,40864832 40337755 38268571
"Haijen, Eline C H M",3,0,0,"Department of Neuropsychology and Psychopharmacology, Faculty of Psychology and Neuroscience, Maastricht University, Maastricht, The Netherlands.",2025,,40834796 40541311 34267683
"Singer, Berit",3,2,0,"Department of Adult Psychiatry and Psychotherapy, Psychiatric University Clinic Zurich and University of Zurich, Zurich, Switzerland.; Neuroscience Center Zurich, University of Zurich and Swiss Federal Institute of Technology Zurich, Zurich, Switzerland.",2026,berit.singer@gmail.com,40819190 38654063 38531905
"Li, Haohong",3,0,0,"Sate Key Lab of Brain-Machine Intelligence, Zhejiang University, Hangzhou, 310058, China. hhli_27@zju.edu.cn.; State Key Lab of Brain-Machine Intelligence, Zhejiang University, Hangzhou, 311121, China. hhli_27@zju.edu.cn.",2025,hhli_27@zju.edu.cn,40810162 40534671 40366622
"Bazinet, Alissa",3,0,0,"Open Psychedelic Evaluation Nexus,Portland, OR, USA.; VA Portland Health Care System, Portland, OR, USA.; Sequoia Center, Portland, OR, USA.",2026,,40803962 39881568 38888164
"Bielavitz, Sarann",3,0,0,"Open Psychedelic Evaluation Nexus,Portland, OR, USA.; Oregon Health & Science University, Portland, OR, USA.",2026,,40803962 39881568 38888164
"Avanes, Arabo A",3,1,0,"Institute for Psychedelics and Neurotherapeutics, University of California, Davis, Davis, CA, USA.; Biochemistry, Molecular, Cellular, and Developmental Biology Graduate Program, University of California, Davis, Davis, CA, USA.",2025,,40802711 39915657 34671279
"Meyers, Molly",3,0,0,"School of Nursing, University of Wisconsin-Madison",2025,,40751754 40042324 39699865
"Joly, Yann",3,0,0,"Faculty of Medicine and Health Sciences, McGill University, Montréal, QC, Canada.; Centre of Genomics and Policy, McGill University, Montréal, QC, Canada.",2025,,40739983 40385526 38253521
"Luz, Mateus A",3,1,0,"Northeast Biomaterials Evaluation and Development Laboratory, CERTBIO, Academic Unit of Materials Engineering, Federal University of Campina Grande, Campina Grande 58429-900, Brazil.",2025,,40732278 40727727 40143157
"Oliveira, Lucas C",3,0,0,"Northeast Biomaterials Evaluation and Development Laboratory, CERTBIO, Academic Unit of Materials Engineering, Federal University of Campina Grande, Campina Grande 58429-900, Brazil.",2025,,40732278 40727727 40143157
"Bryson, Nathan",3,1,0,"Reunion Neuroscience, Inc., Toronto, Ontario M5V 2C3, Canada.",2024,,40685873 40051583 38758589
"Huang, Xi-Ping",3,0,0,"National Institute of Mental Health Psychoactive Drug Screening Program, University of North Carolina at Chapel Hill, Chapel Hill, NC 27599-7365, USA.",2025,,40683247 37137306 25636206
"Butlen-Ducuing, Florence",3,0,0,"Office for Neurological and Psychiatric Disorders, European Medicines Agency, Amsterdam, the Netherlands.; Institut Gustave Roussy, Psycho-Oncology Unit, Interdisciplinary Department for the Organisation of Patient Pathways, Cancer Campus, Grand Paris, France.; Université Paris-Saclay, UVSQ, Inserm,",2025,,40670864 40654583 40656112
"Patch, Kyle",3,1,0,"Department of Bioethics, National Institutes of Health, Washington, DC, USA.; Carey Law School, University of Pennsylvania, Philadelphia, PA, USA.",2025,,40668936 40415530 37366110
"Spriggs, Meg",3,0,0,"Centre for Psychedelic Research, Division of Psychiatry, Department of Brain Science, Imperial College of London, UK.",2025,,40654586 40185376 36179919
"Capone, Christy",3,0,0,"Department of Psychiatry and Human Behavior, Warren Alpert Medical School, Brown University, Providence, RI, USA.; Center for Alcohol and Addiction Studies, Brown University, Providence, RI, USA.; Providence Veterans Affairs Medical Center, Providence, RI, USA.; Department of Behavioral and Social S",2025,,40640527 39262902 38683460
"Eaton, Erica",3,1,0,"Department of Psychiatry and Human Behavior, Warren Alpert Medical School, Brown University, Providence, RI, USA.; Center for Alcohol and Addiction Studies, Brown University, Providence, RI, USA.; Providence Veterans Affairs Medical Center, Providence, RI, USA.; Department of Behavioral and Social S",2025,,40640527 39262902 38683460
"Pellegrini, Luca",3,1,0,"Department of Medicine, Surgery and Health Sciences, University of Trieste, Trieste, ITA.; Department of Mental Health, Psychiatric Clinic, Azienda Sanitaria Universitaria Giuliano-Isontina (ASUGI), Trieste, ITA.",2025,luca.pellegrini@units.it,40618640 39897296 39882198
"Fineberg, Naomi A",3,0,0,"School of Life and Medical Sciences, University of Hertfordshire, Hatfield, GBR.; General Adult Psychiatry, Hertfordshire Partnership University NHS Foundation Trust, Hertfordshire, GBR.; Department of Psychiatry, Cambridge University Clinical Medical School, Cambridge, GBR.",2025,,40618640 39897296 39882198
"O'Connor, Sorcha",3,2,0,"Department of Brain Sciences, Faculty of Medicine, Imperial College London, London, GBR.",2025,,40618640 39897296 39882198
"Reed, Sara",3,0,0,"Department of Brain Sciences, Faculty of Medicine, Imperial College Lonson, London, GBR.",2025,,40618640 39897296 39882198
"Healy, Mairead",3,0,0,"Department of Psychology, University of Cambridge, Cambridge, GBR.",2025,,40618640 39897296 39882198
"Lee, Hakjun",3,0,0,"Department of Brain Sciences, Faculty of Medicine, Imperial College London, London, GBR.",2025,,40618640 39897296 39882198
"Kaczmarek, Erica",3,0,0,"University of Toronto, Toronto, Canada.; Braxia Health, Canadian Rapid Treatment Centre of Excellence (CRTCE), Braxia Scientific, Mississauga, Canada.; Department of Pharmacology & Toxicology, University of Toronto, Toronto, Canada.",2025,,40590216 40337756 38359838
"Breeksema, Joost",3,0,0,"Department of Psychiatry, Research School of Behavioural and Cognitive Neurosciences, University of Groningen, University Medical Center Groningen, Groningen, the Netherlands.",2025,,40541316 40541315 32170326
"Luan, Lisa X",3,1,0,"DMT Research Group, Centre for Psychedelic Research, Department of Brain Sciences, Imperial College London, London W12 0NN, UK.",2025,,40541309 40260121 37897244
"Wicki, Ilhui A",3,0,0,"Psychedelic Research and Therapy Development, Adult Psychiatry and Psychotherapy, Psychiatric University Hospital Zurich, University of Zurich, Zurich, Switzerland.",2026,ilhui_wicki@hotmail.com,40536012 40311954 39774840
"Chacko, Ravi",3,0,0,"Department of Emergency Medicine, Advocate Christ Medical Center, Oak Lawn, IL, USA.",2025,,40533500 40473634 37701731
"Laumann, Timothy O",3,0,0,"Department of Psychiatry, Washington University School of Medicine in St. Louis, St. Louis, MO, USA.",2025,,40533500 40473634 39020167
"Schweiger, Julie",3,0,0,"Department of Psychiatry, Washington University School of Medicine in St. Louis, St. Louis, MO, USA.",2025,,40533500 40473634 37701731
"Metcalf, Nicholas",3,0,0,"Department of Neurology, Washington University School of Medicine, St Louis, MO, USA.",2025,,40533500 40473634 37701731
"Bobak, Lukas",3,1,0,"School of Medicine, Case Western Reserve University, Cleveland, OH, USA.; Department of Psychiatry, Icahn School of Medicine at Mount Sinai, New York, NY, USA.",2025,,40530403 40084630 40022524
"Theunissen, Eef L",3,0,0,"Faculty of Psychology and Neuroscience, Maastricht University, Maastricht, Netherlands.",2025,,40528856 37409159 37253161
"Hoyer, Daniel",3,1,0,"Department of Biochemistry and Pharmacology, School of Biomedical Sciences, Faculty of Medicine, Dentistry and Health Sciences, The University of Melbourne, Parkville, Victoria, Australia.; Department of Molecular Medicine, The Scripps Research Institute, La Jolla, California, USA.",2026,,40518133 36272145 33745287
"Erkizia-Santamaría, Ines",3,3,0,"Department of Pharmacology, University of the Basque Country UPV/EHU, Leioa, Bizkaia, Spain.",2025,,40517150 40413648 39778644
"Eisen, Katherine",3,0,0,"Department of Psychiatry and Behavioral Sciences, Stanford University School of Medicine, Palo Alto, CA, USA.",2025,,40499827 39343309 36322843
"Lean, Melanie",3,0,0,"Department of Psychiatry and Behavioral Sciences, Stanford University School of Medicine, Palo Alto, CA, USA.",2025,,40499827 39343309 36322843
"Higbed, Laurie",3,0,0,"Division of Psychiatry, Department of Brain Sciences, Imperial College London, The Commonwealth Building, Du Cane Road, London, W12 0NN, United Kingdom.",2025,,40492610 33601929 30949077
"Phelps, Janis",3,1,0,"Center for Psychedelic Therapies and Research, California Institute of Integral Studies, San Francisco, CA, USA.",2026,,40492498 35285721 34734389
"Finn, Daphna M",3,0,0,"Department of Psychiatry, University of California, San Diego, CA, USA.",2025,,40420197 38988455 37488291
"Partilla, John S",3,0,0,"Designer Drug Research Unit, Intramural Research Program, National Institute on Drug Abuse, Baltimore, MD, 21224, USA.",2025,,40381003 39636099 36407948
"Horton, David M",3,1,0,"Department of Family Medicine and Community Health, University of Wisconsin, Madison, Wisconsin, USA.",2025,,40351554 40046866 34293927
"Fields, Christopher W",3,0,0,"Department of Anesthesiology, University of Michigan, Ann Arbor, Michigan, USA.; Institute of Neuroscience, University of Oregon, Eugene, Oregon, USA.",2025,,40342400 37599880 36328419
"Barros, Handersson",3,0,0,"Center for Advanced Medical Psychedelics (CAMP), Natal, Rio Grande do Norte, Brazil.; Graduate Program in Health Sciences, Federal University of Rio Grande do Norte, Natal, Rio Grande do Norte, Brazil.",2025,,40337754 40258990 38141403
"Bolcont, Raynara",3,0,0,"Center for Advanced Medical Psychedelics (CAMP), Natal, Rio Grande do Norte, Brazil.; Graduate Program in Health Sciences, Federal University of Rio Grande do Norte, Natal, Rio Grande do Norte, Brazil.",2025,,40337754 40258990 38141403
"Laborde, Sophie",3,0,0,"Center for Advanced Medical Psychedelics (CAMP), Natal, Rio Grande do Norte, Brazil.; Graduate Program in Health Sciences, Federal University of Rio Grande do Norte, Natal, Rio Grande do Norte, Brazil.",2025,,40337754 40258990 38141403
"Almeida, Raissa",3,0,0,"Center for Advanced Medical Psychedelics (CAMP), Natal, Rio Grande do Norte, Brazil.; Department of Physiology and Behavior, Federal University of Rio Grande do Norte, Natal, Rio Grande do Norte, Brazil.",2025,,40337754 40258990 38141403
"Arichelle, Flávia",3,0,0,"Center for Advanced Medical Psychedelics (CAMP), Natal, Rio Grande do Norte, Brazil.",2025,,40337754 40258990 38141403
"Hempe, Alexandra",3,0,0,"Department of Adult Psychiatry and Psychotherapy, Psychiatric University Clinic Zurich and University of Zurich, Switzerland; Faculty of Psychology, TU Dresden, Dresden, Germany. Electronic address: alexandra.hempe@gmx.de.",2025,alexandra.hempe@gmx.de,40311954 39774840 38264636
"Elsner, Claudius",3,0,0,"Department of Adult Psychiatry and Psychotherapy, Psychiatric University Clinic Zurich and University of Zurich, Switzerland. Electronic address: claudius.elsner@gmail.com.",2025,claudius.elsner@gmail.com,40311954 39774840 38264636
"Müller, Jovin",3,0,0,"Department of Adult Psychiatry and Psychotherapy, University Hospital of Psychiatry Zurich, University of Zurich, Zurich, Switzerland.",2025,jovin.mueller@bli.uzh.ch,40311954 39923404 39774840
"Stewart, Lowan H",3,0,0,"Nordre Østfold DPS, Østfold Hospital Trust, Grålum, Norway.",2025,,40276609 36386973 30421744
"Janeckova, Lucie",3,0,0,"Forensic Laboratory of Biologically Active Substances, Department of Chemistry of Natural Compounds, University of Chemistry and Technology, Prague 166 28, Czech Republic.",2025,,40260121 35918311 35676541
"Wolf, R Cameron",3,0,0,"VA Portland Health Care System, Portland, OR, USA.",2026,,40258279 39881568 39741441
"Hellwarth, Elle B",3,0,0,"Miami University, Department of Chemical, Paper, and Biomedical Engineering, Oxford, OH, USA. Electronic address: ebhellwarth@crimson.ua.edu.",2025,ebhellwarth@crimson.ua.edu; hellwae@miamioh.edu,40250599 38888046 37230161
"Wang, Xin",3,0,0,"Miami University, Department of Microbiology, Oxford, OH, USA; University of Florida, Department of Microbiology and Cell Science, Institute of Food and Agricultural Sciences, Gainesville, FL, USA. Electronic address: wangx3@ufl.edu.",2025,wangx3@ufl.edu,40250599 38888046 37337917
"Shevakh, Chloe",3,0,0,"Biological Psychiatry Laboratory and Hadassah BrainLabs Center for Psychedelic Research, Hebrew University, Ein Karem, Jerusalem, Israel.",2025,,40156912 39394457 38979304
"Guzzo, Peter",3,0,0,"Tryp Therapeutics, Kelowna, BC, Canada.",2025,,40128190 38405722 38113836
"Gilligan, Jim",3,0,0,"Tryp Therapeutics, Kelowna, BC, Canada.",2025,,40128190 38405722 38113836
"Kovacevich, Alexsandra",3,2,0,"Department of Psychiatry and Psychology, Cleveland Clinic, Neurological Institute, Cleveland, OH, USA.; Department of Neurology, Univeristy Hospitals, Cleveland, OH, USA.; School of Medicine, Case Western Reserve University, Cleveland, OH, USA.",2025,,40084630 40022524 37650700
"Torrado Pacheco, Alejandro",3,3,0,"Department of Behavioral Neuroscience, and.",2024,pachecoa@ohsu.edu,40047885 36807609 36712091
"Müller, F",3,0,0,"Swiss Medical Society for Psychedelic Therapy (SÄPT), Berne, Switzerland.; Department of Psychiatry, Clinical Research Center for Substance-Assisted Therapy, Division of Medicine, University of Basel, Basel, Switzerland.",2025,,40045361 33833225 32446245
"Motyka, Marek A",3,0,0,"Institute of Sociological Sciences, University of Rzeszow, 35-959, Rzeszów, Poland.",2025,,40032797 37375778 35682204
"Poulsen, Emil Deleuran",3,0,0,"Psychiatric Center Copenhagen, Frederiksberg Hospital, University of Copenhagen, Frederiksberg, Denmark.",2025,,40018886 37969069 37403379
"Hofmann, Britt",3,0,0,"Department of Cardiac Surgery, Mid-German Heart Center, University Hospital Halle, 06097, Halle, Germany.",2025,,40000760 38876450 38370480
"Jacobs, Gabriel E",3,0,0,"Centre for Human Drug Research (CHDR), Leiden, The Netherlands.; Department of Psychiatry, Leiden University Medical Centre (LUMC), Leiden, The Netherlands.",2025,,39982684 39812743 27568265
"Herrmann, Zachary",3,2,0,"UMass Chan Medical School - Baystate, United States.",2025,,39978226 40046570 36127639
"Ahuja, Sachin",3,1,0,"Schulich School of Medicine and Dentistry, University of Western Ontario, London, ON, Canada.",2025,,39956789 35524316 35326338
"Kruger, Daniel",3,0,0,"Jacobs School of Medicine and Biomedical Sciences, University at Buffalo, State University of New York, Buffalo, NY, USA.",2025,,39944237 39297183 38455520
"Puchkov, Maxim",3,0,0,"Galvita AG, Basel, Switzerland.",2025,,39923404 39774840 38089057
"Zhang, Guoliang",3,0,0,"Chemistry and Chemical Biology Graduate Program, University of California, Davis, Davis, CA, USA.",2025,deolson@ucdavis.edu,39915657 33299186 32794540
"Fogg, Colleen",3,1,0,"Pharmacy Department, Yale-New Haven Health, Connecticut Mental Health Center, 34 Park Street, New Haven, CT, 06515, USA.",2025,,39833376 34930220 34096755
"Bisson, Jonathan I",3,1,0,"Division of Psychological Medicine and Clinical Neurosciences, Cardiff University, Cardiff, UK.",2025,,39810662 34992739 33680344
"Bhatt, Snehal",3,0,0,"Department of Psychiatry, NYU Langone Center for Psychedelic Medicine, NYU Grossman School of Medicine, New York (Pagni, Zeifman, Mennenga, Carrithers, Goldway, O'Donnell, Ross, Bogenschutz); School of Life Sciences, Arizona State University, Tempe (Mennenga); Department of Psychology, New York Univ",2025,,39741446 38010760 36001306
"Grzenda, Adrienne",3,0,0,"Department of Psychiatry and Behavioral Sciences (Fonzo, Barksdale, Nemeroff) and Center for Psychedelic Research and Therapy (Fonzo, Nemeroff), University of Texas at Austin Dell Medical School, Austin; Institute for Early Life Adversity Research, University of Texas at Austin, Austin (Fonzo, Nemer",2025,,39741438 39741437 39616450
"Grigsby, Jim",3,0,0,"Department of Psychiatry, NYU Grossman School of Medicine, New York (O'Donnell); NYU Langone Center for Psychedelic Medicine, New York (O'Donnell); University of Colorado Anschutz Medical Campus, Denver (Gringsby); Department of Psychiatry and Biobehavioral Sciences and Pediatrics, UCLA School of Me",2025,,39741435 31916890 30371148
"Bollinger, Ian M",3,1,0,"Entheome Foundation, Oakland, California, USA.",2025,,39727395 41836496 37961470
"Singer, Harte",3,0,0,"Entheome Foundation, Oakland, California, USA.",2025,,39727395 41836496 37961470
"Miller, Dusty Rose",3,2,0,"Entheome Foundation, Oakland, California, USA.; Vanderbilt University, Nashville, Tennessee, USA.",2025,,39727395 41836496 37961470
"Fewster, Emily C",3,0,0,"Department of Psychology, York University, Toronto, Canada.",2026,,39718337 39503411 38374976
"Frokjaer, Vibe G",3,0,0,"Neurobiology Research Unit, Copenhagen University Hospital - Rigshospitalet, Copenhagen, Denmark.; Department of Clinical Medicine, University of Copenhagen, Denmark.; Mental Health Center Copenhagen, Copenhagen University Hospital - Mental Health Services CPH, Copenhagen, Denmark.",2025,,39632615 40656118 36545240
"Mithoefer, Ann",3,0,0,"Department of Psychiatry and Behavioral Services, Medical University of South Carolina, Charleston, SC, United States.",2024,jennifer.mitchell@ucsf.edu,39559692 37404971 33972795
"Rodrigues, Isa R S",3,0,0,"Department of Health Sciences, Universidade Estadual de Santa Cruz, Ilhéus, BA, 45662-900, Brazil.",2024,,39443587 34621171 32676773
"Kao, Yu-Chen",3,0,0,"Department of Psychiatry, Tri-Service General Hospital, National Defense Medical Centre, Taipei, Taiwan; Department of Psychiatry, Beitou Branch, Tri-Service General Hospital, Taipei, Taiwan.",2025,,39389119 39193583 39168500
"Ivan, Victorita E",3,2,0,"Canadian Center for Behavioural Neuroscience, Department of Neuroscience, University of Lethbridge, Lethbridge, Alberta, Canada.",2024,,39364682 38298796 38115411
"Esteves, Ingrid M",3,0,0,"Canadian Center for Behavioural Neuroscience, Department of Neuroscience, University of Lethbridge, Lethbridge, Alberta, Canada.",2024,,39364682 38298796 38115411
"Mueller, Jovin",3,0,0,"Psychedelic Research and Therapy Development, Department of Adult Psychiatry and Psychotherapy, Psychiatric University Clinic Zurich, University of Zurich, Zurich, Switzerland.",2024,,39340164 38264636 38089057
"Jevotovsky, David S",3,2,0,"Physical Medicine & Rehabilitation, New York University Grossman School of Medicine, New York, New York, USA.",2025,,39281029 39106989 38813452
"Chopra, Harman",3,1,0,"Physical Medicine & Rehabilitation, Johns Hopkins University School of Medicine, Baltimore, Maryland, USA.",2025,,39281029 39106989 38813452
"Muscat, Sherry-Anne",3,1,0,"Youth Forensic Psychiatry, Alberta Hospital, Edmonton, AB, Canada.",2024,,39279805 37645640 34562957
"Thompson, Trevor",3,0,0,"Centre for Chronic Illness and Ageing, University of Greenwich, London, UK.",2024,,39193583 39168500 35207210
"Wagner, Mark",3,0,0,"Medical University of South Carolina, Charleston, SC, USA.",2024,,39126501 31065731 29728331
"Kolasa, Magdalena",3,3,0,"Department of Pharmacology, Maj Institute of Pharmacology Polish Academy of Sciences, Kraków, Poland.",2025,,39030424 38963553 37882914
"Nikiforuk, Agnieszka",3,0,0,"Department of Behavioral Neuroscience & Drug Development, Maj Institute of Pharmacology Polish Academy of Sciences, Kraków, Poland.",2025,,39030424 38963553 35234983
"Bugno, Ryszard",3,0,0,"Department of Medicinal Chemistry, Maj Institute of Pharmacology Polish Academy of Sciences, Kraków, Poland.",2025,,39030424 38963553 35234983
"Hogendorf, Adam",3,0,0,"Department of Medicinal Chemistry, Maj Institute of Pharmacology Polish Academy of Sciences, Kraków, Poland.",2025,,39030424 38963553 35234983
"Tort, Adriano B L",3,0,0,"Brain Institute, Federal University of Rio Grande do Norte, Natal, Brazil.",2024,,38987574 38760450 33860181
"Bornemann, Julia",3,2,0,"Centre for Psychedelic Research, Department of Brain Science, Imperial College London, London, United Kingdom.",2024,,38983371 37251069 34867525
"Vidonja Uzelac, Teodora",3,1,0,"Department of Physiology, Institute for Biological Research ""Siniša Stanković""-National Institute of the Republic of Serbia, University of Belgrade, Bulevar Despota Stefana 142, 11060 Belgrade, Serbia.",2024,,38928231 35054409 34829663
"Oreščanin Dušić, Zorana",3,0,0,"Department of Physiology, Institute for Biological Research ""Siniša Stanković""-National Institute of the Republic of Serbia, University of Belgrade, Bulevar Despota Stefana 142, 11060 Belgrade, Serbia.",2024,,38928231 35054409 34829663
"Nakajima, Shinichiro",3,0,0,"Department of Neuropsychiatry, Keio University School of Medicine, Tokyo, Japan.",2024,,38889223 38318991 37704433
"Anticevic, Alan",3,0,0,"Department of Psychiatry, Yale University School of Medicine, New Haven, CT, USA.",2025,,38862674 37459910 32111343
"Hoener, Marius C",3,0,0,"Neuroscience Research, Pharma Research and Early Development, Roche Innovation Center Basel, F. Hoffmann-La Roche Ltd, Basel, Switzerland.",2024,,38741590 35222010 27216487
"Jeanblanc, Jérôme",3,1,0,"INSERM UMR 1247 GRAP, Groupe de Recherche sur l'Alcool et les Pharmacodépendances, Centre Universitaire de Recherche en Santé (CURS), Université de Picardie Jules Verne, 80025 Amiens Cedex 1, France.",2024,,38703387 38018944 34788104
"Rosado, Tiago",3,0,0,"Centro de Investigação em Ciências da Saúde (CICS-UBI), Universidade da Beira Interior, Covilhã, Portugal.; Laboratório de Fármaco-Toxicologia, UBIMedical, Universidade da Beira Interior, Covilhã, Portugal.",2024,,38699824 38004320 34577025
"Safi-Aghdam, Hamideh",3,0,0,"Department of Psychiatry, Yale University School of Medicine, New Haven, CT, USA.; Psychiatry Service, VA Connecticut Healthcare System, West Haven, CT, USA.",2024,,38632313 37392016 36938991
"Pathania, Surbhi",3,0,0,"Department of Psychiatry, Yale University School of Medicine, New Haven, CT, USA.; Psychiatry Service, VA Connecticut Healthcare System, West Haven, CT, USA.",2024,,38632313 37392016 36938991
"Pittman, Brian",3,0,0,"Department of Psychiatry, Yale University School of Medicine, New Haven, CT, USA.",2024,,38632313 37392016 36938991
"Sewell, R Andrew",3,0,0,"Department of Psychiatry, Yale School of Medicine, New Haven, CT, United States of America; Psychiatry Service, Veterans Affairs Connecticut Healthcare System, West Haven, CT, United States of America.",2024,,38581739 36416492 33184743
"Flynn, L Taylor",3,0,0,"Department of Psychiatry, Yale School of Medicine, New Haven, CT, United States of America; Psychiatry Service, Veterans Affairs Connecticut Healthcare System, West Haven, CT, United States of America.",2024,,38581739 36416492 33184743
"van Oosteren, Toon",3,0,0,"IrisZorg, Nijmegen, The Netherlands.",2024,,38519421 33620733 30300292
"Amoroso, Lucia",3,0,0,"Department of Psychiatry, Yale University School of Medicine, New Haven, CT, United States.",2024,,38435972 38264632 37181888
"Bohner, Calvin",3,0,0,"Department of Psychiatry, Yale University School of Medicine, New Haven, CT, United States.",2024,,38435972 38264632 37181888
"D'Amico, Elizabeth",3,0,0,"Department of Psychiatry, Yale University School of Medicine, New Haven, CT, United States.",2024,,38435972 38264632 37181888
"Eilbott, Jeffrey",3,0,0,"Department of Psychiatry, Yale University School of Medicine, New Haven, CT, United States.",2024,,38435972 38264632 37181888
"Grazioplene, Rachael",3,0,0,"Department of Psychiatry, Yale University School of Medicine, New Haven, CT, United States.",2024,,38435972 38264632 37181888
"Patel, Prerana",3,0,0,"Department of Psychiatry, Yale University School of Medicine, New Haven, CT, United States.",2024,,38435972 38264632 37181888
"Schaer, Henry",3,0,0,"Department of Psychiatry, Yale University School of Medicine, New Haven, CT, United States.",2024,,38435972 38264632 37181888
"Witherow, Chelsea",3,0,0,"Department of Psychiatry, Yale University School of Medicine, New Haven, CT, United States.",2024,,38435972 38264632 37181888
"Wolf, Gilly",3,0,0,"Biological Psychiatry Laboratory and Hadassah BrainLabs Center for Psychedelic Research, Hadassah Medical Center, Hebrew University, Jerusalem, Israel.; Achva Academic College, Beer Tuvia, Israel.",2024,,38378926 37164956 36430623
"Nour, Matthew M",3,1,0,"Department of Psychiatry, University of Oxford, Oxford, UK.; University College London, Max Planck UCL Centre for Computational Psychiatry and Ageing Research, London, UK.",2024,,38318991 35939083 27378878
"Bloesch, Emily K",3,0,0,"Department of Psychology, Central Michigan University, Mount Pleasant, MI, USA.",2025,,38310541 32194129 30836890
"Cao, Bing",3,1,0,"Key Laboratory of Cognition and Personality, Faculty of Psychology, Ministry of Education, Southwest University, Chongqing 400715, PR China.",2024,caobing@bjmu.edu.cn,38244804 36097251 30611836
"Kuypers, Kim Pc",3,1,0,"Department of Neuropsychology and Psychopharmacology, Faculty of Psychology and Neuroscience, Maastricht University, Maastricht, the Netherlands.",2024,,40656112 36876583 31303095
"Riga, Maurizio S",3,2,0,"Andalusian Center for Molecular Biology and Regenerative Medicine, Seville, Spain.",2024,,38180472 29221792 26477571
"Artigas, Francesc",3,0,0,"Departament de Neurociències i Terapèutica Experimental, CSIC-Institut d'Investigacions Biomèdiques de Barcelona, Barcelona, Spain.; Institut d'Investigacions Biomèdiques August Pi i Sunyer (IDIBAPS), Barcelona, Spain.; Centro de Investigación Biomédica en Red de Salud Mental (CIBERSAM), Instituto d",2024,,38180472 29221792 26477571
"Richards, William",3,0,0,"Sunstone Therapies, Rockville, Maryland, USA.",2024,,38105655 37590474 37052904
"Giovannetti, Cecile",3,1,0,Independent researcher.,2023,,37948338 37675972 32748709
"Eckernäs, Emma",3,1,0,"Unit for Pharmacokinetics and Drug Metabolism, Department of Pharmacology, Sahlgrenska Academy at University of Gothenburg, Gothenburg, Sweden.",2024,,37916667 37897244 37214949
"Dworkin, Robert H",3,1,0,"University of Rochester School of Medicine and Dentistry, Rochester, NY, USA; Department of Anesthesiology, Critical Care and Pain Management, Hospital for Special Surgery Research Institute, New York, NY, USA.",2023,robert_dworkin@urmc.rochester.edu,37802267 37015315 35643270
"Zafar, Rayyan",3,1,0,"Centre for Psychedelic Research, Department of Brain Sciences, Faculty of Medicine, Imperial College London, London, United Kingdom.; Neuropsychopharmacology Unit, Department of Brain Sciences, Faculty of Medicine, Imperial College London, London, United Kingdom.",2023,,37759038 37636336 37377473
"Apud, Ismael",3,3,0,"Institute of Foundations and Methods in Psychology, Faculty of Psychology, Universidad de la República, Montevideo, Uruguay.",2023,ismaelapud@psico.edu.uy,37750012 35506737 27768991
"Reckweg, J T",3,0,0,"Department of Neuropsychology and Psychopharmacology, Faculty of Psychology and Neuroscience, Maastricht University, P.O. Box 616, 6200 MD Maastricht, The Netherlands.",2023,,37689275 33833225 33694031
"Tse, D H Y",3,0,0,"Department of Neuropsychology and Psychopharmacology, Faculty of Psychology and Neuroscience, Maastricht University, P.O. Box 616, 6200 MD Maastricht, The Netherlands.",2023,,37689275 33833225 32446245
"Bradley, Ellen",3,0,0,"Department of Psychiatry and Behavioral Sciences, University of California San Francisco.; San Francisco Veterans Affairs Medical Center, San Francisco, California.",2023,,37651119 35711024 35359159
"Stokłosa, Maciej",3,0,0,"Department and Clinic of Psychiatry, Medical University of Silesia, 42-612 Tarnowskie Góry, Poland.",2023,,37496681 37241141 36767234
"Klaire, Sukhpreet S",3,0,0,"Department of Neurology, University of California San Francisco, San Francisco, CA, USA. Department of Psychiatry and Behavioral Sciences, University of California San Francisco, San Francisco, CA, USA. Department of Psychiatry, New York University Grossman School of Medicine, New York, NY, USA. Mul",2023,jennifer.mitchell@ucsf.edu,37404971 35286849 33972795
"Matthews, Rebecca",3,0,0,"Department of Neurology, University of California San Francisco, San Francisco, CA, USA. Department of Psychiatry and Behavioral Sciences, University of California San Francisco, San Francisco, CA, USA. Department of Psychiatry, New York University Grossman School of Medicine, New York, NY, USA. Mul",2023,jennifer.mitchell@ucsf.edu,37404971 33972795 32638920
"Nutt, David John",3,0,0,"Centre for Psychedelic Research, Department of Brain Sciences, Faculty of Medicine, Imperial College London, London, United Kingdom.; Neuropsychopharmacology Unit, Department of Brain Sciences, Faculty of Medicine, Imperial College London, London, United Kingdom.",2023,,37377473 35924888 31106729
"Crevelin, Eduardo José",3,0,0,"Departament of Chemistry, University of São Paulo, Ribeirão Preto, Brazil.",2022,,37335211 35107855 34421675
"Queiroz, Maria Eugênia",3,0,0,"National Institute of Science and Technology - Translational Medicine, Ribeirão Preto, Brazil.; Departament of Chemistry, University of São Paulo, Ribeirão Preto, Brazil.; School of Pharmaceutical Sciences, Ribeirão Preto Medical School, University of São Paulo, Ribeirão Preto, Brazil.",2022,,37335211 35107855 34421675
"Holoyda, Brian",3,3,0,"Dr. Holoyda is Chief Psychiatrist, Contra Costa County Detention Health Services, Martinez, CA and Forensic Psychiatrist, Denver, CO. holoyda@gmail.com.",2023,holoyda@gmail.com,37311597 33050796 31948993
"Seoane, Gustavo",3,0,0,"Laboratorio de Síntesis Orgánica, Departamento de Química Orgánica, Facultad de Química, Universidad de la República, 11800 Montevideo, Uruguay.",2023,,37221656 30890941 29755349
"Gaddis, Andrew",3,2,0,"Department of Psychiatry and Behavioral Sciences, Johns Hopkins University School of Medicine, Baltimore, Maryland, 21205, USA.",2023,gaddis@jhmi.edu,37148779 35792293 34897383
"Nebel, Mary Beth",3,0,0,"Center for Neurodevelopmental and Imaging Research, Kennedy Krieger Institute, Baltimore, Maryland, 21205, USA; Department of Neurology, Johns Hopkins University School of Medicine, Baltimore, Maryland, 21205, USA.",2023,,37148779 35792293 34897383
"Andries, Julane",3,0,0,"The Center for Transformational Psychotherapy, San Anselmo, CA, United States.; Ketamine Research Foundation, San Anselmo, CA, United States.",2023,,37065886 33235285 30917760
"Belouin, Sean J",3,1,0,"United States Public Health Service, Germantown, MD, USA; Substance Abuse and Mental Health Services Administration (SAMHSA), Rockville, MD, USA; Pain and Palliative Care, National Institutes of Health Clinical Center, Bethesda, MD, USA.",2023,sjbelouin@gmail.com,37015315 35987353 35973601
"Pleet, Mollie",3,0,0,"Department of Psychiatry and Behavioural Sciences, University of California San Francisco, San Francisco, CA, USA.; San Francisco VA Medical Centre, San Francisco, CA, USA.",2023,,40047007 36516137 36515370
"Kramers, Kees",3,0,0,"Department of Pharmacology-Toxicology, Radboud University Medical Center, Nijmegen, Netherlands.",2023,,36846225 34859515 33620733
"Zandonadi, Flávia S",3,1,0,"Laboratory of Bioanalytics and Integrated Omics (LaBIOmics), Institute of Chemistry, University of Campinas (UNICAMP), Campinas, SP, 13083-970, Brazil.",2023,,36717401 32896230 31220748
"El-Kasaby, Ali",3,0,0,"Institute of Pharmacology and the Gaston H. Glock Research Laboratories for Exploratory Drug Development, Center of Physiology and Pharmacology, Medical University of Vienna, Vienna, Austria.",2023,,36648438 33860180 28405636
"Kasture, Ameya",3,0,0,"Department of Neurobiology, University of Vienna, Vienna, Austria.",2023,,36648438 33860180 28405636
"Szabo, Attila",3,1,0,"NORMENT Center of Excellence (CoE), Institute of Clinical Medicine, University of Oslo, Division of Mental Health and Addiction, Oslo University Hospital, Oslo, Norway.",2023,,36545240 35149998 26236313
"de Almeida, Raíssa Nóbrega",3,1,0,"Laboratory of Hormone Measurement, Department of Physiology and Behavior, Federal University of Rio Grande do Norte, Natal, RN, Brazil.",2022,,36545037 32648790 31231276
"Reinholdt, Frederick",3,0,0,"From COMPASS Pathfinder (G.M.G., J.C.B., L.M., S.M., S.C.S., J.T., S.W., E.M.), the Department of Psychological Medicine, Institute of Psychiatry, Psychology, and Neuroscience, King's College London (C. Bird, L.A.J., G.K., L.N.M., F.R., J.R., S. Ruffell, M. Seynaeve, A.H.Y.), the National Institute ",2022,,36322843 34853114 33643087
"Slomski, Anita",3,3,0,,,,36194230 34313690 29946724
"Cruzat, Josephine",3,1,0,"Latin American Brain Health Institute (BrainLat), Universidad Adolfo Ibañez, Santiago, Chile.; Computational Neuroscience Group, Center for Brain and Cognition, Department of Information and Communication Technologies, Universitat Pompeu Fabra, Barcelona, Catalonia, Spain.; Centre for Eudaimonia and",2022,,36192411 38800462 32284420
"Files, Natasha",3,0,0,"Mental Health Foundations, Vancouver, BC, Canada.",2023,,36171638 30474794 28895501
"Bathje, Geoff J",3,1,0,"Department of Counseling and Integrated Programs, Adler University, Chicago, IL, United States.; Sana Healing Collective, Chicago, IL, United States.",2022,,35992410 33827588 32529966
"Kartner, Laura",3,0,0,"Centre for Psychedelic Research, Imperial College London, London, UK.",2022,,35939083 35431912 33648632
"Rootman, Joseph M",3,3,0,"Department of Psychology, University of British Columbia, Kelowna, BC, Canada. joseph.rootman@ubc.ca.",2022,joseph.rootman@ubc.ca; joeyroot@mail.ubc.ca,35902723 35773270 34795334
"Bosch, Oliver G",3,1,0,"Department of Psychiatry, Psychotherapy and Psychosomatics, Psychiatric University Hospital Zurich, University of Zurich, Lenggstrasse 31, PO Box 1931, 8032, Zurich, Switzerland. oliver.bosch@bli.uzh.ch.",2022,oliver.bosch@bli.uzh.ch,35788817 29167644 24882567
"Dorsen, Caroline G",3,0,0,"Division of Advanced Nursing Practice, Rutgers School of Nursing, Newark, New Jersey.",2022,,35522087 33993135 33001753
"Hertweck, Christian",3,0,0,"Department Biomolecular Chemistry, Leibniz Institute for Natural Product Research and Infection Biology, Hans Knöll Institute, Beutenbergstrasse 11a, 07745, Jena, Germany.",2022,,35483009 31729089 31725937
"Barbosa, Paulo Cesar Ribeiro",3,2,0,"Department of Philosophy and Human Sciences, Universidade Estadual de Santa Cruz, Ilhéus, Brazil.",2022,pcrbarbosa@uesc.br,35466853 29740355 27653781
"Bouso Saiz, José Carlos",3,0,0,"Department of Neurosciences and Behavior, Ribeirão Preto Medical School, University of São Paulo, Ribeirão Preto, Brazil.; International Center for Ethnobotanical Education, Research and Services, ICEERS,Barcelona, Spain.; Medical Anthropology Research Center (MARC), Universitat Rovira i Virgili, Ta",2022,,35426754 35301934 34421675
"Sexton, James D",3,1,0,"Centre for Psychedelic Research, Division of Academic Psychiatry, Imperial College London, London, UK.",2022,,35411074 33719688 32116806
"Robertshaw, Thomas L",3,0,0,"School of Pharmacy and Pharmaceutical Sciences, Cardiff University, Cardiff, UK.",2022,,35301759 32573835 30763121
"Anjos-Santos, Alexia",3,0,0,"Drug Design and Synthesis Section, Molecular Targets and Medications Discovery Branch, National Institute On Drug Abuse and the National Institute On Alcohol Abuse and Alcoholism, Bethesda, MD, USA.",2022,,35253069 34621171 32676773
"Falchi, Marcelo",3,0,0,"Department of Medical Psychology and Psychiatry, School of Medical Sciences, University of Campinas, Campinas, São Paulo, Brazil.; Interdisciplinary Cooperation for Ayahuasca Research and Outreach (ICARO), School of Medical Sciences, University of Campinas, Campinas, São Paulo, Brazil.",2023,,35158230 35105186 34253268
"Bresjanac, Mara",3,0,0,"LNPR, Institute of Pathophysiology, University of Ljubljana, Zaloška 4, 1000 Ljubljana, Slovenia.",2021,,35054409 34829663 29599898
"Kaylo, Kristi W",3,0,0,"Usona Institute, 2780 Woods Hollow Rd, Madison, WI 53711, USA.",2022,,34982048 33344861 32077284
"Reis, Henrique S",3,1,0,"Department of Health Sciences, Universidade Estadual De Santa Cruz, Ilhéus, Brazil.",2021,,34621171 32676773 29896106
"Libarino-Santos, Matheus",3,0,0,"Department of Health Sciences, Universidade Estadual De Santa Cruz, Ilhéus, Brazil.",2021,,34621171 32676773 29896106
"Alves, Stefany Sousa",3,0,0,"Laboratory of Toxicology, Faculty of Health Sciences, University of Brasilia, Brasilia, DF, Brazil.",2021,,34596814 32103409 31698029
"Nolli, Luciana Marangni",3,1,0,"Laboratory of Toxicology, Faculty of Health Sciences, University of Brasilia, Brasilia, DF, Brazil.",2021,,34596814 32103409 31698029
"de Oliveira, Danilo Gustavo Rodrigues",3,0,0,"Laboratory of Neuropharmacology, Department of Physiological Sciences, Institute of Biological Sciences, University of Brasilia, Brasilia-DF, Brazil.",2021,,34596814 32103409 31698029
"Reiff, Collin M",3,3,0,"Department of Psychiatry, New York University School of Medicine, New York, NY, USA.",2021,,34483775 33053043 32098487
"Steinmann, Christiaan M L",3,0,0,"Physiology Department, Sefako Makgatho Health Sciences University, Ga-Rankuwa, Gauteng, 0208, South Africa.",2021,,34385833 33339902 32878164
"Tófoli, Luís F",3,0,0,"Interdisciplinary Cooperation for Ayahuasca Research and Outreach, School of Medical Sciences, University of Campinas, Campinas, Brazil.",2022,,34308566 32638920 29740355
"Rocha, Juliana M",3,1,0,"Department of Neurosciences and Behavior, Ribeirão Preto Medical School, University of São Paulo, Ribeirão Preto, Brazil.",2021,,34220590 31065350 30339603
"Uthaug, M V",3,3,0,"Department of Neuropsychology and Psychopharmacology, Faculty of Psychology and Neuroscience, Maastricht University, Maastricht, The Netherlands. malin.uthaug@maastrichtuniversity.nl.",2021,malin.uthaug@maastrichtuniversity.nl,33694031 30982127 30105399
"van Oorsouw, K",3,0,0,"Department of Clinical Sciences, Faculty of Psychology and Neuroscience, Maastricht University, Maastricht, The Netherlands.",2021,,33694031 30982127 30105399
"Gradillas, Ana",3,0,0,"CEMBIO, Center for Metabolomics and Bioanalysis, Facultad de Farmacia, Universidad San Pablo CEU, CEU Universities, Campus Monteprincipe, Boadilla del Monte, 28668 Madrid, Spain.",2021,,33669160 33260723 33114334
"García, Antonia",3,0,0,"CEMBIO, Center for Metabolomics and Bioanalysis, Facultad de Farmacia, Universidad San Pablo CEU, CEU Universities, Campus Monteprincipe, Boadilla del Monte, 28668 Madrid, Spain.",2021,,33669160 33260723 33114334
"Kargbo, Robert",3,0,0,"The Usona Institute, 2800 Woods Hollow Road, Madison, 53711, WI, USA.",2021,,33237633 32101345 31150155
"Walt, Heinrich",3,0,0,"Department of Oral- and Cranio-Maxillo-Facial Surgery, University Hospital Zurich, Zurich, Switzerland.",2020,,33117182 32800077 31043116
"Dinis-Oliveira, Ricardo Jorge",3,2,0,"Department of Sciences, IINFACTS-Institute of Research and Advanced Training in Health Sciences and Technologies, University Institute of Health Sciences (IUCS), CESPU, CRL, 4585-116 Gandra, Portugal.; UCIBIO-REQUIMTE, Laboratory of Toxicology, Department of Biological Sciences, Faculty of Pharmacy,",2020,,33114119 30318013 28074670
"Scorza, Cecilia",3,0,0,"Departamento de Neurofarmacologı́a Experimental, Instituto de Investigaciones Biológicas Clemente Estable, Montevideo 11600, Uruguay.",2020,,32330007 30890941 29755349
"Dinh-Williams, Le-Anh",3,0,0,"Clinical Science, University of Toronto, Scarborough, Canada.",2020,,32108529 31288862 30604183
"Hui, Katrina",3,0,0,"Psychiatry, University of Toronto Faculty of Medicine, Toronto, Canada.",2020,,32108529 31288862 30604183
"Amada, Nicole",3,0,0,"The Graduate Center, City University of New York , New York, NY, USA.",2020,,32043165 31778967 31648596
"Wick, Jonas",3,0,0,"Department Pharmaceutical Microbiology, Hans-Knöll-Institute Friedrich-Schiller-Universität, Beutenbergstr. 11a, 07745, Jena, Germany.",2020,,31725937 30098085 30011099
"Mortari, Marcia Renata",3,0,0,"Laboratory of Neuropharmacology, Department of Physiological Sciences, Institute of Biological Sciences, University of Brasilia, Brasilia, DF, Brazil.",2020,,31698029 29522798 26049017
"Windham-Herman, Austin-Marley",3,0,0,"b Crossroads Treatment Center , Rosarito , Mexico.; c Yale School of Medicine , Yale University, New Haven , CT , USA.",2018,,30574112 30272050 30020025
"Malcolm, Benjamin J",3,2,0,"a College of Pharmacy, Western University of Health Sciences , Pomona , CA , USA.",2018,bmalcolm@westernu.edu,30471678 29955496 29608409
"Kaelen, M",3,1,0,"Psychedelic Research Group, Centre for Neuropsychopharmacology, Division of Brain Sciences, Faculty of Medicine, Imperial College London, London, UK.",2018,m.kaelen@imperial.ac.uk,29923178 29119217 26257162
"Evans, Lisa",3,0,0,"Psychedelic Research Group, Department of Medicine, Imperial College London, London, W12 0NN, UK.",2018,,29582103 29396616 27378878
"Curran, H V",3,0,0,"Clinical Psychopharmacology Unit, University College London, London, UK.",2018,,29119217 29085980 26257162
"Jiang, Xi-Ling",3,3,0,"Department of Pharmaceutical Sciences, School of Pharmacy and Pharmaceutical Sciences, University at Buffalo, The State University of New York, Buffalo, NY, USA.",2016,,27709018 26977821 25446678
"Shen, Hong-Wu",3,0,0,"Department of Pharmaceutical Sciences, School of Pharmacy and Pharmaceutical Sciences, University at Buffalo, The State University of New York, Buffalo, NY, USA.",2016,,27709018 26977821 25446678
"Barker, Steven",3,0,0,"Department of Comparative Biomedical Sciences, School of Veterinary Medicine, Louisiana State University, Skip Bertman Drive at River Road, Baton Rouge, LA, 70803, USA.",2016,,27039035 26874330 26612618
