nct_id,title,relevance,conditions,status,study_type,phases,sponsor,drugs,n_sites,countries,start_date,central_contact_name,central_contact_phone,overall_official,has_results,ipd_sharing,source_url
NCT05180149,Personality and Drug Use (PDU),other,Personality,WITHDRAWN,OBSERVATIONAL,,Quantified Citizen Technologies Inc.,"5-MeO-DMT,DMT,LSD,MDMA,ayahuasca,ibogaine,ketamine,mescaline,psilocybin",0,,2022-04,,,"Kim PC Kuypers, PhD (Maastricht University)",no,yes,https://clinicaltrials.gov/study/NCT05180149
NCT07444788,Acute Effects of Intravenous 5-MeO-DMT in Healthy Participants,other,5-methoxy-dimethyltryptamine (5-MeO-DMT),RECRUITING,INTERVENTIONAL,PHASE1,"University Hospital, Basel, Switzerland","5-MeO-DMT,DMT",1,Switzerland,2026-03-31,"Livio Erne, MSc Drug Sciences",+41613284818,"Severin Vogt, Dr. med. (University Hospital Basel, Division of Clinical Pharmacology and Toxicology)",no,no,https://clinicaltrials.gov/study/NCT07444788
NCT05516823,Personality and Drug Use,other,No Conditions Study Focus on Substance Use and Personality,UNKNOWN,OBSERVATIONAL,,Psychedelic Data Society,"5-MeO-DMT,DMT,LSD,MDMA,ayahuasca,ibogaine,ketamine,mescaline,psilocybin",0,,2022-11,"Maggie K Kiraga, MSc",4373249251,"Kim PC Kuypers, PhD (Maastricht University)",no,yes,https://clinicaltrials.gov/study/NCT05516823
NCT07717866,Trifecta Research Study,other,PTSD - Post Traumatic Stress Disorder; Cognitive Dysfunction; Brain Injury; Depression - Major Depressive Disorder; Suicidal Ideation,ACTIVE_NOT_RECRUITING,OBSERVATIONAL,,Axial Therapeutic Research,"5-MeO-DMT,DMT,ibogaine",1,United States,2022-08-01,,,I S Kroop (Axial Therapeutic Research),no,undecided,https://clinicaltrials.gov/study/NCT07717866
NCT05032833,Single Ascending Dose Study With 5-MeO-DMT in Healthy Subjects,other,Pharmacokinetics in Healthy Adults,COMPLETED,INTERVENTIONAL,PHASE1,Beckley Psytech Limited,"5-MeO-DMT,DMT",1,United Kingdom,2021-09-22,,,,no,no,https://clinicaltrials.gov/study/NCT05032833
NCT04698603,Clinical Study of GH001 in Depression,psychiatric,Treatment Resistant Depression; Major Depressive Disorder; Depression,COMPLETED,INTERVENTIONAL,PHASE1|PHASE2,GH Research Ireland Limited,"5-MeO-DMT,DMT",1,Netherlands,2019-11-12,,,GH Research Clinical Team (GH Research Ireland Limited),no,no,https://clinicaltrials.gov/study/NCT04698603
NCT06816667,"Safety, Tolerability, and Efficacy of Sublingual Microdoses of 5-MeO-DMT for Depression and Anxiety",psychiatric,Healthy Volunteers,COMPLETED,INTERVENTIONAL,PHASE1|PHASE2,Biomind Labs Inc.,"5-MeO-DMT,DMT",1,Argentina,2024-10-21,,,"Martin A. Bruno, PhD (Biomind Labs Inc.)",no,yes,https://clinicaltrials.gov/study/NCT06816667
NCT06810765,Trifecta Research Study,other,PTSD - Post Traumatic Stress Disorder; Cognitive Dysfunction; Brain Trauma; Brain Injuries,WITHDRAWN,INTERVENTIONAL,PHASE2,Johns Hopkins University,"5-MeO-DMT,DMT,ibogaine",1,United States,2025-09,,,"Sandeep Nayak, MD (Johns Hopkins University)",no,,https://clinicaltrials.gov/study/NCT06810765
NCT05698095,"Pharmacokinetics, Safety, and Tolerability of Intramuscular 5-MeO-DMT in Healthy Volunteers",psychiatric,Pharmacokinetics; Safety; Tolerability,COMPLETED,INTERVENTIONAL,PHASE1,Usona Institute,"5-MeO-DMT,DMT",1,United States,2022-12-27,,,,no,undecided,https://clinicaltrials.gov/study/NCT05698095
NCT06511947,Pharmacokinetics of GH001 Delivered Via a Proprietary Aerosol Delivery Device in Healthy Subjects,other,Healthy Volunteers,UNKNOWN,INTERVENTIONAL,PHASE1,GH Research Ireland Limited,"5-MeO-DMT,DMT",1,United Kingdom,2024-08-01,GH Research Limited Clinical Trial Enquiries,+353 87 450 3237,,no,no,https://clinicaltrials.gov/study/NCT06511947
NCT06624137,"Computer Game, Qualitative, and MEG/EEG Assessment of Serotonergic Psychedelics",psychiatric,OCD; Major Depressive Disorder (MDD); Alcohol Use Disorder (AUD); Healthy Volunteer; Migraine; PTSD; PTSD - Post Traumatic Stress Disorder; Addiction; Tobacco Use Disorder; Obsessive Compulsive Disorder (OCD); Opioid Use Disorder,TERMINATED,OBSERVATIONAL,,Yale University,"5-MeO-DMT,DMT,LSD,ayahuasca,psilocybin",2,United States,2024-12-12,,,"Maximillian S Greenwald, BA (Yale University); Albert R Powers, MD, PhD (Yale University)",no,no,https://clinicaltrials.gov/study/NCT06624137
NCT05163691,Pharmacokinetics of GH001 in Healthy Volunteers,psychiatric,Healthy Volunteers,COMPLETED,INTERVENTIONAL,PHASE1,GH Research Ireland Limited,"5-MeO-DMT,DMT",1,Netherlands,2021-06-21,,,GH Research Clinical Team (GH Research Ireland Limited),no,no,https://clinicaltrials.gov/study/NCT05163691
NCT06812221,Efficacy of Sublingual 5-MeO-DMT for Reducing Anxiety and Depression in MCI,psychiatric,Mild Cognitive Impairment; Anxiety State; Depression Anxiety Disorder,COMPLETED,INTERVENTIONAL,PHASE1|PHASE2,Biomind Labs Inc.,5-MeO-DMT,1,Argentina,2024-12-15,,,"Martin A. Bruno, PhD (Biomind Labs Inc.)",no,yes,https://clinicaltrials.gov/study/NCT06812221
NCT05804708,Phase 2 Clinical Trial of GH001 in Postpartum Depression,psychiatric,Postpartum Depression; Postnatal Depression,TERMINATED,INTERVENTIONAL,PHASE2,GH Research Ireland Limited,"5-MeO-DMT,DMT",4,Netherlands; United Kingdom,2023-03-02,,,,no,no,https://clinicaltrials.gov/study/NCT05804708
NCT05800860,A Trial of GH001 in Patients With Treatment-resistant Depression,psychiatric,Treatment-resistant Depression,COMPLETED,INTERVENTIONAL,PHASE2,GH Research Ireland Limited,"5-MeO-DMT,DMT",11,Czechia; Germany; Ireland; Netherlands; Poland; Spain,2023-05-24,,,,no,no,https://clinicaltrials.gov/study/NCT05800860
NCT04640831,Safety of GH001 in Healthy Volunteers,psychiatric,Healthy Volunteers,COMPLETED,INTERVENTIONAL,PHASE1,GH Research Ireland Limited,"5-MeO-DMT,DMT",1,Netherlands,2019-03-13,,,GH Research Clinical Team (GH Research Ireland Limited),no,no,https://clinicaltrials.gov/study/NCT04640831
NCT05839509,Phase 2 Clinical Trial of GH001 in Bipolar II Disorder,psychiatric,Bipolar II Disorder,TERMINATED,INTERVENTIONAL,PHASE2,GH Research Ireland Limited,"5-MeO-DMT,DMT",7,Germany; Netherlands; United Kingdom,2023-04-06,,,,no,no,https://clinicaltrials.gov/study/NCT05839509
NCT07540494,Pharmacokinetics and Safety of GH001 Delivered Via a GH001 Aerosol Delivery System in Healthy Subjects,other,Healthy Adult,NOT_YET_RECRUITING,INTERVENTIONAL,PHASE1,GH Research Ireland Limited,"5-MeO-DMT,DMT",1,United States,2026-04,GH Research Limited Clinical Trial Enquiries,+353874503237,,no,no,https://clinicaltrials.gov/study/NCT07540494
NCT05753956,Safety and Pharmacokinetics of GH002 in Healthy Volunteers,psychiatric,Healthy Volunteers,COMPLETED,INTERVENTIONAL,PHASE1,GH Research Ireland Limited,"5-MeO-DMT,DMT",1,Netherlands,2022-12-22,,,,no,no,https://clinicaltrials.gov/study/NCT05753956
NCT07740512,"Safety, Tolerability, Pharmacokinetics, and Preliminary Efficacy of PLX-200 in Pediatric Patients (Master Protocol)",other,Lysosomal Storage Disorders; Sandhoff Disease; Krabbe Disease; CLN2; CLN3,NOT_YET_RECRUITING,INTERVENTIONAL,PHASE2,"Polaryx Therapeutics, Inc.",LSD,0,,2026-12-01,"Minsu Kang, PhD",217-779-7736,,no,no,https://clinicaltrials.gov/study/NCT07740512
NCT06741228,A Phase 3 Trial of DT120 for Generalized Anxiety Disorder (Voyage),psychiatric,Generalized Anxiety Disorder,ACTIVE_NOT_RECRUITING,INTERVENTIONAL,PHASE3,"Definium Therapeutics US, Inc.",LSD,34,United States,2024-12-11,,,,no,,https://clinicaltrials.gov/study/NCT06741228
NCT03790358,Mood Effects of Serotonin Agonists,psychiatric,Healthy,COMPLETED,INTERVENTIONAL,PHASE1,University of Chicago,"LSD,MDMA",2,United States,2018-05-01,,,,no,no,https://clinicaltrials.gov/study/NCT03790358
NCT04227756,"Comparative Acute Effects of LSD, Psilocybin and Mescaline",psychiatric,Healthy,COMPLETED,INTERVENTIONAL,PHASE1,"University Hospital, Basel, Switzerland","LSD,mescaline,psilocybin",1,Switzerland,2020-05-19,,,"Matthias E. Liechti, Prof. (University Hospital, Basel, Switzerland)",no,no,https://clinicaltrials.gov/study/NCT04227756
NCT02308969,Neuronal Correlates of Altered States of Consciousness,psychiatric,Healthy,COMPLETED,INTERVENTIONAL,EARLY_PHASE1,"University Hospital, Basel, Switzerland",LSD,1,Switzerland,2014-12,,,"Matthias E Liechti, MD, MAS (University Hospital, Basel, Switzerland)",no,,https://clinicaltrials.gov/study/NCT02308969
NCT05177419,Effects of LSD on Neuroplasticity in Healthy Subjects,other,Healthy,COMPLETED,INTERVENTIONAL,PHASE1,University of Fribourg,LSD,1,Switzerland,2022-05-02,,,,no,undecided,https://clinicaltrials.gov/study/NCT05177419
NCT03019822,"Role of Dopamine, Serotonin and 5-HT2A Receptors in Emotion Processing",other,Healthy,COMPLETED,INTERVENTIONAL,EARLY_PHASE1,"University Hospital, Basel, Switzerland","LSD,MDMA",1,Switzerland,2017-02-01,,,"Matthias E Liechti, MD, MAS (University Hospital, Basel, Switzerland)",no,undecided,https://clinicaltrials.gov/study/NCT03019822
NCT02060526,"Randomized, Controlled, Open-label, Multicenter, Safety and Efficacy Study of rhHNS Administration Via an IDDD in Pediatric Patients With Early Stage MPS IIIA Disease",other,Sanfilippo Syndrome,COMPLETED,INTERVENTIONAL,PHASE2,Shire,LSD,10,Argentina; France; Germany; Italy; Netherlands; Spain; United Kingdom; United States,2014-02-26,,,Study Director (Takeda),yes,yes,https://clinicaltrials.gov/study/NCT02060526
NCT05175430,Effects of SERT Inhibition on the Subjective Response to LSD in Healthy Subjects,other,Healthy,COMPLETED,INTERVENTIONAL,PHASE1,"University Hospital, Basel, Switzerland",LSD,1,Switzerland,2022-10-24,,,"Matthias E Liechti, Dr., MD (University Hospital, Basel, Switzerland)",no,no,https://clinicaltrials.gov/study/NCT05175430
NCT02741622,Brain Derived Neurotropic Factor Response to Aerobic Exercise Intensity in Depressive Patients.,psychiatric,"Depressive Disorder; Depressive Disorder, Major",COMPLETED,INTERVENTIONAL,NA,St. Olavs Hospital,LSD,1,Norway,2016-03,,,"Pål Sandvik, MD (St.Olavs University Hospital, Østmarka)",no,,https://clinicaltrials.gov/study/NCT02741622
NCT01697319,Efficacy and Safety Study of BMN 110 for Morquio A Syndrome Patients Who Have Limited Ambulation,other,Mucopolysaccharidosis IVA; Morquio A Syndrome; MPS IVA,TERMINATED,INTERVENTIONAL,PHASE2,BioMarin Pharmaceutical,LSD,7,Germany; United Kingdom; United States,2012-08,,,"Celeste Decker, M.D. (BioMarin Pharmaceutical)",yes,,https://clinicaltrials.gov/study/NCT01697319
NCT00736307,Autologous Transplantation of Cultivated Limbal Stem Cells on Amniotic Membrane in Limbal Stem Cell Deficiency (LSD) Patients,other,Limbal Stem Cell Deficiency,COMPLETED,INTERVENTIONAL,PHASE1|PHASE2,Royan Institute,LSD,2,Iran,2007-10,,,"Hamid Gorabi, PhD (Royan institute, Tehran, Iran); Mohammadali Javadi, MD (Labbafinejad Ophthalmic Research Center, Tehran, Iran)",no,,https://clinicaltrials.gov/study/NCT00736307
NCT03812055,Cellular Pharmacodynamics of Small Molecules in Lysosomal Storage Disorders,other,Lysosomal Storage Diseases,UNKNOWN,OBSERVATIONAL,,"Lysosomal and Rare Disorders Research and Treatment Center, Inc.",LSD,1,United States,2018-07-06,"Margarita M Ivanova, PhD",7032616220,"Margarita M Ivanova, PhD (LDRTC); Ozlem Goker-Alpan, MD (LDRTC)",no,undecided,https://clinicaltrials.gov/study/NCT03812055
NCT04488874,Sodium Lactate and Brain Relaxation (LSD),other,Sodium Lactate; Intracranial Hypertension; Brain Relaxation,COMPLETED,INTERVENTIONAL,PHASE3,Centre Hospitalier Universitaire de Besancon,LSD,1,France,2020-09-29,,,,no,yes,https://clinicaltrials.gov/study/NCT04488874
NCT05477459,LSD to Improve Cluster Headache Impact Trial,other,Chronic Cluster Headache,RECRUITING,INTERVENTIONAL,PHASE2,Radboud University Medical Center,LSD,2,Netherlands,2025-04-16,"Julia Jansen, MD",+31 24 3658765,"Kees Kramers, Prof. (Radboud University Medical Center)",no,yes,https://clinicaltrials.gov/study/NCT05477459
NCT06557239,Salivary Oxytocin as a Biomarker in Psychedelic Assisted Psychotherapy,psychiatric,"Depression, Anxiety",COMPLETED,OBSERVATIONAL,,Tatiana Aboulafia Brakha,LSD,1,Switzerland,2024-08-05,,,,no,undecided,https://clinicaltrials.gov/study/NCT06557239
NCT01275066,A Double-Blind Study to Evaluate the Efficacy and Safety of BMN 110 in Patients With Mucopolysaccharidosis IVA (Morquio A Syndrome),other,MPS IV A,COMPLETED,INTERVENTIONAL,PHASE3,BioMarin Pharmaceutical,LSD,28,Argentina; Brazil; Canada; Colombia; Denmark; France; Germany; Italy; Japan; Netherlands; Portugal; Qatar; Saudi Arabia; South Korea; Taiwan; United Kingdom; United States,2011-02,,,Debra Lounsbury (BioMarin Pharmaceutical),yes,,https://clinicaltrials.gov/study/NCT01275066
NCT07592689,A Phase 3 Trial of DT120 for Major Depressive Disorder (Ascend),psychiatric,Major Depressive Disorder,RECRUITING,INTERVENTIONAL,PHASE3,"Definium Therapeutics US, Inc.",LSD,30,United States,2026-05-10,Definium Therapeutics Clinical Trials Info Requests,1-332-282-0479,,no,,https://clinicaltrials.gov/study/NCT07592689
NCT05976698,LSD-Perceptual-Choice-Study,other,LSD Reaction,COMPLETED,INTERVENTIONAL,NA,"University Hospital, Basel, Switzerland",LSD,1,Switzerland,2024-02-26,,,"Philipp Sterzer, Prof. Dr. (University Psychiatric Clinics Basel)",no,,https://clinicaltrials.gov/study/NCT05976698
NCT00566098,Activated White Blood Cells With ASCT for Newly Diagnosed Multiple Myeloma,other,Multiple Myeloma and Plasma Cell Neoplasm,COMPLETED,INTERVENTIONAL,PHASE1|PHASE2,Sidney Kimmel Comprehensive Cancer Center at Johns Hopkins,LSD,1,United States,2007-11,,,"Ivan Borrello, MD (Sidney Kimmel Comprehensive Cancer Center at Johns Hopkins)",yes,no,https://clinicaltrials.gov/study/NCT00566098
NCT04865653,LSD Base and LSD Tartrate Bioequivalence and Bioavailability in Healthy Subjects,other,Healthy,COMPLETED,INTERVENTIONAL,PHASE1,"University Hospital, Basel, Switzerland",LSD,1,Switzerland,2022-03-17,,,"Matthias E Liechti, MD (University Hospital, Basel, Switzerland)",no,,https://clinicaltrials.gov/study/NCT04865653
NCT00920387,Lysergic Acid Diethylamide (LSD)-Assisted Psychotherapy in People With Illness-related Anxiety,psychiatric,Anxiety,COMPLETED,INTERVENTIONAL,PHASE2,Multidisciplinary Association for Psychedelic Studies,LSD,1,Switzerland,2008-02,,,"Peter Gasser, MD (Private practices of Peter Gasser; Swiss Medical Association for Psycholytic Therapy (SAPT))",yes,,https://clinicaltrials.gov/study/NCT00920387
NCT06899334,"Direct Comparison of Altered States of Consciousness Induced by LSD, Psilocybin, and DMT in Healthy Participants",psychiatric,Healthy,RECRUITING,INTERVENTIONAL,PHASE1,"University Hospital, Basel, Switzerland","LSD,psilocybin",1,Switzerland,2025-04-01,"Matthias E Liechti, Prof. Dr. MD",61 328 68 68,"Matthias E Liechti, Prof. Dr. MD (University Hospital, Basel, Switzerland)",no,,https://clinicaltrials.gov/study/NCT06899334
NCT02120235,Investigating Lysosomal Storage Diseases in Minority Groups,other,Lysosomal Storage Disorders; Gaucher Disease; Fabry Disease; Pompe Disease; Niemann-Pick Disease,UNKNOWN,OBSERVATIONAL,,O & O Alpan LLC,LSD,1,United States,2014-02,"Ozlem Goker-Alpan, M.D.",571-308-1900,,no,,https://clinicaltrials.gov/study/NCT02120235
NCT01858103,BMN 110 US Expanded Access Program,other,Mucopolysaccharidosis IVA; Morquio A Syndrome; MPS IVA,APPROVED_FOR_MARKETING,EXPANDED_ACCESS,,BioMarin Pharmaceutical,LSD,25,Puerto Rico; United States,,,,,no,,https://clinicaltrials.gov/study/NCT01858103
NCT07588334,Effect of LSD on Lipid Profiles in Cirrhosis Patients With Portal Hypertension Bleeding (2-Year Follow-Up),other,"Cirrhosis, Liver; Splenectomy; Status; Portal Hypertension; Lipid Profiles",NOT_YET_RECRUITING,OBSERVATIONAL,,Northern Jiangsu People's Hospital,LSD,1,China,2026-05-01,"Guo-Qing Jiang, MD",+8651487373272,"Guo-Qing Jiang, MD (Clinical Medical College of Yangzhou University)",no,,https://clinicaltrials.gov/study/NCT07588334
NCT03604744,Direct Comparison of Altered States of Consciousness Induced by LSD and Psilocybin,psychiatric,Healthy,COMPLETED,INTERVENTIONAL,EARLY_PHASE1,"University Hospital, Basel, Switzerland","LSD,psilocybin",1,Switzerland,2019-03-27,,,"Matthias E Liechti, MD, MAS (University Hospital, Basel, Switzerland)",no,no,https://clinicaltrials.gov/study/NCT03604744
NCT04386538,Effect of a Low Starch Diet in Patients With Ankylosing Spondylitis,other,Spondyloarthritis; Ankylosing Spondylitis,UNKNOWN,INTERVENTIONAL,NA,Universidade do Porto,LSD,1,Portugal,2022-01-03,"Alexandra MT Cardoso, MD",+351926142356,"Alexandra MT Cardoso, MD (Universidade do Porto); Maria Leonor Silva, PhD (Centro de Investigação Interdisciplinar Egas Moniz)",no,no,https://clinicaltrials.gov/study/NCT04386538
NCT07503002,Shortened LSD Intervention for Major Depressive Disorder,psychiatric,Major Depression Moderate; Major Depression Severe; Major Depression,NOT_YET_RECRUITING,INTERVENTIONAL,PHASE1,Johns Hopkins University,LSD,1,United States,2026-10-01,"Matthew Nielsen, BA",410-999-8066,"Sandeep Nayak, MD (Johns Hopkins University)",no,no,https://clinicaltrials.gov/study/NCT07503002
NCT07237659,Phase 1a/b Tolerability of NTR-1011 in Healthy Adults and Adult Patients With SLE and RA,other,SLE (Systemic Lupus); RA - Rheumatoid Arthritis,RECRUITING,INTERVENTIONAL,PHASE1,Neutrolis,LSD,7,United States,2026-07-15,"Andreas Reiff, MD, PhD",(626) 264-2734,"Andreas Reiff, PhD, MD (Neutrolis)",no,no,https://clinicaltrials.gov/study/NCT07237659
NCT03153579,LSD Treatment in Persons Suffering From Anxiety Symptoms in Severe Somatic Diseases or in Psychiatric Anxiety Disorders,psychiatric,Patients; Anxiety Disorders,COMPLETED,INTERVENTIONAL,PHASE2,"University Hospital, Basel, Switzerland",LSD,2,Switzerland,2017-06-23,,,"Peter Gasser, MD (Private Practice)",no,undecided,https://clinicaltrials.gov/study/NCT03153579
NCT04421105,"A Double-blind, Placebo-controlled Study to Evaluate Very Low Dose LSD in Healthy Volunteers Aged 55-75 Years",psychiatric,Healthy Volunteers,COMPLETED,INTERVENTIONAL,PHASE1,Eleusis Therapeutics,LSD,0,,2015-06-29,,,Research and Development Director (Eleusis Therapeutics),no,no,https://clinicaltrials.gov/study/NCT04421105
NCT06941844,A Phase 3 Trial of DT120 for Major Depressive Disorder (Emerge),psychiatric,Major Depressive Disorder,ACTIVE_NOT_RECRUITING,INTERVENTIONAL,PHASE3,"Definium Therapeutics US, Inc.",LSD,22,United States,2025-04-14,,,,no,,https://clinicaltrials.gov/study/NCT06941844
NCT05407064,A Dose-Finding Study of MM120 (LSD D-Tartrate) for the Treatment of Anxiety Symptoms,psychiatric,Anxiety Generalized,COMPLETED,INTERVENTIONAL,PHASE2,"Definium Therapeutics US, Inc.",LSD,22,United States,2022-08-24,,,,yes,no,https://clinicaltrials.gov/study/NCT05407064
NCT00884949,"A Study to Evaluate the Safety, Tolerability and Efficacy of BMN 110 in Subjects With Mucopolysaccharidosis IVA",other,MPS IV A,COMPLETED,INTERVENTIONAL,PHASE1|PHASE2,BioMarin Pharmaceutical,LSD,3,United Kingdom,2009-04,,,"Celeste Decker, MD (BioMarin Pharmceutical Inc.)",yes,,https://clinicaltrials.gov/study/NCT00884949
NCT06809595,A Phase 3 Trial of MM120 for Generalized Anxiety Disorder (Panorama),psychiatric,Generalized Anxiety Disorder,ACTIVE_NOT_RECRUITING,INTERVENTIONAL,PHASE3,"Definium Therapeutics US, Inc.",LSD,36,Czechia; France; Germany; Poland; United Kingdom; United States,2025-01-29,,,,no,,https://clinicaltrials.gov/study/NCT06809595
NCT01878942,"Psychological, Physiological, Endocrine, and Pharmacokinetic Effects of LSD in a Controlled Study",other,Healthy,COMPLETED,INTERVENTIONAL,EARLY_PHASE1,"University Hospital, Basel, Switzerland",LSD,1,Switzerland,2013-06,,,"Matthias E Liechti, MD, MAS (University Hospital, Basel, Switzerland)",no,,https://clinicaltrials.gov/study/NCT01878942
NCT02033707,Effects of Hallucinogens and Other Drugs on Mood and Performance,psychiatric,Healthy,COMPLETED,INTERVENTIONAL,PHASE1,Johns Hopkins University,"LSD,MDMA,ketamine,mescaline,psilocybin,salvinorin",1,United States,2014-04,,,"Roland R Griffiths, Ph.D. (Johns Hopkins University)",no,,https://clinicaltrials.gov/study/NCT02033707
NCT01415427,Long-Term Efficacy and Safety Extension Study of BMN 110 in Patients With Mucopolysaccharidosis IVA (Morquio A Syndrome),other,Mucopolysaccharidosis IV A; Morquio A Syndrome; MPS IVA,COMPLETED,INTERVENTIONAL,PHASE3,BioMarin Pharmaceutical,LSD,43,Argentina; Brazil; Canada; Colombia; Denmark; France; Germany; Italy; Japan; Netherlands; Norway; Portugal; Qatar; Saudi Arabia; South Korea; Spain; Taiwan; Turkey (Türkiye); United Kingdom; United States,2011-07,,,Debra Lounsbury (BioMarin Pharmaceutical),yes,,https://clinicaltrials.gov/study/NCT01415427
NCT05200936,Safety and Efficacy of Low Dose MM120 for ADHD Proof of Concept Trial,other,ADHD; Attention Deficit Disorder,COMPLETED,INTERVENTIONAL,PHASE2,"Definium Therapeutics US, Inc.",LSD,2,Netherlands; Switzerland,2021-12-17,,,"Kim Kuypers (Maastricht University); Matthias Liechti (University Hospital, Basel, Switzerland)",yes,no,https://clinicaltrials.gov/study/NCT05200936
NCT05570708,The Role of Personal Experience for the Therapeutic Attitude in the Context of Substance-assisted Therapy Training,psychiatric,"Personal Experience of Substance-assisted Therapy Using Psilocybin, MDMA, and LSD",ENROLLING_BY_INVITATION,INTERVENTIONAL,NA,Felix Mueller,"LSD,MDMA,psilocybin",1,Switzerland,2022-10-25,,,"Felix Müller, MD (University of Basel)",no,no,https://clinicaltrials.gov/study/NCT05570708
NCT04080453,Pro-inflammatory Role of Blood Platelets in Critically Ill Patients With Septic Shock.,other,Septic Shock,COMPLETED,OBSERVATIONAL,,"University Hospital, Bordeaux",LSD,1,France,2020-11-09,,,"Antoine DEWITTE, Dr (University Hospital, Bordeaux)",no,,https://clinicaltrials.gov/study/NCT04080453
NCT03897361,Stem Cell Gene Therapy for Cystinosis,other,Lysosomal Storage Diseases; Cystinosis,COMPLETED,INTERVENTIONAL,PHASE1|PHASE2,"University of California, San Diego",LSD,1,United States,2019-07-08,,,"Stephanie Cherqui, Ph.D. (University of California, San Diego)",yes,yes,https://clinicaltrials.gov/study/NCT03897361
NCT07189299,Microdosing LSD in Women With Premenstrual Disorders,psychiatric,PMS; PMDD,NOT_YET_RECRUITING,INTERVENTIONAL,NA,Friederike Holze,LSD,1,Switzerland,2025-10-01,"Friederike Holze, Dr.",+41613287735,,no,no,https://clinicaltrials.gov/study/NCT07189299
NCT07461532,Efficacy of Apixaban in Treating Portal Vein Thrombosis Occurring More Than One Year After LSD,other,"Cirrhosis; Splenectomy; Portal Vein Thrombosis; Hypertension, Portal",RECRUITING,INTERVENTIONAL,NA,Northern Jiangsu People's Hospital,LSD,1,China,2026-04-01,"Guo-Qing Jiang, MD",+8651487373272,"Dou-Sheng Bai (Clinical Medical College, Yangzhou University)",no,no,https://clinicaltrials.gov/study/NCT07461532
NCT05883540,Lysergic Acid Diethylamide (LSD) in Palliative Care,psychiatric,Palliative Care; Pain; Anxiety; Depression; Demoralization; Psychological Distress; Quality of Life; Caregiver Burden; Fear of Death; Existential Distress,RECRUITING,INTERVENTIONAL,PHASE2,"University Hospital, Basel, Switzerland",LSD,4,Switzerland,2024-06-09,"Yasmin Schmid, PD Dr. med.",: +41 61 328 68 47,"Yasmin Schmid, PD Dr. med. (University Hospital, Basel, Switzerland)",no,,https://clinicaltrials.gov/study/NCT05883540
NCT01242111,A Study to Evaluate the Long-Term Efficacy and Safety of BMN 110 in Patients With Mucopolysaccharidosis IVA (Morquio A Syndrome),other,MPS IV A; Mucopolysaccharidosis IVA; Morquio A Syndrome,TERMINATED,INTERVENTIONAL,PHASE1|PHASE2,BioMarin Pharmaceutical,LSD,4,United Kingdom,2010-11,,,"Celeste Decker, MD (BioMarin Pharmaceutical)",yes,,https://clinicaltrials.gov/study/NCT01242111
NCT07811700,Effect of LSD on Lipid Profiles Within 1 Year Postoperatively in Cirrhosis Patients With Portal Hypertension Bleeding,anesthesia_analgesia,"Lipid Profiles; Cirrhosis, Liver; Portal Hypertension; Splenectomy; Status",COMPLETED,OBSERVATIONAL,,Northern Jiangsu People's Hospital,LSD,1,China,2022-05-01,,,"Guo-Qing Jiang, MD (Clinical Medical College of Yangzhou University)",no,,https://clinicaltrials.gov/study/NCT07811700
NCT07490405,Long-term Efficacy and Safety of LSD Versus TIPS for Cirrhotic Portal Hypertension Bleeding and Hypersplenism,other,Liver Cirrhosis,NOT_YET_RECRUITING,OBSERVATIONAL,,Northern Jiangsu People's Hospital,LSD,1,China,2026-06-01,"Guoqing Jiang, MD",18051060606,,no,undecided,https://clinicaltrials.gov/study/NCT07490405
NCT03321136,Role of the Serotonin 5-HT2A Receptor in LSD-induced Altered States of Consciousness (LDR-Study),psychiatric,Healthy,COMPLETED,INTERVENTIONAL,EARLY_PHASE1,"University Hospital, Basel, Switzerland",LSD,1,Switzerland,2017-11-28,,,"Matthias E Liechti, MD, MAS (University Hospital, Basel, Switzerland)",no,no,https://clinicaltrials.gov/study/NCT03321136
NCT07585786,Effect of LSD on Renal Function in Cirrhosis Patients With Portal Hypertension Bleeding (2-Year Follow-Up),other,"Cirrhosis, Liver; Splenectomy; Status; Renal Function Abnormal; Portal Hypertension",NOT_YET_RECRUITING,OBSERVATIONAL,,Northern Jiangsu People's Hospital,LSD,0,,2026-05-01,"Guo-Qing Jiang, MD",+8651487373272,"Guo-Qing Jiang, MD (Clinical Medical College of Yangzhou University)",no,,https://clinicaltrials.gov/study/NCT07585786
NCT04516902,Effects of MDMA Co-administration on the Response to LSD in Healthy Subjects,psychiatric,Healthy,COMPLETED,INTERVENTIONAL,PHASE1,"University Hospital, Basel, Switzerland","LSD,MDMA",1,Switzerland,2021-01-01,,,"Matthias E Liechti, Prof. Dr. MD (University Hospital, Basel, Switzerland)",no,,https://clinicaltrials.gov/study/NCT04516902
NCT07811713,Effect of LSD on Renal Function in Cirrhotic Patients With Portal Hypertension,other,"Cirrhosis, Liver; Splenectomy; Status; Renal Function Abnormal; Portal Hypertension",COMPLETED,OBSERVATIONAL,,Northern Jiangsu People's Hospital,LSD,0,,2012-02,,,"guoqing jiang (Clinical Medical College, Yangzhou University)",no,,https://clinicaltrials.gov/study/NCT07811713
NCT02435030,A Prospective Non-therapeutic Study in Patients Diagnosed With Niemann-Pick Disease Type C,other,"Niemann-Pick Disease, Type C",COMPLETED,OBSERVATIONAL,,ZevraDenmark,LSD,16,Denmark; France; Germany; Italy; Poland; Spain; Switzerland; United Kingdom,2015-09,,,"Karl-Eugen Mengel (Villa Metabolica, Mainz, Germany)",no,,https://clinicaltrials.gov/study/NCT02435030
NCT01515956,Study of BMN 110 in Pediatric Patients < 5 Years of Age With Mucopolysaccharidosis IVA (Morquio A Syndrome),other,Mucopolysaccharidosis IVA; Morquio A Syndrome; MPS IVA,COMPLETED,INTERVENTIONAL,PHASE2,BioMarin Pharmaceutical,LSD,5,Italy; Taiwan; United Kingdom; United States,2011-10,,,Debra Lounsbury (BioMarin Pharmaceutical),yes,,https://clinicaltrials.gov/study/NCT01515956
NCT03207165,Milrinone Versus Dobutamine in Critically Ill Patients,other,Low Cardiac Output Syndrome; Cardiogenic Shock; Acute Coronary Syndrome; Pulmonary Edema,COMPLETED,INTERVENTIONAL,PHASE4,Ottawa Heart Institute Research Corporation,LSD,1,Canada,2017-08-30,,,"Benjamin M Hibbert, MD, PhD (Ottawa Heart Institute Research Corporation)",no,undecided,https://clinicaltrials.gov/study/NCT03207165
NCT03781128,Lysergic Acid Diethylamide (LSD) as Treatment for Cluster Headache,other,Cluster Headache,RECRUITING,INTERVENTIONAL,PHASE2,"University Hospital, Basel, Switzerland",LSD,1,Switzerland,2019-01-02,"Matthias Liechti, Prof.",0041 61 328 68 68,"Matthias Liechti (University Hospital, Basel, Switzerland)",no,no,https://clinicaltrials.gov/study/NCT03781128
NCT07164287,Retrospective Observational Study of Intensity Effects in Psychedelic-assisted Treatment,psychiatric,Major Depressive Disorder (MDD); Anxiety Disorders; Substance Use Disorder (SUD); PTSD - Post Traumatic Stress Disorder,ACTIVE_NOT_RECRUITING,OBSERVATIONAL,,"University Hospital, Geneva","LSD,psilocybin",1,Switzerland,2020-06-01,,,,no,undecided,https://clinicaltrials.gov/study/NCT07164287
NCT05670184,"The Effect of LSD on Neural Synchrony, Prosocial Behavior, and Relationship Quality",other,Prosocial Behavior,UNKNOWN,INTERVENTIONAL,PHASE1|PHASE2,Maastricht University,LSD,1,Netherlands,2023-01-01,"Natasha Mason, PhD",+31 43 3881382,"Johannes G Ramaekers, PhD (Maastricht University)",no,,https://clinicaltrials.gov/study/NCT05670184
NCT03934710,Mood Effects of Serotonin Agonists Extended,psychiatric,Healthy,COMPLETED,INTERVENTIONAL,PHASE1,University of Chicago,LSD,1,United States,2019-04-20,,,Harriet de Wit (University of Chicago),yes,no,https://clinicaltrials.gov/study/NCT03934710
NCT04558294,Effect of Ketanserin After LSD Administration,other,Healthy,COMPLETED,INTERVENTIONAL,PHASE1,"University Hospital, Basel, Switzerland",LSD,1,Switzerland,2020-10-16,,,"Matthias E Liechti, Dr., MD (University Hospital, Basel, Switzerland)",no,,https://clinicaltrials.gov/study/NCT04558294
NCT01299727,Extension of Study HGT-SAN-055 Evaluating Administration of rhHNS in Patients With Sanfilippo Syndrome Type A (MPS IIIA),other,Sanfilippo Syndrome,TERMINATED,INTERVENTIONAL,PHASE1|PHASE2,Shire,LSD,2,Netherlands; United Kingdom,2011-03-01,,,Study Director (Takeda),yes,,https://clinicaltrials.gov/study/NCT01299727
NCT03633253,"The ""Motoric Cognitive Risk"" Syndrome in the Quebec Population",other,Cognition Disorders in Old Age; Dementia,UNKNOWN,OBSERVATIONAL,,Jewish General Hospital,LSD,1,Canada,2016-12-07,,,,no,no,https://clinicaltrials.gov/study/NCT03633253
NCT05046275,MCR Syndrome in Quebec : Results From NuAge Study,other,Motoric Cognitive Risk Syndrome; Aging Disorder,UNKNOWN,OBSERVATIONAL,,Centre integre universitaire de sante et de services sociaux du Centre-Sud-de-l'Île-de-Montréal,LSD,1,Canada,2020-11-03,,,,no,no,https://clinicaltrials.gov/study/NCT05046275
NCT05474989,LSD Treatment for Persons With Alcohol Use Disorder,psychiatric,Alcohol Use Disorder (AUD),RECRUITING,INTERVENTIONAL,PHASE2,Felix Mueller,LSD,2,Switzerland,2026-01-27,"Felix Müller, PD Dr. med.",+41 (0)61 325 5111,,no,no,https://clinicaltrials.gov/study/NCT05474989
NCT02082327,A Phase 1 Study To Evaluate the Safety of Migalastat Hydrochloride Given Intravenously to Healthy Volunteers,psychiatric,Fabry Disease,COMPLETED,INTERVENTIONAL,PHASE1,Amicus Therapeutics,LSD,1,Netherlands,2014-03,,,Medical Monitor Clinical Research (Amicus Therapeutics),no,,https://clinicaltrials.gov/study/NCT02082327
NCT05964647,"Effect of Ketanserin, Olanzapine, and Lorazepam After LSD Administration on the Acute Response to LSD in Healthy Subjects",other,Healthy,COMPLETED,INTERVENTIONAL,PHASE1,"University Hospital, Basel, Switzerland",LSD,1,Switzerland,2024-02-01,,,,no,no,https://clinicaltrials.gov/study/NCT05964647
NCT05674669,A Dose-Ranging Study of 50 µg to 100 µg LSD in Healthy Volunteers,psychiatric,Healthy,COMPLETED,INTERVENTIONAL,PHASE1,Eleusis Therapeutics,LSD,1,United Kingdom,2015-10-20,,,Director of Research and Development (Eleusis Therapeutics),no,no,https://clinicaltrials.gov/study/NCT05674669
NCT02451072,The Role of 5-HT2A Receptor in the Perception of Self and Personal Meaning in Healthy Volunteers,psychiatric,Healthy,COMPLETED,INTERVENTIONAL,NA,"Psychiatric University Hospital, Zurich",LSD,1,Switzerland,2015-03,,,"Franz X. Vollenweider, Prof. Dr. (Center for Psychiatric Research, Department of Psychiatry, Psychotherapy and Psychosomatic, Psychiatric Hospital, University of Zurich)",no,,https://clinicaltrials.gov/study/NCT02451072
NCT01045460,Trial of Activated Marrow Infiltrating Lymphocytes Alone or in Conjunction With an Allogeneic Granulocyte Macrophage Colony-stimulating Factor (GM-CSF)-Based Myeloma Cellular Vaccine in the Autologous Transplant Setting in Multiple Myeloma,other,Multiple Myeloma,COMPLETED,INTERVENTIONAL,PHASE2,Sidney Kimmel Comprehensive Cancer Center at Johns Hopkins,LSD,1,United States,2010-01-15,,,"Ivan Borrello, MD (Johns Hopkins University)",yes,no,https://clinicaltrials.gov/study/NCT01045460
NCT01609062,Safety and Exercise Study of Two Doses of BMN 110 for Morquio A Syndrome,other,Mucopolysaccharidosis IVA; Morquio A Syndrome; MPS IVA,TERMINATED,INTERVENTIONAL,PHASE2,BioMarin Pharmaceutical,LSD,11,Canada; Germany; United Kingdom; United States,2012-04,,,"Adam Shaywitz, MD PhD (BioMarin Pharmaceutical)",yes,,https://clinicaltrials.gov/study/NCT01609062
NCT07345858,Salivary Oxytocin as a Biomarker of Psychedelic Treatment,psychiatric,Major Depressive Disorder (MDD),ENROLLING_BY_INVITATION,OBSERVATIONAL,,"University of Geneva, Switzerland","LSD,psilocybin",1,Switzerland,2026-01-05,,,,no,undecided,https://clinicaltrials.gov/study/NCT07345858
NCT07415395,Acute Effects of Aerobic Exercise Intensity on Lower-Limb Muscle Strength and Power in Youth Gymnasts,other,Acute Neuromuscular Responses to Aerobic Exercise in Elite Youth Gymnasts,COMPLETED,INTERVENTIONAL,NA,Chaoran Han,LSD,1,China,2024-03-18,,,,no,no,https://clinicaltrials.gov/study/NCT07415395
NCT05953038,LSD Occupancy of the Serotonin 2A Receptor in the Human Brain,other,Basic Science,ACTIVE_NOT_RECRUITING,INTERVENTIONAL,EARLY_PHASE1,"Copenhagen University Hospital, Rigshospitalet",LSD,1,Denmark,2023-11-08,,,"Gitte M Knudsen, DMsc, MD (Copenhagen University Hospital, Rigshospitalet)",no,no,https://clinicaltrials.gov/study/NCT05953038
NCT03866252,LSD Therapy for Persons Suffering From Major Depression,psychiatric,Major Depressive Disorder,COMPLETED,INTERVENTIONAL,PHASE2,"University Hospital, Basel, Switzerland",LSD,1,Switzerland,2019-11-01,,,"Dr. med. Felix Müller, MD (Department of Psychiatry)",no,,https://clinicaltrials.gov/study/NCT03866252
NCT07309471,Pharmacokinetics of Didehydro-LSD (DDH-LSD) Compared With LSD,other,LSD Reaction,RECRUITING,INTERVENTIONAL,NA,"University Hospital, Basel, Switzerland",LSD,1,Switzerland,2026-03-06,"Matthias Liechti, Prof. MD",+41 61 328 68 68,"Matthias Liechti, Prof.MD (University Hospital of Basel)",no,,https://clinicaltrials.gov/study/NCT07309471
NCT01155778,"Safety, Tolerability, Ascending Dose and Dose Frequency Study of rhHNS Via an IDDD in MPS IIIA Patients",other,Mucopolysaccharidosis (MPS),COMPLETED,INTERVENTIONAL,PHASE1|PHASE2,Shire,LSD,2,Netherlands; United Kingdom,2010-06-01,,,Study Director (Takeda),yes,,https://clinicaltrials.gov/study/NCT01155778
NCT00787995,A Clinical Assessment Study of Subjects With Mucopolysaccharidosis IVA (Morquio Syndrome),other,MPS IV A; Mucopolysaccharidosis IVA; Morquio A Syndrome,TERMINATED,OBSERVATIONAL,,BioMarin Pharmaceutical,LSD,15,Argentina; Brazil; Canada; France; Germany; Italy; Netherlands; Taiwan; United Kingdom; United States,2008-10,,,"Celeste Decker, MD (BioMarin Pharmaceutical)",no,,https://clinicaltrials.gov/study/NCT00787995
NCT07017478,Mood Effects of Serotonin Agonists: Depression,psychiatric,LSD; Major Depressive Disorder; Depression,COMPLETED,INTERVENTIONAL,EARLY_PHASE1,University of Chicago,LSD,1,United States,2025-06-09,,,Hanna Molla (University of Chicago),no,undecided,https://clinicaltrials.gov/study/NCT07017478
NCT07061886,Drug Effects on Mood and Behavior - Expectancy,psychiatric,LSD,COMPLETED,INTERVENTIONAL,EARLY_PHASE1,University of Chicago,LSD,1,United States,2025-06-26,,,Hanna Molla (University of Chicago),no,undecided,https://clinicaltrials.gov/study/NCT07061886
NCT03537014,A Multi-Site Phase 3 Study of MDMA-Assisted Psychotherapy for PTSD (MAPP1),psychiatric,Posttraumatic Stress Disorder,COMPLETED,INTERVENTIONAL,PHASE3,Resilient Pharmaceuticals,MDMA,15,Canada; Israel; United States,2018-11-21,,,"Casey Paleos, MD (Affective Care); Bessel van der Kolk, MD (Trauma Research Foundation)",yes,yes,https://clinicaltrials.gov/study/NCT03537014
NCT05790239,MDMA-Assisted Therapy for Veterans With Moderate to Severe Post Traumatic Stress Disorder,psychiatric,Post Traumatic Stress Disorder,RECRUITING,INTERVENTIONAL,PHASE2,Stephen Robert Marder,MDMA,2,United States,2025-03-01,"Stephanie L Taylor, PhD",213-505-1140,"Stephen Marder, MD (VA Greater Los Angeles Healthcare System); Stephanie L Taylor, PhD (VA Greater Los Angeles Healthcare System)",no,yes,https://clinicaltrials.gov/study/NCT05790239
NCT06066853,MDMA-assisted Therapy for Fibromyalgia,psychiatric,Fibromyalgia,RECRUITING,INTERVENTIONAL,EARLY_PHASE1,Spaulding Rehabilitation Hospital,MDMA,1,United States,2026-09-15,Lara Gardiner,617-952-6483,"Vitaly Napadow, PhD (Spaulding Rehabilitation Hospital)",no,no,https://clinicaltrials.gov/study/NCT06066853
NCT05961527,Group MDMA-therapy for Veterans With PTSD,psychiatric,PTSD,COMPLETED,INTERVENTIONAL,PHASE1|PHASE2,"Portland VA Research Foundation, Inc",MDMA,1,United States,2023-10-01,,,,no,no,https://clinicaltrials.gov/study/NCT05961527
NCT01465685,Emotional Effects of Methylphenidate and MDMA in Healthy Subjects,psychiatric,Healthy,COMPLETED,INTERVENTIONAL,PHASE1,"University Hospital, Basel, Switzerland",MDMA,1,Switzerland,2011-12,,,"Matthias E Liechti, MD (University Hospital, Basel, Switzerland)",no,,https://clinicaltrials.gov/study/NCT01465685
NCT07542145,MDMA Assisted Therapy for BN,psychiatric,Bulimia Nervosa,RECRUITING,INTERVENTIONAL,PHASE1,Icahn School of Medicine at Mount Sinai,MDMA,1,United States,2026-05-22,Carson Harran,212-659-8724,"Tom Hildebrandt, PsyD (Icahn School of Medicine at Mount Sinai)",no,no,https://clinicaltrials.gov/study/NCT07542145
NCT03527316,Effect of Methylenedioxymethamphetamine (MDMA) (Serotonin Release) on Fear Extinction,psychiatric,Healthy,COMPLETED,INTERVENTIONAL,EARLY_PHASE1,"University Hospital, Basel, Switzerland",MDMA,1,Switzerland,2019-10-18,,,"Matthias E Liechti, MD, MAS (University Hospital, Basel, Switzerland)",no,no,https://clinicaltrials.gov/study/NCT03527316
NCT07584720,Study of Midomafetamine in Healthy Adults,other,Healthy Volunteers,ACTIVE_NOT_RECRUITING,INTERVENTIONAL,PHASE1,Resilient Pharmaceuticals,MDMA,1,United States,2026-04-23,,,,no,no,https://clinicaltrials.gov/study/NCT07584720
NCT06044675,MDMA-Assisted CBCT for PTSD vs CBCT RCT,psychiatric,Post Traumatic Stress Disorder,RECRUITING,INTERVENTIONAL,PHASE2,Remedy,MDMA,1,Canada,2024-11-15,Song Ge,4372914747,"Paul Uy, MD (Remedy Institute); Anne Wagner, PhD (Remedy Institute)",no,no,https://clinicaltrials.gov/study/NCT06044675
NCT03181763,Evaluation of MDMA on Startle Response,psychiatric,Startle Response,COMPLETED,INTERVENTIONAL,PHASE1,Resilient Pharmaceuticals,MDMA,1,United States,2017-03-14,,,Barbara Rothbaum (Emory University),no,no,https://clinicaltrials.gov/study/NCT03181763
NCT01136278,Pharmacological Interaction Between Clonidine and Methylenedioxymethamphetamine (MDMA),psychiatric,Mood Disorder; Substance-Related Disorders; Amphetamine-Related Disorders,COMPLETED,INTERVENTIONAL,PHASE1,"University Hospital, Basel, Switzerland",MDMA,1,Switzerland,2010-07,,,"Matthias E Liechti, MD (Department of Internal Medicine, Division of Pharmacology & Toxicology, University Hospital Basel, Switzerland)",no,,https://clinicaltrials.gov/study/NCT01136278
NCT07765693,MDMA-AT for PTSD in Young Adults With Childhood Trauma,psychiatric,Posttraumatic Stress Disorder (PTSD),NOT_YET_RECRUITING,INTERVENTIONAL,PHASE2,Jenna M. Traynor,MDMA,1,United States,2026-10-31,"Alexandra Velev, BA",617-855-3430,Jenna M Traynor (Mclean Hospital),no,no,https://clinicaltrials.gov/study/NCT07765693
NCT05895318,Perceptions of MDMA-Assisted Therapy Among Veterans With PTSD,psychiatric,Post Traumatic Stress Disorder,COMPLETED,OBSERVATIONAL,,"Albany Research Institute, Inc.",MDMA,1,United States,2022-08-08,,,"Caitlin Holley, Ph.D. (Stratton VA Medical Center)",no,,https://clinicaltrials.gov/study/NCT05895318
NCT04030169,Open Label Study of MDMA-assisted Psychotherapy for Treatment of PTSD With Optional fMRI Sub-Study,psychiatric,PTSD,COMPLETED,INTERVENTIONAL,PHASE2,MAPS Europe B.V.,MDMA,6,Czechia; Germany; Netherlands; Norway; United Kingdom,2020-06-24,,,"Prof. Dr. Eric Vermetten, MD (Leiden University Medical Center)",yes,yes,https://clinicaltrials.gov/study/NCT04030169
NCT03606538,MDMA in Subjects With Moderate Hepatic Impairment and Subjects With Normal Hepatic Function,psychiatric,Pharmacokinetics; Hepatic Impairment,NOT_YET_RECRUITING,INTERVENTIONAL,PHASE1,Resilient Pharmaceuticals,MDMA,1,United States,2026-03-29,Recruitment Officer,,"Janel Long-Boyle, PharmD, PhD (University of California, San Francisco)",no,yes,https://clinicaltrials.gov/study/NCT03606538
NCT04714359,A Multi-Site Open-Label Extension Study of MDMA-Assisted Psychotherapy for PTSD,psychiatric,PTSD,COMPLETED,INTERVENTIONAL,PHASE3,Resilient Pharmaceuticals,MDMA,15,Canada; Israel; United States,2021-03-08,,,,yes,yes,https://clinicaltrials.gov/study/NCT04714359
NCT00823407,"Clinical Pharmacology of MDA [3,4-methylenedioxyamphetamine]",other,Healthy,COMPLETED,INTERVENTIONAL,NA,California Pacific Medical Center Research Institute,MDMA,1,United States,2009-01,,,"John E Mendelson, MD (CPMC Research Institute)",no,,https://clinicaltrials.gov/study/NCT00823407
NCT06117306,MDMA-assisted Massed Prolonged Exposure for PTSD,psychiatric,Post-Traumatic Stress Disorder,ACTIVE_NOT_RECRUITING,INTERVENTIONAL,PHASE3,Healing Breakthrough,MDMA,1,United States,2024-10-25,,,"Leslie Morland, Psy.D. (San Diego Veterans Affairs Health System)",no,undecided,https://clinicaltrials.gov/study/NCT06117306
NCT07469098,"Group vs Individual MDMA-Assisted Therapy for PTSD After the October 7, 2023 Events",psychiatric,PTSD,RECRUITING,INTERVENTIONAL,PHASE2,Sheba Medical Center,MDMA,2,Israel,2025-12-24,Revital Amiaz,972542378757,Revital Amiaz (Sheba Medical Center),no,no,https://clinicaltrials.gov/study/NCT07469098
NCT04073433,Psychological Effects of Methylenedioxymethamphetamine (MDMA) When Administered to Healthy Volunteers (MT-2),psychiatric,Psychological Effects of Study Drug,WITHDRAWN,INTERVENTIONAL,PHASE1,Resilient Pharmaceuticals,MDMA,0,,2024-12,,,Marcela Ot'alora (Private Practice),no,,https://clinicaltrials.gov/study/NCT04073433
NCT01958593,"Randomized, Double-blind, Controlled of MDMA-assisted Psychotherapy in 12 Subjects With PTSD",psychiatric,Posttraumatic Stress Disorder,TERMINATED,INTERVENTIONAL,PHASE2,Resilient Pharmaceuticals,MDMA,1,Canada,2014-10-14,,,"Ingrid Pacey, MBBS FRCP[C] (University of Victoria)",yes,,https://clinicaltrials.gov/study/NCT01958593
NCT05066282,Long-Term Safety and Effectiveness of MDMA-Assisted Therapy for PTSD,psychiatric,PTSD,COMPLETED,OBSERVATIONAL,,Resilient Pharmaceuticals,MDMA,4,Canada; Israel; United States,2021-03-01,,,"Jennifer Mitchell, MD (University of California, San Francisco)",no,no,https://clinicaltrials.gov/study/NCT05066282
NCT07494214,"Acute Analgesic Effects of MDMA on Experimentally Induced Acute Pain, Hyperalgesia and Allodynia in Healthy Participants",psychiatric,Healhty,RECRUITING,INTERVENTIONAL,PHASE1,"University Hospital, Basel, Switzerland",MDMA,1,Switzerland,2026-03-09,"Severin B Vogt, Dr. med.",+41 61 268 68 66,,no,,https://clinicaltrials.gov/study/NCT07494214
NCT06189027,Epigenetics and MDMA-Assisted Psychotherapy for PTSD,psychiatric,PTSD,COMPLETED,INTERVENTIONAL,PHASE3,University of Southern California,MDMA,1,United States,2018-11-20,,,"Rael Cahn, MD, PhD (University of Southern California)",no,no,https://clinicaltrials.gov/study/NCT06189027
NCT05173831,Study of Feasibility and Safety of MDMA-Assisted Group Therapy for the Treatment of PTSD in Veterans,psychiatric,PTSD,WITHDRAWN,INTERVENTIONAL,PHASE2,Resilient Pharmaceuticals,MDMA,0,,2023-09,,,"Chris Stauffer, MD (Associate Professor of Psychiatry at Oregon Health & Science University)",no,,https://clinicaltrials.gov/study/NCT05173831
NCT03752918,The Effects of MDMA on Prefrontal and Amygdala Activation in PTSD.,psychiatric,Post Traumatic Stress Disorder,WITHDRAWN,INTERVENTIONAL,PHASE1,Yale University,MDMA,1,United States,2024-05,,,"Benjamin Kelmendi, MD (Yale University)",no,no,https://clinicaltrials.gov/study/NCT03752918
NCT06418178,Dose Optimization of MDMA-Assisted Therapy for PTSD,psychiatric,Posttraumatic Stress Disorder,RECRUITING,INTERVENTIONAL,PHASE2,Bronx VA Medical Center,MDMA,1,United States,2025-06-03,"Amy Lehrner, PhD",718-584-9000,"Rachel Yehuda, PhD (James J. Peters VA Medical Center); Amy Lehrner, PhD (James J. Peters VA Medical Center)",no,no,https://clinicaltrials.gov/study/NCT06418178
NCT00353938,"Study of 3,4-Methylenedioxymethamphetamine-assisted Psychotherapy in People With Posttraumatic Stress Disorder",psychiatric,Posttraumatic Stress Disorder,COMPLETED,INTERVENTIONAL,PHASE2,Resilient Pharmaceuticals,MDMA,1,Switzerland,2006-09-13,,,"Peter Oehen, MD (private practice, Biberist, Switzerland)",yes,,https://clinicaltrials.gov/study/NCT00353938
NCT04968938,Study of Safety and Effects of MDMA-assisted Therapy for Treatment of PTSD,psychiatric,Posttraumatic Stress Disorder,WITHDRAWN,INTERVENTIONAL,PHASE2,Resilient Pharmaceuticals,MDMA,0,,2022-08,,,"Devon Christie, MD (Department of Medicine, University of British Columbia)",no,yes,https://clinicaltrials.gov/study/NCT04968938
NCT02954562,Correlates of Anxiety Associated With a Life-threatening Illness,psychiatric,Anxiety,COMPLETED,OBSERVATIONAL,,Resilient Pharmaceuticals,MDMA,1,United States,2015-11-07,,,"Michael Silver (University of California, Berkeley)",no,no,https://clinicaltrials.gov/study/NCT02954562
NCT06905652,Comparative Acute Effects of R-MDMA and S-MDMA in Healthy Participants,psychiatric,Healthy,COMPLETED,INTERVENTIONAL,PHASE1,"University Hospital, Basel, Switzerland",MDMA,1,Switzerland,2025-07-29,,,"Matthias E Liechti, Prof. Dr. MD (University Hospital, Basel, Switzerland)",no,,https://clinicaltrials.gov/study/NCT06905652
NCT04158778,Bristol Imperial MDMA in Alcoholism Study,psychiatric,Alcohol Use Disorder,UNKNOWN,INTERVENTIONAL,PHASE1,Imperial College London,MDMA,1,United Kingdom,2018-04-18,,,Prof Nutt (Imperial College London),no,no,https://clinicaltrials.gov/study/NCT04158778
NCT07555132,Circulating Oxytocin Changes in Response to MDMA vs. Placebo in Adult Patients With Autism Spectrum Disorder and Matched Healthy Controls,psychiatric,Autism Spectrum Disorder,NOT_YET_RECRUITING,INTERVENTIONAL,NA,"University Hospital, Basel, Switzerland",MDMA,1,Switzerland,2026-06,"Mirjam Christ-Crain, Prof. Dr. med.",+41 61 265 25 25,"Mirjam Christ-Crain, Prof. Dr. med. (University Hospital Basel, Endocrinology, Diabetes and Metabolism)",no,,https://clinicaltrials.gov/study/NCT07555132
NCT01771874,Influence of Bupropion on the Effects of MDMA,psychiatric,Healthy; Substance-related Disorders,COMPLETED,INTERVENTIONAL,PHASE1,"University Hospital, Basel, Switzerland",MDMA,1,Switzerland,2013-01,,,"Matthias E Liechti, MD, MAS (University Hospital, Basel, Switzerland)",no,,https://clinicaltrials.gov/study/NCT01771874
NCT00402298,Randomized Placebo-controlled Study of MDMA-assisted Therapy in People With PTSD - Israel,psychiatric,Posttraumatic Stress Disorder,TERMINATED,INTERVENTIONAL,PHASE2,Resilient Pharmaceuticals,MDMA,1,Israel,2007-05-27,,,"Moshe Kotler (Director of Psychiatry, Beer Yaakov Mental Health Center)",yes,,https://clinicaltrials.gov/study/NCT00402298
NCT01270672,Pharmacological Interaction Between Carvedilol and Methylenedioxymethamphetamine (MDMA),psychiatric,Mood Disorder; Substance-Related Disorders; Amphetamine-Related Disorders,COMPLETED,INTERVENTIONAL,NA,"University Hospital, Basel, Switzerland",MDMA,1,Switzerland,2011-01,,,"Matthias E Liechti, MD (Department of Internal Medicine, Division of Pharmacology & Toxicology, University Hospital Basel, Switzerland)",no,,https://clinicaltrials.gov/study/NCT01270672
NCT06989957,Psilocybin and Methylenedioxymethamphetamine (MDMA) for Post-traumatic Stress Disorder (PTSD),psychiatric,Posttraumatic Stress Disorder,RECRUITING,INTERVENTIONAL,PHASE1,Johns Hopkins University,"MDMA,psilocybin",1,United States,2025-09-17,"Chloe Ford, MSc",410-550-0237,"Brandon Weiss, PhD (Johns Hopkins University)",no,no,https://clinicaltrials.gov/study/NCT06989957
NCT06789705,Plasma Oxytocin Changes in Response to Low-dose MDMA vs. Placebo in Patients With Arginine Vasopressin Deficiency and Healthy Controls,psychiatric,Central Diabetes Insipidus,RECRUITING,INTERVENTIONAL,NA,"University Hospital, Basel, Switzerland",MDMA,1,Switzerland,2025-01-27,"Mirjam Christ-Crain, Prof.",+41 61 265 25 25,"Mirjam Christ-Crain, Prof. (University Hospital, Basel, Switzerland)",no,,https://clinicaltrials.gov/study/NCT06789705
NCT00838305,Role of Serotonin in Acute and Subacute MDMA Effects,psychiatric,MDMA Mechanism of Action,COMPLETED,INTERVENTIONAL,NA,California Pacific Medical Center Research Institute,MDMA,1,United States,2009-02,,,,no,,https://clinicaltrials.gov/study/NCT00838305
NCT06353282,MDMA-Assisted Psychotherapy for Treatment Resistant PTSD in Adolescents,psychiatric,"PTSD, Post Traumatic Stress Disorder; Adolescents; Psychotherapy",WITHDRAWN,INTERVENTIONAL,PHASE2,"University of California, Los Angeles",MDMA,1,United States,2025-07-01,,,,no,no,https://clinicaltrials.gov/study/NCT06353282
NCT06394284,"Examining 3,4-methylenedioxymethamphetamine (MDMA) Effects on Psychological, Relational and Hyperarousal-Related Neural Reactivity Mechanisms in Veterans With PTSD and Moral Injury",psychiatric,"PTSD, Post Traumatic Stress Disorder; Moral Injury",RECRUITING,INTERVENTIONAL,PHASE3,Herzog Hospital,MDMA,1,Israel,2024-02-18,"Moriya Rahmani, PhD",0097226264889,"Anna Harwood-Gross, PhD (Metiv Israel Psychotrauma Center); Pinhas Danon, Prof (Herzog Medical Center)",no,yes,https://clinicaltrials.gov/study/NCT06394284
NCT03050541,Effects of MDMA on Emotional and Social Memories,psychiatric,Healthy,COMPLETED,INTERVENTIONAL,NA,University of Chicago,MDMA,0,,2014-12,,,"Harriet de Wit, PhD (University of Chicago); David Gallo, PhD (University of Chicago)",yes,,https://clinicaltrials.gov/study/NCT03050541
NCT06772753,Investigation of Psychedelic Effects in Psychoactive Substances,psychiatric,Psychedelic Effects in Healthy Volunteers,RECRUITING,INTERVENTIONAL,PHASE1,Johns Hopkins University,"DMT,MDMA,ketamine,psilocybin",1,United States,2025-02-05,Zach Daily,410-550-9777,"Frederick Barrett, Ph.D. (Johns Hopkins University)",no,,https://clinicaltrials.gov/study/NCT06772753
NCT04648137,Circulating Oxytocin Changes in Response to the Oxytocin System Stimulator MDMA in Patients With Diabetes Insipidus and Healthy Controls,psychiatric,Diabetes Insipidus,COMPLETED,INTERVENTIONAL,NA,"University Hospital, Basel, Switzerland",MDMA,1,Switzerland,2021-02-05,,,"Mirjam Christ-Crain, Prof. Dr. med. (Endocrinology, Diabetes and Metabolism, University Hospital Basel)",no,,https://clinicaltrials.gov/study/NCT04648137
NCT05809271,"Acute Effects of 3,4-methylenedioxymethamphetamine (MDMA) With and Without a Booster Dose",psychiatric,Healthy,COMPLETED,INTERVENTIONAL,PHASE1,"University Hospital, Basel, Switzerland",MDMA,1,Switzerland,2023-11-17,,,"Matthias E Liechti, Prof. Dr. MD (University Hospital Basel, Basel, Switzerland)",no,,https://clinicaltrials.gov/study/NCT05809271
NCT05732155,Preliminary Effectiveness of Individual and Group MDMA-assisted Therapy for Israeli Veterans With PTSD and Moral Injury.,psychiatric,Post Traumatic Stress Disorder; Moral Injury; MDMA ('Ecstasy'),RECRUITING,INTERVENTIONAL,PHASE2,"HaEmek Medical Center, Israel",MDMA,1,Israel,2023-06-01,"Guy Schusheim, Dr",972-4-6494138,,no,no,https://clinicaltrials.gov/study/NCT05732155
NCT05219175,MDMA for Co-occurring PTSD and OUD After Childbirth,psychiatric,"Stress Disorders, Post-Traumatic; Opioid Use Disorder",RECRUITING,INTERVENTIONAL,PHASE2,University of New Mexico,MDMA,1,United States,2024-04-16,"Lawrence M Leeman, MD MPH",5054106990,"Hadya Khawaja, MS, CIP (UNM Health Sciences Human Research Protections Program)",no,no,https://clinicaltrials.gov/study/NCT05219175
NCT06954025,High-Intensity Inpatient MDMA-Assisted Psychotherapy for PTSD,psychiatric,Posttraumatic Stress Disorder (PTSD),ENROLLING_BY_INVITATION,INTERVENTIONAL,PHASE2,ARQ National Psychotrauma Centre,MDMA,1,Netherlands,2025-05-16,,,,no,no,https://clinicaltrials.gov/study/NCT06954025
NCT01400204,Naturalistic Study Into the Hangover Effects of MDMA,psychiatric,Hangover,COMPLETED,OBSERVATIONAL,,Utrecht Institute for Pharmaceutical Sciences,MDMA,1,Netherlands,2010-12,,,"Joris C Verster, PhD (Utrecht University)",no,,https://clinicaltrials.gov/study/NCT01400204
NCT01148342,Neurobiology and Pharmacokinets of Acute MDMA Administration,psychiatric,Substance-Related Disorders,COMPLETED,INTERVENTIONAL,PHASE1,National Institute on Drug Abuse (NIDA),MDMA,1,United States,2004-02-10,,,"Marilyn Huestis, Ph.D. (National Institute on Drug Abuse (NIDA))",no,,https://clinicaltrials.gov/study/NCT01148342
NCT05979844,MDMA-assisted Brief Cognitive Behavioral Conjoint Therapy for PTSD,psychiatric,PTSD; Relational Problems,COMPLETED,INTERVENTIONAL,PHASE3,Dr. Leslie Morland,MDMA,1,United States,2023-10-06,,,Leslie Morland (San Diego Veterans Healthcare System),no,undecided,https://clinicaltrials.gov/study/NCT05979844
NCT04803448,Patient Doctor Lies,other,Patient Lying; Privacy Statements; Risk Statements; Benefit Statements; Patient Lie Detection,COMPLETED,INTERVENTIONAL,NA,University of Utah,MDMA,1,United States,2020-02-12,,,"Mark Keith, PhD (Brigham Young University)",no,no,https://clinicaltrials.gov/study/NCT04803448
NCT01404754,Psychological Effects of Methylenedioxymethamphetamine (MDMA) When Administered to Healthy Volunteers,psychiatric,Psychological Effects of Study Drug,COMPLETED,INTERVENTIONAL,PHASE1,Resilient Pharmaceuticals,MDMA,3,United States,2011-04-09,,,"Michael M Mithoefer, MD (Resilient Pharmaceuticals)",no,,https://clinicaltrials.gov/study/NCT01404754
NCT02008396,Phase 2 Pilot Safety Study of MDMA-assisted Therapy for Social Anxiety in Autistic Adults,psychiatric,Social Anxiety in Autistic Adults,COMPLETED,INTERVENTIONAL,PHASE2,Resilient Pharmaceuticals,MDMA,1,United States,2014-04-11,,,"Charles S. Grob, MD (University of California, Los Angeles)",yes,yes,https://clinicaltrials.gov/study/NCT02008396
NCT01053403,"Study of the Effects of MDMA/Ecstasy on Water Regulation, Sleep, and Cognition.",psychiatric,MDMA Discontinuation Syndrome,COMPLETED,INTERVENTIONAL,NA,California Pacific Medical Center Research Institute,MDMA,1,United States,2010-04,,,"John Mendelson, MD (CPMC Research Institute)",no,,https://clinicaltrials.gov/study/NCT01053403
NCT04438512,A Multi-site Expanded Access Program for MDMA-assisted Psychotherapy for Patients With Treatment-resistant PTSD,psychiatric,Post Traumatic Stress Disorder,NO_LONGER_AVAILABLE,EXPANDED_ACCESS,,Resilient Pharmaceuticals,MDMA,2,United States,,,,"Manish Agrawal, MD (Sunstone Medical, PC); Caroline Lewis, MD (Pearl Psychedelic Institute)",no,,https://clinicaltrials.gov/study/NCT04438512
NCT05488171,Abuse Potential and Human Pharmacology of Methylone,other,Substance Use; Healthy Subjects,UNKNOWN,INTERVENTIONAL,PHASE1,Germans Trias i Pujol Hospital,MDMA,1,Spain,2021-12-01,,,"Magi Farré, MD, PhD (Germans Trias i Pujol Hospital)",no,no,https://clinicaltrials.gov/study/NCT05488171
NCT07288151,MDMA-Assisted Massed Exposure Therapy for PTSD,psychiatric,Post Traumatic Stress Disorder,RECRUITING,INTERVENTIONAL,PHASE2,Emory University,MDMA,1,United States,2026-07,"Jessica Maples-Keller, PhD",404-712-1035,"Jessica Maples-Keller, PhD (Emory University)",no,no,https://clinicaltrials.gov/study/NCT07288151
NCT05274230,Sustaining Remission From PTSD Using Tuned Vibroacoustic Stimulation (TVS) Following MDMA-Assisted Psychotherapy,psychiatric,"Stress Disorders, Post-Traumatic",UNKNOWN,INTERVENTIONAL,NA,"Apollo Neuroscience, Inc.",MDMA,1,United States,2021-12-08,"Nicole Grinsell, MS",8559220057,"Belinda Tan, MD PhD (The Board of Medicine)",no,,https://clinicaltrials.gov/study/NCT05274230
NCT05584826,MDMA-assisted Therapy for Adjustment Disorder (AD) in Dyads of Patients With Cancer and a Concerned Significant Other,psychiatric,Cancer; Adjustment Disorders,RECRUITING,INTERVENTIONAL,PHASE2,Sunstone Medical,MDMA,1,United States,2022-10-06,Study Contact,301-750-3401,"Manish Agrawal, MD (Sunstone Medical, PC)",no,,https://clinicaltrials.gov/study/NCT05584826
NCT06884514,Acute Effects of MDMA Co-administration on the Response to Psilocybin in Healthy Subjects,psychiatric,Healthy,COMPLETED,INTERVENTIONAL,PHASE1,"University Hospital, Basel, Switzerland","MDMA,psilocybin",1,Switzerland,2025-04-03,,,"Matthias E Liechti, Prof. Dr. MD (University Hospital Basel, Basel, Switzerland)",no,undecided,https://clinicaltrials.gov/study/NCT06884514
NCT05943665,MDMA for AUD/PTSD Comorbidity,psychiatric,Alcohol Use Disorder; Post Traumatic Stress Disorder,COMPLETED,INTERVENTIONAL,PHASE2,Carolina L Haass-Koffler,MDMA,1,United States,2024-02-06,,,,no,,https://clinicaltrials.gov/study/NCT05943665
NCT05123716,Drug Effects on Interpersonal Interaction,other,"Interaction, Social",COMPLETED,INTERVENTIONAL,EARLY_PHASE1,University of Chicago,MDMA,1,United States,2021-08-01,,,,no,undecided,https://clinicaltrials.gov/study/NCT05123716
NCT07569159,MDMA Therapy in Veterans With PTSD,psychiatric,Post Traumatic Stress Disorder,RECRUITING,INTERVENTIONAL,PHASE2,Sunstone Medical,MDMA,1,United States,2026-06-30,Clinical Evaluation Team,(301) 750-3401,"Manish Agarwal (Sunstone Medical, PC)",no,no,https://clinicaltrials.gov/study/NCT07569159
NCT06081179,Does Serotonin System Stimulation Increase Pro-social Behavior? - A Comparative Pharmacological Neuroscientific Study in Healthy Humans,other,Healthy,COMPLETED,INTERVENTIONAL,PHASE1,University of Zurich,"MDMA,psilocybin",1,Switzerland,2023-10-24,,,,no,,https://clinicaltrials.gov/study/NCT06081179
NCT02342366,Characterization of the Prosocial and Prosexual Effects of GHB,other,"Depressive Disorder, Major; Bipolar Disorder; Autistic Disorder",COMPLETED,INTERVENTIONAL,NA,University of Zurich,MDMA,1,Switzerland,2012-02,,,"Erich Seifritz, Professor (University of Zurich)",no,,https://clinicaltrials.gov/study/NCT02342366
NCT05948683,Prosocial Effects of MDMA,psychiatric,MDMA ('Ecstasy'); Social Interaction,COMPLETED,INTERVENTIONAL,EARLY_PHASE1,University of Chicago,MDMA,1,United States,2023-07-21,,,Harriet de Wit (University of Chicago),no,undecided,https://clinicaltrials.gov/study/NCT05948683
NCT05837845,MDMA-assisted Cognitive Processing Therapy Versus Cognitive Processing Therapy for Veterans With Severe Posttraumatic Stress Disorder,psychiatric,PTSD,RECRUITING,INTERVENTIONAL,PHASE2,Patricia Suppes,MDMA,1,United States,2025-02-10,Anna Donnelly,650-849-0161,"Trisha Suppes, MD, PhD (VA Palo Alto Healthcare System / Stanford University); Shannon Wiltsey Stirman, PhD (VA Palo Alto Healthcare System / Stanford University)",no,no,https://clinicaltrials.gov/study/NCT05837845
NCT03282123,Open Label Multi-Site Study of Safety and Effects of MDMA-assisted Therapy for Treatment of PTSD,psychiatric,PTSD,COMPLETED,INTERVENTIONAL,PHASE2,Resilient Pharmaceuticals,MDMA,12,United States,2017-11-16,,,"Michael C Mithoefer, MD (MAPS Public Benefit Corp.)",yes,no,https://clinicaltrials.gov/study/NCT03282123
NCT01951508,"Effects of Methylphenidate, Modafinil, and MDMA on Emotion-processing in Humans: A Pharmaco-fMRI Study",psychiatric,Healthy; Substance-related Disorder; Mood Disorder,COMPLETED,INTERVENTIONAL,EARLY_PHASE1,"University Hospital, Basel, Switzerland",MDMA,1,Switzerland,2013-10,,,"Matthias E Liechti, MD, MAS (University Hospital, Basel, Switzerland)",no,,https://clinicaltrials.gov/study/NCT01951508
NCT04264026,"MDMA-Assisted Psychotherapy in Veterans With Combat-Related, Refractory PTSD",psychiatric,Post Traumatic Stress Disorder; Combat Stress Disorders,COMPLETED,INTERVENTIONAL,PHASE2,VA Loma Linda Health Care System,MDMA,1,United States,2021-07-29,,,"Shannon Remick, MD (Staff Psychiatrist)",no,no,https://clinicaltrials.gov/study/NCT04264026
NCT06565494,MDMA-Assisted Therapy for Pathological Narcissism,psychiatric,Narcissism,ACTIVE_NOT_RECRUITING,INTERVENTIONAL,EARLY_PHASE1,University of Washington,MDMA,1,United States,2024-08-27,,,"Anthony Back, MD (University of Washington); Alexa Albert, MD (University of Washington)",no,no,https://clinicaltrials.gov/study/NCT06565494
NCT06683014,MDMA in Borderline Personality Disorder,psychiatric,Borderline Personality Disorder,RECRUITING,INTERVENTIONAL,PHASE2,Yale University,MDMA,1,United States,2025-09-05,"Sarah K Fineberg, MD, PhD",(203) 974-7265,"Sarah K Fineberg, MD, PhD (Yale University)",no,no,https://clinicaltrials.gov/study/NCT06683014
NCT01447472,"-Methylenedioxymethamphetamine (MDMA, Ecstasy) Induced Changes in Drug Metabolism: Gender and Genetic Polymorphisms",psychiatric,Metabolism; Interaction,COMPLETED,INTERVENTIONAL,PHASE1,Parc de Salut Mar,MDMA,1,Spain,2003-05,,,"Magí Farre, PhD (IMIM-Hospital del Mar (Institut de Recerca Hospital del Mar))",no,,https://clinicaltrials.gov/study/NCT01447472
NCT05746572,MDMA Plus Exposure Therapy for PTSD,psychiatric,PTSD,ENROLLING_BY_INVITATION,INTERVENTIONAL,PHASE2,Emory University,MDMA,1,United States,2024-02-13,,,"Jessica Maples-Keller, PhD (Emory University); Barbara O Rothbaum, PhD (Emory University)",no,no,https://clinicaltrials.gov/study/NCT05746572
NCT05770375,Tolerability of MDMA in Schizophrenia,psychiatric,Schizophrenia,RECRUITING,INTERVENTIONAL,PHASE1|PHASE2,"Anya Bershad, MD, PhD",MDMA,1,United States,2024-09-01,Gerard De Vera,310-794-5577,,no,,https://clinicaltrials.gov/study/NCT05770375
NCT01849419,Effects of MDMA on Social and Emotional Processing,psychiatric,Drug Addiction,COMPLETED,INTERVENTIONAL,NA,University of Chicago,MDMA,1,United States,2010-07,,,"Harriet de Wit, PhD (University of Chicago)",yes,,https://clinicaltrials.gov/study/NCT01849419
NCT05709353,MDMA-assisted Prolonged Exposure Therapy for Comorbid Alcohol Use Disorder and Post-traumatic Stress Disorder,psychiatric,PTSD; Alcohol Use Disorder; Alcohol Dependence; Post-traumatic Stress Disorder; Comorbidities and Coexisting Conditions,UNKNOWN,INTERVENTIONAL,PHASE2,University of Sydney,MDMA,2,Australia,2023-09-19,"Kirsten C Morley, PhD",61295153636,"Kirsten C Morley, PhD (University of Sydney)",no,no,https://clinicaltrials.gov/study/NCT05709353
NCT01689740,"Randomized, Double-blind, Placebo-Controlled Pilot Study of MDMA-assisted Therapy for PTSD",psychiatric,Posttraumatic Stress Disorder (PTSD),COMPLETED,INTERVENTIONAL,PHASE2,Resilient Pharmaceuticals,MDMA,1,Israel,2013-01-17,,,Moshe Kotler (Beer Yaakov Hospital),yes,,https://clinicaltrials.gov/study/NCT01689740
NCT01793610,Dose-Response Study of MDMA-assisted Psychotherapy in People With PTSD,psychiatric,Posttraumatic Stress Disorder,COMPLETED,INTERVENTIONAL,PHASE2,Resilient Pharmaceuticals,MDMA,1,United States,2013-05-13,,,"Marcela d'Otalora, MA, LPC (Private Practice)",yes,,https://clinicaltrials.gov/study/NCT01793610
NCT05138068,Social Anxiety MDMA-Assisted Therapy Investigation,psychiatric,Social Anxiety Disorder,COMPLETED,INTERVENTIONAL,PHASE2,Jason B Luoma,MDMA,1,United States,2022-04-13,,,"Jason B Luoma, Ph.D. (Portland Psychotherapy Clinic, Research, and Training Center)",no,yes,https://clinicaltrials.gov/study/NCT05138068
NCT04053036,Effects of Drugs on Responses to Brain and Emotional Processes,other,Autism Spectrum Disorder; Healthy,COMPLETED,INTERVENTIONAL,EARLY_PHASE1,University of Chicago,MDMA,1,United States,2019-08-08,,,Harriet de Wit (Principal Investigator),yes,no,https://clinicaltrials.gov/study/NCT04053036
NCT07303907,A Phase 2A Trial of DT402 for Autism Spectrum Disorder,other,Autism Spectrum Disorder; ASD,RECRUITING,INTERVENTIONAL,PHASE2,"Definium Therapeutics US, Inc.",MDMA,1,United States,2025-12-03,Definium Therapeutics Clinical Trials Information Requests,1-332-282-0479,,no,,https://clinicaltrials.gov/study/NCT07303907
NCT04454684,A Multi-Site Study of MDMA-Assisted Psychotherapy for Eating Disorders,psychiatric,Anorexia Nervosa Restricting Type; Binge-Eating Disorder,WITHDRAWN,INTERVENTIONAL,PHASE2,Resilient Pharmaceuticals,MDMA,0,,2026-02,,,"Adele Lafrance, PhD (Emotion Science)",no,yes,https://clinicaltrials.gov/study/NCT04454684
NCT01616407,Effects of MDMA and Methylphenidate on Social Cognition,psychiatric,Social Cognition,COMPLETED,INTERVENTIONAL,EARLY_PHASE1,"University Hospital, Basel, Switzerland",MDMA,1,Switzerland,2012-08,,,"Matthias E Liechti, MD (University Hospital, Basel, Switzerland)",no,,https://clinicaltrials.gov/study/NCT01616407
NCT00886886,"Interaction Between Reboxetine and 3,4-Methylenedioxymethamphetamine: Pharmacodynamics (PD) and Pharmacokinetics (PK)",other,Mood Disorder; Substance-related Disorders; Amphetamine-related Disorders,COMPLETED,INTERVENTIONAL,PHASE1,"University Hospital, Basel, Switzerland",MDMA,1,Switzerland,2009-04,,,"Matthias E Liechti, MD (Department of Internal Medicine, Division of Pharmacology & Toxicology, University Hospital Basel, Switzerland)",no,,https://clinicaltrials.gov/study/NCT00886886
NCT04847206,Effects of MDMA-like Substances in Healthy Subjects,psychiatric,Healthy,COMPLETED,INTERVENTIONAL,PHASE1,"University Hospital, Basel, Switzerland",MDMA,1,Switzerland,2021-12-01,,,"Matthias E Liechti, Prof. Dr. MD (University Hospital, Basel, Switzerland)",no,,https://clinicaltrials.gov/study/NCT04847206
NCT00252174,MDMA-assisted Therapy in People With Anxiety Related to Advanced Stage Cancer,psychiatric,Anxiety Disorder; Cancer,TERMINATED,INTERVENTIONAL,PHASE2,Brigham and Women's Hospital,MDMA,1,United States,2007-02,,,"John H Halpern, MD (Mclean Hospital)",yes,no,https://clinicaltrials.gov/study/NCT00252174
NCT04060108,Stanford Regulating Circuits of the Brain Study - MDMA,psychiatric,Healthy,COMPLETED,OBSERVATIONAL,,Stanford University,MDMA,1,United States,2021-11-02,,,"Leanne M Williams, PhD (Stanford PI)",no,no,https://clinicaltrials.gov/study/NCT04060108
NCT05783817,MDMA-Assisted CBT for OCD (MDMA-CBT4OCD Study),psychiatric,Obsessive-Compulsive Disorder,RECRUITING,INTERVENTIONAL,PHASE2,Carolyn Rodriguez,MDMA,1,United States,2025-09-10,"Alessa Gaeta, MS",650-723-4095,"Carolyn Rodriguez, MD, PhD (Stanford University)",no,no,https://clinicaltrials.gov/study/NCT05783817
NCT01458327,Additional MDMA-assisted Therapy for People Who Relapsed After MDMA-assisted Therapy Trial,psychiatric,Posttraumatic Stress Disorder,COMPLETED,INTERVENTIONAL,PHASE2,Resilient Pharmaceuticals,MDMA,1,United States,2010-12-15,,,"Michael C Mithoefer, MD (Psychiatrist)",yes,,https://clinicaltrials.gov/study/NCT01458327
NCT02876172,MDMA-Assisted Cognitive-Behavioral Conjoint Therapy (CBCT) in Dyads in Which 1 Member Has Chronic PTSD,psychiatric,Posttraumatic Stress Disorder,COMPLETED,INTERVENTIONAL,PHASE1|PHASE2,Resilient Pharmaceuticals,MDMA,1,United States,2016-07-03,,,"Michael C Mithoefer, MD (Private Practice)",yes,yes,https://clinicaltrials.gov/study/NCT02876172
NCT05523401,Acute Effects of 2C-B Compared With MDMA and Psilocybin in Healthy Subjects,psychiatric,Healthy,COMPLETED,INTERVENTIONAL,PHASE1,"University Hospital, Basel, Switzerland","MDMA,psilocybin",1,Switzerland,2023-08-16,,,"Matthias E Liechti, MD (University Hospital, Basel, Switzerland)",no,,https://clinicaltrials.gov/study/NCT05523401
NCT03485287,Study of Safety and Effects of MDMA-assisted Psychotherapy for Treatment of PTSD (Canada),psychiatric,Posttraumatic Stress Disorder,COMPLETED,INTERVENTIONAL,PHASE2,Resilient Pharmaceuticals,MDMA,2,Canada,2018-03-13,,,Michael Mithoefer (MAPS Public Benefit Corp.),yes,yes,https://clinicaltrials.gov/study/NCT03485287
NCT02232789,Abuse Liability and Human Pharmacology of Mephedrone,other,Amphetamine-Related Disorders,COMPLETED,INTERVENTIONAL,PHASE1,Parc de Salut Mar,MDMA,1,Spain,2014-09,,,"Magi Farre, MD, PhD (Parc de Salut Mar)",no,,https://clinicaltrials.gov/study/NCT02232789
NCT07118839,MDMA-Assisted Therapy for Veterans With PTSD and Alcohol Use Disorder,psychiatric,Post Traumatic Stress Disorder; Alcohol Use Disorder,RECRUITING,INTERVENTIONAL,PHASE2|PHASE3,VA Office of Research and Development,MDMA,2,United States,2026-05-18,"Erica M Eaton, PhD",(401) 273-7100,"Erica M. Eaton, PhD (Providence VA Medical Center, Providence, RI)",no,no,https://clinicaltrials.gov/study/NCT07118839
NCT02102802,Exploring Mechanisms of Action in MDMA-assisted Psychotherapy for PTSD,psychiatric,Posttraumatic Stress Disorder,COMPLETED,OBSERVATIONAL,,Resilient Pharmaceuticals,MDMA,1,United States,2014-01,,,"Michael C Mithoefer, MD (Private Practice)",no,,https://clinicaltrials.gov/study/NCT02102802
NCT01296802,Investigation of Serotonin Neurotransmission in MDMA Users Using Combinated Dexfenfluramine Challenge and PET Imaging,psychiatric,Amphetamine-Related Disorders; Amphetamine Abuse,COMPLETED,INTERVENTIONAL,NA,University of Zurich,MDMA,1,Switzerland,2006-04,,,"Franz X Vollenweider, Prof. (Psychiatric University Hospital, Zurich); Boris B Quednow, Prof (Psychiatric University Hospital, Zurich)",no,,https://clinicaltrials.gov/study/NCT01296802
NCT01211405,Study Comparing Three Doses of MDMA Along With Therapy in Veterans With Posttraumatic Stress Disorder,psychiatric,Posttraumatic Stress Disorder,COMPLETED,INTERVENTIONAL,PHASE2,Resilient Pharmaceuticals,MDMA,1,United States,2010-11-10,,,"Michael Mithoefer, MD (Private Practice)",yes,yes,https://clinicaltrials.gov/study/NCT01211405
NCT04784143,Study Comparing Two Versus Three Active MDMA-assisted Sessions in U.S. Military Veterans With Chronic PTSD,psychiatric,PTSD,TERMINATED,INTERVENTIONAL,PHASE2,Resilient Pharmaceuticals,MDMA,1,United States,2021-11-08,,,Rachel Yehuda (Icahn School of Medicine at Mount Sinai),yes,,https://clinicaltrials.gov/study/NCT04784143
NCT00254306,Functional Brain Imaging in Recreational Users of Ecstasy,other,Amphetamine-Related Disorders,COMPLETED,OBSERVATIONAL,,Hadassah Medical Organization,MDMA,1,Israel,2006-01,,,"Yodphat Krausz, MD (Hadassah Medical Organization); Aviv M Weinstein, Ph.D (Hadassah Medical Organization)",no,,https://clinicaltrials.gov/study/NCT00254306
NCT05277636,Acute Effects of R- and S-MDMA in Healthy Subjects,psychiatric,Healthy,COMPLETED,INTERVENTIONAL,PHASE1,"University Hospital, Basel, Switzerland",MDMA,1,Switzerland,2022-10-01,,,"Matthias E Liechti, MD (University Hospital Basel, Basel, Switzerland)",no,,https://clinicaltrials.gov/study/NCT05277636
NCT07102576,MDMA-Assisted Therapy for Mental Healthcare Providers,psychiatric,Mental Wellbeing,RECRUITING,INTERVENTIONAL,PHASE1,Rachel Yehuda,MDMA,1,United States,2026-02-11,Lily Fischer,862-253-1938,Tamar Glatman Zaretsky (Mount Sinai Icahn School of Medicine); Rachel Yehuda (Mount Sinai Icahn School of Medicine),no,no,https://clinicaltrials.gov/study/NCT07102576
NCT00235768,The NeXT Study; The Netherlands XTC Toxicity Study,other,"Ecstasy (Drug); N-Methyl-3,4-Methylenedioxymethamphetamine; Psychopathology",COMPLETED,OBSERVATIONAL,,UMC Utrecht,MDMA,3,Netherlands,2002-04,,,"Wim van den Brink, MD PhD (University of Amsterdam, Academic Medical Center Amsterdam, Dep of Psychiatry); Nick F Ramsey, PhD (University Medical Center Utrecht, Dep of Psychiatry)",no,,https://clinicaltrials.gov/study/NCT00235768
NCT00990067,"Interaction Between Duloxetine and 3,4-Methylenedioxymethamphetamine (MDMA, Ecstasy)",psychiatric,Mood Disorder; Substance-Related Disorders; Amphetamine-Related Disorders,COMPLETED,INTERVENTIONAL,PHASE1,"University Hospital, Basel, Switzerland",MDMA,1,Switzerland,2009-11,,,"Matthias E Liechti, MD (Department of Internal Medicine, Division of Pharmacology & Toxicology, University Hospital Basel, Switzerland)",no,,https://clinicaltrials.gov/study/NCT00990067
NCT00090064,MDMA-Assisted Psychotherapy in People With Posttraumatic Stress Disorder,psychiatric,Posttraumatic Stress Disorder,COMPLETED,INTERVENTIONAL,PHASE2,Resilient Pharmaceuticals,MDMA,1,United States,2004-03-12,,,"Michael Mithoefer, MD (Private Practice)",yes,,https://clinicaltrials.gov/study/NCT00090064
NCT00895804,"Pharmacological Interaction Between Pindolol and MDMA (3,4-Methylenedioxymethamphetamine)",psychiatric,Mood Disorder; Substance-Related Disorders; Amphetamine-Related Disorders,COMPLETED,INTERVENTIONAL,PHASE1,"University Hospital, Basel, Switzerland",MDMA,1,Switzerland,2001-06,,,"Matthias E Liechti, MD (University Hospital, Basel, Switzerland)",no,,https://clinicaltrials.gov/study/NCT00895804
NCT07301632,Ecstasy to Alleviate SEvere Chronic Neuropathic Pain Trial,other,Chronic Neuropathic Pain,RECRUITING,INTERVENTIONAL,PHASE2,Unity Health Toronto,MDMA,1,Canada,2026-01-30,"Akash Goel, MD,MPH,FRCPC",4168645071,"Akash Goel, MD,MPH,FRCPC (Unity Health Toronto)",no,,https://clinicaltrials.gov/study/NCT07301632
NCT04077437,A Multi-Site Phase 3 Study of MDMA-Assisted Psychotherapy for PTSD (MAPP2),psychiatric,Posttraumatic Stress Disorder,COMPLETED,INTERVENTIONAL,PHASE3,Resilient Pharmaceuticals,MDMA,14,Israel; United States,2020-09-02,,,,yes,yes,https://clinicaltrials.gov/study/NCT04077437
NCT01386177,Pharmacological Interaction Between Doxazosin and Methylenedioxymethamphetamine (MDMA),psychiatric,Mood Disorder; Substance-Related Disorders; Amphetamine-Related Disorders,COMPLETED,INTERVENTIONAL,PHASE1,"University Hospital, Basel, Switzerland",MDMA,1,Switzerland,2011-07,,,"Matthias E Liechti, MD (University Hospital, Basel, Switzerland)",no,,https://clinicaltrials.gov/study/NCT01386177
NCT05147402,Food Effects on Bioavailability of MDMA in Healthy Volunteers,psychiatric,Pharmacokinetics,COMPLETED,INTERVENTIONAL,PHASE1,Resilient Pharmaceuticals,MDMA,1,United States,2022-07-28,,,"William B Smith, M.D. (Alliance for Multispecialty Research)",no,,https://clinicaltrials.gov/study/NCT05147402
NCT05455996,MDMA-Assisted Therapy for Stress Disorders in Healthcare Workers and First Responders,psychiatric,Post-Traumatic Stress Disorder; Adjustment Disorders,NOT_YET_RECRUITING,INTERVENTIONAL,PHASE2,Nautilus Sanctuary,MDMA,3,United States,2026-10,"Willa Hall, Ph.D.",9175091497,"Willa Hall, Ph.D. (Nautilus Sanctuary); Casey Paleos, M.D. (InnerMost PBC)",no,no,https://clinicaltrials.gov/study/NCT05455996
NCT07704762,Clinical Trial of MDMA-Assisted Therapy for Military Service Members With Posttraumatic Stress Disorder,psychiatric,PTSD; Post Traumatic Stress Disorder PTSD; Post Traumatic Stress Disorder,NOT_YET_RECRUITING,INTERVENTIONAL,PHASE2,U.S. Army Medical Research and Development Command,MDMA,0,,2026-10-01,Alexandra R Tribo,704-997-9460,"Shannon Ford, MD (WRNMMC)",no,no,https://clinicaltrials.gov/study/NCT07704762
NCT02427568,MDMA-Assisted Psychotherapy for Anxiety Associated With a Life-Threatening Illness,psychiatric,Anxiety,COMPLETED,INTERVENTIONAL,PHASE2,Resilient Pharmaceuticals,MDMA,1,United States,2015-05-14,,,"Philip Wolfson, MD (Private Practice)",yes,yes,https://clinicaltrials.gov/study/NCT02427568
NCT03790618,Effect of Stimulant Drugs on Social Perception,other,Healthy; MDMA ('Ecstasy'),COMPLETED,INTERVENTIONAL,PHASE1,University of Chicago,MDMA,1,United States,2016-06-01,,,,yes,undecided,https://clinicaltrials.gov/study/NCT03790618
NCT05379959,"Effects of Stimulants on Behavioral and Neural Markers of Social Motivation, Ability, and Neural Markers of Social Function",other,Stimulant Use; MDMA ('Ecstasy'); Social Behavior; Motivation,COMPLETED,INTERVENTIONAL,EARLY_PHASE1,University of Chicago,MDMA,1,United States,2022-05-11,,,,no,undecided,https://clinicaltrials.gov/study/NCT05379959
NCT05063097,Addiction in Intensive Cardiac Care Units,psychiatric,Intensive Care Unit Syndrome; Drug Abuse; Substance-Related Disorders; Cardiovascular Events; Cardiac Disease,UNKNOWN,OBSERVATIONAL,,Assistance Publique - Hôpitaux de Paris,MDMA,1,France,2021-04-06,,,"Jean-Guillaume DILLINGER, MD,PhD (Lariboisière Hospital, APHP, Paris)",no,no,https://clinicaltrials.gov/study/NCT05063097
NCT05067244,A Phase 2 Open-Label Treatment Development Study of MDMA-Assisted Cognitive Processing Therapy (CPT) for Posttraumatic Stress Disorder (PTSD),psychiatric,Post Traumatic Stress Disorder,COMPLETED,INTERVENTIONAL,PHASE2,Remedy,MDMA,1,Canada,2021-10-04,,,"Alison Bruni, MD (Remedy Institute); Anne Wagner, PhD (Remedy Institute)",no,no,https://clinicaltrials.gov/study/NCT05067244
NCT04620759,Psilocybin Treatment of Major Depressive Disorder With Co-occurring Alcohol Use Disorder,psychiatric,Major Depressive Disorder; Alcohol Use Disorder,ACTIVE_NOT_RECRUITING,INTERVENTIONAL,PHASE2,Johns Hopkins University,"DMT,psilocybin",1,United States,2021-04-14,,,"Frederick S Barrett, PhD (Johns Hopkins University)",no,,https://clinicaltrials.gov/study/NCT04620759
NCT06927076,Antidepressant Response of DMT Masked With Propofol,psychiatric,Major Depressive Disorder; Psychedelic Experiences,RECRUITING,INTERVENTIONAL,NA,"University Hospital, Basel, Switzerland",DMT,1,Switzerland,2025-08-05,Joyce Santos de Jesus,+41 61 556 65 02,"Matthias Liechti, Prof. Dr. med. (University Hospital, Basel, Switzerland); Felix Müller, PD Dr. med. (University Hospital, Basel, Switzerland)",no,,https://clinicaltrials.gov/study/NCT06927076
NCT06258031,PsilOCD: A Pharmacological-Challenge Feasibility Study,psychiatric,Obsessive-Compulsive Disorder,COMPLETED,INTERVENTIONAL,PHASE1,Imperial College London,"DMT,psilocybin",1,United Kingdom,2022-10-28,,,Professor David Nutt (Imperial College London); Dr David Erritzoe (Imperial College London),no,no,https://clinicaltrials.gov/study/NCT06258031
NCT05894902,Open-Label Dose-Ranging Study of Oral SM-001 in Healthy Adults,other,Major Depression; Post Traumatic Stress Disorder,UNKNOWN,INTERVENTIONAL,PHASE1,Advanced Integrative Medical Science Institute,"DMT,ayahuasca",1,United States,2023-10-01,"Leanna J Standish, ND PhD",2064201321,"Leanna J Standish, ND PhD (AIMS Institute)",no,no,https://clinicaltrials.gov/study/NCT05894902
NCT04353024,Effects of Dimethyltryptamine in Healthy Subjects,other,Healthy,COMPLETED,INTERVENTIONAL,PHASE1,"University Hospital, Basel, Switzerland",DMT,1,Switzerland,2021-06-18,,,"Matthias E Liechti, Prof. Dr. MD (University Hospital, Basel, Switzerland)",no,no,https://clinicaltrials.gov/study/NCT04353024
NCT06070649,"The Potential Therapeutic Effects of Psychedelic, N, N-dimethyltryptamine (DMT), on Alcohol Use Disorder (AUD)",psychiatric,Alcohol Use Disorder (AUD); Alcohol-Related Disorders; Alcohol Use,RECRUITING,INTERVENTIONAL,PHASE1,Yale University,DMT,1,United States,2025-08-04,Angelina Contreras,(203) 974-7525,"Anahita Bassir Nia, MD (Yale University)",no,,https://clinicaltrials.gov/study/NCT06070649
NCT05829603,Dose-finding Study for the Combination of DMT and Harmine in Healthy Subjects,other,Healthy,COMPLETED,INTERVENTIONAL,PHASE1,Reconnect Labs,DMT,1,Switzerland,2023-05-05,,,"Erich Seifritz, Prof (Psychiatric University Hospital, Zurich)",no,no,https://clinicaltrials.gov/study/NCT05829603
NCT07562191,Inhaled DMT for Major Depressive Disorder,psychiatric,MDD; Major Depressive Disorder (MDD); Major Depression; Suicidal Ideation; Suicide,RECRUITING,INTERVENTIONAL,PHASE2,Universidade Federal do Rio Grande do Norte,DMT,5,Brazil,2026-08-01,,,,no,yes,https://clinicaltrials.gov/study/NCT07562191
NCT06094907,"Safety, Tolerability and Antidepressant Effects of DMT in Patients With Depression",psychiatric,"Depressive Disorder; Depression, Unipolar",COMPLETED,INTERVENTIONAL,PHASE2,Universidade Federal do Rio Grande do Norte,DMT,1,Brazil,2023-10-09,,,"Draulio Araujo, Ph.D (Universidade Federal do Rio Grande do Norte); Marcelo Falchi, M.D. (Universidade Federal do Rio Grande do Norte)",no,no,https://clinicaltrials.gov/study/NCT06094907
NCT00302744,Effects of Psilocybin in Advanced-Stage Cancer Patients With Anxiety,psychiatric,Anxiety,COMPLETED,INTERVENTIONAL,PHASE1|PHASE2,Lundquist Institute for Biomedical Innovation at Harbor-UCLA Medical Center,"DMT,psilocybin",1,United States,2004-04,,,"Charles S. Grob, MD (University of California, Los Angeles)",no,no,https://clinicaltrials.gov/study/NCT00302744
NCT04716335,"Neurodynamics of Prosocial Emotional Processing Following Serotonergic Stimulation With N,N-Dimethyltryptamine (DMT) and Harmine in Healthy Subjects",other,"Emotions; Mood; Cognitive Function 1, Social; Empathy",COMPLETED,INTERVENTIONAL,EARLY_PHASE1,"Psychiatric University Hospital, Zurich",DMT,1,Switzerland,2020-12-01,,,,no,no,https://clinicaltrials.gov/study/NCT04716335
NCT07693257,"Neural Effects of Intravenous N,N-dimethyltryptamine (DMT)",other,Healthy Participants Study,NOT_YET_RECRUITING,INTERVENTIONAL,PHASE1,Jon Dean,DMT,1,United States,2026-09-01,Yasmeen Esshaki,619-786-0375,"Jon Dean, PhD (UCSD)",no,undecided,https://clinicaltrials.gov/study/NCT07693257
NCT05384678,Acute Dose-dependent Effects of DMT in Healthy Subjects,other,Healthy,COMPLETED,INTERVENTIONAL,PHASE1,"University Hospital, Basel, Switzerland",DMT,1,Switzerland,2022-11-15,,,"Matthias E Liechti, MD (University Hospital Basel, Basel, Switzerland)",no,,https://clinicaltrials.gov/study/NCT05384678
NCT02950467,Psilocybin-assisted Group Therapy for Demoralization in Long-term AIDS Survivors,psychiatric,Distress; Depression; Grief,COMPLETED,INTERVENTIONAL,PHASE1,Joshua Woolley,"DMT,psilocybin",1,United States,2018-01-05,,,"Joshua Woolley, MD,PhD (University of California, San Francisco); Brian Anderson, MD,MSc (University of California, San Francisco)",yes,no,https://clinicaltrials.gov/study/NCT02950467
NCT04673383,SPL026 (DMT Fumarate) in Healthy Subjects and MDD Patients,other,Major Depressive Disorder,COMPLETED,INTERVENTIONAL,PHASE1|PHASE2,Small Pharma Ltd,DMT,2,United Kingdom,2021-02-04,,,"David Erritzoe, MD (Imperial College London); Malcolm Boyce, MD (Hammersmith Medicines Research)",no,no,https://clinicaltrials.gov/study/NCT04673383
NCT06455293,Psilocybin Therapy for Depression in Parkinson's Disease,psychiatric,Parkinson Disease; Depression,RECRUITING,INTERVENTIONAL,PHASE2,"Joshua Woolley, MD, PhD","DMT,psilocybin",1,United States,2024-08-19,Brigette Sosa,(415) 935-3489,"Joshua Woolley, MD,PhD (University of California, San Francisco); Ellen Bradley, MD (University of California, San Francisco)",no,no,https://clinicaltrials.gov/study/NCT06455293
NCT05548075,Psilocybin in Patients With Fibromyalgia: EEG-measured Brain Biomarkers of Action,psychiatric,Fibromyalgia,UNKNOWN,OBSERVATIONAL,,Imperial College London,"DMT,psilocybin",1,United Kingdom,2022-08-15,,,David Nutt (Imperial College London),no,undecided,https://clinicaltrials.gov/study/NCT05548075
NCT06252506,Molecular Imaging Study of Harmine/DMT: a Basic Research Approach,other,Neuropharmacological Investigation of Ayahuasca Constituents DMT and Harmine,COMPLETED,INTERVENTIONAL,PHASE1,"Insel Gruppe AG, University Hospital Bern","DMT,ayahuasca",2,Switzerland,2024-01-22,,,"Paul K Cumming, PhD (Insel Group AG)",no,no,https://clinicaltrials.gov/study/NCT06252506
NCT05573568,Clinical Study of DMT in Healthy Adults,other,Healthy Volunteers,COMPLETED,INTERVENTIONAL,PHASE1,Biomind Labs Inc.,DMT,1,Brazil,2022-06-01,,,,no,no,https://clinicaltrials.gov/study/NCT05573568
NCT06051721,"A Study of a N, N-dimethyltryptamine (DMT) Analog (CYB004) in Participants With Generalized Anxiety Disorder (GAD)",psychiatric,Generalized Anxiety Disorder,COMPLETED,INTERVENTIONAL,PHASE2,Cybin IRL Limited,DMT,6,United States,2024-05-10,,,"Amir Inamdar, MBBS, DNB, MFPM (Cybin IRL Limited)",no,no,https://clinicaltrials.gov/study/NCT06051721
NCT04711915,"Fixed Order, Open-Label, Dose-Escalation Study of DMT in Humans",other,Major Depressive Disorder; Depression,ACTIVE_NOT_RECRUITING,INTERVENTIONAL,PHASE1,Yale University,DMT,1,United States,2021-03-17,,,,no,,https://clinicaltrials.gov/study/NCT04711915
NCT01943994,Psilocybin-facilitated Smoking Cessation Treatment: A Pilot Study,psychiatric,Nicotine Dependence,COMPLETED,INTERVENTIONAL,NA,Johns Hopkins University,"DMT,psilocybin",2,United States,2008-09,,,"Matthew W Johnson, PhD (Johns Hopkins University)",yes,,https://clinicaltrials.gov/study/NCT01943994
NCT07610369,The Efficacy of Psilocybin Therapy for Depression in Parkinson's Disease,psychiatric,Depression; Parkinson's Disease (PD),RECRUITING,INTERVENTIONAL,PHASE2,Yale University,"DMT,psilocybin",1,United States,2026-07-10,"Sophie Holmes, PhD",203-685-4066,"Sophie Holmes, PhD (Yale University)",no,yes,https://clinicaltrials.gov/study/NCT07610369
NCT04932434,Psilocybin Therapy for Depression and Anxiety in Parkinson's Disease,psychiatric,Parkinson Disease; Depression; Anxiety,COMPLETED,INTERVENTIONAL,PHASE2,"Joshua Woolley, MD, PhD","DMT,psilocybin",1,United States,2021-08-15,,,"Joshua Woolley, MD/PhD (University of California, San Francisco); Ellen Bradley, MD (University of California, San Francisco)",yes,no,https://clinicaltrials.gov/study/NCT04932434
NCT05901012,Safety and Tolerability of DMT in Healthy Adults,other,Safety Issues; Healthy Volunteers,COMPLETED,INTERVENTIONAL,PHASE1,Universidade Federal do Rio Grande do Norte,DMT,1,Brazil,2023-04-26,,,"Draulio B. Araujo, Ph.D (Universidade Federal do Rio Grande do Norte)",no,no,https://clinicaltrials.gov/study/NCT05901012
NCT05553691,SPL026 With or Without SSRIs in Participants With MDD,other,Major Depressive Disorder,COMPLETED,INTERVENTIONAL,PHASE1,Small Pharma Ltd,DMT,2,United Kingdom,2022-12-13,,,"Fabian Devlin, MD (MAC Clinical Research); Neel Bhatt, MD (MAC Clinical Research)",no,no,https://clinicaltrials.gov/study/NCT05553691
NCT00957359,Psilocybin Cancer Anxiety Study,psychiatric,Cancer,COMPLETED,INTERVENTIONAL,EARLY_PHASE1,NYU Langone Health,"DMT,psilocybin",1,United States,2009-02,,,"Stephen Ross, MD (NYU Langone Health); Anthony Bossis, PhD (Co-Principal Investigator NYU Langone School of Medicine)",yes,,https://clinicaltrials.gov/study/NCT00957359
NCT05301608,Effects of Psilocybin on Electrophysiology and the Dynamic Content of Thought,psychiatric,Healthy,RECRUITING,INTERVENTIONAL,PHASE1|PHASE2,Johns Hopkins University,"DMT,psilocybin",1,United States,2022-03-03,Gabi Lofland,(410) 550-2253,"Frederick S Barrett, PhD (Johns Hopkins University)",no,yes,https://clinicaltrials.gov/study/NCT05301608
NCT00465595,Psychopharmacology of Psilocybin in Cancer Patients,psychiatric,Depressive Symptoms; Anxiety; Cancer,COMPLETED,INTERVENTIONAL,PHASE2,Johns Hopkins University,"DMT,psilocybin",1,United States,2007-04,,,"Roland R Griffiths, Ph.D. (Johns Hopkins School of Medicine, Psychiatry Dept.)",yes,,https://clinicaltrials.gov/study/NCT00465595
NCT05780216,Mindfulness and Psychedelics,psychiatric,Healthy Participants,COMPLETED,INTERVENTIONAL,EARLY_PHASE1,Milan Scheidegger,"DMT,ayahuasca",1,Switzerland,2023-02-20,,,"Milan Scheidegger, MD, PhD (Psychiatric University Hospital, Zurich)",no,no,https://clinicaltrials.gov/study/NCT05780216
NCT05559931,Single and Repeat Doses of DMT in Healthy Subjects,other,Stroke,ACTIVE_NOT_RECRUITING,INTERVENTIONAL,PHASE1,Algernon Pharmaceuticals,DMT,1,Netherlands,2023-01-13,,,"Gabriel Jacobs, MD, PhD (Centre for Human Drugs Research)",no,undecided,https://clinicaltrials.gov/study/NCT05559931
NCT02145091,"Effects of Psilocybin on Behavior, Psychology and Brain Function in Long-term Meditators",psychiatric,Healthy,COMPLETED,INTERVENTIONAL,PHASE1,Johns Hopkins University,"DMT,psilocybin",1,United States,2014-05,,,,no,,https://clinicaltrials.gov/study/NCT02145091
NCT05351541,Psilocybin Therapy for Chronic Low Back Pain,psychiatric,Chronic Low-back Pain,ACTIVE_NOT_RECRUITING,INTERVENTIONAL,PHASE1|PHASE2,"Joshua Woolley, MD, PhD","DMT,psilocybin",1,United States,2023-12-01,,,"Joshua Woolley (University of California, San Francisco)",no,undecided,https://clinicaltrials.gov/study/NCT05351541
NCT05695495,Acute Dose-dependent Effects of DMT-bolus Applications in Healthy Subjects (DMT BDR-Study),other,Healthy,COMPLETED,INTERVENTIONAL,PHASE1,"University Hospital, Basel, Switzerland",DMT,1,Switzerland,2024-06-12,,,,no,,https://clinicaltrials.gov/study/NCT05695495
NCT07833761,ADEPT Psilocybin-Assisted Therapy With DBT for Borderline Personality Disorder,psychiatric,Borderline Personality Disorder; Borderline Personality Pathology; Depressive Symptoms; Emotion Dysregulation; Suicidal Ideation,NOT_YET_RECRUITING,INTERVENTIONAL,PHASE1,University of Minnesota,"DMT,psilocybin",2,United States,2026-12-01,"Ziad Nahas, MD, MSCR",952-525-4505,"Ziad Nahas, MD, MSCR (University of Minnesota); Devin H Hanson, PhD, LP (University of Minnesota)",no,,https://clinicaltrials.gov/study/NCT07833761
NCT05065294,Psilocybin Therapy for Depression in Bipolar II Disorder,psychiatric,Bipolar II Disorder,ACTIVE_NOT_RECRUITING,INTERVENTIONAL,PHASE2,"University of California, San Francisco","DMT,psilocybin",1,United States,2022-01-28,,,"Joshua D Woolley, MD,PhD (University of California, San Francisco); David Guard, PhD (San Francisco State University)",no,no,https://clinicaltrials.gov/study/NCT05065294
NCT05347849,Single Ascending Dose Study With BPL-003 in Healthy Subjects,other,Pharmacokinetics in Healthy Adults,COMPLETED,INTERVENTIONAL,PHASE1,Beckley Psytech Limited,"5-MeO-DMT,DMT",1,United Kingdom,2022-02-14,,,"VP & Head of Clinical Development, PhD (Beckley Psytech Ltd)",no,no,https://clinicaltrials.gov/study/NCT05347849
NCT07317232,"Ayahuasca, Esketamine and Premenstrual Symptoms",other,Healthy Women Volunteers,RECRUITING,INTERVENTIONAL,NA,University of Sao Paulo,"ayahuasca,esketamine",1,Brazil,2025-12-20,,,,no,no,https://clinicaltrials.gov/study/NCT07317232
NCT02914769,Antidepressant Effects of Ayahuasca: a Randomized Placebo Controlled Trial in Treatment Resistant Depression,psychiatric,Major Depression,COMPLETED,INTERVENTIONAL,PHASE1|PHASE2,Universidade Federal do Rio Grande do Norte,ayahuasca,1,Brazil,2014-02,,,"Draulio B de Araujo, Ph.D (Brain Institute - UFRN)",yes,no,https://clinicaltrials.gov/study/NCT02914769
NCT05042765,Entheogen Resurgence,other,Psychedelic Experiences,COMPLETED,OBSERVATIONAL,,Vireo Health,ayahuasca,1,United States,2021-09-16,,,"Stephen Dahmer, ND (Resurgent Biosciences, Inc.)",no,undecided,https://clinicaltrials.gov/study/NCT05042765
NCT07212946,Ayahuasca and Esketamine for Major Depression,psychiatric,Major Depression Severe,COMPLETED,INTERVENTIONAL,PHASE2,University of Sao Paulo,"ayahuasca,esketamine",1,Brazil,2022-10-30,,,,no,no,https://clinicaltrials.gov/study/NCT07212946
NCT06150859,Ayahuasca Assisted Psychotherapy for Grief,other,Bereavement,UNKNOWN,INTERVENTIONAL,PHASE2,Beckley Med Foundation,ayahuasca,1,Spain,2021-10-15,,,Magi Farré (Hospital German Trials I Pujol),no,,https://clinicaltrials.gov/study/NCT06150859
NCT07317206,"Ayahuasca, Esketamine and PTSD",psychiatric,Posttraumatic Stress Disorder (PTSD),RECRUITING,INTERVENTIONAL,PHASE2,University of Sao Paulo,"ayahuasca,esketamine",1,Brazil,2025-12-20,,,,no,no,https://clinicaltrials.gov/study/NCT07317206
NCT07317219,"Ayahuasca, Esketamine and Body Image Perception",other,Healthy Women Volunteers,RECRUITING,INTERVENTIONAL,NA,University of Sao Paulo,"ayahuasca,esketamine",1,Brazil,2025-12-20,,,,no,no,https://clinicaltrials.gov/study/NCT07317219
NCT07747324,Effects of a Sigle Dose of Ayahuasca in Patients With Psychogenic Non-epileptic Seizures: an Open Label Clinical Trial,other,Non Epileptic Seizures,RECRUITING,INTERVENTIONAL,PHASE1|PHASE2,University of Sao Paulo,ayahuasca,1,Brazil,2026-07-01,,,,no,,https://clinicaltrials.gov/study/NCT07747324
NCT06574945,Anesthesia for Loop Electrosurgical Excision Procedure (LEEP).,anesthesia_analgesia,Esketamine; Loop Electrosurgical Excision; Propofol,COMPLETED,INTERVENTIONAL,PHASE4,Qian Wu,esketamine,1,China,2022-01-07,,,Gang Y Hao (First Affiliated Hospital of Chongqing Medical University),no,no,https://clinicaltrials.gov/study/NCT06574945
NCT01506921,Racemic Ketamine Versus S-ketamine With Arterial Spin Labeling (ASL)-MRI in Healthy Volunteers,psychiatric,Healthy; Abnormal Vascular Flow,COMPLETED,INTERVENTIONAL,NA,Lund University,"esketamine,ketamine",1,Sweden,2011-05,,,"Jonas Åkeson, profesor (Lund University)",no,,https://clinicaltrials.gov/study/NCT01506921
NCT06958393,Effect of Opioid-free Anaesthesia on Postoperative Delirium in Elderly Patients Undergoing Gastrointestinal Surgery,anesthesia_analgesia,Delirium - Postoperative; Opioid-Free Anaesthesia,NOT_YET_RECRUITING,INTERVENTIONAL,PHASE4,Qianfoshan Hospital,esketamine,1,China,2025-05-20,"Yongtao Sun, Ph.D. in Anesthesiology",+86 18660795201,,no,,https://clinicaltrials.gov/study/NCT06958393
NCT06430645,Effects of Esketamine on Recovery of Consciousness After Propofol Anesthesia,psychiatric,Post-anesthesia Recovery,UNKNOWN,INTERVENTIONAL,NA,Beijing Tiantan Hospital,esketamine,1,China,2024-05-05,"Yang Li, Master",+86 18810637134,"Ruquan Han, PhD (Beijing Tiantan Hospital)",no,,https://clinicaltrials.gov/study/NCT06430645
NCT05666869,Tolerance Assesment of the Usage of an Analgesic Dose of Esketamine for Treatment of Moderate to Intense Pain in an Emergency Departement,anesthesia_analgesia,"Pain, Acute",UNKNOWN,OBSERVATIONAL,,Association pour la Formation l'Enseignement et la Recherche du Service de l'Accueil des Urgences,esketamine,1,France,2022-12-12,"Julie Contenti, MD, PhD",0492033715,"Julie Contenti, MD, PhD (Association pour la Formation l'Enseignement et la Recherche du Service de l'Accueil des Urgences)",no,,https://clinicaltrials.gov/study/NCT05666869
NCT05925283,Clinical Study of Oral Midazolam Combined With Esketamine Administered Intranasally for Pediatric Preoperative Sedation,anesthesia_analgesia,Anxiety,UNKNOWN,INTERVENTIONAL,PHASE4,Second Affiliated Hospital of Wenzhou Medical University,esketamine,1,China,2023-06-30,Huacheng Liu,18957755138,Huacheng Liu (Second Affiliated Hospital of Wenzhou Medical University); Xulin Zhang (Second Affiliated Hospital of Wenzhou Medical University),no,no,https://clinicaltrials.gov/study/NCT05925283
NCT06012916,Brain Network Dynamics of Depression During Esketamine Treatment,psychiatric,"Depressive Disorder, Major",COMPLETED,OBSERVATIONAL,,"University of North Carolina, Chapel Hill",esketamine,1,United States,2023-07-03,,,"Flavio Frohlich, PhD (University of North Carolina, Chapel Hill)",no,no,https://clinicaltrials.gov/study/NCT06012916
NCT04459377,Ketamine Analgesia in Third Molar Surgery,anesthesia_analgesia,Pain; Postoperative,COMPLETED,INTERVENTIONAL,PHASE4,"Dalarna County Council, Sweden","esketamine,ketamine",1,Sweden,2017-02-14,,,"Lars Sand, Professor, DDS, MD (Uppsala University)",no,no,https://clinicaltrials.gov/study/NCT04459377
NCT07034963,Study on the Effective Dose and Safety of Esketamine in Hysteroscopic Surgery Under Monitored Anesthesia Care,anesthesia_analgesia,Intrauterine Polyp; Intrauterine Synechiae,ACTIVE_NOT_RECRUITING,INTERVENTIONAL,PHASE1|PHASE2,The First Affiliated Hospital of Xiamen University,esketamine,1,China,2025-06-26,,,"Lijuan Yan (Department of Anesthesiology, The First Affiliated Hospital of Xiamen University)",no,no,https://clinicaltrials.gov/study/NCT07034963
NCT07639099,Intranasal Esketamine-dexmedetomidine Combination and Postpartum Depression,psychiatric,Parturients; Depressive Symptoms; Esketamine; Dexmedetomidine; Intranasal Administration; Postpartum Depression,NOT_YET_RECRUITING,INTERVENTIONAL,PHASE4,Peking University First Hospital,esketamine,1,China,2026-06,"Dong-Xin Wang, MD, PhD",010-83572784,"Dong-Xin Wang, MD, PhD (Peking University First Hospital)",no,no,https://clinicaltrials.gov/study/NCT07639099
NCT02611505,"A Study to Assess the Effects of Hepatic Impairment on the Pharmacokinetics, Safety, and Tolerability of Intranasally Administered Esketamine",other,Hepatic Impairment; Normal Hepatic Function,COMPLETED,INTERVENTIONAL,PHASE1,"Janssen Research & Development, LLC",esketamine,1,United States,2015-11-30,,,"Janssen Research & Development, LLC Clinical Trial (Janssen Research & Development, LLC)",no,,https://clinicaltrials.gov/study/NCT02611505
NCT06853431,Determination of ED50 and ED95 With Clinical Efficacy of Intranasal Dexmedetomidine Combined With Esketamine for Preoperative Sedation in Pediatric General Anesthesia,anesthesia_analgesia,Preoperative Anxiety; Preoperative Sedation; Children; Dexmedetomidine; Esketamine; ED95; ED50; Preoperative Sedation of Children,RECRUITING,INTERVENTIONAL,PHASE4,Second Affiliated Hospital of Wenzhou Medical University,esketamine,2,China,2025-03-01,Huacheng Liu,18957755138,Huacheng Liu (Second Affiliated Hospital of Wenzhou Medical University),no,no,https://clinicaltrials.gov/study/NCT06853431
NCT06823024,Assess the Utility of a Speech-based Machine Learning Algorithm to Predict Treatment Response to Psychiatric Interventions,psychiatric,"Obsessive Compulsive Disorder (OCD); Bipolar Disorders; Major Depressive Disorder; Post-Traumatic Stress Disorder, PTSD; Generalized Anxiety Disorder (GAD)",ENROLLING_BY_INVITATION,OBSERVATIONAL,,Psyrin Inc.,"esketamine,ketamine",2,United States,2025-02-18,,,"Julianna Olah, B.Sc., M.A., M.Sc., Ph.D. (Psyrin Inc.)",no,undecided,https://clinicaltrials.gov/study/NCT06823024
NCT05212571,Long-term Pain Modulation by Intravenous Esketamine in CRPS,other,Complex Regional Pain Syndromes; CRPS (Complex Regional Pain Syndromes),ENROLLING_BY_INVITATION,INTERVENTIONAL,NA,Erasmus Medical Center,"esketamine,ketamine",1,Netherlands,2022-04-19,,,"Frank JP Huygen, MD, PhD (Erasmus MC, Center for Pain Medicine); Thomas Mangnus, MD (Erasmus MC, Center for Pain Medicine)",no,undecided,https://clinicaltrials.gov/study/NCT05212571
NCT06199011,Effect of Esketamine on Depressive Symptoms of Obese Patients Undergoing Laparoscopic Sleeve Gastrectomy,psychiatric,Depressive Symptoms,UNKNOWN,INTERVENTIONAL,NA,The Second Hospital of Anhui Medical University,esketamine,0,,2024-01-01,"Chunxia Huang, PhD",+8613500512159,,no,no,https://clinicaltrials.gov/study/NCT06199011
NCT05973851,The Effect of a Six Week Intensified Pharmacological Treatment for Major Depressive Disorder Compared to Treatment as Usual in Subjects Who Had a First-time Treatment Failure on Their First-line Treatment.,psychiatric,Major Depressive Disorder; Treatment Resistant Depression,RECRUITING,INTERVENTIONAL,PHASE3,Dr. Inge Winter,"esketamine,ketamine",12,Austria; Germany; Greece; Italy; Spain; United Kingdom,2024-08-31,"Inge Winter, Dr.",+31875553227,,no,yes,https://clinicaltrials.gov/study/NCT05973851
NCT05943028,Effect of Subanesthetic Dose Esketamine on Propofol-refentanil Closed-loop Targeted Controlled Infusion,other,Esketamine,UNKNOWN,INTERVENTIONAL,EARLY_PHASE1,bo xu,esketamine,0,,2023-07-01,"Bo Xu, professor",+8613802738125,"Shengchao Li, Graduate (The First Clinical College of Southern Medical University)",no,no,https://clinicaltrials.gov/study/NCT05943028
NCT07570160,Intranasal Dexmedetomidine or Esketamine for Negative Postoperative Behavioral Changes in Children,anesthesia_analgesia,Behavior Problem,NOT_YET_RECRUITING,INTERVENTIONAL,PHASE4,Nanjing Children's Hospital,esketamine,1,China,2026-06-01,"Fei Sun, Master's degree",+86 181 0061 9994,"fei sun, Master's (Children's Hospital of Nanjing Medical University)",no,no,https://clinicaltrials.gov/study/NCT07570160
NCT01640080,A Study of the Efficacy of Intravenous Esketamine in Adult Patients With Treatment-Resistant Depression,psychiatric,Major Depressive Disorder,COMPLETED,INTERVENTIONAL,PHASE2,"Janssen Research & Development, LLC",esketamine,9,Belgium; Germany; Poland,2012-06-27,,,"Janssen Research & Development, LLC Clinical Trial (Janssen Research & Development, LLC)",no,,https://clinicaltrials.gov/study/NCT01640080
NCT04791059,Low-dose S-ketamine and Dexmedetomidine in Combination With Opioids for Postoperative Analgesia,anesthesia_analgesia,Scoliosis Correction; Postoperative Analgesia; S-ketamine; Dexmedetomidine; Sufentanil,COMPLETED,INTERVENTIONAL,PHASE4,Peking University First Hospital,"esketamine,ketamine",1,China,2021-04-09,,,"Dong-Xin Wang, MD,PhD (Peking University First Hospital)",no,no,https://clinicaltrials.gov/study/NCT04791059
NCT07315074,Effect of Esketamine on Postoperative Sleep in Postmenopausal Women,anesthesia_analgesia,Circadian Rhythm; Postoperative Sleep Disturbance,RECRUITING,INTERVENTIONAL,NA,Zhuan Zhang,esketamine,2,China,2026-03-01,"Zhuan Zhang, MD",+86-15062791355,,no,no,https://clinicaltrials.gov/study/NCT07315074
NCT04843982,Immunoinflammatory Regulation of Esketamine in Septic Patients,other,Esketamine; Sepsis; Inflammatory Response; Immunosuppression,TERMINATED,INTERVENTIONAL,PHASE4,"Union Hospital, Tongji Medical College, Huazhong University of Science and Technology",esketamine,1,China,2021-07-28,,,"Shiying Yuan, PhD, MD (Union Hospital, Tongji Medical College, Huazhong University of Science and Technology)",no,yes,https://clinicaltrials.gov/study/NCT04843982
NCT05242081,Study on Opioid-free Anesthesia Protocol With S-ketamine and Propofol,anesthesia_analgesia,"Opioid Use, Unspecified; S-ketamine",UNKNOWN,INTERVENTIONAL,NA,The First Affiliated Hospital with Nanjing Medical University,"esketamine,ketamine",1,China,2022-07,Ling Zhou,+86 15895918786,,no,,https://clinicaltrials.gov/study/NCT05242081
NCT01394757,"Network Dysfunction, Schizophrenia and Pharmacological Magnetic Resonance Imaging (phMRI)",other,Healthy Volunteers,COMPLETED,INTERVENTIONAL,NA,Medical University of Vienna,esketamine,1,Austria,2011-08,,,"Rupert Lanzenberger, A/Prof., MD (Department of Psychiatry and Psychotherapy, Medical University of Vienna)",no,,https://clinicaltrials.gov/study/NCT01394757
NCT02085577,The Effect of Intraoperative Ketamine on Opioid Consumption and Pain After Spine Surgery in Opioid-dependent Patients,anesthesia_analgesia,Postoperative Pain; Chronic Pain; Analgesics,COMPLETED,INTERVENTIONAL,PHASE4,"Copenhagen University Hospital, Rigshospitalet","esketamine,ketamine",1,Denmark,2014-05,,,"Rikke V Nielsen, MD (Glostrup University Hospital, Copenhagen)",no,,https://clinicaltrials.gov/study/NCT02085577
NCT07199179,Link Between Reduction of Suicide Ideation by Esketamine in Add-On and Initial Levels of Psychological Pain and Anhedonia,psychiatric,Depression - Major Depressive Disorder; Depression Disorder; Suicide,ACTIVE_NOT_RECRUITING,OBSERVATIONAL,,"University Hospital, Montpellier","esketamine,ketamine",1,France,2024-11-24,,,,no,no,https://clinicaltrials.gov/study/NCT07199179
NCT06294639,ED50 of Esketamine for Laser Treatment in Children,other,Anesthesia,UNKNOWN,INTERVENTIONAL,NA,"Air Force Military Medical University, China",esketamine,0,,2024-03-27,Zhi-Hong Lu,+862984775343,,no,yes,https://clinicaltrials.gov/study/NCT06294639
NCT06370130,Different Dose of Esketamine Inhibiting Response to Laryngeal Mask Airway Insertion,other,Anesthesia,COMPLETED,INTERVENTIONAL,EARLY_PHASE1,Aerospace Center Hospital,esketamine,1,China,2022-05-01,,,,no,,https://clinicaltrials.gov/study/NCT06370130
NCT02060929,A Study to Evaluate the Pharmacokinetics of Intranasal Esketamine Administered With and Without a Nasal Guide on the Intranasal Device,other,Healthy,COMPLETED,INTERVENTIONAL,PHASE1,"Janssen Research & Development, LLC",esketamine,1,Belgium,2013-10,,,"Janssen Research & Development, LLC Clinical Trial (Janssen Research & Development, LLC)",no,,https://clinicaltrials.gov/study/NCT02060929
NCT07523334,Impact of Esketamine on Delayed Neurocognitive Recovery in Older Patients,anesthesia_analgesia,Elderly; Noncardiac Surgery; Delayed Neurocognitive Recovery; Postoperative Delirium; Esketamine,NOT_YET_RECRUITING,INTERVENTIONAL,PHASE4,Peking University First Hospital,esketamine,2,China,2026-04,"Dong-Xin Wang, MD, PhD",+86 13910731903,"Dong-Xin Wang, MD, PhD (Peking University First Hospital)",no,no,https://clinicaltrials.gov/study/NCT07523334
NCT02154334,"Study to Assess the Effects of Allergic Rhinitis and Co-administration of Mometasone or Oxymetazoline on the Pharmacokinetics, Safety, and Tolerability of Intranasal Esketamine",other,Allergic Rhinitis,COMPLETED,INTERVENTIONAL,PHASE1,"Janssen Research & Development, LLC",esketamine,1,Germany,2014-06,,,"Janssen Research & Development, LLC Clinical Trial (Janssen Research & Development, LLC)",no,,https://clinicaltrials.gov/study/NCT02154334
NCT05289440,Esketamine Administration on Recovery Quality After Radical Mastectomy,other,Esketamine and the Quality of Recovery,COMPLETED,INTERVENTIONAL,NA,Anqing Municipal Hospital,esketamine,1,China,2022-03-15,,,,no,,https://clinicaltrials.gov/study/NCT05289440
NCT07748884,Comparing Esketamine and Remazolam With Propofol for Breathing Safety in Pediatric Gastroscopy,anesthesia_analgesia,Adverse Respiratory Events; Hypoxemia; Children; Gastroscopy; Esketamine; Remimazolam,NOT_YET_RECRUITING,INTERVENTIONAL,PHASE4,Second Affiliated Hospital of Wenzhou Medical University,esketamine,1,China,2026-08,"Huacheng Liu, Ph.D.",13957770577 Ext. +86,"Huacheng Liu, Ph.D. (Second Affiliated Hospital of Wenzhou Medical University)",no,,https://clinicaltrials.gov/study/NCT07748884
NCT07625826,The Effect of Esketamine on Cough Reflex During Tracheal Extubation in Patients Undergoing Open Thyroid Surgery,anesthesia_analgesia,Thyroidectomy; Coughing Reflex,NOT_YET_RECRUITING,INTERVENTIONAL,NA,The Second Hospital of Anhui Medical University,esketamine,1,China,2026-06,Yun Wu,8613865958254,,no,no,https://clinicaltrials.gov/study/NCT07625826
NCT05551910,Comparison of Analgesic and Sedative Effects of Esmketamine and Remifentanil Combined With Propofol Respectively in Septic Shock Patients With Invasive Mechanical Ventilation,anesthesia_analgesia,Patients With Septic Shock Admitted to the ICU on Invasive Mechanical Ventilation,UNKNOWN,INTERVENTIONAL,NA,The First Hospital of Jilin University,esketamine,0,,2023-01-01,,,,no,,https://clinicaltrials.gov/study/NCT05551910
NCT06853041,"ESKetamine Low-dose vs Ketamine Low-dose for Severe Acute Pain in Emergency Units, Comparison of PsychodyslEptic Effects",other,Acute Pain,COMPLETED,INTERVENTIONAL,PHASE4,Centre Hospitalier Universitaire de Nice,"esketamine,ketamine",1,France,2025-05-06,,,,no,,https://clinicaltrials.gov/study/NCT06853041
NCT07374198,Effect of Continuous Intraoperative Esketamine Infusion on Perioperative Negative Emotions in Breast Cancer Surgery Patients With Mild-to-Severe Depression,psychiatric,Depression; Anxiety; S-ketamine; Breast Cancer,NOT_YET_RECRUITING,INTERVENTIONAL,NA,Chinese PLA General Hospital,esketamine,0,,2026-01-18,WEIDONG MI,133810829,,no,no,https://clinicaltrials.gov/study/NCT07374198
NCT07374458,Effects of Esketamine and Bilateral Lower Limb Elevation on Hemodynamic Stability During Induction of General Anesthesia in Elderly Patients Undergoing Thoracic Surgery,anesthesia_analgesia,Post Induction Hypotension,NOT_YET_RECRUITING,INTERVENTIONAL,NA,"Nanjing First Hospital, Nanjing Medical University",esketamine,0,,2026-02-01,,,,no,yes,https://clinicaltrials.gov/study/NCT07374458
NCT06139016,Using Virtual Reality to Control the Audio-visual Inputs During Ketamine/Esketamine Treatment,other,Depression,COMPLETED,INTERVENTIONAL,NA,Yale University,"esketamine,ketamine",1,United States,2024-07-11,,,"Sina Nikayin, MD (Assistant Professor, Departement of Psychiatry, Yale University)",yes,no,https://clinicaltrials.gov/study/NCT06139016
NCT05571176,"KetaMoHydBup: Pharmacokinetic Interaction of S-ketamine, Morphine, Hydromorphone and Buprenorphine",other,"The Effect of S-ketamine on Pharmacokinetics of Morphine, Hydromorphone, and Buprenorphine",UNKNOWN,INTERVENTIONAL,PHASE1,Elina Brinck,"esketamine,ketamine",0,,2023-01,"Elina CV Brinck, MD, PhD",+358504286267,"Tuomas Lilius, MD, PhD (University of Helsinki)",no,no,https://clinicaltrials.gov/study/NCT05571176
NCT07002801,Application of Remimazolam Combined With Esketamine in Painless Gastroscopy and Colonoscopy in Elderly Patients,anesthesia_analgesia,Gastrointestinal Disease,RECRUITING,INTERVENTIONAL,NA,Harbin Medical University,esketamine,1,China,2025-03-14,LIU Shujie LIU,+86 138 4508 0390,SHI Jinghui SHI (),no,yes,https://clinicaltrials.gov/study/NCT07002801
NCT04399070,The Effect of S-ketamine for Patients Undergoing Electroconvulsive Therapy (ECT),other,"Depression, Bipolar; Depression, Unipolar; Major Depressive Disorder; Manic-Depressive - Now Depressed",UNKNOWN,INTERVENTIONAL,NA,Yan Qiu,"esketamine,ketamine",1,China,2020-08-01,"Yan Qiu, Doctor",+8618980606269,"Guizhi Du, Doctor (West China Hospital of Sichuan University, Department of Anesthesiology)",no,no,https://clinicaltrials.gov/study/NCT04399070
NCT05823454,Consciousness-specific Brain Network Connection of Propofol Sedation and Prolonged Disorders of Consciousness,psychiatric,Consciousness Disorder,UNKNOWN,OBSERVATIONAL,,Beijing Tiantan Hospital,"esketamine,ketamine",1,China,2022-09-30,,,,no,no,https://clinicaltrials.gov/study/NCT05823454
NCT07836205,Brain Activity and Changes in Consciousness During General Anesthesia,psychiatric,General Anesthesia-Induced Altered Consciousness,NOT_YET_RECRUITING,INTERVENTIONAL,PHASE4,Beijing Chao Yang Hospital,esketamine,1,China,2026-09,Wei,+86 13810678936,,no,undecided,https://clinicaltrials.gov/study/NCT07836205
NCT02397356,Inhaled Nebulised S(+)-Ketamine for Postoperative Analgesia,anesthesia_analgesia,"Pain, Postoperative",WITHDRAWN,INTERVENTIONAL,PHASE4,Tampere University Hospital,"esketamine,ketamine",1,Finland,2018-08,,,"Antti Kämäräinen, MD, PhD (Pirkanmaa District Hospital, Department of Emergency Medicine)",no,no,https://clinicaltrials.gov/study/NCT02397356
NCT05670561,Effects of Esketamine on Acute Abdominal Pain After TACE in Patients With Hepatocellular Carcinoma,other,Hepatocellular Carcinoma; Transcatheter Arterial Chemoembolization; Pain,UNKNOWN,INTERVENTIONAL,PHASE4,The Second Affiliated Hospital of Chongqing Medical University,esketamine,1,China,2023-01-05,"Duan Guang you, MD",18323376014,"Huang He, MD (The Second Affiliated Hospital, Chongqing Medical University)",no,yes,https://clinicaltrials.gov/study/NCT05670561
NCT03808259,A Study to Investigate the Different Modes of (S) Ketamine Administration in Healthy Participants,other,Healthy,COMPLETED,INTERVENTIONAL,PHASE1,"Janssen Research & Development, LLC","esketamine,ketamine",1,Belgium,2018-12-20,,,"Janssen Research & Development, LLC Clinical Trial (Janssen Research & Development, LLC)",no,yes,https://clinicaltrials.gov/study/NCT03808259
NCT02133001,"A Double-blind Study to Assess the Efficacy and Safety of Intranasal Esketamine for the Rapid Reduction of the Symptoms of Major Depressive Disorder, Including Suicidal Ideation, in Participants Who Are Assessed to be at Imminent Risk for Suicide",psychiatric,Major Depressive Disorder,COMPLETED,INTERVENTIONAL,PHASE2,"Janssen Research & Development, LLC",esketamine,14,United States,2014-05-23,,,"Janssen Research & Development, LLC Clinical Trial (Janssen Research & Development, LLC)",yes,,https://clinicaltrials.gov/study/NCT02133001
NCT05565352,Ketamine Safety and Tolerability in Psychiatric Inpatient Care (KetGD),psychiatric,Major Depressive Disorder; Post Traumatic Stress Disorder; Obsessive-Compulsive Disorder; Somatoform Disorders; Anxiety Disorders; Dissociative Disorder,ENROLLING_BY_INVITATION,OBSERVATIONAL,,Medical University of Gdansk,"esketamine,ketamine",1,Poland,2022-09-01,,,,no,undecided,https://clinicaltrials.gov/study/NCT05565352
NCT06773143,Effect of Subanesthetic Dose of Esketamine on Sleep Quality,other,Insomnia; Breast Cancer Surgery; Esketamine,RECRUITING,INTERVENTIONAL,NA,"Nanjing First Hospital, Nanjing Medical University",esketamine,1,China,2024-12-30,"wenwen zhang, Dr",+8615366110306,xiaoliang wang (The First Affiliated Hospital with Nanjing Medical University),no,no,https://clinicaltrials.gov/study/NCT06773143
NCT06633315,Esketamine Combined With Dexmedetomidine Sedation in Head MRI Examination of Children With Autism Spectrum Disorder,anesthesia_analgesia,Autism Spectrum Disorder; Dexmedetomidine; Esketamine; Sedation,COMPLETED,INTERVENTIONAL,PHASE2,Maternal and Child Health Hospital of Hubei Province,esketamine,1,China,2022-12-01,,,"Linli Yue, MD (Maternal and Child Health Hospital of Hubei Province)",no,,https://clinicaltrials.gov/study/NCT06633315
NCT04009759,Influence of Morphine or Ketamine or Saline Applied During In-hospital Cardiopulmonary Resuscitation on Early Survival,other,Cardiac Arrest,UNKNOWN,INTERVENTIONAL,PHASE1,"University Hospital, Akershus","esketamine,ketamine",0,,2021-10-01,"Vladimir Kuklin, dr med",+4798838024,,no,no,https://clinicaltrials.gov/study/NCT04009759
NCT06002100,Prediction of REsponse to Depression Interventions Using Clinical and TD-fNIRS Measurements,psychiatric,Depression; Major Depressive Disorder,ENROLLING_BY_INVITATION,OBSERVATIONAL,,Kernel,"esketamine,ketamine",10,United States,2023-08-14,,,"Katherine Perdue, PhD (Kernel)",no,undecided,https://clinicaltrials.gov/study/NCT06002100
NCT05450432,Long-Term Maintenance With Ketamine and Esketamine for Reduction of Suicide in High-Risk Patients With Depression,psychiatric,Major Depressive Disorder,RECRUITING,INTERVENTIONAL,PHASE4,Massachusetts General Hospital,"esketamine,ketamine",1,United States,2022-10-13,"Cristina Cusin, MD",617-724-5510,,no,no,https://clinicaltrials.gov/study/NCT05450432
NCT05458453,An Exploratory Study of Esketamine in Patients After Thoracoscopic Surgery,anesthesia_analgesia,Esketamine; Thoracoscopic Surgery,COMPLETED,INTERVENTIONAL,PHASE4,The Second Affiliated Hospital of Chongqing Medical University,esketamine,2,China,2022-07-07,,,,no,yes,https://clinicaltrials.gov/study/NCT05458453
NCT07247968,Subanesthetic Esketamine in Modified ECT for Severe Depression in Adolescents: Clinical and Mechanistic Study,psychiatric,Esketamine; ECT; Depression; Adolescent,RECRUITING,INTERVENTIONAL,EARLY_PHASE1,Min Su,esketamine,2,China,2025-11-25,"Xiaoge Han, Master",023-89011061,Su Min (First Affiliated Hospital of Chongqing Medical University),no,no,https://clinicaltrials.gov/study/NCT07247968
NCT02717052,Positron Emission Tomography Assessment of Ketamine Binding of the Serotonin Transporter,other,Depression; Ketamine,UNKNOWN,INTERVENTIONAL,PHASE2,Medical University of Vienna,"esketamine,ketamine",1,Austria,2016-05,"Rupert Lanzenberger, Prof.",014040035760,"Rupert Lanzenberger, Prof. (Department of Psychiatry and Psychotherapy, Medical University of Vienna)",no,undecided,https://clinicaltrials.gov/study/NCT02717052
NCT02343289,A Study to Evaluate the Absolute Bioavailability of Intranasal and Oral Esketamine and the Effects of Clarithromycin on the Pharmacokinetics of Intranasal Esketamine in Healthy Participants,other,Healthy,COMPLETED,INTERVENTIONAL,PHASE1,"Janssen Research & Development, LLC",esketamine,1,Belgium,2015-01,,,"Janssen Research & Development, LLC Clinical Trial (Janssen Research & Development, LLC)",no,,https://clinicaltrials.gov/study/NCT02343289
NCT03097133,"54135419SUI3002: A Study to Evaluate the Efficacy and Safety of Intranasal Esketamine in Addition to Comprehensive Standard of Care for the Rapid Reduction of the Symptoms of Major Depressive Disorder, Including Suicidal Ideation, in Adult Participants Assessed to be at Imminent Risk for Suicide",psychiatric,"Depressive Disorder, Major",COMPLETED,INTERVENTIONAL,PHASE3,"Janssen Research & Development, LLC",esketamine,61,Argentina; Austria; Belgium; Brazil; Canada; Czechia; France; Lithuania; Poland; Spain; Turkey (Türkiye); United States,2017-06-15,,,"Janssen Research & Development, LLC Clinical Trial (Janssen Research & Development, LLC)",yes,,https://clinicaltrials.gov/study/NCT03097133
NCT05210764,General Anesthetics-related Changes in Prefrontal EEG During Pediatric Surgical Anesthesia,anesthesia_analgesia,General Anesthetic; Electroencephalogram,RECRUITING,OBSERVATIONAL,,Peking University First Hospital,"esketamine,ketamine",1,China,2022-06-01,"Linlin Song, MD",86-13501309217,"Dong-Xin Wang, MD, PhD (Peking University First Hospital)",no,no,https://clinicaltrials.gov/study/NCT05210764
NCT07339449,Intraoperative Multimodal Monitoring as a Means in Reducing the Duration of Mechanical Ventilation in High-Risk Patients Undergoing Major Abdominal Procedures - A Pilot Study,other,Major Abdominal Surgeries; Mechanical Ventilation,RECRUITING,INTERVENTIONAL,NA,University Hospital Dubrava,"esketamine,ketamine",1,Croatia,2025-08-01,"Marko Pražetina, MD",+385958150841,"Jasminka Peršec, M.D., PhD, Ass. Prof (University Hospital Dubrava); Andrej Šribar, Assoc. Prof., MD, PhD (University Hospital Dubrava)",no,yes,https://clinicaltrials.gov/study/NCT07339449
NCT03421275,Intranasal Esketamine and Fentanyl for Pain in Minor Trauma,psychiatric,Acute Pain Due to Trauma,UNKNOWN,INTERVENTIONAL,PHASE4,"Anna Meuronen, MD",esketamine,1,Finland,2017-12-01,"Anna Meuronen, MD,PhD",+35819458711,"Anna Meuronen, MD,PhD (consultant)",no,no,https://clinicaltrials.gov/study/NCT03421275
NCT06607029,Opioid-free Anesthesia Protocol for Neurosurgical Supratentorial Tumor Resection,anesthesia_analgesia,Supratentorial Tumors,RECRUITING,INTERVENTIONAL,NA,Beijing Tiantan Hospital,"esketamine,ketamine",1,China,2024-10-21,Han,010-59976660,,no,yes,https://clinicaltrials.gov/study/NCT06607029
NCT04666623,Compare the Efficacy and Safety of Intranasal Esketamine in Chronic Opioid Refractory Pain,other,Cancer Pain,WITHDRAWN,INTERVENTIONAL,PHASE2,"University Hospital, Basel, Switzerland",esketamine,1,Switzerland,2020-11-25,,,"Benito Benitez, MD (University Hospital Basel, Klinik für Mund-, Kiefer- und Gesichtschirurgie)",no,,https://clinicaltrials.gov/study/NCT04666623
NCT04745286,Effects of Small-dose S-ketamine on Anesthesia-induced Atelectasis in Anesthetized Patients Accessed by Pulmonary Ultrasound,anesthesia_analgesia,Atelectasis,UNKNOWN,INTERVENTIONAL,EARLY_PHASE1,Beijing Tiantan Hospital,"esketamine,ketamine",0,,2021-03,,,,no,,https://clinicaltrials.gov/study/NCT04745286
NCT07002684,Metabolic Profiling of Esketamine Treatment in Depressive Disorder,psychiatric,Major Depressive Disorder,RECRUITING,OBSERVATIONAL,,University of Zagreb,esketamine,1,Croatia,2023-04-01,"Tea Fabijanić, MD",+385915698801,"Tea Fabijanić, MD (University of Zagreb)",no,no,https://clinicaltrials.gov/study/NCT07002684
NCT07525999,Dexmedetomidine-esketamine Combination and Chronic Postsurgical Pain After Spinal Surgery,anesthesia_analgesia,Spinal Surgery; Pain Intensity; Dexmedetomidine; Esketamine; Postoperative Analgesia,NOT_YET_RECRUITING,INTERVENTIONAL,PHASE4,Peking University First Hospital,esketamine,1,China,2026-04,"Dong-Xin Wang, MD, PhD",01083572784,"Dong-Xin Wang, MD, PhD (Peking University First Hospital)",no,no,https://clinicaltrials.gov/study/NCT07525999
NCT07374211,Effect of Esketamine on Perioperative Negative Emotions in Breast Cancer Surgery Patients With Severe Depression,psychiatric,Depression; Anxiety; S-ketamine; Breast Cancer,NOT_YET_RECRUITING,INTERVENTIONAL,NA,Chinese PLA General Hospital,esketamine,0,,2026-01-18,WEIDONG MI,133810829,,no,no,https://clinicaltrials.gov/study/NCT07374211
NCT05577585,Ketamine in OCD: Efficacy and Effects on Stress and Cognition,psychiatric,Obsessive-Compulsive Disorder; Psychiatric Disorder,RECRUITING,INTERVENTIONAL,NA,Medical University of Vienna,"esketamine,ketamine",1,Austria,2022-10-01,"Christoph Kraus, MD PhD",+4314040035680,"Christoph Kraus, MD PhD (Medical University of Vienna, Department of Psychiatry and Psychotherapy)",no,no,https://clinicaltrials.gov/study/NCT05577585
NCT07584902,A 2×2 Factorial Randomized Controlled Trial for ERCP,other,Biliary and Pancreatic Diseases; Endoscopic Retrograde Cholangiopancreatography (ERCP),NOT_YET_RECRUITING,INTERVENTIONAL,NA,Gang Chen,esketamine,0,,2026-04-27,Xiaocui Lv,13567109477,,no,yes,https://clinicaltrials.gov/study/NCT07584902
NCT00532662,Postoperative Analgesia by Epidural vs IV Ketamine Concurrent With Caudal Anesthesia in Pediatric Orthopedic Surgery,anesthesia_analgesia,Analgesia,UNKNOWN,INTERVENTIONAL,PHASE4,Tehran University of Medical Sciences,"esketamine,ketamine",2,Iran,2007-11,"Hamid Reza Amiri, MD",021-61192628,"Ramin Espandar, MD (Imam Khomeini hospital- tehran university of medical sciences)",no,,https://clinicaltrials.gov/study/NCT00532662
NCT06493396,"Effect of Opioid-free Anesthesia on Sleep Quality, Cognitive Function and Recovery Quality After General Anesthesia in Elderly Patients",anesthesia_analgesia,Opioid-Free Anesthesia; POCD; Recovery Quality; Sleep Quality,UNKNOWN,INTERVENTIONAL,NA,Beijing Friendship Hospital,"esketamine,ketamine",0,,2024-08-01,,,,no,,https://clinicaltrials.gov/study/NCT06493396
NCT04777110,The Effectiveness and Safety of Esketamine in Modified Electroconvulsive Therapy,other,Esketamine; ECT; Depression,UNKNOWN,INTERVENTIONAL,EARLY_PHASE1,First Affiliated Hospital of Chongqing Medical University,esketamine,0,,2021-08,,,,no,,https://clinicaltrials.gov/study/NCT04777110
NCT02919579,A Study to Evaluate the Effects of a Single-Dose and Repeat-Administration of Intranasal Esketamine on On-Road Driving in Participants With Major Depressive Disorder,psychiatric,"Depressive Disorder, Major",COMPLETED,INTERVENTIONAL,PHASE1,"Janssen Research & Development, LLC",esketamine,1,Netherlands,2016-10-07,,,"Janssen Research & Development, LLC Clinical Trial (Janssen Research & Development, LLC)",no,,https://clinicaltrials.gov/study/NCT02919579
NCT04751812,Venous Cannulation Pain to Guide Choice of Anesthetic Method,other,"Pain, Postoperative; Pain Prediction; Laparoscopic Surgery; Venous Cannulation Pain; Anesthesia Opioid Free",COMPLETED,INTERVENTIONAL,NA,Region Halland,"esketamine,ketamine",1,Sweden,2022-03-01,,,"Anna KM Persson, PhD, MD (Region Halland)",no,no,https://clinicaltrials.gov/study/NCT04751812
NCT01780259,"A Study to Assess the Pharmacokinetics, Safety, and Tolerability of Intranasally Administered Esketamine in Healthy Participants",other,Healthy,COMPLETED,INTERVENTIONAL,PHASE1,"Janssen Research & Development, LLC",esketamine,1,Belgium,2012-12,,,"Janssen Research & Development, LLC Clinical Trial (Janssen Research & Development, LLC)",no,,https://clinicaltrials.gov/study/NCT01780259
NCT07716098,A Study of Esketamine Nasal Spray Versus Placebo Spray in Adult Participants With Treatment-resistant Depression,psychiatric,"Depressive Disorder, Treatment-Resistant",RECRUITING,INTERVENTIONAL,PHASE3,"Janssen Research & Development, LLC",esketamine,22,Japan; Taiwan; United States,2026-07-23,Study Contact,844-434-4210,"Janssen Research & Development, LLC Clinical Trial (Janssen Research & Development, LLC)",no,yes,https://clinicaltrials.gov/study/NCT07716098
NCT05752409,Comparison of Esketamine-Propofol and Fentanyl-Propofol,other,Hemodynamics,UNKNOWN,INTERVENTIONAL,NA,Eye & ENT Hospital of Fudan University,esketamine,1,China,2021-10-08,"Fang Tan, Phd",8613611716000,"Fang Tan (Anesthesiology Department of Affiliated Eye and ENT Hospital, Fudan University)",no,no,https://clinicaltrials.gov/study/NCT05752409
NCT05414006,Effect of S-ketamine in Cesarean Section Combined Anesthesia,anesthesia_analgesia,Postoperative Pain,COMPLETED,INTERVENTIONAL,PHASE4,The Second Affiliated Hospital of Chongqing Medical University,"esketamine,ketamine",1,China,2022-06-14,,,"HUANG HE, MD (Department of Anesthesiology, The Second Affiliated Hospital, Chongqing Medical University)",no,yes,https://clinicaltrials.gov/study/NCT05414006
NCT00209885,Optimal Multimodal Analgesia in Laparoscopic Cholecystectomy,anesthesia_analgesia,Cholecystolithiasis,UNKNOWN,INTERVENTIONAL,PHASE4,Hvidovre University Hospital,"esketamine,ketamine",1,Denmark,2005-10,"Kenneth Jensen, M.D.",+45 36 32 62 90,"Kenneth Jensen, M.D. (Dept of Anaesthesia, Acute Pain Service, Hvidovre Hospital, Copenhagen, Denmark); Claus Lund, dr.med.sci (Dept of Anaesthesia, Hvidovre Hospital, Copenhagen, Denmark)",no,,https://clinicaltrials.gov/study/NCT00209885
NCT05718544,Mini-dose Esketamine-dexmedetomidine Supplemented Analgesia and Long-term Outcomes,anesthesia_analgesia,Scoliosis Correction; Postoperative Analgesia; Esketamine; Dexmedetomidine; Chronic Postsurgical Pain,COMPLETED,INTERVENTIONAL,PHASE4,Peking University First Hospital,esketamine,1,China,2023-01-30,,,"Dong-Xin Wang, MD,PhD (Peking University First Hospital)",no,no,https://clinicaltrials.gov/study/NCT05718544
NCT06062550,Different Dose Esketamine and Dexmedetomidine Combination for Supplemental Analgesia After Scoliosis Correction Surgery,psychiatric,Scoliosis Correction; Esketamine; Dexmedetomidine; Postoperative Analgesia; Chronic Postsurgical Pain,ACTIVE_NOT_RECRUITING,INTERVENTIONAL,PHASE4,Peking University First Hospital,esketamine,1,China,2023-10-24,,,"Dong-Xin Wang, MD,PhD (Peking University First Hospital)",no,no,https://clinicaltrials.gov/study/NCT06062550
NCT03927378,Low-dose S-Ketamine and Postpartum Depression in Parturients With Prenatal Depression,psychiatric,Prenatal Depression; Ketamine; Postpartum Depression,COMPLETED,INTERVENTIONAL,NA,Peking University First Hospital,"esketamine,ketamine",7,China,2020-06-19,,,"Dong-Xin Wang, MD, PhD (Peking University First Hospital)",no,no,https://clinicaltrials.gov/study/NCT03927378
NCT01165294,The Effect of Ketamine on Attentiveness,other,Schizophrenia,COMPLETED,INTERVENTIONAL,PHASE1,"Johnson & Johnson Pharmaceutical Research & Development, L.L.C.","esketamine,ketamine",0,,2009-10,,,"Johnson & Johnson Pharmaceutical Research & Development, L.L. C. Clinical Trial (Johnson & Johnson Pharmaceutical Research & Development, L.L.C.)",no,,https://clinicaltrials.gov/study/NCT01165294
NCT07753772,Dexmedetomidine-Esketamine Combination on Depression and Anxiety After Laparoscopic Ureteral Reconstruction,psychiatric,Ureteral Stricture; Dexmedetomidine; Esketamine; Depressive Symptoms; Anxiety,NOT_YET_RECRUITING,INTERVENTIONAL,PHASE4,Peking University First Hospital,esketamine,1,China,2026-08,"Dong-Xin Wang, MD, PhD",8610 83572784,Dong-Xin Wang (Peking University First Hospital),no,no,https://clinicaltrials.gov/study/NCT07753772
NCT07050212,"Application of Remimazolam, Dexmedetomidine, and Esketamine in Pediatric Preoperative Sedation",anesthesia_analgesia,Remimazolam; Dexmedetomidine; Esketamine,RECRUITING,INTERVENTIONAL,NA,Maternal and Child Health Hospital of Hubei Province,esketamine,1,China,2025-04-01,"NaLi, MD",+862763490107,"Na Li NaLi, MD (Maternal and Child Health Hospital of Hubei Province)",no,yes,https://clinicaltrials.gov/study/NCT07050212
NCT07723066,Biomarker Discovery for Suicide Precision Circuit Therapeutics,psychiatric,Suicidal Thoughts and Behaviors; Major Depressive Episode (MDE),NOT_YET_RECRUITING,OBSERVATIONAL,,Massachusetts General Hospital,"esketamine,ketamine",0,,2026-07,"Joan Camprodon, MD, PhD, MPH",617-726-5340,,no,no,https://clinicaltrials.gov/study/NCT07723066
NCT06795659,Combining Esketamine and Prolonged Exposure Treatment for PTSD (Post Traumatic Stress Disorder),psychiatric,Post Traumatic Stress Disorder PTSD,COMPLETED,INTERVENTIONAL,PHASE1|PHASE2,The University of Texas Health Science Center at San Antonio,esketamine,1,United States,2025-06-09,,,"Casey Straud, PsyD (The University of Texas Health Science Center at San Antonio)",no,yes,https://clinicaltrials.gov/study/NCT06795659
NCT04856124,Intranasal Esketamine to Maintain the Antidepressant Response to IV Racemic Ketamine,psychiatric,Treatment Resistant Depression,COMPLETED,OBSERVATIONAL,,Psych Atlanta,esketamine,1,United States,2018-09-01,,,,no,,https://clinicaltrials.gov/study/NCT04856124
NCT06388824,The Effect of Esketamine on Sleep Disturbance,other,Sleep Disturbance,COMPLETED,INTERVENTIONAL,NA,Tianjin Medical University General Hospital,esketamine,1,China,2024-05-03,,,"Guolin Wang, MD, PhD (Tianjin Medical University General Hospital)",no,no,https://clinicaltrials.gov/study/NCT06388824
NCT03852160,A Study of Esketamine Nasal Spray Plus a New Standard-of-care Oral Antidepressant or Placebo Nasal Spray Plus a New Standard-of-care Oral Antidepressant in Adult and Elderly Participants With Treatment-resistant Depression,psychiatric,"Depressive Disorder, Treatment-Resistant",WITHDRAWN,INTERVENTIONAL,PHASE3,Janssen-Cilag International NV,esketamine,0,,2019-12-01,,,Janssen-Cilag International NV Clinical Trial (Janssen-Cilag International NV),no,yes,https://clinicaltrials.gov/study/NCT03852160
NCT07002723,Effects of Esketamine Combined With Dexmedetomidine on Postoperative Sleep Quality,anesthesia_analgesia,Hip Fractures,RECRUITING,INTERVENTIONAL,NA,Peking University Shenzhen Hospital,esketamine,1,China,2025-06-20,"Tao Luo, MD,PhD",13510820779,"Tao Luo, MD,PhD (Peking University Shenzhen Hospitai)",no,no,https://clinicaltrials.gov/study/NCT07002723
NCT06822088,Effects of Esketamine on Oxygenation and Quality of Recovery in Patients Undergoing Thoracoscopic Surgery,anesthesia_analgesia,Esketamine; One-lung Ventilation; Oxygenation Indices,NOT_YET_RECRUITING,INTERVENTIONAL,PHASE4,Jinqiao Qian,esketamine,1,China,2025-03-01,QianJ,8613308894416,,no,yes,https://clinicaltrials.gov/study/NCT06822088
NCT07097025,2-Year Study of Vagus Nerve Stimulation for Higher-Grade Treatment-Resistant Depression: Clinical Outcomes and Policy Recommendation,psychiatric,Treatment Resistant Depression (TRD); Depression - Major Depressive Disorder; Bipolar Depression,COMPLETED,OBSERVATIONAL,,Dr.Yoav Domany,"esketamine,ketamine",2,Israel,2020-01-01,,,,no,undecided,https://clinicaltrials.gov/study/NCT07097025
NCT06914193,Esketamine Combined With PRF of DRG for Postherpetic Neuralgia,other,Postherpetic Neuralgia,NOT_YET_RECRUITING,INTERVENTIONAL,NA,Beijing Tiantan Hospital,esketamine,1,China,2025-04-01,Fang Luo,+86 13611326978,,no,no,https://clinicaltrials.gov/study/NCT06914193
NCT07145775,Dexmedetomidine-esketamine-ropivacaine Versus Sufentanil-ropivacaine for Epidural Labor Analgesia,anesthesia_analgesia,Epidural Analgesia; Labor Pain; Sufentanil; Dexmedetomidine; Esketamine; Ropivacaine,COMPLETED,INTERVENTIONAL,PHASE4,Peking University First Hospital,esketamine,1,China,2025-09-05,,,"Dong-Xin Wang, MD,PhD (Peking University First Hospital)",no,no,https://clinicaltrials.gov/study/NCT07145775
NCT02994173,Dose-response of Ketamine in Patient Controlled Analgesia in Orthopaedic Surgery Patients,anesthesia_analgesia,"Pain, Postoperative",COMPLETED,INTERVENTIONAL,PHASE4,Turku University Hospital,"esketamine,ketamine",1,Finland,2017-02-01,,,"Marko Peltoniemi, MD, PhD (Perioperative Services, Intensive Care and Pain Therapy, Turku University Hospital)",no,no,https://clinicaltrials.gov/study/NCT02994173
NCT06566469,Dexmedetomidine-esketamine Combined Nasal Administration and Emergence Delirium,anesthesia_analgesia,Older Patients; Nasal Administration; Dexmedetomidine; Esketamine; General Anesthesia; Emergence Delirium,COMPLETED,INTERVENTIONAL,PHASE4,Peking University First Hospital,esketamine,1,China,2024-09-02,,,"Dong-Xin Wang, MD, PhD (Peking University First Hospital)",no,no,https://clinicaltrials.gov/study/NCT06566469
NCT02737605,A Study to Evaluate the Effects of Esketamine on Cardiac Repolarization in Healthy Participants,other,Healthy,COMPLETED,INTERVENTIONAL,PHASE1,"Janssen Research & Development, LLC",esketamine,1,Germany,2016-07-01,,,"Janssen Research & Development, LLC Clinical Trial (Janssen Research & Development, LLC)",no,,https://clinicaltrials.gov/study/NCT02737605
NCT04657107,The Efficacy and Safety of S-ketamine in Elective Cesarean Section,anesthesia_analgesia,Anesthesia; Analgesia; Depression; Cesarean Section; Parturition,UNKNOWN,INTERVENTIONAL,NA,Beijing Obstetrics and Gynecology Hospital,"esketamine,ketamine",0,,2020-12-01,Mingjun Xu,86-13701038959,Lei Wang (Beijing Haidian Maternal and Child Health Hospital); Shaoqiang Huang (Obstetrics & Gynecology Hospital of Fudan University),no,,https://clinicaltrials.gov/study/NCT04657107
NCT06161805,Esketamine as Treatment for Chronic Pain Due to Endometriosis: a RCT Study,other,Endometriosis; Chronic Pelvic Pain Syndrome,RECRUITING,INTERVENTIONAL,PHASE3,Reinier de Graaf Groep,esketamine,1,Netherlands,2024-03-01,"Mathijs Blikkendaal, MD, PhD",070 340 1222,,no,undecided,https://clinicaltrials.gov/study/NCT06161805
NCT07146503,Esketamine Nasal Spray in Real-World Settings in Treatment-Resistant Depression,psychiatric,Depression and Quality of Life; Treatment Resistant Depression (TRD); Anhedonia; Apathy; Anxiety; Cognition; Temperament; Psychiatric Comorbidities,RECRUITING,OBSERVATIONAL,,Riccardo Guglielmo,esketamine,5,Italy,2022-11-01,"Riccardo Guglielmo, MD",+390105552202,"Elisa Briasco, MD (Unige); Elisa Cavanna, MD (Unige)",no,,https://clinicaltrials.gov/study/NCT07146503
NCT06997549,Retrospective Analyses of the Greenbrook Database Evaluating Mental Health Treatments,psychiatric,Depression; OCD; Anxiety Depression,RECRUITING,OBSERVATIONAL,,Neuronetics,esketamine,1,United States,2025-05-15,Neha Goyal,7635281599,"Eleanor Cole, PhD (Neuronetics)",no,,https://clinicaltrials.gov/study/NCT06997549
NCT00209872,Optimal Multimodal Analgesia in Abdominal Hysterectomy,anesthesia_analgesia,Planned Abdominal Hysterectomy,UNKNOWN,INTERVENTIONAL,PHASE4,Hvidovre University Hospital,"esketamine,ketamine",1,Denmark,2005-10,"Kenneth Jensen, M.D.",+45 36 32 62 90,"Kenneth Jensen, M.D. (Dept. of Anaesthesia, Acute Pain Service, Hvidovre Hospital, Copenhagen, Denmark); Claus Lund, Dr. Med. Sci. (Dept. of Anaesthesia, Hvidovre Hospital, Copenhagen, Denmark)",no,,https://clinicaltrials.gov/study/NCT00209872
NCT06976996,Efficacy of Esketamine Combined With Different General Anesthetics on Quality of Postoperative Recovery,anesthesia_analgesia,Quality of Postoperative Recovery,ACTIVE_NOT_RECRUITING,INTERVENTIONAL,NA,Northern Jiangsu People's Hospital,esketamine,1,China,2025-03-16,,,,no,,https://clinicaltrials.gov/study/NCT06976996
NCT05320120,Investigation of Intranasal Ketamine Related Changes in Attentional Brain Networks With Functional and Structural MRI,other,Ketamine Treatment,COMPLETED,INTERVENTIONAL,PHASE1,Rupert Lanzenberger,esketamine,1,Austria,2022-06-01,,,,no,,https://clinicaltrials.gov/study/NCT05320120
NCT05515822,Use of Oxycodone in Bariatric Surgery,anesthesia_analgesia,"Pain, Postoperative",UNKNOWN,INTERVENTIONAL,PHASE4,Qiang Fu,esketamine,0,,2022-10-01,Qiang Fu,18981757992,Qiang Fu (The Third People's Hospital of Chengdu),no,no,https://clinicaltrials.gov/study/NCT05515822
NCT06340958,A Study of CLE-100 (Oral Esketamine) as an Adjunctive Treatment to Standard Antidepressants for Major Depressive Disorder,psychiatric,Adjunctive Treatment of Major Depressive Disorder (MDD),COMPLETED,INTERVENTIONAL,PHASE2,Clexio Biosciences Ltd.,"esketamine,ketamine",23,United States,2024-03-18,,,,yes,no,https://clinicaltrials.gov/study/NCT06340958
NCT06305221,Effect of Opioid-free Analgesia and Anesthesia on the Quality of Postoperative Recovery and Nausea Vomit in Patients Receiving Laparoscopic Sleeve Gastrectomy,anesthesia_analgesia,Opioid-Free Anesthesia; Laparoscopic Sleeve Gastrectomy; Postoperative Vomiting; Postoperative Recovery,UNKNOWN,INTERVENTIONAL,NA,Beijing Friendship Hospital,esketamine,1,China,2024-03-09,,,,no,,https://clinicaltrials.gov/study/NCT06305221
NCT04282746,A Study of Sublingually Administered (S)-Ketamine Oral Solution in Healthy Participants,other,Healthy,COMPLETED,INTERVENTIONAL,PHASE1,"Janssen Research & Development, LLC","esketamine,ketamine",1,Belgium,2020-02-18,,,"Janssen Research & Development, LLC Clinical Trial (Janssen Research & Development, LLC)",no,yes,https://clinicaltrials.gov/study/NCT04282746
NCT04850937,Effect of Low-dose Esketamine on Postoperative Depression in Patients With Breast Cancer,psychiatric,Depression,COMPLETED,INTERVENTIONAL,NA,Yangzhou University,esketamine,1,China,2021-02-10,,,LIU M YU (Yangzhou University),no,no,https://clinicaltrials.gov/study/NCT04850937
NCT03434041,"A Study to Evaluate the Efficacy, Pharmacokinetics, Safety and Tolerability of Flexible Doses of Intranasal Esketamine Plus an Oral Antidepressant in Adult Participants With Treatment-resistant Depression",psychiatric,"Depressive Disorder, Treatment-Resistant",COMPLETED,INTERVENTIONAL,PHASE3,"Janssen Research & Development, LLC",esketamine,30,China; United States,2018-05-25,,,"Janssen Research & Development, LLC Clinical Trial (Janssen Research & Development, LLC)",yes,,https://clinicaltrials.gov/study/NCT03434041
NCT07410702,Correlating EEG Dynamics With Consciousness Alteration Under Anesthesia,psychiatric,Altered State of Consciousness; General Anesthetics,RECRUITING,OBSERVATIONAL,,Huazhong University of Science and Technology,"esketamine,ketamine",1,China,2026-02-10,"Hua Zheng, MD. & PhD.",0086-27-83663173,"Pu Zhou, PhD. (Huazhong University of Science and Technology)",no,undecided,https://clinicaltrials.gov/study/NCT07410702
NCT07618130,Opioid-Free Anesthesia and Pain Study in Cardiac Surgery Patients,anesthesia_analgesia,Posoperativ Pain; Chronich Pain; Postoperativ Delirum; Opoid-free Managment,NOT_YET_RECRUITING,INTERVENTIONAL,NA,Clinical Centre of Serbia,"esketamine,ketamine",1,Serbia,2026-07-01,"Dejan Markovic, MD, PhD, Associated Professor",+381668300903,,no,undecided,https://clinicaltrials.gov/study/NCT07618130
NCT03407872,Safety and Pharmacokinetic Study of Inhaled Esketamine in Healthy Volunteers,psychiatric,Healthy Volunteers,COMPLETED,INTERVENTIONAL,PHASE1,Celon Pharma SA,esketamine,1,Poland,2017-12-09,,,,no,no,https://clinicaltrials.gov/study/NCT03407872
NCT03965871,"Efficacy, Safety and Pharmacokinetic Study of Inhaled Esketamine in Treatment-resistant Bipolar Depression",psychiatric,Bipolar Depression,COMPLETED,INTERVENTIONAL,PHASE2,Celon Pharma SA,esketamine,12,Poland,2019-03-28,,,,no,,https://clinicaltrials.gov/study/NCT03965871
NCT05497492,"Comparison of the Effects of Esketamine, Sufentanil, or Lidocaine on Tussis Reflection During Upper Gastroscopy",anesthesia_analgesia,Anesthesia,UNKNOWN,INTERVENTIONAL,NA,Beijing Friendship Hospital,esketamine,1,China,2022-11-05,"Haijun Hou, MD",+8618612568228,"Haijun Hou, MD (Beijing Friendship Hospital)",no,no,https://clinicaltrials.gov/study/NCT05497492
NCT04698434,The Best Dose of Esketamine for Day Surgery of Pediatric Circumcision Pediatric Circumcision,anesthesia_analgesia,Phimosis,COMPLETED,INTERVENTIONAL,NA,Yangzhou University,esketamine,1,China,2021-01-15,,,"Sun Ji Hong, bachelor (Yangzhou University)",no,,https://clinicaltrials.gov/study/NCT04698434
NCT06914180,Esketamine Combined With PRF for Trigeminal Postherpetic Neuralgia,other,"Postherpetic; Neuralgia, Trigeminal (Etiology)",NOT_YET_RECRUITING,INTERVENTIONAL,NA,Beijing Tiantan Hospital,esketamine,1,China,2025-04-01,"Fang Luo, M.D.",+86 13611326978,,no,no,https://clinicaltrials.gov/study/NCT06914180
NCT06579937,Effects of Esketamine on Postoperative Behavioral Changes in Children Undergoing Tonsillectomy and/or Adenoidectomy,anesthesia_analgesia,Behavior Problem,UNKNOWN,INTERVENTIONAL,PHASE4,Fujian Provincial Hospital,esketamine,1,China,2024-09-02,"Yusheng Yao, MD&PhD",13559939629,"Xiaochun Zheng, MD (Fujian Provincial Hospital)",no,yes,https://clinicaltrials.gov/study/NCT06579937
NCT04597320,Esketamine Sedation and Fentanyl Sedation in Pediatric Dental Patients,anesthesia_analgesia,Ketamine; Fentanyl; Sedation Complication,COMPLETED,INTERVENTIONAL,PHASE4,Peking University,esketamine,1,China,2022-01-01,,,"Xudong Yang, MD (Department of anesthesiology of peking university school of stomatology)",no,yes,https://clinicaltrials.gov/study/NCT04597320
NCT06900205,Effects of Esketamine on the Incidence of Postoperative Delirium and Postoperative Sleep Disturbance in Elderly Patients After Major Non-cardiac Surgery,anesthesia_analgesia,Postoperative Delirium (POD); Postoperative Sleep Disturbance,WITHDRAWN,INTERVENTIONAL,NA,RenJi Hospital,esketamine,1,China,2025-04-01,,,,no,yes,https://clinicaltrials.gov/study/NCT06900205
NCT04873479,Effect of S-ketamine Anesthetic on Inflammatory Response in Septic Patients Undergoing Abdominal Surgery,anesthesia_analgesia,Sepsis; Acute Lung Injury,UNKNOWN,INTERVENTIONAL,NA,Tianjin Nankai Hospital,"esketamine,ketamine",1,China,2021-05-10,Jianbo Yu MD PhD,86-22-27435873,Jianbo Yu MD PhD (Tianjin Nankai Hospital),no,no,https://clinicaltrials.gov/study/NCT04873479
NCT06310785,Esketamine Anesthesia in Thoracic Surgery,anesthesia_analgesia,General Anesthesia; Thoracic Surgery,COMPLETED,INTERVENTIONAL,NA,Hui Xu,esketamine,1,China,2024-02-04,,,,no,no,https://clinicaltrials.gov/study/NCT06310785
NCT06896994,Esketamine Combined Pregabalin and Duloxetine for Postherpetic Neuralgia,other,Postherpetic Neuralgia,RECRUITING,INTERVENTIONAL,NA,Beijing Tiantan Hospital,esketamine,1,China,2025-04-01,"Fang Luo, M.D.",+86 13611326978,"Fang Luo, M.D. (Beijing Tiantan Hospital)",no,no,https://clinicaltrials.gov/study/NCT06896994
NCT06789185,Effects of Esketamine at Subanesthetic Dose on Emergence Delirium in Preschool Children Undergoing Ambulatory Laparoscopic Surgery,anesthesia_analgesia,Inguinal Hernia,COMPLETED,INTERVENTIONAL,NA,Qiu jinpeng,esketamine,1,China,2025-02-07,,,,no,,https://clinicaltrials.gov/study/NCT06789185
NCT01246765,National Pregnancy Registry for Psychiatric Medications,psychiatric,Pregnant Women; Psychotropic Drugs,RECRUITING,OBSERVATIONAL,,Massachusetts General Hospital,"esketamine,ketamine",1,United States,2008-11,Bryn Rediger,(617) 724-8020,"Lee S Cohen, MD (Massachusetts General Hospital)",no,no,https://clinicaltrials.gov/study/NCT01246765
NCT06712199,Effect of Oxalidine Combined with Reduced-opioid Anesthesia on Multimodal Analgesia in Morbidly Obese Patients Undergoing Bariatric Surgery,anesthesia_analgesia,Morbid Obesity,NOT_YET_RECRUITING,INTERVENTIONAL,PHASE4,Yongtao Sun,"esketamine,ketamine",1,China,2025-01-01,"yong tao Sun, ph.d",18660795201,,no,undecided,https://clinicaltrials.gov/study/NCT06712199
NCT06398834,Esketamine and Butorphanol for Post-Lobectomy Pain,other,Esketamine; Pain; Post-thoracotomy Pain Syndrome; Thoracic Diseases,COMPLETED,INTERVENTIONAL,PHASE4,Second People's Hospital of Hefei City,esketamine,1,China,2022-03-01,,,"Xianwen Hu, PhD (The Second Hospital of Anhui Medical University); Wensheng He, MD (The Second People's Hospital of Hefei)",no,,https://clinicaltrials.gov/study/NCT06398834
NCT05686863,Remiazolam Combined With Esketamine in Painless Bidirectional Endoscopy in Children,anesthesia_analgesia,Drug Effect,COMPLETED,INTERVENTIONAL,NA,Tongji Hospital,esketamine,1,China,2023-01-18,,,"Hong Liu, Dr (Tongji Hospital)",no,no,https://clinicaltrials.gov/study/NCT05686863
NCT07528651,Effects of S-ketamine on Perioperative Opioid Consumption,anesthesia_analgesia,"Pain Management; Postoperative Pain; Opioid Consumption, Postoperative; Opioid Analgesia",COMPLETED,INTERVENTIONAL,NA,Erasme University Hospital,esketamine,1,Belgium,2021-06-07,,,"Turgay Tuna, PhD (HUB-ULB Brussels, Belgium)",no,yes,https://clinicaltrials.gov/study/NCT07528651
NCT02568176,Pharmacokinetic Study of Intranasal Esketamine and Its Effects on the Pharmacokinetics of Orally-Administered Midazolam and Bupropion in Healthy Participants,other,Healthy,COMPLETED,INTERVENTIONAL,PHASE1,"Janssen Research & Development, LLC",esketamine,1,Belgium,2015-10,,,"Janssen Research & Development, LLC Clinical Trial (Janssen Research & Development, LLC)",no,,https://clinicaltrials.gov/study/NCT02568176
NCT05960942,Application of Esketamine in Anesthesia of Autism Children,anesthesia_analgesia,Autism Spectrum Disorder,COMPLETED,INTERVENTIONAL,NA,The Second Hospital of Nanjing Medical University,esketamine,1,China,2023-08-01,,,,no,undecided,https://clinicaltrials.gov/study/NCT05960942
NCT07560722,The Effect of a Single Intravenous Injection of Esketamine During Cesarean Section on Postoperative Pruritus in Patients With Intrahepatic Cholestasis of Pregnancy,anesthesia_analgesia,Intrahepatic Cholestasis of Pregnancy,NOT_YET_RECRUITING,INTERVENTIONAL,NA,Tianjin Medical University General Hospital,esketamine,1,China,2026-05-05,Guolin Wang,+8615822855556,Guolin Wang (Tianjin Medical University General Hospital),no,no,https://clinicaltrials.gov/study/NCT07560722
NCT05096468,Esketamine Combined With Pregabalin on Acute Postoperative Pain in Patients Undergoing Resection of Spinal Neoplasms.,anesthesia_analgesia,Esketamine; Pregabalin; Acute Postoperative Pain; Neurosurgical Procedures; Perioperative Complication; Spinal Cord Neoplasms,COMPLETED,INTERVENTIONAL,PHASE2|PHASE3,Beijing Tiantan Hospital,"esketamine,ketamine",1,China,2021-12-01,,,"Ruquan Han, M.D., Ph D. (Beijing Tiantan Hospital)",no,,https://clinicaltrials.gov/study/NCT05096468
NCT02674295,A Mass Balance Study With a Microtracer Dose of 14C-esketamine in Healthy Male Participants,other,Healthy,COMPLETED,INTERVENTIONAL,PHASE1,"Janssen Research & Development, LLC",esketamine,1,United States,2016-03,,,"Janssen Research & Development, LLC Clinical Trial (Janssen Research & Development, LLC)",no,,https://clinicaltrials.gov/study/NCT02674295
NCT07377981,Safety and Efficacy of Esketamine - Dexmedetomidine Combination Versus Dexmedetomidine Monotherapy for Hyperactive Delirium in ICU Patients on Non-Invasive Respiratory Support (SEED-NIRS Trial): Study Protocol of a Randomized Controlled Trial,other,Dexmedetomidine; Ketamine; Analgesia; Respiratory Therapy; Intensive Care Units (ICUs); Agitation; Sedation and Analgesia,NOT_YET_RECRUITING,INTERVENTIONAL,PHASE4,The First Affiliated Hospital with Nanjing Medical University,esketamine,1,China,2026-09-28,Xiangrong Zuo,+86 13913979197,,no,,https://clinicaltrials.gov/study/NCT07377981
NCT05321160,Comparison of the Sedation Effect of Esketamine and Sevoflurane for Pediatric Ophthalmological Procedure,anesthesia_analgesia,Adverse Event,COMPLETED,INTERVENTIONAL,NA,Eye & ENT Hospital of Fudan University,esketamine,1,China,2022-03-28,,,"Fang Tan (Anesthesiology Department of Affiliated Eye and ENT Hospital, Fudan University)",no,no,https://clinicaltrials.gov/study/NCT05321160
NCT07699523,"The Effects of Midazolam, Dexmedetomidine, and Esketamine on Bispectral Index and Raw Electroencephalogram in Patients Under Propofol-Remifentanil Baseline Anesthesia",anesthesia_analgesia,Depth of Anesthesia Monitoring; BIS-EEG,NOT_YET_RECRUITING,INTERVENTIONAL,NA,China-Japan Friendship Hospital,esketamine,1,China,2026-06-30,Li,+86-15811578082,,no,no,https://clinicaltrials.gov/study/NCT07699523
NCT06092684,The Efficacy and Safety of Esketamine in Elective Laparoscopic Surgery,anesthesia_analgesia,"Laparoscopy; Anesthesia, Intravenous",COMPLETED,INTERVENTIONAL,PHASE3,"Chengdu Brilliant Pharmaceutical Co., Ltd.","esketamine,ketamine",12,China,2023-09-20,,,"Wen Ouyang, MD (The Third Xiangya Hospital of Central South University)",no,,https://clinicaltrials.gov/study/NCT06092684
NCT06713616,PCORI Comparative Effectiveness Study-Esketamine (Spravato) vs. Ketamine-Equivalence Study,other,Depression,RECRUITING,INTERVENTIONAL,PHASE3,Yale University,"esketamine,ketamine",8,United States,2025-01-27,Cindy Voghell,203-737-4784,"Samuel Wilkinson, MD ()",no,no,https://clinicaltrials.gov/study/NCT06713616
NCT05229913,Effects of Esketamine on Postpartum Depression,psychiatric,Postpartum Depression,UNKNOWN,INTERVENTIONAL,PHASE4,Qinghai University,esketamine,0,,2022-02-20,"Wang Xuejun, director",+86 18997159111,"Wang Xuejun, director (Department of Anesthesiology, Qinghai Red Cross Hospital)",no,yes,https://clinicaltrials.gov/study/NCT05229913
NCT05887310,In Vitro Modeling of Drug-resistant Psychiatric Disorders Using Induced Pluripotent Cells,psychiatric,"Depressive Disorder, Treatment-Resistant",UNKNOWN,OBSERVATIONAL,,University of Milano Bicocca,"esketamine,ketamine",1,Italy,2022-08-05,,,,no,yes,https://clinicaltrials.gov/study/NCT05887310
NCT02682225,"Crossover Study to Evaluate the Abuse Potential of Intranasal Esketamine Compared to Racemic Intravenous Ketamine in Nondependent, Recreational Drug Users",other,Drug Abuse,COMPLETED,INTERVENTIONAL,PHASE1,"Janssen Research & Development, LLC","esketamine,ketamine",1,United States,2016-03-25,,,"Janssen Research & Development, LLC Clinical Trial (Janssen Research & Development, LLC)",no,,https://clinicaltrials.gov/study/NCT02682225
NCT06355180,Esketamine vs ECT for Acute Suicidality,psychiatric,Mood Disorders; Suicidal Ideation; Depressive Episode,COMPLETED,INTERVENTIONAL,NA,Capital Medical University,esketamine,6,China,2024-04-16,,,"Gang Wang, MD (Beijing Anding Hospital, Capital Medical University)",no,no,https://clinicaltrials.gov/study/NCT06355180
NCT05416073,Effect of Esketamine on Abdominal Pain During TACE-HAIC in Patients With Hepatocellular Carcinoma,other,Hepatocellular Carcinoma; Transarterial Chemoembolization; Hepatic Arterial Infusion Chemotherapy; Pain,UNKNOWN,INTERVENTIONAL,PHASE4,The Second Affiliated Hospital of Chongqing Medical University,esketamine,1,China,2022-06-22,"Duan Guang you, MD",18323376014,"Huang He, MD (The Second Affiliated Hospital, Chongqing Medical University); Huang yan, MD (The Second Affiliated Hospital, Chongqing Medical University)",no,yes,https://clinicaltrials.gov/study/NCT05416073
NCT07064408,Subanesthetic Esketamine for Hemodynamic Stability and Recovery in Elderly Thoracic Surgery Patients,anesthesia_analgesia,"Hemodynamic Instability; Postoperative Recovery; Thoracic Surgery; Anesthesia, General; Elderly Patients",COMPLETED,INTERVENTIONAL,NA,Hebei Medical University Fourth Hospital,esketamine,1,China,2023-06-01,,,,no,no,https://clinicaltrials.gov/study/NCT07064408
NCT07063108,Efficacy and Safety of S-ketamine in Elderly Patients Undergoing Non-cardiac Surgery: a RCT（ESSENCE）,anesthesia_analgesia,Postoperative Pain,NOT_YET_RECRUITING,INTERVENTIONAL,PHASE4,Chinese PLA General Hospital,esketamine,0,,2025-12-01,Xiaoying Zhang,+8613021919086,,no,,https://clinicaltrials.gov/study/NCT07063108
NCT05586126,AnaConDa-therapy in COVID-19 Patients,other,COVID-19; SARS CoV-2,TERMINATED,OBSERVATIONAL,,Jeroen Bosch Ziekenhuis,"esketamine,ketamine",1,Netherlands,2020-10-01,,,"D. van Nieuwenhuizen, RN (Jeroen Bosch Hospital)",no,undecided,https://clinicaltrials.gov/study/NCT05586126
NCT05341375,Effects of Thoracic Paravertebral Block Combined With S-ketamine on Postoperative Pain and Cognitive Function After Thoracoscopic Surgery,anesthesia_analgesia,Postoperative Cognitive Dysfunction,COMPLETED,INTERVENTIONAL,NA,The First Hospital of Qinhuangdao,esketamine,1,China,2021-04-06,,,"PI liuqinshuang, master (The First hosptial of Qinhuangdao); chenxiaodan chenxiaodan, master (The First hosptial of Qinhuangdao)",no,no,https://clinicaltrials.gov/study/NCT05341375
NCT02606084,"A Study to Assess the Effects of Renal Impairment on the Pharmacokinetics, Safety, and Tolerability of Intranasally Administered Esketamine",other,Renal Impairment; Healthy,COMPLETED,INTERVENTIONAL,PHASE1,"Janssen Research & Development, LLC",esketamine,2,United States,2015-12-04,,,"Janssen Research & Development, LLC Clinical Trial (Janssen Research & Development, LLC)",no,,https://clinicaltrials.gov/study/NCT02606084
NCT07556172,Clinical Study of Esketamine in Patients With Sepsis Undergoing Invasive Mechanical Ventilation,other,Sepsis; Mechanical Ventilation,ACTIVE_NOT_RECRUITING,INTERVENTIONAL,PHASE4,Second Affiliated Hospital of Nanchang University,esketamine,1,China,2025-01-01,,,,no,yes,https://clinicaltrials.gov/study/NCT07556172
NCT05910775,Role Of Non-Specific Effects in The Treatment of Depression With Esketamine,psychiatric,Depressive Episode,TERMINATED,INTERVENTIONAL,NA,Yale University,"esketamine,ketamine",1,United States,2024-07-13,,,"Sina Nikayin, MD (Yale University)",yes,no,https://clinicaltrials.gov/study/NCT05910775
NCT06199700,Esketamine for the Treatment of Rett Syndrome,other,Rett Syndrome,COMPLETED,INTERVENTIONAL,EARLY_PHASE1,Children's Hospital of Fudan University,esketamine,1,China,2023-11-15,,,Huiping Li (Children's Hospital of Fudan University),no,yes,https://clinicaltrials.gov/study/NCT06199700
NCT07230171,The Efficacy and Safety of Short Term S-ketamine Infusion as an Adjunctive Therapy in Patients With Fibromyalgia,other,Fibromyalgia; Pregabalin; Esketamine,RECRUITING,INTERVENTIONAL,NA,Beijing Tiantan Hospital,esketamine,1,China,2025-09-15,Fang Luo,+8613611326978,,no,yes,https://clinicaltrials.gov/study/NCT07230171
NCT07602153,Multimodal Pharmacological Study of Clinical Cohorts for Major Depressive Disorder,psychiatric,Major Depressive Disorder (MDD,NOT_YET_RECRUITING,OBSERVATIONAL,,Shanghai Mental Health Center,"esketamine,ketamine",0,,2026-05-30,,,,no,,https://clinicaltrials.gov/study/NCT07602153
NCT04613869,The Effect of Esketamine on Patients Undergoing Tumor Surgery,anesthesia_analgesia,Tumor Surgery,UNKNOWN,INTERVENTIONAL,NA,"Second Affiliated Hospital, Zhejiang University, School of Medicine",esketamine,1,China,2020-08-15,,,"Min Yan, Doctor (Zhejiang University)",no,no,https://clinicaltrials.gov/study/NCT04613869
NCT05922605,Analgesic Effects of Caudal S-ketamine for Supplementation of Ropivacaine Caudal Analgesia in Children With Hypospadias,anesthesia_analgesia,Postoperative Analgesia; S-ketamine; Pediatrics; Caudal Block; Hypospadias,UNKNOWN,INTERVENTIONAL,PHASE4,Tao Zhang,"esketamine,ketamine",1,China,2023-06-20,"tao Zhang, MD",8613580482938,"Tao Zhang, M.D. (First Affiliated Hospital, Sun Yat-Sen University)",no,no,https://clinicaltrials.gov/study/NCT05922605
NCT07369102,Esketamine With or Without Integration Therapy for Treatment-Resistant Depression,psychiatric,Treatment-resistant Depression (TRD),RECRUITING,INTERVENTIONAL,PHASE4,University of Puerto Rico,esketamine,2,Puerto Rico,2026-02-01,"Paulina D Rullan-Farinacci, MD",787-414-3571,"Karen G Gonzalez-Martinez, MD, MSc (University of Puerto Rico, Medical Sciences Campus, Department of Psychiatry)",no,undecided,https://clinicaltrials.gov/study/NCT07369102
NCT05323019,Repeated Intranasal Esketamine Plus Almond Therapy in Patients With Treatment Resistant Depression,psychiatric,Treatment Resistant Major Depressive Disorder,TERMINATED,INTERVENTIONAL,PHASE2,Zylorion Health,"esketamine,ketamine",1,Canada,2022-10-13,,,"Pierre Chue, MBBCh (Amygdala Associates)",no,yes,https://clinicaltrials.gov/study/NCT05323019
NCT06108830,Esketamine Combined With Remimazolam on Postoperative Sleep Disturbance and Anxiety in Patients,psychiatric,Sleep Disturbance,UNKNOWN,INTERVENTIONAL,NA,Tianjin Medical University General Hospital,esketamine,1,China,2023-12-01,"Guolin Wang, MD",+8615822855556,Guolin Wang (Tianjin Medical University General Hospital),no,no,https://clinicaltrials.gov/study/NCT06108830
NCT04414943,Low-dose S-ketamine in Women With Prenatal Depression,psychiatric,Prenatal Depression; Ketamine; Postpartum Depression,COMPLETED,INTERVENTIONAL,NA,Peking University First Hospital,"esketamine,ketamine",7,China,2020-06-19,,,"Dong-Xin Wang, MD, PhD (Peking University First Hospital)",no,no,https://clinicaltrials.gov/study/NCT04414943
NCT06117917,Esketamine Combined With Pregabalin on CPSP in Spinal Patients.,other,Esketamine; Pregabaline; Chronic Post Operative Pain,UNKNOWN,INTERVENTIONAL,PHASE2|PHASE3,Beijing Tiantan Hospital,"esketamine,ketamine",1,China,2023-11-10,"Ruquan Han, M.D., Ph D",8610-59976660,"Ruquan Han, M.D., Ph D (Beijing Tiantan Hospital)",no,,https://clinicaltrials.gov/study/NCT06117917
NCT05530668,Tolerance and Potential Synergistic Effect of the Combination of Intranasal Esketamine and Non-selective MAOI,other,Depression Anxiety Disorder,COMPLETED,OBSERVATIONAL,,"University Hospital, Strasbourg, France","esketamine,ketamine",1,France,2022-04-11,,,,no,,https://clinicaltrials.gov/study/NCT05530668
NCT05643066,Esketamine-propofol Versus Propofol for Flexible Bronchoscopy,other,Postoperative Recovery,COMPLETED,INTERVENTIONAL,PHASE4,Fujian Provincial Hospital,esketamine,1,China,2022-12-07,,,"Xiaochun Zheng, MD (Fujian Provincial Hospital)",no,yes,https://clinicaltrials.gov/study/NCT05643066
NCT06133309,Phenomenological Explorations of the Esketamine-Induced Transient Dissociative State,other,Depressive Disorder,COMPLETED,INTERVENTIONAL,NA,Centre Hospitalier Intercommunal de Toulon La Seyne sur Mer,"esketamine,ketamine",1,France,2024-03-19,,,"Manuel DIAS ALVES, MD PhD (Centre Hospitalier Intercommunal de Toulon La Seyne sur Mer)",no,no,https://clinicaltrials.gov/study/NCT06133309
NCT06073015,Effect of Esketamine on Reducing Postoperative Anxiety and Depression in Adolescent Patients,psychiatric,Anxiety-depression,UNKNOWN,INTERVENTIONAL,EARLY_PHASE1,Henan Provincial People's Hospital,esketamine,0,,2023-10-10,,,,no,,https://clinicaltrials.gov/study/NCT06073015
NCT04757675,S-ketamin Premedication in Pediatric EENT Surgery,anesthesia_analgesia,"Emotions; Separation Anxiety; Pain, Procedural",COMPLETED,INTERVENTIONAL,EARLY_PHASE1,Eye & ENT Hospital of Fudan University,"esketamine,ketamine",1,China,2021-03-01,,,"Hui Qiao, M.D. (Eye & ENT Hospital of Fudan University)",no,,https://clinicaltrials.gov/study/NCT04757675
NCT05011214,Comparison of Sedation by Esketamine and Sevoflurane,anesthesia_analgesia,Sevoflurane,UNKNOWN,INTERVENTIONAL,PHASE4,Eye & ENT Hospital of Fudan University,esketamine,1,China,2021-09-20,,,"Fang Tan (Anesthesiology Department of Affiliated Eye and ENT Hospital, Fudan University)",no,no,https://clinicaltrials.gov/study/NCT05011214
NCT07528014,ATLAS-1: Advanced Trial for Longitudinal Assessment in Salma 1,other,Depressed Mood,RECRUITING,OBSERVATIONAL,,"Salma Health, Inc.","esketamine,ketamine",2,United States,2026-03-25,,,,no,no,https://clinicaltrials.gov/study/NCT07528014
NCT05698394,Effect of Low-dose Esketamine on Maternal Depression at 3 Years After Childbirth,psychiatric,Prenatal Depression; Ketamine; Postpartum Depression,ACTIVE_NOT_RECRUITING,INTERVENTIONAL,PHASE4,Peking University First Hospital,esketamine,4,China,2023-09-09,,,"Dong-Xin Wang, MD,PhD (Peking University First Hospital)",no,no,https://clinicaltrials.gov/study/NCT05698394
NCT07125573,The Effect of Esketamine Combined With Dexmedetomidine on Postoperative Recovery Quality in Patients Undergoing Thoracoscopic Surgery,anesthesia_analgesia,Esketamine Plus Dexmedetomidine Affect Postoperative Quality; Thoracoscopy; Lung Neoplasms,ENROLLING_BY_INVITATION,INTERVENTIONAL,NA,First Affiliated Hospital of Kunming Medical University,esketamine,1,China,2025-05-01,,,,no,,https://clinicaltrials.gov/study/NCT07125573
NCT05299866,The Effect of S-ketamine Combined With Sufentanil for Postoperative Analgesia in Patients Following Cesarean Section,anesthesia_analgesia,"S-ketamine; Analgesia, Patient-Controlled; Cesarean Section",UNKNOWN,INTERVENTIONAL,PHASE4,Ling Dong,"esketamine,ketamine",1,China,2022-04-12,"Ling Dong, Ph.D",18866862815,,no,no,https://clinicaltrials.gov/study/NCT05299866
NCT07308756,Impact of Perioperative Dexmedetomidine and Esketamine on Postoperative Quality of Recovery,anesthesia_analgesia,General Anesthesia; Surgery; Dexmedetomidine; Esketamine; Quality of Recovery,RECRUITING,INTERVENTIONAL,PHASE4,Peking University First Hospital,esketamine,1,China,2026-01-05,"Dong-Xin Wang, MD, PhD",8610 83572784,"Dong-Xin Wang, MD, PhD (Peking University First Hospital)",no,no,https://clinicaltrials.gov/study/NCT07308756
NCT00354029,Effect of Perioperative i.v. Low-dose S(+) Ketamine,anesthesia_analgesia,Hemorrhoids; Pain,COMPLETED,INTERVENTIONAL,PHASE4,Asker & Baerum Hospital,"esketamine,ketamine",1,Norway,2006-08,,,"Ulrich J Spreng, Dr. med, (Asker and Baerum Hospital, Norway); Vegard Dahl, Dr. med. (Asker and Baerum Hospital, Norway)",yes,,https://clinicaltrials.gov/study/NCT00354029
NCT06432322,(GluEsk) Glutamate and Esketamine,other,Depression,COMPLETED,INTERVENTIONAL,NA,University of Oxford,esketamine,1,United Kingdom,2024-06-14,,,"Riccardo De Giorgi, MD, DPhil, MRCPsych (University of Oxford, Department of Psychiatry)",no,no,https://clinicaltrials.gov/study/NCT06432322
NCT05809804,Median Effective Dose of Esketamine Pretreatment to Prevent Sufentanil-induced Cough,other,Sufentanil; Esketamine,UNKNOWN,INTERVENTIONAL,NA,Yangzhou University,esketamine,0,,2023-04-01,,,,no,,https://clinicaltrials.gov/study/NCT05809804
NCT04964219,Analgesic Effects of Low-dose S-ketamine in Major Spine Fusion Surgery,anesthesia_analgesia,S-ketamine; Postoperative Analgesia; Spine Fusion,COMPLETED,INTERVENTIONAL,PHASE4,Peking University First Hospital,"esketamine,ketamine",1,China,2022-02-08,,,"Dong-Xin Wang, MD, PhD (Peking University First Hospital)",no,no,https://clinicaltrials.gov/study/NCT04964219
NCT02418585,"A Study to Evaluate the Efficacy, Safety, and Tolerability of Flexible Doses of Intranasal Esketamine Plus an Oral Antidepressant in Adult Participants With Treatment-resistant Depression",psychiatric,Treatment-resistant Depression,COMPLETED,INTERVENTIONAL,PHASE3,"Janssen Research & Development, LLC",esketamine,48,Czechia; Germany; Poland; Spain; United States,2015-08-07,,,"Janssen Research & Development, LLC Clinical Trial (Janssen Research & Development, LLC)",yes,,https://clinicaltrials.gov/study/NCT02418585
NCT02129088,"A Pharmacokinetic, Safety and Tolerability Study of Esketamine in Healthy Elderly and Adult Participants",other,Healthy,COMPLETED,INTERVENTIONAL,PHASE1,"Janssen Research & Development, LLC",esketamine,1,Belgium,2014-03,,,"Janssen Research & Development, LLC Clinical Trial (Janssen Research & Development, LLC)",no,,https://clinicaltrials.gov/study/NCT02129088
NCT07597486,The Effect of Intraoperative Esketamine Infusion on Pruritus in Elderly Surgical Patients,anesthesia_analgesia,Senile Pruritus,NOT_YET_RECRUITING,INTERVENTIONAL,NA,Tianjin Medical University General Hospital,esketamine,1,China,2026-05-15,Guolin Wang,15822855556,Guolin Wang (Tianjin Medical University General Hospital),no,no,https://clinicaltrials.gov/study/NCT07597486
NCT07479602,Intranasal Dexmedetomidine-esketamine Administration and Postoperative Pain in Pediatric Patients,anesthesia_analgesia,Adenotonsillectomy; Children; Intranasal Administration; Dexmedetomidine; Esketamine; Postoperative Pain,RECRUITING,INTERVENTIONAL,PHASE4,Peking University First Hospital,esketamine,1,China,2026-04-07,"Dong-Xin Wang, MD, PhD",01083572784,"Dong-Xin Wang, MD, PhD (Peking University First Hospital)",no,no,https://clinicaltrials.gov/study/NCT07479602
NCT02624401,The Neural Mechanisms of Anesthesia and Human Consciousness (Part 6),psychiatric,Anesthesia; Unconsciousness,COMPLETED,INTERVENTIONAL,PHASE4,University of Turku,"esketamine,ketamine",1,Finland,2016-01,,,"Harry Scheinin, MD (Turku PET Centre, University of Turku, Turku, Finland)",no,no,https://clinicaltrials.gov/study/NCT02624401
NCT02417064,"A Study to Evaluate the Efficacy, Safety, and Tolerability of Fixed Doses of Intranasal Esketamine Plus an Oral Antidepressant in Adult Participants With Treatment-resistant Depression",psychiatric,Treatment-resistant Depression,COMPLETED,INTERVENTIONAL,PHASE3,"Janssen Research & Development, LLC",esketamine,90,Belgium; Brazil; Canada; Estonia; France; Hungary; Mexico; Slovakia; United States,2015-08-10,,,"Janssen Research & Development, LLC Clinical Trial (Janssen Research & Development, LLC)",yes,,https://clinicaltrials.gov/study/NCT02417064
NCT04643132,S-ketamine Prevents Postoperative Pain and Cognitive Dysfunction After Tibial Fracture,anesthesia_analgesia,Postoperative Pain; Postoperative Cognitive Dysfunction,UNKNOWN,INTERVENTIONAL,NA,Tianjin Medical University General Hospital,"esketamine,ketamine",1,China,2020-12-15,"Guolin Wang, MD",+8615822855556,"Guolin Wang, MD (Tianjin Medical University General Hospital)",no,no,https://clinicaltrials.gov/study/NCT04643132
NCT06543563,Esketamine in Microelectrode Recording-guided Subthalamic Deep-Brain Stimulation for Parkinson's Disease,other,PD - Parkinson's Disease; Deep Brain Stimulation; Esketamine,UNKNOWN,INTERVENTIONAL,NA,Beijing Tiantan Hospital,esketamine,1,China,2024-08-09,"Ruquan Han, MD,PhD",8610-59976660,"Ruquan Han, MD,PhD (Study Principal Investigator)",no,yes,https://clinicaltrials.gov/study/NCT06543563
NCT05715671,Effect of Subanesthetic Dose of Esketamine on Sleep Quality and Recovery of Gastrointestinal Function in Patients Undergoing General Anesthesia Laparoscopic Uterine Surgery in the Early Postoperative Period,anesthesia_analgesia,Patients Undergoing General Anesthesia Laparoscopic Uterine Surgery,COMPLETED,INTERVENTIONAL,NA,Zhuan Zhang,esketamine,1,China,2023-03-25,,,"zhuan zhang, professor (Yangzhou University)",no,,https://clinicaltrials.gov/study/NCT05715671
NCT04587778,Imaging Neural Correlates of Ketamine Using PET/MR,other,Major Depressive Disorder,UNKNOWN,INTERVENTIONAL,PHASE1,Medical University of Vienna,"esketamine,ketamine",1,Austria,2020-10-05,"Rupert Lanzenberger, Prof.",004314040035760,,no,no,https://clinicaltrials.gov/study/NCT04587778
NCT03609190,A Multimodal Neuroimaging Study of Brain Activation Patterns Under Ketamine,other,Major Depressive Disorder,COMPLETED,INTERVENTIONAL,EARLY_PHASE1,"Psychiatric University Hospital, Zurich","esketamine,ketamine",0,,2015-01,,,,no,no,https://clinicaltrials.gov/study/NCT03609190
NCT05718024,Night-time Dexmedetomidine-esketamine Infusion and Sleep Quality in ICU Patients,other,Intensive Care Unit; Mechanical Ventilation; Dexmedetomidine; Esketamine; Sleep Quality,COMPLETED,INTERVENTIONAL,PHASE4,Peking University First Hospital,esketamine,1,China,2023-11-01,,,"Dong-Xin Wang, MD, PhD (Peking University First Hospital)",no,no,https://clinicaltrials.gov/study/NCT05718024
NCT06920576,Effects of Esketamine Versus Magnesium Sulfate on Emotional State and Postoperative Pain in Patients Undergoing Nasal Endoscopic Surgery,anesthesia_analgesia,Chronic Rhinosinusitis; Enhanced Recovery After Surgery,ACTIVE_NOT_RECRUITING,INTERVENTIONAL,PHASE1|PHASE2,The Second People's Hospital of Huai'an,esketamine,1,China,2025-03-01,,,"Xie chenglan, PhD (The Affiliated Huaian Hospital of Xuzhou Medical University, Huai'an Second Hospital)",no,no,https://clinicaltrials.gov/study/NCT06920576
NCT06414941,The Effect of Dexmedetomidine and Esketamine Combined Infusion Quality of Sleep Undergoing Modified Radical Mastectomy,other,Dexmedetomidine Plus Esketamine Affect Postoperative Sleep Quality,UNKNOWN,INTERVENTIONAL,NA,Anqing Municipal Hospital,esketamine,1,China,2024-05-15,"Xu si qi, Doctor",13865192106,,no,,https://clinicaltrials.gov/study/NCT06414941
NCT07399756,Mitochondrial Function After Ketamine,other,Major Depressive Disorder,NOT_YET_RECRUITING,OBSERVATIONAL,,Sheba Medical Center,"esketamine,ketamine",1,Israel,2026-02,"revital amiaz, dr",972 035302538,,no,,https://clinicaltrials.gov/study/NCT07399756
NCT05950646,Mini-dose Dexmedetomidine-Esketamine Infusion and Perioperative Sleep Quality,anesthesia_analgesia,Old Age; Knee Replacement Surgery; Hip Replacement Surgery; Dexmedetomidine; Esketamine; Sleep Quality,COMPLETED,INTERVENTIONAL,PHASE4,Peking University First Hospital,esketamine,2,China,2024-01-03,,,"Dong-Xin Wang, MD,PhD (Peking University First Hospital)",no,no,https://clinicaltrials.gov/study/NCT05950646
NCT04436250,ESKETamine for FIBromyalgia Treatment,other,Fibromyalgia,TERMINATED,INTERVENTIONAL,NA,Grand Hôpital de Charleroi,"esketamine,ketamine",1,Belgium,2020-10-10,,,"Jean-Paul Lechat, MD (Grand Hôpital de Charleroi)",no,,https://clinicaltrials.gov/study/NCT04436250
NCT05466708,Safety and Efficacy of Esketamine Combined With Dexmedetomidine for Sedation of Mechanically Ventilated Patients,anesthesia_analgesia,Dexmedetomidine; Ketamine; Analgesia; Intensive Care Units; Mechanical Ventilation,UNKNOWN,INTERVENTIONAL,PHASE4,The First Affiliated Hospital with Nanjing Medical University,esketamine,1,China,2022-08-11,Zuo Xiangrong,+86 13913979197,Zuo Xiangrong (Nanjing Medical University),no,,https://clinicaltrials.gov/study/NCT05466708
NCT02493868,A Study of Intranasal Esketamine Plus an Oral Antidepressant for Relapse Prevention in Adult Participants With Treatment-resistant Depression,psychiatric,"Depressive Disorder, Treatment-Resistant",COMPLETED,INTERVENTIONAL,PHASE3,"Janssen Research & Development, LLC",esketamine,155,Belgium; Brazil; Canada; Czechia; Estonia; France; Germany; Hungary; Mexico; Poland; Slovakia; Spain; Sweden; Turkey (Türkiye); United States,2015-10-01,,,"Janssen Research & Development, LLC Clinical Trial (Janssen Research & Development, LLC)",yes,,https://clinicaltrials.gov/study/NCT02493868
NCT07264556,"Effect of OFA, OSA Versus Opioid-based Anesthesia on NETs and Cancer Cell Malignancy After Colorectal Cancer Surgery",anesthesia_analgesia,Colorectal Cancer; Opioid-free Anesthesia; NETs,RECRUITING,INTERVENTIONAL,NA,Fudan University,"esketamine,ketamine",1,China,2025-11-01,"Lingling Gao, MD",086-18818211563,,no,no,https://clinicaltrials.gov/study/NCT07264556
NCT03829579,Pre-Approval Access to Esketamine Nasal Spray for the Treatment of Treatment-Resistant Depression (TRD),psychiatric,"Depressive Disorder, Treatment-Resistant",APPROVED_FOR_MARKETING,EXPANDED_ACCESS,,"Janssen Research & Development, LLC",esketamine,0,,,,,"Janssen Research & Development, LLC Clinical Trial (Janssen Research & Development, LLC)",no,,https://clinicaltrials.gov/study/NCT03829579
NCT04548973,A Multicenter Study of the Efficacy and Safety of Esketamine for Analgesia During Cesarean Section,anesthesia_analgesia,Fetal or Neonatal Effect of Damage to Placenta From Caesarean Section,COMPLETED,INTERVENTIONAL,PHASE4,Women's Hospital School Of Medicine Zhejiang University,esketamine,1,China,2021-09-18,,,,no,no,https://clinicaltrials.gov/study/NCT04548973
NCT06726382,KF2024#1-trial: Esketamine Interaction Study,other,Drug Interactions; Food-drug Interaction,COMPLETED,INTERVENTIONAL,PHASE1,Helsinki University Central Hospital,esketamine,1,Finland,2024-12-09,,,"Janne T Backman, MD, PhD (Helsinki University Central Hospital)",no,no,https://clinicaltrials.gov/study/NCT06726382
NCT06725277,The OBSERVE Protocol,other,Major Depression Disorder,RECRUITING,OBSERVATIONAL,,Yale University,"esketamine,ketamine",8,United States,2024-01-21,Cindy Voghell,203-737-4784,"Samuel Wilkinson, MD (Yale University)",no,no,https://clinicaltrials.gov/study/NCT06725277
NCT07084753,Non-opioid Anesthesia Based on Thoracic Paravertebral Block During Laparoscopic Sleeve Gastrectomy,anesthesia_analgesia,Obese Patients; Bariatric Surgical Pain; Bariatric Surgery (Sleeve Gastrectomy ); Non-Opioid Pain Management; PONV; Postoperative Analgesia; Postoperative Pain; Thoracic Paravertebral Block; Opioid Free Anesthesia,NOT_YET_RECRUITING,INTERVENTIONAL,NA,IVO JURISIC,"esketamine,ketamine",1,Croatia,2025-07-30,"IVO JURISIC, MD",+385989050015,"IVO JURISIC, MD (University Hospital Dubrava)",no,yes,https://clinicaltrials.gov/study/NCT07084753
NCT06817239,Effect of Low-dose EsketaMine on dElirium in High-risk Elderly Patients uNdergoing elecTive Surgery (ELEMENT),anesthesia_analgesia,"Delirium in Old Age; Delirium, Postoperative; Anesthesia; Cognitive Dysfunction; Pain, Postoperative; Esketamine; Non-cardiac Surgery",RECRUITING,INTERVENTIONAL,NA,"Nanfang Hospital, Southern Medical University",esketamine,6,China,2025-02-12,"Ke-Xuan Liu, MD",+86 13710684096,"Ke-Xuan Liu, MD (Nanfang Hospital, Southern Medical University)",no,no,https://clinicaltrials.gov/study/NCT06817239
NCT07367542,Effect of Esketamine on Perioperative Negative Emotions in Patients Undergoing Breast Cancer Surgery,anesthesia_analgesia,Depression; Anxiety; S-ketamine; Breast Cancer,NOT_YET_RECRUITING,INTERVENTIONAL,NA,Chinese PLA General Hospital,esketamine,1,China,2026-01-17,WEIDONG MI,133810829,,no,no,https://clinicaltrials.gov/study/NCT07367542
NCT02857777,"Pharmacokinetic, Safety, and Tolerability Study of Intranasally Administered Esketamine in Elderly Japanese, and Healthy Younger Adult Japanese Subjects",other,Healthy,COMPLETED,INTERVENTIONAL,PHASE1,"Janssen Research & Development, LLC",esketamine,1,United States,2016-08-09,,,"Janssen Research & Development, LLC Clinical Trial (Janssen Research & Development, LLC)",no,,https://clinicaltrials.gov/study/NCT02857777
NCT07153406,Comparison of Esketamine Nasal Spray vs.Aripiprazole in Treat.Resistant Major Depressive Disorder in Elderly Patients,psychiatric,Depressive Disorder,NOT_YET_RECRUITING,INTERVENTIONAL,PHASE3,Fundación Pública Andaluza para la gestión de la Investigación en Sevilla,"esketamine,ketamine",9,Spain,2025-09-15,"Clara M Rosso Fernández, MD-PhD",+34955013414,"Benedicto Crespo Facorro, MD (Fundación para la Gestión de la Investigación en Salud de Sevilla)",no,,https://clinicaltrials.gov/study/NCT07153406
NCT04854577,Postoperative Opioid-Sparing Effect of a Pecto-Intercostal Fascial Block and Opioid-Free Anesthesia.,anesthesia_analgesia,Opioid Free Anaesthesia; Opioid Anaesthesia,UNKNOWN,INTERVENTIONAL,NA,Algemeen Stedelijk Ziekenhuis,"esketamine,ketamine",0,,2021-05,"Koen Lapage, M.D.",+32 53 764180,"Koen Lapage, M.D. (Department of Anesthesiology, Pain and Intensive Care Medicine)",no,no,https://clinicaltrials.gov/study/NCT04854577
NCT04924257,ECT vs. Esketamine,other,Treatment Resistant Depression; Major Depressive Disorder,WITHDRAWN,INTERVENTIONAL,PHASE3,Medical University Innsbruck,esketamine,1,Austria,2021-07-28,,,,no,,https://clinicaltrials.gov/study/NCT04924257
NCT05732064,Dexmedetomidine-esketamine Combined Nasal Administration and Perioperative Sleep Quality,anesthesia_analgesia,Breast Cancer; Perioperative Period; Dexmedetomidine; Esketamine; Sleep Quality,COMPLETED,INTERVENTIONAL,PHASE4,Peking University First Hospital,esketamine,1,China,2023-05-22,,,"Dong-Xin Wang, MD, PhD (Peking University First Hospital)",no,no,https://clinicaltrials.gov/study/NCT05732064
NCT04425473,Esketamine and Perioperative Depressive Symptoms,psychiatric,Depressive Symptoms; Esketamine; Perioperative Complication; Major Surgery,COMPLETED,INTERVENTIONAL,PHASE2|PHASE3,Beijing Tiantan Hospital,esketamine,1,China,2021-02-19,,,"Ruquan Han, M.D., Ph D. (Beijing Tiantan Hospital)",no,yes,https://clinicaltrials.gov/study/NCT04425473
NCT07324057,The Effects of Preoperative Intranasal Administration of Dexmedetomidine and Esketamine on Negative Postoperative Behavioral Changes in Children With Autism Spectrum Disorder,anesthesia_analgesia,Autism Spectrum Disorder,RECRUITING,INTERVENTIONAL,NA,Sun Fei,esketamine,1,China,2026-04-01,"Li Zhang, Doctoral degree",+86 138 1540 6629,,no,no,https://clinicaltrials.gov/study/NCT07324057
NCT02228239,Study to Assess the Effects of Esketamine on Safety of On-road Driving in Healthy Participants,other,Healthy,COMPLETED,INTERVENTIONAL,PHASE1,"Janssen Research & Development, LLC",esketamine,1,Netherlands,2014-09,,,"Janssen Research & Development, LLC Clinical Trial (Janssen Research & Development, LLC)",no,,https://clinicaltrials.gov/study/NCT02228239
NCT05289050,Analgesic Effect of Intraoperative Intravenous S-Ketamine During Total Knee Arthroplasty Surgery,anesthesia_analgesia,"Postoperative Pain, Acute; Anaesthetic",UNKNOWN,INTERVENTIONAL,PHASE4,Ling Dong,"esketamine,ketamine",1,China,2022-04-19,"Shiyuan Deng, master",13791127650,,no,,https://clinicaltrials.gov/study/NCT05289050
NCT06566482,Mini-dose Dexmedetomidine-Esketamine Supplemented Analgesia in Patients at High-risk of OSA,anesthesia_analgesia,Obstructive Sleep Apnea; Surgery; Dexmedetomidine; Esketamine; Postoperative Sleep Quality,COMPLETED,INTERVENTIONAL,PHASE4,Peking University First Hospital,esketamine,1,China,2024-09-11,,,"Dong-Xin Wang, M.D. (Peking University First Hospital)",no,no,https://clinicaltrials.gov/study/NCT06566482
NCT05554627,VA Aripiprazole vs Esketamine for Treatment Resistant Depression,psychiatric,"Depressive Disorder, Major",WITHDRAWN,INTERVENTIONAL,PHASE4,VA Office of Research and Development,esketamine,26,United States,2023-10-27,,,"Somaia Mohamed, PhD (VA Connecticut Healthcare System West Haven Campus, West Haven, CT)",no,no,https://clinicaltrials.gov/study/NCT05554627
NCT06300944,The Effect of Esketamine on Postoperative Pain Relief in Patients Undergoing Laparoscopic Surgery,anesthesia_analgesia,Postoperative Pain,COMPLETED,INTERVENTIONAL,NA,General Hospital of Ningxia Medical University,esketamine,1,China,2023-12-01,,,,no,no,https://clinicaltrials.gov/study/NCT06300944
NCT06778811,Clinical Study of Perioperative Sleep Disorders in Cardiac Surgery,anesthesia_analgesia,Sleep Wake Disorders; Esketamine and the Quality of Recovery; Dexmedetomidine,RECRUITING,INTERVENTIONAL,PHASE4,"Nanjing First Hospital, Nanjing Medical University",esketamine,2,China,2024-10-11,Kuang xueyi,86+18651908072,,no,no,https://clinicaltrials.gov/study/NCT06778811
NCT02846519,"Pharmacokinetic, Safety, and Tolerability Study of Intranasally Administered Esketamine in Healthy Han Chinese, Korean, Japanese, and Caucasian Participants and the Effects of Rifampin on the Pharmacokinetics of Intranasally Administered Esketamine",other,Healthy,COMPLETED,INTERVENTIONAL,PHASE1,"Janssen Research & Development, LLC",esketamine,1,United States,2016-02-26,,,"Janssen Research & Development, LLC Clinical Trial (Janssen Research & Development, LLC)",no,,https://clinicaltrials.gov/study/NCT02846519
NCT05386979,Multimodal Analgesic Management of Naborphine Combined With Opioid Free Anesthesia in OSA Patients Undergoing Bariatric Surgery,anesthesia_analgesia,Analgesics，Opioid; Bariatric Surgery,UNKNOWN,INTERVENTIONAL,NA,Qianfoshan Hospital,"esketamine,ketamine",1,China,2022-05-15,"Yongtao Sun, doctor",18660795201,"Yongtao Sun, doctor (Qianfoshan Hospital, The First Hospital affiliated of Shandong First Medical University)",no,,https://clinicaltrials.gov/study/NCT05386979
NCT05951465,Esketamine and Propofol for Children With Autism Spectrum Disorder Undergoing Colonoscopy,anesthesia_analgesia,Autism Spectrum Disorder,COMPLETED,INTERVENTIONAL,NA,The Second Hospital of Nanjing Medical University,esketamine,1,China,2023-07-20,,,,no,,https://clinicaltrials.gov/study/NCT05951465
NCT07131033,Esketamine Combined With Magnesium Sulfate for Postoperative Fatigue Syndrome in Patients Undergoing Laparoscopic Cholecystectomy,anesthesia_analgesia,Laparoscopic Cholecystectomy; Alleviate Postoperative Fatigue Syndrome,COMPLETED,INTERVENTIONAL,NA,The Second People's Hospital of Huai'an,esketamine,1,China,2025-09-01,,,,no,no,https://clinicaltrials.gov/study/NCT07131033
NCT02497287,"A Long-term, Safety and Efficacy Study of Intranasal Esketamine in Treatment-resistant Depression",psychiatric,Treatment-resistant Depression,COMPLETED,INTERVENTIONAL,PHASE3,"Janssen Research & Development, LLC",esketamine,109,Argentina; Australia; Austria; Belgium; Brazil; Bulgaria; Finland; France; Germany; Lithuania; Malaysia; Mexico; Poland; South Africa; South Korea; Spain; Sweden; Taiwan; Turkey (Türkiye); United Kingdom; United States,2015-09-30,,,"Janssen Research & Development, LLC Clinical Trial (Janssen Research & Development, LLC)",yes,,https://clinicaltrials.gov/study/NCT02497287
NCT06468436,Dexmedetomidine-Esketamine Combination for Sedation and Analgesia in ICU Patients,anesthesia_analgesia,"Aged; Intensive Care Units; Ventilators, Mechanical; Dexmedetomidine; Esketamine; Delirium",NOT_YET_RECRUITING,INTERVENTIONAL,NA,Peking University First Hospital,esketamine,3,China,2025-11,"Dong-Xin Wang, MD, PhD",8610 83572784,"Dong-Xin Wang, MD, PhD (Peking University First Hospital)",no,no,https://clinicaltrials.gov/study/NCT06468436
NCT00115102,Sensory Examination and Pharmacological Modulation of Oral Hyperexcitability in Patients With Atypical Odontalgia and Matched Healthy Controls,other,Odontalgia,COMPLETED,INTERVENTIONAL,PHASE4,University of Aarhus,"esketamine,ketamine",1,Denmark,2004-03,,,"Troels Staehelin Jensen, MD, PhD, Dr.Sci (Aarhus University Hospital)",no,,https://clinicaltrials.gov/study/NCT00115102
NCT02233452,Methadone and Ketamine for Neuropathic Pain Treatment,other,Neuropathic Pain,COMPLETED,INTERVENTIONAL,PHASE4,Universidade Federal de Santa Maria,"esketamine,ketamine",1,Brazil,2012-01,,,"Juliano Ferreira, PhD (Federal University of Santa Catarina)",no,,https://clinicaltrials.gov/study/NCT02233452
NCT07099235,Chart Review of Patients Undergoing Ketamine Treatments for Depression,psychiatric,Depression - Major Depressive Disorder,COMPLETED,OBSERVATIONAL,,Sunnybrook Health Sciences Centre,"esketamine,ketamine",1,Canada,2022-04-01,,,,no,no,https://clinicaltrials.gov/study/NCT07099235
NCT06658132,A General Anesthesia Regimen for DBS Surgery in Patients With PD,anesthesia_analgesia,Parkinson&#39;s Disease (PD),COMPLETED,INTERVENTIONAL,NA,RenJi Hospital,esketamine,1,China,2024-10-29,,,,no,,https://clinicaltrials.gov/study/NCT06658132
NCT06788444,Efficacy of Esketamine for Patients With Irritable Bowel Syndrome,other,Irritable Bowel Syndrome,RECRUITING,INTERVENTIONAL,NA,Beijing Tiantan Hospital,esketamine,1,China,2025-02-08,,,,no,no,https://clinicaltrials.gov/study/NCT06788444
NCT05719909,Testing the Effectiveness of Cognitive Training Among Depressed Patients Receiving Esketamine Treatment,psychiatric,Depression,SUSPENDED,INTERVENTIONAL,NA,University of Pittsburgh,"esketamine,ketamine",1,United States,2023-02-14,,,,no,no,https://clinicaltrials.gov/study/NCT05719909
NCT07422519,Virtual Reality-Based Mindfulness as an Adjunct to Treatment as Usual in Treatment-Resistant Depression,psychiatric,Depression - Major Depressive Disorder; Depression Disorder; Depression Chronic; Treatment-Resistant Major Depressive Disorder,RECRUITING,INTERVENTIONAL,NA,Hospital Universitari Vall d'Hebron Research Institute,esketamine,1,Spain,2025-09-18,Dr. J. Antoni Ramos-Quiroga,+3493 274 6087,,no,no,https://clinicaltrials.gov/study/NCT07422519
NCT05155969,Intravenous Esketamine on Prevention of Postoperative Depression in Patients Undergoing Cardiac Surgery,psychiatric,Postoperative Depression,UNKNOWN,INTERVENTIONAL,NA,Anshi Wu,esketamine,2,China,2021-12-01,"Anshi Wu Wu, Ph.D",+861085351330,"Anshi Wu Wu, Ph.D (Beijing Chao-Yang Hospital, Capital Medical Unive)",no,,https://clinicaltrials.gov/study/NCT05155969
NCT06051227,Fentanyl OR Esketamine for Traumatic PAIN (FORE-PAIN) Trial,psychiatric,Acute Pain Due to Trauma; Analgesia; Fentanyl; Esketamine; Emergency Medical Services,TERMINATED,INTERVENTIONAL,PHASE3,Academisch Medisch Centrum - Universiteit van Amsterdam (AMC-UvA),esketamine,1,Netherlands,2024-01-11,,,"Markus W Hollmann, Prof. dr. dr. (Academisch Medisch Centrum - Universiteit van Amsterdam (AMC-UvA))",no,yes,https://clinicaltrials.gov/study/NCT06051227
NCT04837170,Safety and Efficacy Evaluation of S (+) - Ketamine in Adults,other,Postoperative Pain; Adults; Anesthesia,UNKNOWN,INTERVENTIONAL,PHASE4,Chinese PLA General Hospital,"esketamine,ketamine",0,,2021-05-01,"Weidong Mi, MD",8613381082966,"Weidong Mi, MD (Chinese PLA General Hospital)",no,no,https://clinicaltrials.gov/study/NCT04837170
NCT06431386,Behavioural Activation Therapy and Esketamine for Resistant Depression,psychiatric,"Depressive Disorder, Treatment-Resistant; Depressive Disorder, Major; Bipolar Disorder",TERMINATED,INTERVENTIONAL,NA,The Royal's Institute of Mental Health Research,esketamine,1,Canada,2024-06-11,,,"Jeanne Talbot, MD PhD FRCP (The Royal's Institute of Mental Health Research)",no,,https://clinicaltrials.gov/study/NCT06431386
NCT04834427,Safety and Efficacy Evaluation of S (+) - Ketamine in Children,other,"S-ketamine; Esketamine; Acute Pain; Postoperative Pain; Analgesia; Hyperalgesia; Delirium; Depression, Anxiety; Children",UNKNOWN,INTERVENTIONAL,PHASE4,Chinese PLA General Hospital,"esketamine,ketamine",1,China,2022-04-20,,,"Weidong Mi, MD (Chinese PLA General Hospital)",no,no,https://clinicaltrials.gov/study/NCT04834427
NCT07563868,Coaching as an Adjunct to Ketamine Therapy for Treatment-Resistant Depression,psychiatric,Treatment Resistant Depression (TRD),RECRUITING,INTERVENTIONAL,NA,Massachusetts General Hospital,"esketamine,ketamine",2,United States,2026-04-17,"Maren Nyer, PhD",6176434897,"Maren Nyer, PhD (Massachusetts General Hospital and Harvard Medical School); Franklin King, MD (Massachusetts General Hospital and Harvard Medical School)",no,no,https://clinicaltrials.gov/study/NCT07563868
NCT05283408,The Clinical Study of Dexmedetomidine and Esketamine Combined Infusion Undergoing Modified Radical Mastectomy,other,"Dexmedetomidine, Esketamine, Postoperative Pain and Recovery Quality",COMPLETED,INTERVENTIONAL,NA,Anqing Municipal Hospital,esketamine,1,China,2022-04-10,,,,no,,https://clinicaltrials.gov/study/NCT05283408
NCT05438758,Repeated Intranasal Esketamine Plus Almond Therapy in Participants With Treatment Resistant Depressive Disorder - 3 Month Extension Study,psychiatric,Treatment Resistant Major Depressive Disorder,WITHDRAWN,INTERVENTIONAL,PHASE2,Zylorion Health,"esketamine,ketamine",0,,2023-01-15,,,"Pierre Chue, MBBCh (Amygdala Associates Inc.)",no,yes,https://clinicaltrials.gov/study/NCT05438758
NCT07665099,The Effect of Esketamine on Postoperative Cognitive Function in Elderly Patients Undergoing Oral and Maxillofacial Surgery,anesthesia_analgesia,Perioperative Neurocognitive Disorders,NOT_YET_RECRUITING,INTERVENTIONAL,NA,Xijing Hospital,esketamine,1,China,2026-07-01,Haopeng Zhang,+86 17791305967,,no,no,https://clinicaltrials.gov/study/NCT07665099
NCT02345148,"Pharmacokinetic, Safety, and Tolerability Study of Intranasally Administered Esketamine in Elderly and and Healthy Younger Adult Participants",other,Healthy,COMPLETED,INTERVENTIONAL,PHASE1,"Janssen Research & Development, LLC",esketamine,1,Belgium,2014-12,,,"Janssen Research & Development, LLC Clinical Trial (Janssen Research & Development, LLC)",no,,https://clinicaltrials.gov/study/NCT02345148
NCT07151716,Sedation With Dexmedetomidine-esketamine Combination and Delirium in ICU Patients,anesthesia_analgesia,Older Patients; Postoperative Care; Intensive Care Unit; Dexmedetomidine; Esketamine; Delirium,COMPLETED,INTERVENTIONAL,PHASE4,Peking University First Hospital,esketamine,1,China,2025-10-21,,,"Dong-Xin Wang, MD, PhD (Peking University First Hospital)",no,no,https://clinicaltrials.gov/study/NCT07151716
NCT06859892,Dexmedetomidine-Esketamine Combination and Sleep Disturbances After Major Noncardiac Surgery,anesthesia_analgesia,Adults; Major Noncardiac Surgery; Dexmedetomidine; Esketamine; Postoperative Sleep Disturbances,RECRUITING,INTERVENTIONAL,PHASE4,Peking University First Hospital,esketamine,1,China,2025-03-18,"Mo Li, MD, PhD",+86 19801260665,"Dong-Xin Wang (Dong-Xin Wang, MD, PhD, Peking University First Hospital)",no,no,https://clinicaltrials.gov/study/NCT06859892
NCT06284668,Esketamine vs Remimazolam for Postoperative Sleep Disturbance and Anxiety,psychiatric,Sleep Disturbance,COMPLETED,INTERVENTIONAL,NA,Tianjin Medical University General Hospital,esketamine,1,China,2024-03-04,,,Guolin Wang (Tianjin Medical University General Hospital),no,no,https://clinicaltrials.gov/study/NCT06284668
NCT05582135,Postoperative Analgesic Effect of Esketamine,anesthesia_analgesia,"Gynecological; Surgery (Previous), Affecting Fetus or Newborn, Due to Obstructed Labor; Analgesia",COMPLETED,INTERVENTIONAL,NA,Xuanhan County People's Hospital,esketamine,1,China,2021-05-05,,,,no,,https://clinicaltrials.gov/study/NCT05582135
NCT06729892,Feasibility of Closed-loop TCI Based on New EEG Baseline in the Presence of Low Dose of Esketamine,other,General Anesthesia With Propofol; Closed-Loop,NOT_YET_RECRUITING,INTERVENTIONAL,PHASE4,bo xu,esketamine,0,,2025-01-20,"xiaoshan Li, postgraduate",86 + 17820686302,"BO xu, doctor, chief director (department of anesthesiology, southern theater general hospital of PLA, Guangzhou, China.)",no,no,https://clinicaltrials.gov/study/NCT06729892
NCT06890897,Esketamine Combined Pulsed Radiofrequency for Acute/Subacute Zoster-associated Trigeminal Neuralgia,other,"Zoster; Herpes, Trigeminal Neuralgia (Etiology)",RECRUITING,INTERVENTIONAL,NA,Beijing Tiantan Hospital,esketamine,1,China,2025-04-01,"Fang Luo, M.D.",+86 13611326978,"Fang Luo, M.D. (Beijing Tiantan Hospital)",no,no,https://clinicaltrials.gov/study/NCT06890897
NCT04843462,Add-on Therapy With Edupression.Com® on Therapy Resistant Depressive Patients Treated With Nasal Esketamine Spray,psychiatric,Major Depressive Disorder; Therapy Resistant Depression,UNKNOWN,INTERVENTIONAL,NA,Lukas Pezawas,esketamine,1,Austria,2021-04-29,"Lukas M Pezawas, MD, Prof.",004314040035470,"Markus Dold, MD., Priv.Doz. (Medical University of Vienna); Gabriele Fischer, MD, Prof. (Medical University of Vienna)",no,no,https://clinicaltrials.gov/study/NCT04843462
NCT04691076,Effect of Low-dose Esketamine Combined With Target-controlled Infusion of Propofol for Painless Gastrointestinal Endoscopy,anesthesia_analgesia,Pain; Anesthesia,UNKNOWN,INTERVENTIONAL,NA,Tianjin Union Medical Center,esketamine,1,China,2020-12-01,"Tao Yang, Master",18920802290,Tao Yang (Tianjin Union Medical Center),no,,https://clinicaltrials.gov/study/NCT04691076
NCT07034950,Effective Dose and Safety of Esketamine During Ultrasound-guided Hepatic Tumor Thermal Ablation,other,Hepatic Neoplasm; Hepatic Cancer,ACTIVE_NOT_RECRUITING,INTERVENTIONAL,PHASE1|PHASE2,The First Affiliated Hospital of Xiamen University,esketamine,1,China,2025-06-29,,,"Lijuan Yan (Department of Anesthesiology, The First Affiliated Hospital of Xiamen University)",no,no,https://clinicaltrials.gov/study/NCT07034950
NCT07760740,The Effect of Intraoperative Infusion of Esketamine on Cholestatic Pruritus in Patients Undergoing Hepatobiliary Surgery,anesthesia_analgesia,Cholestatic Pruritus,NOT_YET_RECRUITING,INTERVENTIONAL,NA,Tianjin Medical University General Hospital,esketamine,1,China,2026-08-15,"Guolin Wang, Study Director",+8615822855556,,no,no,https://clinicaltrials.gov/study/NCT07760740
NCT02094378,A Study to Evaluate the Effect of Intranasal Esketamine on Cognitive Functioning in Healthy Subjects,other,Healthy,COMPLETED,INTERVENTIONAL,PHASE1,"Janssen Research & Development, LLC",esketamine,1,Netherlands,2014-06,,,"Janssen Research & Development, LLC Clinical Trial (Janssen Research & Development, LLC)",no,,https://clinicaltrials.gov/study/NCT02094378
NCT05839366,Adjunctive Esketamine for Analgesia in Mechanically Ventilated Septic Shock Patients,anesthesia_analgesia,Septic Shock; Mechanical Ventilation Complication,UNKNOWN,INTERVENTIONAL,PHASE3,"Nanfang Hospital, Southern Medical University",esketamine,1,China,2023-05-31,"Hongbin Hu, doctor",+86139224837,,no,undecided,https://clinicaltrials.gov/study/NCT05839366
NCT05304559,Effects of S-ketamine and Continuous Iliac Fascia Space Block on Perioperative Neurological Cognitive Impairment and Postoperative Rehabilitation in Elderly Patients With Hip Fracture,anesthesia_analgesia,Hip Fractures,UNKNOWN,INTERVENTIONAL,NA,Yangzhou University,"esketamine,ketamine",1,China,2022-03-26,"Tianshuang Yang, bachelor",18852573527,"jJianhong Sun, master (Yangzhou University)",no,,https://clinicaltrials.gov/study/NCT05304559
NCT06784388,Personalized DBS Targeting for Treating Depression,psychiatric,Treatment-resistant Depression (TRD),RECRUITING,INTERVENTIONAL,EARLY_PHASE1,"Second Affiliated Hospital, Zhejiang University, School of Medicine",esketamine,1,China,2025-01-05,"Junming Zhu, Ph.D.",+86 13968055768,,no,undecided,https://clinicaltrials.gov/study/NCT06784388
NCT02422186,"A Study to Evaluate the Efficacy, Safety, and Tolerability of Intranasal Esketamine Plus an Oral Antidepressant in Elderly Participants With Treatment-resistant Depression",psychiatric,"Depressive Disorder, Treatment-Resistant",COMPLETED,INTERVENTIONAL,PHASE3,"Janssen Research & Development, LLC",esketamine,69,Belgium; Brazil; Bulgaria; Finland; France; Lithuania; Poland; South Africa; Spain; Sweden; United Kingdom; United States,2015-08-20,,,"Janssen Research & Development, LLC Clinical Trial (Janssen Research & Development, LLC)",yes,,https://clinicaltrials.gov/study/NCT02422186
NCT04847245,Esketamine Adjuvant Therapy for Patients With Chronic Visceral Pain Comorbid Major Depressive Disorder,psychiatric,Chronic Visceral Pain; Major Depressive Disorder,UNKNOWN,INTERVENTIONAL,NA,Peking University,esketamine,0,,2021-05-01,"Tianmei SI, PhD., MD",86-1062723748,,no,,https://clinicaltrials.gov/study/NCT04847245
NCT03231683,Use of S+Ketamine During Target-Controlled Intravenous Anaesthesia After Abdominal Hysterectomy,anesthesia_analgesia,Ketamine; Anesthesia; Morphine; Hysterectomy,COMPLETED,INTERVENTIONAL,PHASE2,KK Women's and Children's Hospital,esketamine,1,Singapore,2014-03,,,"Farida Ithnin, MBBCh (KK Women's and Children's Hospital)",no,no,https://clinicaltrials.gov/study/NCT03231683
NCT03185819,"Study to Evaluate the Efficacy and Safety of 3 Fixed Doses of Intranasal Esketamine in Addition to Comprehensive Standard of Care for the Rapid Reduction of the Symptoms of Major Depressive Disorder, Including Suicidal Ideation, in Pediatric Participants Assessed to be at Imminent Risk for Suicide",psychiatric,"Depressive Disorder, Major",COMPLETED,INTERVENTIONAL,PHASE2,"Janssen Research & Development, LLC",esketamine,51,Belgium; Brazil; Bulgaria; France; Hungary; Italy; Poland; Spain; United States,2017-10-05,,,"Janssen Research & Development, LLC Clinical Trial (Janssen Research & Development, LLC)",yes,,https://clinicaltrials.gov/study/NCT03185819
NCT05655754,Comparison of Esketamine/Propofol and Methohexital Anesthesia for ECT,anesthesia_analgesia,ECT; Depression,RECRUITING,INTERVENTIONAL,PHASE4,Medical University of Vienna,"esketamine,ketamine",1,Austria,2022-11-01,,,,no,no,https://clinicaltrials.gov/study/NCT05655754
NCT05422001,Low-dose KETamine as an Adjunct to MOrphine for Acute Pain in the ED,other,Acute Pain; Opioid Use,TERMINATED,INTERVENTIONAL,PHASE4,University of Aarhus,"esketamine,ketamine",1,Denmark,2022-05-31,,,"Stine F Galili, MD (Aarhus University Hospital)",no,yes,https://clinicaltrials.gov/study/NCT05422001
NCT04664530,The Study on the Esketamine in the Treatment of Postherpetic Neuralgia,other,Postherpetic Neuralgia; Esketamine,UNKNOWN,INTERVENTIONAL,PHASE4,"Second Affiliated Hospital, Zhejiang University, School of Medicine",esketamine,1,China,2020-11-25,"Lieju Wang, Master",18758131223,"Min Yan, Doctor (The second affiliated hospital of Zhejiang University hangzhou, Zhejiang, China)",no,undecided,https://clinicaltrials.gov/study/NCT04664530
NCT05242692,The Effects of Subanesthetic S-ketamine on Postoperative Delirium and Cognitive Function in the Elderly Undergoing Non-cardiac Thoracic Surgery,anesthesia_analgesia,Postoperative Delirium; Elderly Patients,COMPLETED,INTERVENTIONAL,EARLY_PHASE1,Affiliated Cancer Hospital & Institute of Guangzhou Medical University,"esketamine,ketamine",1,China,2022-06-10,,,"Yihua Li, PhD (Cancer hospital and institute of Guangzhou medical university)",no,no,https://clinicaltrials.gov/study/NCT05242692
NCT07610343,Intranasal Dexmedetomidine-esketamine on Sleep and Cognition in Older Adults With Mild-to-moderate Cognitive Impairment,other,Older Adults; Cognitive Impairment; Sleep Disorders; Dexmedetomidine; Esketamine,NOT_YET_RECRUITING,INTERVENTIONAL,PHASE4,Peking University First Hospital,esketamine,1,China,2026-06,"Dong-Xin Wang, MD, PhD",010-83572784,"Dong-Xin Wang, MD, PhD (Peking University First Hospital)",no,no,https://clinicaltrials.gov/study/NCT07610343
NCT01998958,A Study to Evaluate the Safety and Efficacy of Intranasal Esketamine in Treatment-resistant Depression,psychiatric,Treatment Resistant Depressive Disorder,COMPLETED,INTERVENTIONAL,PHASE2,"Janssen Research & Development, LLC",esketamine,25,Belgium; Japan; United States,2014-01-27,,,"Janssen Research & Development, LLC Clinical Trial (Janssen Research & Development, LLC)",yes,,https://clinicaltrials.gov/study/NCT01998958
NCT05811221,Application of Different Modes of Esketamine Administration in Pediatric Day Circumcision,other,Pain,UNKNOWN,INTERVENTIONAL,NA,Yangzhou University,esketamine,0,,2023-04-02,,,,no,,https://clinicaltrials.gov/study/NCT05811221
NCT05506787,The Effects of Intraoperative Esketamine on Postoperative Pain and Mood in Patients With Inflammatory Bowel Disease,psychiatric,Crohn Disease; Depression; Esketamine,COMPLETED,INTERVENTIONAL,PHASE4,"Jinling Hospital, China",esketamine,1,China,2020-09-01,,,"Ji Qing (Anesthesiology Department, Jinling Hospital Affiliated to Nanjing University)",no,no,https://clinicaltrials.gov/study/NCT05506787
NCT06389344,Effect of Esketamine on Conscious State in Patients With pDoC,other,Esketamine; Consciousness Disorders,UNKNOWN,INTERVENTIONAL,NA,Beijing Tiantan Hospital,esketamine,1,China,2024-05-20,"Ruquan Han, M.D",8610-59976660,,no,,https://clinicaltrials.gov/study/NCT06389344
NCT03915938,Ketamine's Effect Changes the Cortical Electrophysiological Activity Related to Semantic Affective Dimension of Pain,other,"Acute Pain; Chronic Pain, Widespread; Schizophrenia",COMPLETED,INTERVENTIONAL,PHASE2|PHASE3,Hospital de Clinicas de Porto Alegre,"esketamine,ketamine",0,,2017-01-02,,,"Wolnei Caumo, MD, PhD (Hospital de Clinicas de Porto Alegre)",no,undecided,https://clinicaltrials.gov/study/NCT03915938
NCT04760652,Cognitive Behavioral Therapy Following Esketamine for Major Depression and Suicidal Ideation for Relapse Prevention,psychiatric,Depression and Suicide,COMPLETED,INTERVENTIONAL,NA,Yale University,"esketamine,ketamine",3,United States,2021-03-05,,,"Samuel T Wilkinson, MD (Yale University)",yes,no,https://clinicaltrials.gov/study/NCT04760652
NCT07847255,Propofol or Esketamine: Tracheal Intubation Comparison,anesthesia_analgesia,Critically Ill Adults Requiring Emergency Tracheal Intubation in the Intensive Care Unit,NOT_YET_RECRUITING,INTERVENTIONAL,PHASE4,"Union Hospital, Tongji Medical College, Huazhong University of Science and Technology",esketamine,1,China,2026-10-08,,,,no,,https://clinicaltrials.gov/study/NCT07847255
NCT07396220,Psychotherapy Combined With Intranasal Esketamine for the Treatment of Suicidal Ideation,psychiatric,Suicidal Ideation,ENROLLING_BY_INVITATION,INTERVENTIONAL,NA,"University of California, San Diego",esketamine,1,United States,2026-01-09,,,,no,undecided,https://clinicaltrials.gov/study/NCT07396220
NCT07702240,Esketamine Versus Sufentanil for Sedation in Patients Undergoing ERCP,anesthesia_analgesia,Biliary Tract Diseases; Procedural Sedation and Analgesia,NOT_YET_RECRUITING,INTERVENTIONAL,NA,Ren Da,esketamine,0,,2026-07-10,"Tingting Fan, PhD",86+13439211460,,no,no,https://clinicaltrials.gov/study/NCT07702240
NCT07576517,Dexmedetomidine-esketamine and tDCS for Prevention of Neurocognitive Complications After Surgery,anesthesia_analgesia,Older Patients; Surgery; Dexmedetomidine; Esketamine; Transcranial Direct Current Stimulation; Perioperative Neurocognitive Disorders,NOT_YET_RECRUITING,INTERVENTIONAL,PHASE4,Peking University First Hospital,"esketamine,ketamine",6,China,2026-06,"Dong-Xin Wang, MD, PHD",86 10 83572784,"Dong-Xin Wang, MD, PhD (Peking University First Hospital)",no,no,https://clinicaltrials.gov/study/NCT07576517
NCT06530706,Effect of Esketamine on Anxiety State in Patients Undergoing Abdominal Tumor Surgery,psychiatric,Anxiety State; Esketamine,COMPLETED,INTERVENTIONAL,NA,Zhejiang Cancer Hospital,esketamine,1,China,2024-08-05,,,,no,,https://clinicaltrials.gov/study/NCT06530706
NCT05826327,Effects of Epidural Labor Analgesia With Esketamine on the Incidence of Postpartum Depression in Parturients,psychiatric,Postpartum Depression,UNKNOWN,INTERVENTIONAL,PHASE4,Women's Hospital School Of Medicine Zhejiang University,esketamine,1,China,2023-05-01,"Xinzhong Chen, Dr",0571-8999100,"Weiguo Lyv, Dr (Women's Hospital School Of Medicine Zhejiang University)",no,,https://clinicaltrials.gov/study/NCT05826327
NCT04476446,An Expanded Access Protocol for Esketamine Treatment in Participants With Treatment Resistant Depression (TRD) Who do Not Have Other Treatment Alternatives,psychiatric,Depression,COMPLETED,INTERVENTIONAL,PHASE3,"Janssen-Cilag, S.A.",esketamine,8,Mexico,2020-09-08,,,"Janssen-Cilag, S.A. Clinical Trial (Janssen-Cilag, S.A.)",no,yes,https://clinicaltrials.gov/study/NCT04476446
NCT06744361,Ketamine Sedation As Neuroprotective Agent Following Out-of-hospital Cardiac Arrest,anesthesia_analgesia,Out-of-hospital Cardiac Arrest (OHCA),RECRUITING,INTERVENTIONAL,PHASE2,Christian Hassager,esketamine,2,Denmark,2024-12-12,"Salma Charabi, MD",35450572,,no,no,https://clinicaltrials.gov/study/NCT06744361
NCT06778460,Effect of Esketamine and Lidocaine on Postoperative Chronic Pain and Long-term Survival in Patients Undergoing Hepatectomy,anesthesia_analgesia,Postoperative Chronic Pain,RECRUITING,INTERVENTIONAL,NA,West China Hospital,esketamine,1,China,2023-05-05,"Chunling Jiang, PhD",18980601096,"Chunling Jiang, PhD (West China Hospital)",no,,https://clinicaltrials.gov/study/NCT06778460
NCT07053345,A Study of Esketamine Nasal Spray in Korean Participants With Treatment-resistant Depression,psychiatric,"Depressive Disorder, Treatment-Resistant",COMPLETED,INTERVENTIONAL,PHASE4,"Janssen Korea, Ltd., Korea",esketamine,6,South Korea,2025-06-09,,,"Janssen Korea, Ltd., Korea Clinical Trial (Janssen Korea, Ltd., Korea)",no,yes,https://clinicaltrials.gov/study/NCT07053345
NCT06608030,Effect of Esketamine on Perioperative Negative Mood in Patients Undergoing Cardiac Valve Surgery,psychiatric,"Depression, Anxiety; Cardiac Surgery; S-ketamine",COMPLETED,INTERVENTIONAL,NA,Chinese PLA General Hospital,esketamine,2,China,2024-09-23,,,,no,no,https://clinicaltrials.gov/study/NCT06608030
NCT05095857,The Anaesthetic Ketamine as Treatment for Patients With Severe Acute Brain Injury,other,"Subarachnoid Hemorrhage, Aneurysmal; Intracerebral Hemorrhage; Traumatic Brain Injury",RECRUITING,INTERVENTIONAL,PHASE4,"Copenhagen University Hospital, Rigshospitalet","esketamine,ketamine",1,Denmark,2023-09-15,"Trine H Andreasen, MD",+4535455982,"Trine H Andreasen, MD (Copenhagen University Hospital, Rigshospitalet)",no,,https://clinicaltrials.gov/study/NCT05095857
NCT05016128,Intraoperative S-ketamine to Prevent Postoperative Hyperalgesia in Patients Undergoing Video-assisted Thoracic Surgery,anesthesia_analgesia,Postoperative Hyperalgesia,UNKNOWN,INTERVENTIONAL,NA,"Second Affiliated Hospital, Zhejiang University, School of Medicine","esketamine,ketamine",1,China,2021-08-17,"LiNa Yu, doctor",13958033387,,no,no,https://clinicaltrials.gov/study/NCT05016128
NCT05060068,Effect of Intravenous S-ketamine on Opioid Consumption,other,Breast Cancer Surgery,COMPLETED,INTERVENTIONAL,NA,The Second Hospital of Anhui Medical University,"esketamine,ketamine",1,China,2021-10-07,,,"Ye Zhang, M.D., Ph. D. (The Second Hospital of Anhui Medical University)",no,yes,https://clinicaltrials.gov/study/NCT05060068
NCT04338321,"A Long-term Comparison of Esketamine Nasal Spray Versus Quetiapine Extended Release, Both in Combination With a Selective Serotonin Reuptake Inhibitor/Serotonin-Norepinephrine Reuptake Inhibitor, in Participants With Treatment Resistant Major Depressive Disorder",psychiatric,"Depressive Disorder, Major",COMPLETED,INTERVENTIONAL,PHASE3,Janssen-Cilag International NV,esketamine,171,Argentina; Austria; Belgium; Brazil; Bulgaria; Czechia; Denmark; Finland; Germany; Greece; Hungary; Israel; Kazakhstan; Malaysia; Netherlands; Norway; Poland; Portugal; South Africa; South Korea; Sweden; Taiwan; Turkey (Türkiye); United Arab Emirates,2020-08-21,,,Janssen-Cilag International NV Clinical Trials (Janssen-Cilag International NV),yes,yes,https://clinicaltrials.gov/study/NCT04338321
NCT04553536,Cardiovascular Protection Conservative Effects of Esketamine Versus µ-opioid Receptor Agonists in General Anesthesia,anesthesia_analgesia,Opioid Analgesic Adverse Reaction,UNKNOWN,INTERVENTIONAL,NA,Second Hospital of Shanxi Medical University,esketamine,1,China,2020-11-02,,,,no,,https://clinicaltrials.gov/study/NCT04553536
NCT06399185,Effect of Dexmedetomidine and Esketamine on Catheter-related Bladder Discomfort,other,Urinary Catheter; Catheter-related Bladder Discomfort; Dexmedetomidine; Esketamine,RECRUITING,INTERVENTIONAL,PHASE4,Peking University First Hospital,esketamine,2,China,2024-06-06,"Rui Zhang, MD",+8618810662529,"Dong-Xin Wang, MD, PhD (Peking University First Hospital)",no,no,https://clinicaltrials.gov/study/NCT06399185
NCT04682782,Intraoperative Small-dose Esketamine Infusion for Pain Control in Burn Patients,other,Burns,UNKNOWN,INTERVENTIONAL,PHASE4,"Second Affiliated Hospital, Zhejiang University, School of Medicine",esketamine,1,China,2020-07-14,"Qingyu SHI, MD",+8613777564585,"Min YAN, MD (2nd Affiliated Hospital, School of Medicine, Zhejiang University, China)",no,no,https://clinicaltrials.gov/study/NCT04682782
NCT04209296,Chart Review of Patients Undergoing Ketamine Infusions,other,Major Depressive Disorder; Bipolar Disorder; Obsessive-Compulsive Disorder; Post Traumatic Stress Disorder,COMPLETED,OBSERVATIONAL,,Brain and Cognition Discovery Foundation,"esketamine,ketamine",1,Canada,2019-12-03,,,"Roger S McIntyre, MD (Brain and Cognition Discovery Foundation)",no,no,https://clinicaltrials.gov/study/NCT04209296
NCT06914206,Esketamine Combined With PRF of DRG for Acute/Subacute Zoster-associated Pain,other,Herpes Zoster,NOT_YET_RECRUITING,INTERVENTIONAL,NA,Beijing Tiantan Hospital,esketamine,1,China,2025-04-01,Fang Luo,+86 13611326978,,no,no,https://clinicaltrials.gov/study/NCT06914206
NCT03039192,"54135419SUI3001: A Study to Evaluate the Efficacy and Safety of Intranasal Esketamine in Addition to Comprehensive Standard of Care for the Rapid Reduction of the Symptoms of Major Depressive Disorder, Including Suicidal Ideation, in Adult Participants Assessed to be at Imminent Risk for Suicide",psychiatric,"Depressive Disorder, Major",COMPLETED,INTERVENTIONAL,PHASE3,"Janssen Research & Development, LLC",esketamine,56,Bulgaria; Estonia; Germany; Hungary; Malaysia; Slovakia; South Africa; South Korea; Spain; Taiwan; United States,2017-06-09,,,"Janssen Research & Development, LLC Clinical Trial (Janssen Research & Development, LLC)",yes,,https://clinicaltrials.gov/study/NCT03039192
NCT05122338,Effect of Transversus Abdominis Plane Block With Compound Lidocaine and Esketamine on Pain After Surgery,anesthesia_analgesia,Postoperative Pain,UNKNOWN,INTERVENTIONAL,NA,Tianjin Medical University General Hospital,esketamine,0,,2021-12-01,"Guolin Wang, MD",+8615822855556,Guolin Wang (Tianjin Medical University General Hospital),no,no,https://clinicaltrials.gov/study/NCT05122338
NCT06467513,To Investigate the Effect of Esketamine Hydrochloride on Pulmonary Complications,other,Heart Diseases; Heart Valve Diseases,UNKNOWN,INTERVENTIONAL,PHASE4,Zhang XIao Mei,esketamine,1,China,2024-01-01,Xiaomei Zhang,+0086 18786233321,"Wei Chen (Staff member of Department of Anesthesiology, Affiliated Hospital of Zunyi Medical University); Haiying Wang (Director of anesthesiology Department, Affiliated Hospital of Zunyi Medical University)",no,yes,https://clinicaltrials.gov/study/NCT06467513
NCT07227454,A Study to Evaluate the Efficacy and Safety of Esketamine for Reduction of Symptoms of Major Depressive Disorder,psychiatric,"Depressive Disorder, Major",RECRUITING,INTERVENTIONAL,PHASE3,"Janssen Research & Development, LLC",esketamine,44,Brazil; Hungary; Italy; Romania; Spain; Taiwan; United States,2026-01-08,Study Contact,844-434-4210,,no,yes,https://clinicaltrials.gov/study/NCT07227454
NCT02421913,Efficacy of S(+)-Ketamine Administered as a Continuous Infusion for the Control of Postoperative Pain,anesthesia_analgesia,Postoperative Pain,COMPLETED,INTERVENTIONAL,PHASE4,Centro Medico Campinas,"esketamine,ketamine",1,Brazil,2012-06,,,,no,,https://clinicaltrials.gov/study/NCT02421913
NCT04599855,"A Study of Esketamine Nasal Spray, Administered as Monotherapy, in Adult Participants With Treatment-resistant Depression",psychiatric,"Depressive Disorder, Treatment-Resistant",COMPLETED,INTERVENTIONAL,PHASE4,"Janssen Research & Development, LLC",esketamine,54,United States,2020-11-04,,,"Janssen Research & Development, LLC Clinical Trial (Janssen Research & Development, LLC)",yes,,https://clinicaltrials.gov/study/NCT04599855
NCT03965858,"Efficacy, Safety and Pharmacokinetic Study of Inhaled Esketamine in Treatment-resistant Depression",psychiatric,Major Depressive Disorder,COMPLETED,INTERVENTIONAL,PHASE2,Celon Pharma SA,esketamine,12,Poland,2019-02-25,,,,no,,https://clinicaltrials.gov/study/NCT03965858
NCT02543385,S Ketamine Use in Total Abdominal Hysterectomy,anesthesia_analgesia,Total Abdominal Hysterectomy,WITHDRAWN,INTERVENTIONAL,NA,KK Women's and Children's Hospital,"esketamine,ketamine",0,,2014-06,,,,no,,https://clinicaltrials.gov/study/NCT02543385
NCT06367218,Opioid-Free Combined Anesthesia With Spontaneous Breathing for VATS,anesthesia_analgesia,Video-assisted Thoracoscopic Lung Surgery；Anesthesia,RECRUITING,INTERVENTIONAL,NA,Tongji Hospital,"esketamine,ketamine",1,China,2024-10-01,"Hui Xu, Professor",(86)-13971001596,,no,no,https://clinicaltrials.gov/study/NCT06367218
NCT05464979,Esketamine Induction Intubation in ICU Patients.,anesthesia_analgesia,Critically Ill Patients,COMPLETED,INTERVENTIONAL,EARLY_PHASE1,"Union Hospital, Tongji Medical College, Huazhong University of Science and Technology",esketamine,1,China,2022-08-27,,,"Jiancheng Zhang, MD, PhD (Union Hospital, Tongji Medical College, Huazhong University of Science and Technology)",yes,yes,https://clinicaltrials.gov/study/NCT05464979
NCT07523321,Dexmedetomidine-esketamine Combination and Moderate-to-severe Pain After Spinal Surgery,anesthesia_analgesia,Spinal Surgery; Pain Intensity; Dexmedetomidine; Esketamine; Postoperative Analgesia,NOT_YET_RECRUITING,INTERVENTIONAL,PHASE4,Peking University First Hospital,esketamine,1,China,2026-04,"Dong-Xin Wang, MD, PhD",01083572784,Dong-Xin Wang (Peking University First Hospital),no,no,https://clinicaltrials.gov/study/NCT07523321
NCT05132595,Esketamine vs. Ketorolac for Prevention of Postoperative Pain and Cognitive Dysfunction After Total Knee Arthroplasty,anesthesia_analgesia,Postoperative Pain; Postoperative Cognitive Dysfunction; Total Knee Arthroplasty,UNKNOWN,INTERVENTIONAL,NA,Tianjin Medical University General Hospital,esketamine,1,China,2021-11-30,"Guolin Wang, MD",+8615822855556,Guolin Wang (Tianjin Medical University General Hospital),no,no,https://clinicaltrials.gov/study/NCT05132595
NCT05602428,Analysis of Clinical Effect of Subanesthetic Dose of Esketamine Combined With Hip Capsule Peripheral Nerve Block in Elderly Patients Undergoing Total Hip Arthroplasty,anesthesia_analgesia,Total Hip Arthroplasty,COMPLETED,INTERVENTIONAL,NA,Changzhou Traditional Chinese Medicine Hospital Affiliated to Nanjing University of Chinese Medicine,esketamine,1,China,2020-01-01,,,"Yanhua Huo, BM (Traditional Chinese Medicine Hospital of Changzhou Affiliated to Nanjing University of Traditional Chinese Medicine)",no,undecided,https://clinicaltrials.gov/study/NCT05602428
NCT07641673,The Effect of Esketamine on Cough Reflex During Tracheal Extubation in Patients Undergoing Non-inflatable Transoral Endoscopic Thyroid Surgery,anesthesia_analgesia,Thyroidectomy; Coughing Reflex,NOT_YET_RECRUITING,INTERVENTIONAL,NA,The Second Hospital of Anhui Medical University,esketamine,1,China,2026-06,Yun Wu,8613865958254,,no,no,https://clinicaltrials.gov/study/NCT07641673
NCT05603975,Analgesic Effect of Esketamine in DCSB in Adultscontrolled Study,anesthesia_analgesia,Analgesia; Burns,UNKNOWN,INTERVENTIONAL,NA,Shenzhen Second People's Hospital,esketamine,0,,2022-12-01,"Zhiheng Liu, Dr",+8615818505570,,no,no,https://clinicaltrials.gov/study/NCT05603975
NCT03756961,Effects of an Opioid Free/Sparing Care Pathway for Patients Undergoing Obesity Surgery,anesthesia_analgesia,"Obesity; Pain, Postoperative",RECRUITING,INTERVENTIONAL,NA,Göteborg University,esketamine,2,Sweden,2019-05-01,"Axel Wolf, RN, PhD",+46709355364,"Sven-Egron Thörn, MD, PhD (Göteborg University); Axel Wolf, RN, PhD, Professor (Göteborg University)",no,no,https://clinicaltrials.gov/study/NCT03756961
NCT04300621,A Study of Different Oral Thin Film (S)-Ketamine Formulations for Sublingual Administration in Healthy Participants,other,Healthy,COMPLETED,INTERVENTIONAL,PHASE1,"Janssen Research & Development, LLC","esketamine,ketamine",1,Belgium,2020-06-19,,,"Janssen Research & Development, LLC Clinical Trial (Janssen Research & Development, LLC)",no,yes,https://clinicaltrials.gov/study/NCT04300621
NCT07576543,Long-term Follow-up of Dexmedetomidine-esketamine and tDCS for Neurocognitive Complications After Surgery,anesthesia_analgesia,Older Patients; Surgery; Dexmedetomidine; Esketamine; Transcranial Direct Current Stimulation; Cognitive Function; Survival,NOT_YET_RECRUITING,INTERVENTIONAL,PHASE4,Peking University First Hospital,"esketamine,ketamine",6,China,2026-06,"Dong-Xin Wang, MD, PHD",86 10 83572784,"Dong-Xin Wang, MD, PhD (Peking University First Hospital)",no,no,https://clinicaltrials.gov/study/NCT07576543
NCT07644663,The Effects of Different Anesthetics on the Brain's Neural Networks,other,Electroencephalogram (EEG); Anesthesia,NOT_YET_RECRUITING,INTERVENTIONAL,PHASE4,Fudan University,esketamine,1,China,2026-06-09,Xiaoge Liu,021-64175590,,no,yes,https://clinicaltrials.gov/study/NCT07644663
NCT02782104,A Long-term Safety Study of Esketamine Nasal Spray in Treatment-resistant Depression,psychiatric,"Depressive Disorder, Treatment-Resistant",COMPLETED,INTERVENTIONAL,PHASE3,"Janssen Research & Development, LLC",esketamine,173,Argentina; Australia; Austria; Belgium; Brazil; Bulgaria; Canada; Czechia; Estonia; Finland; France; Germany; Hungary; Lithuania; Malaysia; Mexico; Poland; Slovakia; South Africa; South Korea; Spain; Sweden; Taiwan; Turkey (Türkiye); United Kingdom; United States,2016-06-09,,,"Janssen Research & Development, LLC Clinical Trial (Janssen Research & Development, LLC)",yes,,https://clinicaltrials.gov/study/NCT02782104
NCT05603104,"Intensified Pharmacological Treatment for Schizophrenia, Major Depressive Disorder and Bipolar Depression After a First-time Treatment Failure",psychiatric,Schizophrenia and Related Disorders; Major Depressive Disorder; Bipolar Depression,RECRUITING,INTERVENTIONAL,PHASE3,Dr. Inge Winter,"esketamine,ketamine",1,Israel,2025-04-27,"Inge Winter, Dr.",+31875553227,,no,yes,https://clinicaltrials.gov/study/NCT05603104
NCT01275547,The Analgesic Effect of Combined Treatment With Intranasal S-ketamine and Intranasal Midazolam,anesthesia_analgesia,"Analgesia, Patient-controlled; Spinal Stenosis",COMPLETED,INTERVENTIONAL,PHASE2|PHASE3,"University Hospital, Basel, Switzerland","esketamine,ketamine",1,Switzerland,2011-01,,,"Wilhelm Ruppen, MD (University Hospital, Basel, Switzerland)",no,,https://clinicaltrials.gov/study/NCT01275547
NCT07269964,At-Home tDCS as Maintenance Therapy,other,MDD; Severe Depression; Major Depressive Episode,RECRUITING,INTERVENTIONAL,NA,Technical University of Munich,"esketamine,ketamine",2,Germany,2024-10-01,"Ulrike Vogelmann, Dr. med.",+4917661535471,,no,yes,https://clinicaltrials.gov/study/NCT07269964
NCT06488586,IV Ketamine vs. IN Esketamine for MDD TRD,other,Treatment Resistant Depression,RECRUITING,OBSERVATIONAL,,Gustavo Vazquez,"esketamine,ketamine",1,Canada,2023-03-20,"Gustavo H Vazquez, MD,PhD,FRCPC",+1 (613)-544-4900,"Gustavo H Vazquez, MD,PhD,FRCPC (Queen&#39;s University)",no,undecided,https://clinicaltrials.gov/study/NCT06488586
NCT06617039,The Impact of Low-Dose Esketamine Combined With Ciprofol on the Quality of Early Postoperative Recovery Among Elderly Patients Undergoing Painless Gastroscopy,anesthesia_analgesia,Quality of Postoperative Recovery,ACTIVE_NOT_RECRUITING,INTERVENTIONAL,NA,Northern Jiangsu People's Hospital,esketamine,1,China,2024-10-10,,,,no,no,https://clinicaltrials.gov/study/NCT06617039
NCT04103892,A Study of CLE-100 (Oral Esketamine) in Addition to Standard Antidepressant Drug for Major Depressive Disorder - CLEO Study,psychiatric,Adjunctive Treatment of Major Depressive Disorder,COMPLETED,INTERVENTIONAL,PHASE2,Clexio Biosciences Ltd.,"esketamine,ketamine",46,Puerto Rico; United States,2019-09-05,,,,yes,no,https://clinicaltrials.gov/study/NCT04103892
NCT07062601,Etomidate and Esketamine on Postoperative Pain After Tonsillectomy Undergoing Children,anesthesia_analgesia,Etomidate; Esketamine; Tonsillectomy; Children,NOT_YET_RECRUITING,INTERVENTIONAL,NA,Anqing Municipal Hospital,esketamine,0,,2025-07-10,,,,no,,https://clinicaltrials.gov/study/NCT07062601
NCT06303037,Effect of Esketamine on 95% Induction Dose of Remimazolam,other,Pediatric; Gastroscopy; ED95; Sedation,COMPLETED,INTERVENTIONAL,PHASE4,Second Affiliated Hospital of Wenzhou Medical University,esketamine,1,China,2024-04-01,,,Huacheng Liu (Second Affiliated Hospital of Wenzhou Medical University); Yuhang Cai (Second Affiliated Hospital of Wenzhou Medical University),no,,https://clinicaltrials.gov/study/NCT06303037
NCT05964985,Effect of Quadratus Lumborum Block With Compound Lidocaine and Esketamine on Pain After Colorectal Surgery,anesthesia_analgesia,Postoperative Pain,UNKNOWN,INTERVENTIONAL,NA,Tianjin Medical University General Hospital,esketamine,0,,2023-08-06,"Guolin Wang, MD",+86 15822855556,"Guolin Wang, MD (Tianjin Medical University General Hospital)",no,no,https://clinicaltrials.gov/study/NCT05964985
NCT06559280,The Effect of Subclinical Dose of Ketamine on Early Postoperative Pain Sensitivity in Patients Undergoing Salpingectomy,anesthesia_analgesia,Ectopic Pregnancy,COMPLETED,INTERVENTIONAL,EARLY_PHASE1,Fujian Provincial Hospital,esketamine,1,China,2024-08-24,,,,no,no,https://clinicaltrials.gov/study/NCT06559280
NCT06103760,Positioning of Esketamine Treatment in the Real-world Management of Depression,psychiatric,Major Depressive Disorder,RECRUITING,INTERVENTIONAL,PHASE4,Royal North Shore Hospital,esketamine,1,Australia,2023-10-31,Erica Bell,02 9462 9905,"Gin Malhi (Royal North Shore Hospital, University of Sydney)",no,no,https://clinicaltrials.gov/study/NCT06103760
NCT04938713,Comparison of Ketamine and Esketamine in Patients Suffering From Fibromyalgia Syndrome.,other,Fibromyalgia,UNKNOWN,INTERVENTIONAL,NA,Centre Hospitalier Universitaire de Charleroi,"esketamine,ketamine",1,Belgium,2021-07-01,"Brice Constant, MD",0032477504934,"Brice Constant, MD (Centre Universitaire de Charleroi)",no,no,https://clinicaltrials.gov/study/NCT04938713
NCT05635955,Remimazolam Versus Propofol for Painless Abortion,other,Anesthesia; Abortion Early,COMPLETED,INTERVENTIONAL,PHASE2,Maternal and Child Health Hospital of Hubei Province,esketamine,1,China,2022-08-01,,,"Na Li, MD (Maternal and Child Health Hospital of Hubei Province)",no,,https://clinicaltrials.gov/study/NCT05635955
NCT07603596,Opioid-free Anesthesia and Postoperative Delirium,anesthesia_analgesia,Postoperative Delirium; Gastrointestinal Tumors,NOT_YET_RECRUITING,INTERVENTIONAL,PHASE1,Qianfoshan Hospital,"esketamine,ketamine",0,,2026-05-01,"Yongtao Sun, PHD. MD.",+8618660795201,Yongtao Sun (Shandong First Medical University); Min Zhang (Shandong First Medical University),no,yes,https://clinicaltrials.gov/study/NCT07603596
NCT06968624,Ketamine for Postherpetic Neuralgia With Depression,psychiatric,Depression Disorders; Herpetic Neuralgia,NOT_YET_RECRUITING,INTERVENTIONAL,PHASE4,Huazhong University of Science and Technology,"esketamine,ketamine",0,,2025-06-15,"Shuguang Yang, MD",086-027-63639756,"Wei Mei, Phd (Tongji Medical College, Huazhong University of Science and Technology)",no,no,https://clinicaltrials.gov/study/NCT06968624
NCT00534586,"Anesthetics and Auditory, Visceral, and Heat Evoked Potentials",other,Healthy,COMPLETED,INTERVENTIONAL,PHASE4,Technical University of Munich,"esketamine,ketamine",1,Germany,2005-12,,,"Eberhard Kochs, MD (Technical University of Munich)",no,,https://clinicaltrials.gov/study/NCT00534586
NCT06087510,Different Dose Esketamine and Dexmedetomidine for Supplemental Analgesia and Longterm Outcomes,psychiatric,Scoliosis Correction; Postoperative Analgesia; Esketamine; Dexmedetomidine; Chronic Postsurgical Pain,RECRUITING,INTERVENTIONAL,PHASE4,Peking University First Hospital,esketamine,1,China,2024-01-24,"Dong-Xin Wang, MD, PhD",8610-83572784,"Dong-Xin Wang, MD, PhD (Peking University First Hospital)",no,no,https://clinicaltrials.gov/study/NCT06087510
NCT00847418,Pharmacokinetics and Pharmacodynamics of Nasally Applied Esketamine,other,Pain,COMPLETED,INTERVENTIONAL,PHASE1,"University Hospital, Basel, Switzerland",esketamine,1,Switzerland,2009-02,,,"Manuel Haschke, MD (Clinical Pharmacology and Toxicology, University Hospital Basel)",no,,https://clinicaltrials.gov/study/NCT00847418
NCT05268497,A Study to Assess Feasibility of Using Clinician-directed and Digital Application Supported Cognitive Behavior Therapy (CBT) in Conjunction With Esketamine in Participants With Treatment-resistant Depression,psychiatric,Depression,WITHDRAWN,INTERVENTIONAL,PHASE1,"Janssen Research & Development, LLC",esketamine,5,United States,2022-09-01,,,"Janssen Research & Development, LLC Clinical Trial (Janssen Research & Development, LLC)",no,yes,https://clinicaltrials.gov/study/NCT05268497
NCT06451627,Esketamine on Postoperative Sleep Disturbance of Patients Undergoing Spinal Surgery,anesthesia_analgesia,Esketamine; Sleep Disturbance; Spinal Surgery,UNKNOWN,INTERVENTIONAL,NA,Beijing Tiantan Hospital,esketamine,1,China,2024-06-10,,,,no,yes,https://clinicaltrials.gov/study/NCT06451627
NCT02918318,"A Study to Evaluate the Efficacy, Safety and Tolerability of Fixed Doses of Intranasal Esketamine in Japanese Participants With Treatment Resistant Depression",psychiatric,Depression,COMPLETED,INTERVENTIONAL,PHASE2,Janssen Pharmaceutical K.K.,esketamine,43,Japan,2016-12-12,,,"Janssen Pharmaceutical K.K., Japan Clinical Trial (Janssen Pharmaceutical K.K.)",yes,,https://clinicaltrials.gov/study/NCT02918318
NCT06003218,Dexmedetomidine-esketamine for Percutaneous Radiofrequency Liver Ablation,other,Liver Cancer; Radiofrequency Ablation; Esketamine; Dexmedetomidine,COMPLETED,INTERVENTIONAL,NA,Peking University First Hospital,esketamine,1,China,2023-10-16,,,"Dong-Xin Wang, MD, PhD (Peking University First Hospital)",no,,https://clinicaltrials.gov/study/NCT06003218
NCT06531837,Electroencephalographic Characteristics of Chronic Pain in Patients With Spinal Cord Injury,other,Chronic Pain,UNKNOWN,INTERVENTIONAL,NA,Beijing Tiantan Hospital,esketamine,1,China,2024-08-25,"Ruquan Han, M.D., Ph D",8610-59976660,"Ruquan Han, M.D., Ph D (Beijing Tiantan Hospital)",no,,https://clinicaltrials.gov/study/NCT06531837
NCT06278779,Comparative Effectiveness Study of Two Forms of Ketamine for Treatment-resistant Depression,psychiatric,Treatment Resistant Depression,RECRUITING,INTERVENTIONAL,PHASE4,The George Institute,"esketamine,ketamine",7,Australia,2024-06-03,Abigail Hansen,80524300,Colleen Loo (The University of New South Wales),no,,https://clinicaltrials.gov/study/NCT06278779
NCT07120477,Esketamine Versus Crisis Response Planning Versus Enhanced Treatment as Usual for Suicide Prevention: A Pragmatic Randomized Trial in a Brazilian Municipality (SAVE),psychiatric,Suicide Prevention; Ketamine; Crisis Response Plan,RECRUITING,INTERVENTIONAL,PHASE4,University of Sao Paulo,esketamine,1,Brazil,2026-06-01,"Rodolfo F Damiano, M.D., Ph.D.",+5511933300360,,no,no,https://clinicaltrials.gov/study/NCT07120477
NCT06613243,Different Doses of Dexmedetomidine Combined With Esketamine in Women Undergoing Cesarean Delivery,anesthesia_analgesia,Cesarean Delivery; Esketamine; Neuropsychiatric Symptoms; Dexmedetomidine,COMPLETED,INTERVENTIONAL,PHASE4,Peking University First Hospital,esketamine,1,China,2024-10-08,,,"Dong-Xin Wang, M.D., PhD. (Peking University First Hospital)",no,no,https://clinicaltrials.gov/study/NCT06613243
NCT03298906,"A Study to Assess the Effect of Ticlopidine on the Pharmacokinetics, Safety, and Tolerability of Intranasally Administered Esketamine in Healthy Participants",other,Healthy,COMPLETED,INTERVENTIONAL,PHASE1,"Janssen Research & Development, LLC",esketamine,1,Belgium,2017-09-26,,,"Janssen Research & Development, LLC Clinical Trial (Janssen Research & Development, LLC)",no,,https://clinicaltrials.gov/study/NCT03298906
NCT06624878,Esketamine for Prevention of Depression After Cytoreductive Surgery in Ovarian Cancer,psychiatric,Ovarian Cancer; Cytoreductive Surgery; Depressive Symptom,COMPLETED,INTERVENTIONAL,NA,Zhejiang Cancer Hospital,esketamine,1,China,2024-10-08,,,,no,yes,https://clinicaltrials.gov/study/NCT06624878
NCT05092152,Propofol Versus Ketamine for Rapid Sequence Intubation in Critically Ill Patients,anesthesia_analgesia,Acute Respiratory Failure,COMPLETED,INTERVENTIONAL,PHASE2,Federal University of São Paulo,esketamine,1,Brazil,2021-10-23,,,"Flavia R Machado, MD, PhD (Federal University of São Paulo); Raysa Schmidt, MD (Federal University of São Paulo)",no,yes,https://clinicaltrials.gov/study/NCT05092152
NCT05577962,Opioid Free Anesthesia on the Quality of Early Recovery,anesthesia_analgesia,Opioid-free Anesthesia,RECRUITING,INTERVENTIONAL,PHASE4,Beijing Friendship Hospital,"esketamine,ketamine",1,China,2024-08-01,Haijun Hou,+8618612568228,Haijun Hou (Guang'anmen Hospital of China Academy of Chinese Medical Sciences),no,no,https://clinicaltrials.gov/study/NCT05577962
NCT01980303,A Study to Assess the Pharmacokinetics of Intranasally Administered Esketamine in Healthy Japanese and Caucasian Volunteers,other,Healthy Volunteers,COMPLETED,INTERVENTIONAL,PHASE1,"Janssen Research & Development, LLC",esketamine,1,United States,2013-11,,,"Janssen Research & Development, LLC Clinical Trial (Janssen Research & Development, LLC)",no,,https://clinicaltrials.gov/study/NCT01980303
NCT06473285,Effects of Esketamine on Consciousness-related Brain Network Characteristics in Patients With Prolonged Disorders of Consciousness,psychiatric,Prolonged Disorders of Consciousness,UNKNOWN,INTERVENTIONAL,NA,Beijing Tiantan Hospital,esketamine,1,China,2024-06-01,,,,no,,https://clinicaltrials.gov/study/NCT06473285
NCT04303325,Effect of Esketamine on Postoperative Depression、Gut Microbiota、Bispectral Index Data of Depression Patients Undergoing Breast Cancer Operation (ESPOD-BI),psychiatric,Depression,UNKNOWN,INTERVENTIONAL,PHASE4,"China Medical University, China",esketamine,1,China,2021-10-08,,,,no,no,https://clinicaltrials.gov/study/NCT04303325
NCT01022840,The Preemptive Analgetic Potency of Low Dose S-Ketamine,other,Pain,COMPLETED,INTERVENTIONAL,PHASE3,Medical University of Graz,"esketamine,ketamine",3,Austria,2009-02,,,"Mischa Wejbora, MD (Med. U Graz)",no,,https://clinicaltrials.gov/study/NCT01022840
NCT04860661,Esketamine on Postpartum Depression in Cesarean Section Women,psychiatric,Esketamine; Postpartum Depression,COMPLETED,INTERVENTIONAL,NA,Ailin Luo,esketamine,1,China,2021-05-01,,,"Ailin luo, Dr. (Department of Anesthesiology of Tongji Hospital)",no,no,https://clinicaltrials.gov/study/NCT04860661
NCT07179913,The Improvement of Low-dose Esketamine on Postoperative Depression in Patients Undergoing Bariatric Surgery With Preoperative Depression,psychiatric,Depressed; Bariatric Surgery,ACTIVE_NOT_RECRUITING,INTERVENTIONAL,PHASE4,The First Hospital of Jilin University,esketamine,1,China,2026-05-01,,,"Zhiwen Li, Doctor of Medicine (The First Hospital of Jilin University)",no,yes,https://clinicaltrials.gov/study/NCT07179913
NCT04829318,A Long-Term Extension Study for Participants With Treatment-resistant Major Depressive Disorder Who Are Continuing Esketamine Nasal Spray Treatment,psychiatric,"Depressive Disorder, Major",COMPLETED,INTERVENTIONAL,PHASE4,Janssen-Cilag Ltd.,esketamine,59,Argentina; Belgium; Bulgaria; Czechia; Finland; Germany; Greece; Hungary; Malaysia; Poland; South Africa; South Korea; Taiwan; Turkey (Türkiye),2021-04-26,,,Janssen-Cilag Ltd. Clinical Trial (Janssen-Cilag Ltd.),yes,yes,https://clinicaltrials.gov/study/NCT04829318
NCT05180318,Prophylactic Effects of Esketamine in Surgical Patients,anesthesia_analgesia,Surgical Injury,WITHDRAWN,INTERVENTIONAL,PHASE4,"Union Hospital, Tongji Medical College, Huazhong University of Science and Technology",esketamine,1,China,2024-10-01,,,"Jiancheng Zhang, MD, PhD (Union Hospital, Tongji Medical College, Huazhong University of Science and Technology)",no,yes,https://clinicaltrials.gov/study/NCT05180318
NCT04480918,University of Iowa Interventional Psychiatry Service Patient Registry,psychiatric,Treatment Resistant Depression; Major Depressive Episode; Major Depression; Major Depressive Disorder; Bipolar Disorder; Bipolar Depression; Obsessive-Compulsive Disorder,RECRUITING,OBSERVATIONAL,,Mark Niciu,"esketamine,ketamine",1,United States,2020-11-02,"Karin Nielsen, MS",319-384-6521,"Mark J Niciu, M.D., Ph. D. (University of Iowa Hospitals & Clinics); Nicholas T Trapp, M.D., M.S. (University of Iowa Hospitals & Clinics)",no,no,https://clinicaltrials.gov/study/NCT04480918
NCT05160493,The Effect of Esketamine Combined With Pregabalin on Chronic Postsurgical Pain in Patients After Craniotomy.,anesthesia_analgesia,Chronic Postsurgical Pain,COMPLETED,INTERVENTIONAL,PHASE2|PHASE3,Beijing Tiantan Hospital,"esketamine,ketamine",1,China,2021-12-20,,,"Ruquan Han, M.D., Ph D. (Beijing Tiantan Hospital)",no,undecided,https://clinicaltrials.gov/study/NCT05160493
NCT07736352,Exploration of Appropriate BIS Range and Propofol Effect-site Concentration During Total Intravenous Anesthesia With Concomitant Adjuvants.,anesthesia_analgesia,"Knee Osteoarthritis; Replacement, Knee; Elective Surgical Patients; ASA Class I/II Patients",NOT_YET_RECRUITING,INTERVENTIONAL,NA,China-Japan Friendship Hospital,esketamine,0,,2026-08-01,MA,+86-10-84205882,,no,no,https://clinicaltrials.gov/study/NCT07736352
NCT03380728,Ibogaine in the Treatment of Alcoholism: an Open-label Escalating-dose Trial,psychiatric,Alcoholism,COMPLETED,INTERVENTIONAL,PHASE2,University of Sao Paulo,ibogaine,1,Brazil,2022-10-30,,,"Rafael dos Santos, PhD (Departamento de Neurociências e Ciências do Comportamento, Faculdade de Medicina de Ribeirão Preto, Universidade de São Paulo); Jaime Hallak, PhD (Departamento de Neurociências e Ciências do Comportamento, Faculdade de Medicina de Ribeirão Preto, Universidade de São Paulo)",no,no,https://clinicaltrials.gov/study/NCT03380728
NCT04003948,Preliminary Efficacy and Safety of Ibogaine in the Treatment of Methadone Detoxification,other,Drug Dependence; Drug Use Disorders; Opioid Dependence,COMPLETED,INTERVENTIONAL,PHASE2,"International Center for Ethnobotanical Education, Research, and Service",ibogaine,1,Spain,2020-10-28,,,"José Carlos Bouso, PhD (International Center for Ethnobotanical Education, Research, and Service); Tre Borràs, MD (Hospital Universitari Sant Joan de Reus)",no,no,https://clinicaltrials.gov/study/NCT04003948
NCT04313712,Pre-post Evaluation of the Safety and Efficacy of Ibogaine-Magnesium Therapy in Veterans With Repeated Blast Exposure,other,Blast or Combat Exposure; Head Injury Trauma,ACTIVE_NOT_RECRUITING,OBSERVATIONAL,,Stanford University,ibogaine,1,United States,2021-11-15,,,"Nolan Williams, MD (Stanford University)",no,,https://clinicaltrials.gov/study/NCT04313712
NCT05029401,A Study of Oral Ibogaine in Opioid Withdrawal,other,Opiate Withdrawal Syndrome,COMPLETED,INTERVENTIONAL,PHASE1|PHASE2,"atai Therapeutics, Inc.",ibogaine,2,United Kingdom,2021-04-01,,,,no,no,https://clinicaltrials.gov/study/NCT05029401
NCT07226570,Mapping Ibogaine Neural Dynamics in Opioid Use Disorder,psychiatric,Opioid Use Disorder (OUD),RECRUITING,OBSERVATIONAL,,"University of California, Irvine",ibogaine,1,United States,2025-09-08,"Richard E Harris, PhD",949-824-7000,"Richard E Harris, PhD (University of California, Irvine, Susan Samueli Integrative Health Institute)",no,undecided,https://clinicaltrials.gov/study/NCT07226570
NCT04360070,The Application of Ketamine for Sedation in Patients With Cardiac Arrest - - KetCat (KETamine in Cardiac ArresT) Study,anesthesia_analgesia,"Cardiac Arrest, Out-Of-Hospital; Ketamine; Neurologic Manifestations",UNKNOWN,INTERVENTIONAL,NA,Fraser Health,ketamine,1,Canada,2022-02-28,"George Medvedev, MD",604 759 2140,,no,no,https://clinicaltrials.gov/study/NCT04360070
NCT04248205,Ketamine for Post-operative Analgesia in Hemorrhoidectomy,anesthesia_analgesia,Hemorrhoids,RECRUITING,INTERVENTIONAL,PHASE4,University of Oklahoma,ketamine,1,United States,2020-06-15,"Steven N Carter, MD",405-271-8001,"Steven N Carter, MD (University of Oklahoma)",no,no,https://clinicaltrials.gov/study/NCT04248205
NCT02664922,Anesthetic Techniques in EP Patients,other,Cardiac Disease,TERMINATED,INTERVENTIONAL,PHASE4,"University of California, Los Angeles",ketamine,1,United States,2012-05,,,"Aman Mahajan, MD, PhD (University of California, Los Angeles)",yes,no,https://clinicaltrials.gov/study/NCT02664922
NCT01942356,"Evaluation of Closed-loop TIVA Propofol, Sufentanil and Ketamine Guided by BIS Monitor",other,Acute Cholecystitis; Chronic Cholecystitis,COMPLETED,INTERVENTIONAL,NA,The University of Texas Health Science Center at San Antonio,ketamine,1,United States,2013-09,,,"Erik Boatman, M.D. (University of Texas)",no,,https://clinicaltrials.gov/study/NCT01942356
NCT04195256,Intranasal Dexmedetomidine Plus Ketamine for Procedural Sedation,anesthesia_analgesia,Fracture; Dislocation,RECRUITING,INTERVENTIONAL,PHASE2|PHASE3,Naveen Poonai,ketamine,6,Canada,2020-03-11,"Naveen Poonai, MD",5196858500,"Naveen Poonai, MD (Western University)",no,no,https://clinicaltrials.gov/study/NCT04195256
NCT07045870,Methods of Post Operative Analgesia in Patients Undergoing Thyroidectomy,anesthesia_analgesia,Thyroid Disorder,RECRUITING,INTERVENTIONAL,NA,Sohag University,ketamine,1,Egypt,2025-06-11,"Mario N Ishak, Resident",01210609798,,no,,https://clinicaltrials.gov/study/NCT07045870
NCT07636070,Multimodal Opioid-Free Anesthesia in RIRS,anesthesia_analgesia,Kidney Stone; Retrograde Intrarenal Surgery (RIRS); Postoperative Pain,NOT_YET_RECRUITING,INTERVENTIONAL,NA,murat sahin,ketamine,1,Turkey (Türkiye),2026-06-01,murat sahin,+905070666680,,no,no,https://clinicaltrials.gov/study/NCT07636070
NCT00556361,Use of Ketamine Prior to Cardiopulmonary Bypass in Children,other,Ventricular Septal Defect,COMPLETED,INTERVENTIONAL,PHASE2,Arkansas Children's Hospital Research Institute,ketamine,1,United States,2004-07,,,"Adnan T Bhutta, MD (Arkansas Children's Hospital Research Institute)",no,,https://clinicaltrials.gov/study/NCT00556361
NCT02311777,Pre-operative Pregabalin and Ketamine to Prevent Phantom Pain,other,Phantom Pain,WITHDRAWN,INTERVENTIONAL,PHASE3,University of Texas Southwestern Medical Center,ketamine,2,United States,2015-05-15,,,"Dawood H Nasir, MD (University of Texas Southwestern Medical Center)",no,no,https://clinicaltrials.gov/study/NCT02311777
NCT05303987,Dexmedetomidine Versus Propofol Sedation for Drug-Induced Sleep Endoscopy in Pediatric Obstructive Sleep Apnea,anesthesia_analgesia,Obstructive Sleep Apnea,RECRUITING,INTERVENTIONAL,PHASE2,Erin Kirkham,ketamine,1,United States,2022-10-05,Brittany Nordhaus,734-232-1740,"Erin Kirkham, MD MPH (University of Michigan)",no,no,https://clinicaltrials.gov/study/NCT05303987
NCT02556606,Ketamine for Treatment Resistant Late-Life Depression,psychiatric,Treatment Resistant Depressive Disorder,COMPLETED,INTERVENTIONAL,PHASE3,VA Office of Research and Development,ketamine,1,United States,2015-10-01,,,"Sanjay Mathew, MD (Michael E. DeBakey VA Medical Center, Houston, TX)",yes,no,https://clinicaltrials.gov/study/NCT02556606
NCT04852484,Morphine Versus Ketamine as Adjuvants in Paravertebral Blocks,other,"Pain, Postoperative; Pain, Acute; Pain, Chronic; Pain, Neuropathic; Morphine; Ketamine; Analgesia",UNKNOWN,INTERVENTIONAL,NA,Aretaieion University Hospital,ketamine,2,Greece,2021-04-16,,,"Kassiani Theodoraki, PhD, DESA (Aretaieion University Hospital)",no,no,https://clinicaltrials.gov/study/NCT04852484
NCT02735343,The CHECK Trial: A Comparison of Headache Treatment in the Emergency Department: Compazine Versus Ketamine,other,Headache,TERMINATED,INTERVENTIONAL,PHASE3,Mike O'Callaghan Military Hospital,ketamine,1,United States,2016-08,,,"Christopher Pitotti, MD (Mike O'Callaghan Federal Medical Center)",yes,yes,https://clinicaltrials.gov/study/NCT02735343
NCT04081909,"Opioid Based Anaesthesia vs Opioid Free Anesthesia in Cleft Lip, Palate ,Alveolus Surgery.",anesthesia_analgesia,Intravenous Anesthesia,UNKNOWN,INTERVENTIONAL,PHASE4,Shanghai Ninth People's Hospital Affiliated to Shanghai Jiao Tong University,ketamine,0,,2019-09-04,"Yu Sun, MD,PhD",0086-136-1189-5542,,no,,https://clinicaltrials.gov/study/NCT04081909
NCT04686448,Ketofol Versus Fenofol as Procedural Sedation for Carpal Tunnel Release,anesthesia_analgesia,Procedural Sedation,UNKNOWN,INTERVENTIONAL,PHASE1|PHASE2,Zagazig University,ketamine,1,Egypt,2021-01-01,"Marwa Zakzouk, MD",01004178761,"Marwa Zakzouk, MD (Zagazig University)",no,,https://clinicaltrials.gov/study/NCT04686448
NCT04490031,Evaluation of Ketamine as Sedative Agent in Endoscopic Retrograde Cholangiopancreatography (ERCP),anesthesia_analgesia,Ketamine Adverse Reaction,RECRUITING,INTERVENTIONAL,PHASE4,Universiti Kebangsaan Malaysia Medical Centre,ketamine,1,Malaysia,2020-03-01,"Muhammad Hafiz Ismail, MBBS",6016 3354384,"Ian Chik, MD (Universiti Kebangsaan Malaysia Medical Centre); Norma mohamad, MD (Universiti Kebangsaan Malaysia Medical Centre)",no,no,https://clinicaltrials.gov/study/NCT04490031
NCT02543983,Neurobiology of Suicide,psychiatric,Healthy Volunteers; Depression,RECRUITING,INTERVENTIONAL,PHASE2,National Institute of Mental Health (NIMH),ketamine,1,United States,2015-12-01,"Laura R Waldman, L.C.S.W.",(301) 768-2833,"Carlos A Zarate, M.D. (National Institute of Mental Health (NIMH))",no,yes,https://clinicaltrials.gov/study/NCT02543983
NCT02991053,Comparison of Transversus Abdominis Plane Block and Ilioinguinal / Iliohypogastric Nerve Block,anesthesia_analgesia,Intra-operative Anesthesia,UNKNOWN,INTERVENTIONAL,NA,Erzincan University,ketamine,0,,2016-12,,,ilke kupeli (Erzincan University),no,no,https://clinicaltrials.gov/study/NCT02991053
NCT06368219,Propofol or Benzodiazepine Combined With Ketamine for Procedural Sedation in Emergency Setting,anesthesia_analgesia,Procedural Sedation,UNKNOWN,INTERVENTIONAL,EARLY_PHASE1,Alexandria University,ketamine,0,,2024-04,Asmaa Ramadan,01274627276,,no,no,https://clinicaltrials.gov/study/NCT06368219
NCT07180095,Children of Age 2-6years Undergoing Elective Surgery Will be Divided Into Two Groups Randomly. This Study Aims to Evaluate if Intranasal Dexmedetomidine is Better Than Intranasal Ketamine in Producing Sedation and Reducing Parent Separation Anxiety Before Surgery.,psychiatric,Sedation; Preoperative Anxiety Experienced by the Pediatric Patient; Anxiolytic Effect; Sedation and Analgesia,NOT_YET_RECRUITING,INTERVENTIONAL,PHASE1|PHASE2,Liaquat National Hospital & Medical College,ketamine,0,,2026-01-01,,,,no,,https://clinicaltrials.gov/study/NCT07180095
NCT02579642,Effects of Low-dose Ketamine as an Adjunct to Propofol-based Anesthesia for Electroconvulsive Therapy,anesthesia_analgesia,Depressive Disorder,COMPLETED,INTERVENTIONAL,PHASE4,University of Alberta,ketamine,2,Canada,2015-10,,,"Ferrante S Gragasin, MD, PhD (University of Alberta)",no,,https://clinicaltrials.gov/study/NCT02579642
NCT04987372,Multimodal Versus Opioid aNalgesia in carDiAc Surgery,anesthesia_analgesia,Postoperative Pain; Postoperative Delirium,COMPLETED,INTERVENTIONAL,PHASE4,"University Hospital, Ghent",ketamine,1,Belgium,2019-01-21,,,"Harlinde Peperstraete, MD (UZ Gent)",yes,no,https://clinicaltrials.gov/study/NCT04987372
NCT04746079,Positive Imagery Therapy and the Incidence of Emergence Reactions With the Use of Ketamine,other,Procedural Sedation; Emergence Delirium,UNKNOWN,INTERVENTIONAL,NA,Mercy Health Ohio,ketamine,1,United States,2021-02-05,"Todd Bolotin, MD",(330) 219-3838,"Todd Bolotin, MD (Bon Secours Mercy Health)",no,no,https://clinicaltrials.gov/study/NCT04746079
NCT06412861,Propofol-ketamine or Propofol-fentanyl for Procedural Sedation in the Short-term Gynecological Case,anesthesia_analgesia,Ketamine; Sedation; Gynecologic Disease,COMPLETED,INTERVENTIONAL,NA,Ondokuz Mayıs University,ketamine,1,Turkey (Türkiye),2024-04-20,,,ilke tamdoğan (ndokuz Mayıs University Faculty of Medicine),no,,https://clinicaltrials.gov/study/NCT06412861
NCT00163969,The Use of Ketamine as Rescue Analgesia in the Recovery Room Following Opioid Administration. A Double-blind Randomised Trial in Postoperative Patients,anesthesia_analgesia,Post Operative Pain,COMPLETED,INTERVENTIONAL,PHASE4,Bayside Health,ketamine,1,Australia,2002-04,,,"David E Lindholm, MBBS FANZCA (The Alfred)",no,,https://clinicaltrials.gov/study/NCT00163969
NCT04141696,A Proof-of-Concept Trial on the Effect of Ketamine on Fatigue,other,Fatigue,COMPLETED,INTERVENTIONAL,PHASE1|PHASE2,National Institute of Nursing Research (NINR),ketamine,1,United States,2021-07-26,,,"Leorey N Saligan, C.R.N.P. (National Institute of Nursing Research (NINR))",yes,yes,https://clinicaltrials.gov/study/NCT04141696
NCT03223220,Quelling of Excitotoxicity in Acute Stroke With Ketamine,other,Acute Ischemic Stroke,NOT_YET_RECRUITING,INTERVENTIONAL,PHASE2|PHASE3,Lower Merion Neurology Research Foundation,ketamine,1,United States,2024-07-01,"Sudhir Aggarwal, MD, PhD",4844132572,,no,no,https://clinicaltrials.gov/study/NCT03223220
NCT03357055,Ketamine Reduces Tourniquet Pain In Patients Undergoing Lower Limb Surgery Under Spinal Anaesthesia,anesthesia_analgesia,Tourniquet Pain,UNKNOWN,INTERVENTIONAL,PHASE4,Dr Foo Li Lian,ketamine,0,,2017-12-13,Li Lian Foo,+60379492052,"Li Lian Foo (Anaesthesiologist, Department of Anaesthesia, University Malaya Medical Centre)",no,no,https://clinicaltrials.gov/study/NCT03357055
NCT06727526,Acupressure's Impact on Pain and Physiological Parameters in Infants Undergoing Cardiac Catheterization,other,Cardiac Catheterization,NOT_YET_RECRUITING,INTERVENTIONAL,NA,Baskent University,ketamine,0,,2024-12-30,İlçim Ercan,05534700629,,no,no,https://clinicaltrials.gov/study/NCT06727526
NCT03503578,EEG Studies of Sevoflurane-Induced General Anesthesia,anesthesia_analgesia,Anesthesia,COMPLETED,INTERVENTIONAL,PHASE2,Massachusetts General Hospital,ketamine,1,United States,2018-05-01,,,,yes,no,https://clinicaltrials.gov/study/NCT03503578
NCT04388774,Low-Dose Ketamine in Children With ADNP Syndrome,other,ADNP Syndrome,COMPLETED,INTERVENTIONAL,PHASE1|PHASE2,Alexander Kolevzon,ketamine,1,United States,2020-08-19,,,"Alexander Kolevzon, MD (Icahn School of Medicine at Mount Sinai)",yes,no,https://clinicaltrials.gov/study/NCT04388774
NCT06060210,Impact of Ketamine On Depressive Symptoms In Patients Undergoing Lumbo-peritoneal Shunt Insertion,psychiatric,"Depression, Anxiety",COMPLETED,INTERVENTIONAL,PHASE4,Benha University,ketamine,1,Egypt,2023-10-29,,,"Fatma Ah Abdelfatah, MD (banha faculity of medicine)",no,,https://clinicaltrials.gov/study/NCT06060210
NCT03280017,Ketamine With Multilevel Paravertebral Block for Post Video-assisted Thoracic Surgery Pain,anesthesia_analgesia,"Pain, Acute; Pain, Chronic; Pain, Neuropathic",COMPLETED,INTERVENTIONAL,PHASE4,Mahidol University,ketamine,1,Thailand,2017-09-25,,,Sirilak Suksompong (Mahidol University),no,no,https://clinicaltrials.gov/study/NCT03280017
NCT06113497,A Prospective Study on the Comparison of Postoperative Pain According to the Use of Cocktail Therapy in Laminoplasty,anesthesia_analgesia,"Adverse Effects in the Therapeutic Use of Analgesic, Antipyretic and Anti-Inflammatory Drug, Unspecified",UNKNOWN,INTERVENTIONAL,PHASE4,Kyunghee University Medical Center,ketamine,0,,2023-11-25,"Kyung-Chung Kang, Associate Professor",+82)010-9933-1193,"Kyung-Chung Kang, Associate Professor (Kyunghee University)",no,no,https://clinicaltrials.gov/study/NCT06113497
NCT00700076,Pilot Study of ORG 25935 Modulation of Ketamine-induced Behavioral and Cognitive Effects in Healthy Male Subjects,other,Healthy,COMPLETED,INTERVENTIONAL,PHASE1,Yale University,ketamine,1,United States,2008-01-22,,,"Deepak C D'Souza, M.D. (Yale University)",no,,https://clinicaltrials.gov/study/NCT00700076
NCT03950817,Nebulized Sub-dissociative Dose Ketamine at Three Different Dosing Regimens for Treating Acute Pain in the Pediatric ED,other,Pain,COMPLETED,INTERVENTIONAL,PHASE4,Antonios Likourezos,ketamine,1,United States,2019-05-13,,,"John Marshall, MD (Maimonides Medical Center)",yes,no,https://clinicaltrials.gov/study/NCT03950817
NCT00892606,Methadone Versus Morphine for Orthopedic Surgery Patients,anesthesia_analgesia,"Fracture; Pain, Postoperative",COMPLETED,INTERVENTIONAL,PHASE4,University of Louisville,ketamine,1,United States,2009-01,,,"Anupama Wadhwa, MD (University of Louisville)",yes,,https://clinicaltrials.gov/study/NCT00892606
NCT01207206,Oral Ketamine as an Adjuvant to Opioids for Pain Treatment in Cancer Patients,other,Cancer; Pain; Tolerance,UNKNOWN,INTERVENTIONAL,NA,Tel-Aviv Sourasky Medical Center,ketamine,1,Israel,2010-10,"Silviu Brill, MD",972-3-6974477,,no,,https://clinicaltrials.gov/study/NCT01207206
NCT03305055,RCT: Fentanyl Plus Ketamine Versus Fentanyl Alone for Acute Burn Pain,other,Acute Pain; Wound Care; Posttraumatic Stress Disorder,TERMINATED,INTERVENTIONAL,PHASE4,Johns Hopkins University,ketamine,1,United States,2017-12-16,,,"James A Fauerbach, PhD (Johns Hopkins University SOM); Kevin Gerold, DOJD (Johns Hopkins University SOM)",yes,yes,https://clinicaltrials.gov/study/NCT03305055
NCT07228949,Complex Regional Pain Syndrome: Analgesic Outcome,anesthesia_analgesia,Chronic Pain; Complex Regional Pain Syndrome,ACTIVE_NOT_RECRUITING,OBSERVATIONAL,,Ciusss de L'Est de l'Île de Montréal,ketamine,2,Canada,2025-11-15,,,"Veronique Brulotte, MD (CIUSSS-de-l'Est-de-l'Ile-de-Montréal)",no,no,https://clinicaltrials.gov/study/NCT07228949
NCT05714540,Effect of Oropharyngeal Pack Soaked in Ketamine or Magnesium Sulphate on Post Operative Sore Throat After Nasal Surgery,anesthesia_analgesia,"Sore-throat; Nasopharyngeal Pack; Nasal Surgery; Nausea and Vomiting, Postoperative",UNKNOWN,INTERVENTIONAL,PHASE4,Beni-Suef University,ketamine,1,Egypt,2023-02-15,"Jehan Mohamed Mohamed, MD",00201110269572,,no,no,https://clinicaltrials.gov/study/NCT05714540
NCT00520104,Determination of Drug Interactions of Certain Nasal Medications With Intranasal Ketamine,other,Pharmacokinetics,UNKNOWN,INTERVENTIONAL,PHASE1,Javelin Pharmaceuticals,ketamine,1,United States,2007-08,,,Javelin Pharmaceuticals (Javelin Pharmaceuticals),no,,https://clinicaltrials.gov/study/NCT00520104
NCT02925858,Effect of Ketamine on Analgesia Post-Cardiac Surgery,anesthesia_analgesia,"Pain, Postoperative",COMPLETED,INTERVENTIONAL,PHASE4,Jewish General Hospital,ketamine,1,Canada,2017-08-28,,,"Matthew Cameron, MD (Jewish General Hospital)",yes,yes,https://clinicaltrials.gov/study/NCT02925858
NCT03865550,Post-op Ketamine Study,other,Osteo Arthritis Knee,UNKNOWN,INTERVENTIONAL,NA,Rothman Institute Orthopaedics,ketamine,1,United States,2016-03-28,,,,no,,https://clinicaltrials.gov/study/NCT03865550
NCT06903819,"Ketamine for Pain, Opioid Use, and Mental Health in Orthopedic Trauma Patients",psychiatric,Orthopedic Trauma Surgery Patients; Postoperative Pain; Opioid Use; Depression; Post-traumatic Stress Disorder (PTSD),RECRUITING,INTERVENTIONAL,PHASE4,Texas Tech University Health Sciences Center,ketamine,2,United States,2025-11-06,"Evan J Hernandez, MBA",8067436846,"Max Evan Davis, MD (Texas Tech University Health Sciences Center Department of Orthopaedic Surgery,)",no,no,https://clinicaltrials.gov/study/NCT06903819
NCT05079087,Pericapsular Nerve Group Block for Positional Pain and Postoperative Analgesia in Hip Fractures,anesthesia_analgesia,"Pertrochanteric Fracture; Pain, Postoperative",UNKNOWN,INTERVENTIONAL,NA,Azienda Sanitaria dell'Alto Adige,ketamine,1,Italy,2021-04-01,"Paolo Seraglio, MD",00390473267570,,no,undecided,https://clinicaltrials.gov/study/NCT05079087
NCT04099771,Ketamine for Mood Disorders With Suicidal Ideation,psychiatric,"Depressive Disorder, Major; Suicidal Ideation",UNKNOWN,INTERVENTIONAL,EARLY_PHASE1,The Miriam Hospital,ketamine,1,United States,2019-07-01,Principal Investigator,4014444000,"Francesca Beaudoin, MD PhD (Rhode Island Hospital)",no,,https://clinicaltrials.gov/study/NCT04099771
NCT01191398,Effectiveness of Atropine and Glycopyrrolate to Reduce Hyper Salivation With Ketamine Sedation,anesthesia_analgesia,Sialorrhea,COMPLETED,INTERVENTIONAL,NA,Craig J. Huang,ketamine,1,United States,2010-06,,,"Adriana Rodriguez, MD (University of Texas Southwestern Medical Center); Craig Huang, MD (University of Texas Southwestern Medical Center)",yes,,https://clinicaltrials.gov/study/NCT01191398
NCT02909465,"Reducing Ketamine-Induced Agitation, by Midazolam or Haloperidol Premedication After Adult Procedural Sedation",anesthesia_analgesia,Ketamine Induced Agitation,COMPLETED,INTERVENTIONAL,PHASE4,Tehran University of Medical Sciences,ketamine,1,Iran,2016-07,,,,no,undecided,https://clinicaltrials.gov/study/NCT02909465
NCT04816344,Emergence Delirium in Children for Magnetic Resonance Imaging,anesthesia_analgesia,Delirium; Pediatric Disorder; Anesthesia,COMPLETED,OBSERVATIONAL,,Turkiye Yuksek Ihtisas Education and Research Hospital,ketamine,1,Turkey (Türkiye),2018-07-01,,,Derya Karasu (Bursa Yuksek Ihtisas Training and Research Hospital),no,undecided,https://clinicaltrials.gov/study/NCT04816344
NCT07105839,Opioid-Free Versus Opioid-Based Anesthesia in Bariatric,anesthesia_analgesia,Obesity; Bariatric Surgery,NOT_YET_RECRUITING,INTERVENTIONAL,PHASE4,Siirt Training and Research Hospital,ketamine,0,,2025-08-20,"ali K oğuz, specialist Dr in Anestesiology",+905324683045,,no,undecided,https://clinicaltrials.gov/study/NCT07105839
NCT06597695,A Ketamine-assisted Group Therapy Intervention for Spanish-speaking Adults With Depression,psychiatric,Depression,RECRUITING,INTERVENTIONAL,PHASE1|PHASE2,"Juliana Zambrano, MD, MPH",ketamine,1,United States,2025-07-23,"Juliana Zambrano, MD",617-726-2000,"Juliana Zambrano, MD (Massachusetts General Hospital)",no,,https://clinicaltrials.gov/study/NCT06597695
NCT03649334,Ketamine-ketorolac Versus Fentanyl- Ketorolac I.M in Children During Bone Marrow Biopsy,other,Hematological Malignancy (Leukemia- Lymphoma),COMPLETED,INTERVENTIONAL,PHASE4,Mansoura University,ketamine,1,Egypt,2018-08-26,,,"Enas A Abd el Motlb, MD (Assisitant Professor)",no,undecided,https://clinicaltrials.gov/study/NCT03649334
NCT06366334,Study of IV Ketamine for Emergency Department Treatment of Adolescent Suicidal Ideation,psychiatric,Suicidal Ideation; Suicidal Ideas,UNKNOWN,INTERVENTIONAL,NA,Children's Hospital of Eastern Ontario,ketamine,1,Canada,2024-01-15,"Maala Bhatt, MD",6137377600,"Tyrus Crawford, BA (CHEO)",no,no,https://clinicaltrials.gov/study/NCT06366334
NCT07182032,Ketamine in Central Sensitization,other,Endometriosis; Chronic Pelvic Pain,WITHDRAWN,INTERVENTIONAL,PHASE4,University Hospitals Cleveland Medical Center,ketamine,1,United States,2026-02-01,,,"Adi Cosic, DO (University Hospitals); Morgan Cheeks, MD (University Hosptials)",no,no,https://clinicaltrials.gov/study/NCT07182032
NCT01645098,Sedation During Muscle Biopsy in Patients With Duchenne Muscular Dystrophy,anesthesia_analgesia,Duchenne Muscular Dystrophy,COMPLETED,INTERVENTIONAL,NA,Nationwide Children's Hospital,ketamine,1,United States,2011-08,,,"Joseph D Tobias, MD (Nationwide Children's Hospital)",yes,,https://clinicaltrials.gov/study/NCT01645098
NCT03017248,Low-dose Ketamine for Acute Pain in the Emergency Department,other,Pain,UNKNOWN,INTERVENTIONAL,PHASE1,"Faculty of Medicine, Sousse",ketamine,1,Tunisia,2016-01,,,"Hajer KRAIEM, MD (Faculty of medicine of Sousse)",no,undecided,https://clinicaltrials.gov/study/NCT03017248
NCT04833816,Ketamine Low dOse Evaluation on Morphine Consumption in Traumatic Patient,psychiatric,Traumatic Injury,COMPLETED,INTERVENTIONAL,PHASE3,Assistance Publique Hopitaux De Marseille,ketamine,1,France,2022-08-05,,,Jean Olivier ARNAUD (AP-HM),no,no,https://clinicaltrials.gov/study/NCT04833816
NCT05146232,Effect of Opioid Free Versus Opioid-Based Anesthesia on Cerebral Oximetry In Gastric Sleeve Operation,anesthesia_analgesia,Bariatric Surgery Candidate,UNKNOWN,INTERVENTIONAL,NA,Tanta University,ketamine,0,,2022-02-05,,,,no,,https://clinicaltrials.gov/study/NCT05146232
NCT03676114,Effect of Perioperative Low Dose Ketamine on Postoperative Recovery in Patients Undergoing Breast Cancer Surgery,anesthesia_analgesia,Breast Cancer,UNKNOWN,INTERVENTIONAL,PHASE4,Han Yuan,ketamine,1,China,2018-09-20,Junli Cao,+86 15162160809,,no,,https://clinicaltrials.gov/study/NCT03676114
NCT02000206,Comparison of Propofol/Alfentanil With Propofol/Ketamine,other,Lung Disease,UNKNOWN,INTERVENTIONAL,NA,Rabin Medical Center,ketamine,1,Israel,2014-02,"Yair Manevich, MD",,"Mordechai R Kramer, MD (Rabin Medical Center)",no,,https://clinicaltrials.gov/study/NCT02000206
NCT00784498,Procedural Sedation Using Propofol Versus Midazolam/Ketamine in the Adult Emergency Department,anesthesia_analgesia,Procedural Sedation,COMPLETED,INTERVENTIONAL,PHASE4,Tel-Aviv Sourasky Medical Center,ketamine,1,Israel,2008-11,,,"Pinchas Halpern, MD (Tel Aviv Sourasky Medical Center, Sackler Faculty of Medicine, Tel Aviv University, Tel Aviv, Israel)",no,,https://clinicaltrials.gov/study/NCT00784498
NCT02489630,Low Dose Ketamine as an Adjunct to Opiates for Acute Pain in the Emergency Department,other,Acute Pain; Pain,COMPLETED,INTERVENTIONAL,PHASE4,Carilion Clinic,ketamine,0,,2013-09,,,"Corey R Heitz, MD (Physician)",yes,,https://clinicaltrials.gov/study/NCT02489630
NCT04524130,Intraoperative Lidocaine and Combined With Ketamine on Opioid After Bariatric Surgery,anesthesia_analgesia,Laparoscopic Bariatric Surgery,COMPLETED,INTERVENTIONAL,PHASE4,Mahidol University,ketamine,1,Thailand,2021-04-01,,,Parichat Tovikkai (Mahidol University),no,no,https://clinicaltrials.gov/study/NCT04524130
NCT07139106,Understanding the Role of the Kappa Opioid Receptor in Ketamine's Attenuation of Suicidal Thoughts,psychiatric,Major Depressive Disorder (MDD),NOT_YET_RECRUITING,INTERVENTIONAL,PHASE4,New York State Psychiatric Institute,ketamine,1,United States,2026-10-01,"Elizabeth A Bartlett, PhD",646-774-7608,,no,yes,https://clinicaltrials.gov/study/NCT07139106
NCT04010266,RelieVRx for Total Knee Arthroplasty (TKA) for the Reduction of Acute Postoperative Pain and Opioid Use,psychiatric,"Opioid Use; Arthropathy of Knee; Pain, Postoperative",COMPLETED,INTERVENTIONAL,NA,AppliedVR Inc.,ketamine,3,United States,2021-03-01,,,Dr. Michael Suk (Geisinger Clinic),yes,,https://clinicaltrials.gov/study/NCT04010266
NCT07596095,"Induction Agents in ECT: Effects on Seizure Duration, Quality, and Recovery",other,"Electroconvulsive Therapy; Anesthesia, General",COMPLETED,INTERVENTIONAL,NA,Dr. Lutfi Kirdar Kartal Training and Research Hospital,ketamine,1,Turkey (Türkiye),2024-07-17,,,"Gülten Arslan, MD (University of Health Sciences, Kartal Dr. Lütfi Kırdar City Hospital)",no,no,https://clinicaltrials.gov/study/NCT07596095
NCT06745388,Magnesium and Cramping,other,Uterine Cramps; Postoperative Pain Management; Hysteroscopy,RECRUITING,INTERVENTIONAL,PHASE4,Corewell Health East,ketamine,1,United States,2025-07-29,"Ray Soto, MD",248-898-0833,"Ray Soto, MD (Corewell Health East)",no,yes,https://clinicaltrials.gov/study/NCT06745388
NCT03829124,Comparison of Ketamine Combine Propofol vs Propofol Anesthesia in Schizophrenia Electroconvulsive Therapy,anesthesia_analgesia,Schizophrenia,UNKNOWN,INTERVENTIONAL,PHASE4,Chang Gung Memorial Hospital,ketamine,0,,2019-05-24,,,,no,no,https://clinicaltrials.gov/study/NCT03829124
NCT06966596,Low-Dose Ketamine Infusion for Post-Operative Pain in Patients Undergoing Laparoscopic Cholecyctectomy,anesthesia_analgesia,Laparoscopic Cholecystectomy,COMPLETED,INTERVENTIONAL,PHASE1,Fazaia Ruth Pfau Medical College,ketamine,1,Pakistan,2024-11-01,,,,no,no,https://clinicaltrials.gov/study/NCT06966596
NCT07248202,Ketamine-lidocaine Versus Ketamine-fentanyl for Induction of Anesthesia in Patients With Left Ventricular Systolic Dysfunction Undergoing Elective Coronary Artery Bypass,anesthesia_analgesia,Coronary Artery Disease (CAD); Left Ventricular (LV) Systolic Dysfunction; Induction Anesthesia; Coronary Bypass Graft Surgery; Ketamine; Fentanyl; Lidocaine,COMPLETED,INTERVENTIONAL,NA,Cairo University,ketamine,1,Egypt,2025-12-01,,,,no,no,https://clinicaltrials.gov/study/NCT07248202
NCT00129597,Effect of Ketalar to Prevent Postoperative Chronic Pain After Mastectomy,anesthesia_analgesia,Pain; Breast Cancer,UNKNOWN,INTERVENTIONAL,PHASE4,Hospices Civils de Lyon,ketamine,1,France,2004-12,,,"Vincent PIRIOU, MD (Hospices Civils de Lyon)",no,,https://clinicaltrials.gov/study/NCT00129597
NCT07784556,THIS STUDY AIMS TO COMPARE TWO DRUGS KETAMINE AND TRAMAL IN PREVENTION OF SHIVERING IN PATIENTS UNDERGOING SPINAL ANESTHESIA STUDY POPULATION IS PT UNDERGOING C SECTION . DOSE OF KETAMINE IS 0.25mg/kg and That of TRAMAL 0.5mg/kg.,anesthesia_analgesia,Post Spinal Shivering,COMPLETED,INTERVENTIONAL,PHASE2,"KRL Hospital, Islamabad",ketamine,2,Pakistan,2024-07-15,,,"Amna Raza, MBBS FCPS (KRL Hospital, Islamabad)",no,no,https://clinicaltrials.gov/study/NCT07784556
NCT01833897,NMDA Antagonists in Bipolar Depression,psychiatric,Bipolar Disorder,COMPLETED,INTERVENTIONAL,PHASE4,New York State Psychiatric Institute,ketamine,1,United States,2013-03,,,"Joshua T Kantrowitz, MD (New York State Psychiatric Institute)",yes,,https://clinicaltrials.gov/study/NCT01833897
NCT03979105,Cardiovascular Safety After Continuous Ketamine Infusion,other,Pain; Ketamine Adverse Reaction; Postoperative Pain,COMPLETED,OBSERVATIONAL,,Universidad de Antioquia,ketamine,2,Colombia,2017-07-01,,,"Adriana M Cadavid, MD (Anesthesiology Investigator)",no,no,https://clinicaltrials.gov/study/NCT03979105
NCT03134066,Neurocognitive Features of Patients With Treatment-Resistant Depression,psychiatric,Treatment Resistant Depression,COMPLETED,OBSERVATIONAL,,Massachusetts General Hospital,ketamine,0,,2016-09,,,,no,,https://clinicaltrials.gov/study/NCT03134066
NCT04701866,Music as an Intervention to Improve Hemodynamic Tolerability of Ketamine in Depression,psychiatric,"Depressive Disorder, Treatment-Resistant; Depressive Disorder, Major; Unipolar Depression; Depression, Bipolar",COMPLETED,INTERVENTIONAL,NA,Douglas Mental Health University Institute,ketamine,2,Canada,2021-01-11,,,"Stéphane Richard-Devantoy, MD, PhD (Douglas Mental Health University Insitute)",no,,https://clinicaltrials.gov/study/NCT04701866
NCT03296345,Adjuvant Low-dose Ketamine in Pediatric Sickle Cell Vaso-occlusive Crisis,other,Sickle Cell Disease; Vaso-Occlusive Crisis,COMPLETED,INTERVENTIONAL,PHASE2,UCSF Benioff Children's Hospital Oakland,ketamine,1,United States,2016-06,,,"Jonathan B Cooper-Sood, MD (Children's Hospital and Research Center of Oakland)",yes,no,https://clinicaltrials.gov/study/NCT03296345
NCT01517828,Intranasal Midazolam Versus Intranasal Ketamine to Sedate Newborns for Intubation in Delivery Room,anesthesia_analgesia,Respiratory Distress Syndrome; Prematurity of Fetus,UNKNOWN,INTERVENTIONAL,PHASE3,"University Hospital, Montpellier",ketamine,3,France,2012-01,,,"Christophe CM MILESI, MD (University Hospital, Montpellier)",no,,https://clinicaltrials.gov/study/NCT01517828
NCT03247998,GA vs. CS for Endovascular Stroke Therapy,other,Stroke; Endovascular Repair; Anesthesia,UNKNOWN,INTERVENTIONAL,NA,London Health Sciences Centre Research Institute OR Lawson Research Institute of St. Joseph's,ketamine,0,,2017-08-31,Miguel Arango,519-685-8500,Miguel Arango (London Health Sciences Centre Research Institute OR Lawson Research Institute of St. Joseph's),no,no,https://clinicaltrials.gov/study/NCT03247998
NCT00387556,Ondansetron Reduce Vomiting Associated With Ketamine PSA,other,Conscious Sedation,COMPLETED,INTERVENTIONAL,NA,"University of Colorado, Denver",ketamine,1,United States,2002-12,,,"Joe E Wathen, MD (University of Colorado Health Science Center)",no,,https://clinicaltrials.gov/study/NCT00387556
NCT04877977,Long-term Observation of Participants With Mood Disorders,psychiatric,Depression; Suicide Risk,RECRUITING,OBSERVATIONAL,,National Institute of Mental Health (NIMH),ketamine,1,United States,2021-08-17,"Elizabeth D Ballard, Ph.D.",(301) 435-9399,"Elizabeth D Ballard, Ph.D. (National Institute of Mental Health (NIMH))",no,yes,https://clinicaltrials.gov/study/NCT04877977
NCT01538745,Low Dose Ketamine (LDK) Versus Morphine for Acute Pain Control in the Emergency Department,other,"Abdomen, Acute; Other Acute Pain; Flank Pain; Back Pain; Musculoskeletal Pain",COMPLETED,INTERVENTIONAL,PHASE4,Brooke Army Medical Center,ketamine,1,United States,2012-02,,,"Joshua P Miller, MD (United States Air Force)",yes,,https://clinicaltrials.gov/study/NCT01538745
NCT03644719,Effectiveness of a Brief Cognitive and Behavioral Skills Program on Stage Transitions for Chronic Ketamine Abusers,other,Substance Use Disorders,COMPLETED,INTERVENTIONAL,NA,National Taiwan University,ketamine,0,,2014-08-19,,,"Tony Szu-Hsien Lee, Ph.D. (Health Promotion and Health Education)",no,no,https://clinicaltrials.gov/study/NCT03644719
NCT04053400,Evaluating Ketamine and Psychological Sequelae,other,"Pain, Ketamine Infusion, Psychologic Sequelae",COMPLETED,OBSERVATIONAL,,Defense and Veterans Center for Integrative Pain Management,ketamine,1,United States,2014-12,,,,no,no,https://clinicaltrials.gov/study/NCT04053400
NCT07691372,Pharmacokinetics and Safety of Single-Dose Wafermine™ (Ketamine Sublingual Wafer) in Healthy Subjects,other,Healthy Adult Participants,NOT_YET_RECRUITING,INTERVENTIONAL,PHASE1,iX Biopharma Ltd.,ketamine,1,Australia,2026-06-09,"Janakan Krishnarajah, MD",+61 412 999 004,"Janakan Krishnarajah, MD ()",no,yes,https://clinicaltrials.gov/study/NCT07691372
NCT03312894,Efficacy and Safety of TAK-653 in Treatment-Resistant Depression,psychiatric,Treatment-Resistant Depression,WITHDRAWN,INTERVENTIONAL,PHASE2,"Millennium Pharmaceuticals, Inc.",ketamine,0,,2018-02-15,,,Medical Director (Takeda),no,,https://clinicaltrials.gov/study/NCT03312894
NCT06065137,Standardised Drug Provocation Testing in Perioperative Hypersensitivity,anesthesia_analgesia,"Allergic Reaction; Hypersensitivity; Perioperative Complication; Anaphylaxis; Anaphylactic Reaction; Immediate Hypersensitivity; Hypersensitivity, Drug",COMPLETED,INTERVENTIONAL,NA,"University Hospital, Antwerp",ketamine,1,Belgium,2023-10-23,,,"Vera Saldien, MD,PhD (University Hospital Antwerp, Head of department of anesthesiology)",no,,https://clinicaltrials.gov/study/NCT06065137
NCT02618668,"Haemodynamic Stability of Ketamine/Propofol Admixture ""Ketofol"" in Patient Undergoing Endoscopic Retrograde Cholangio Pancreatography",anesthesia_analgesia,Pancreatitis; Cholangitis,TERMINATED,INTERVENTIONAL,PHASE2,Assiut University,ketamine,1,Egypt,2015-07,,,"Mohamed A Bakr, Prof. (Assiut University); Nagwa m osman, Asst.prof. (Assiut University)",no,,https://clinicaltrials.gov/study/NCT02618668
NCT02063620,The Effect of Anesthetic Agents Management on ECG Changes of Patients Who Were Operated Under RIVA,other,"Qt Interval, Variation in",COMPLETED,INTERVENTIONAL,NA,Duzce University,ketamine,1,Turkey (Türkiye),2013-10,,,Gokce Akman Kose (Duzce University School of Medicine),no,,https://clinicaltrials.gov/study/NCT02063620
NCT00596050,Ketamine Versus Etomidate for Procedural Sedation for Pediatric Orthopedic Reductions,anesthesia_analgesia,Conscious Sedation Failure During Procedure,COMPLETED,INTERVENTIONAL,PHASE4,Drexel University College of Medicine,ketamine,1,United States,2006-08,,,"Jannet J Lee-Jayaram, M.D. (Drexel University College of Medicine)",no,no,https://clinicaltrials.gov/study/NCT00596050
NCT04600089,Ketamine in Patients Undergoing TEVAR Procedures Receiving NCI,other,Descending Aortic Dissection; Postoperative Pain; Thoracoabdominal Aortic Aneurysm,COMPLETED,INTERVENTIONAL,PHASE2,Eric Johnson,ketamine,1,United States,2020-12-08,,,"Anna Rockich, Pharm D (University of Kentucky); Samuel Tyagi, MD (University of Kentucky)",no,no,https://clinicaltrials.gov/study/NCT04600089
NCT05337618,Improving Neurotrauma by Depolarization Inhibition With Combination Therapy (INDICT),psychiatric,Traumatic Brain Injury,RECRUITING,INTERVENTIONAL,PHASE2,University of Cincinnati,ketamine,1,United States,2022-12-16,"Jed A Hartings, PhD",513-295-2370,,no,yes,https://clinicaltrials.gov/study/NCT05337618
NCT04658420,A Single Ketamine Infusion Combined With Music for Suicidal Ideation,psychiatric,Suicidal Ideation; Depressive Episode,UNKNOWN,INTERVENTIONAL,PHASE2,The University of Texas Health Science Center at Tyler,ketamine,1,United States,2021-07-01,"Richard Idell, MD",2816088348,"Richard Idell, MD (University of Texas Health Science Center at Tyler)",no,no,https://clinicaltrials.gov/study/NCT04658420
NCT01106846,Analgesic Effect of Ketamine in Patients Undergoing Hysteroscopic Endometrial Thermal Ablation Surgery,anesthesia_analgesia,Pain,TERMINATED,INTERVENTIONAL,NA,Northwestern University,ketamine,2,United States,2010-03,,,"Shireen Ahmad, MD (Northwestern University)",yes,,https://clinicaltrials.gov/study/NCT01106846
NCT06665568,Effects of Intranasal Ketamine on Depression and Anxiety in Palliative Care Cancer Patients,psychiatric,Depressive Symptoms Mild to Moderate in Severity; Anxiety; Quality of Life (QOL); Caregiver Burden; Sleep Quality,NOT_YET_RECRUITING,INTERVENTIONAL,EARLY_PHASE1,University of Zurich,ketamine,1,Switzerland,2025-04,"Caroline Hertler, MD, PhD",+41 43 253 95 59,,no,no,https://clinicaltrials.gov/study/NCT06665568
NCT02635282,IN Ketamine Vs IN Midazolam and Fentanyl for Abscess I&D,other,Abscess; Pain,COMPLETED,INTERVENTIONAL,PHASE4,University of Tennessee,ketamine,1,United States,2016-08,,,,no,,https://clinicaltrials.gov/study/NCT02635282
NCT07706478,Working Mechanisms and Effectiveness of IV Ketamine-assisted Psychotherapy on Depression in TRD Clients,psychiatric,Treatment Resistant Depression,RECRUITING,OBSERVATIONAL,,Senz,ketamine,1,Netherlands,2025-06-01,"Rutger Engels, dr",+31 343 235300,Rutger Engels (Senz),no,undecided,https://clinicaltrials.gov/study/NCT07706478
NCT01094990,Efficacy of Dexamethasone for Prevent Vomiting in Leukemic Children Who Receive Intrathecal Chemotherapy,other,Acute Leukemic Patients in Children,COMPLETED,INTERVENTIONAL,PHASE4,CHANCHAI TRAIVAREE,ketamine,2,Thailand,2011-04,,,"chanchai traivaree, MD (Phramongkutklao College of Medicine and Hospital)",no,,https://clinicaltrials.gov/study/NCT01094990
NCT05582213,Effect of Ketamine Versus Sevoflurane On The Right Ventricular Pressure,other,Congenital Pulmonary Stenosis,COMPLETED,INTERVENTIONAL,NA,Ain Shams University,ketamine,1,Egypt,2022-10-01,,,,no,,https://clinicaltrials.gov/study/NCT05582213
NCT06731647,Non-steroidal Anti-inflammatory Drugs in Pleurodesis,other,Non-steroidal Anti-inflammatory Drugs; Pleurodesis; Pneumothorax; Pain Management,RECRUITING,INTERVENTIONAL,PHASE2,"Centre Hospitalier Universitaire, Amiens",ketamine,1,France,2025-02-01,"Florent LEVIEL, MD",33 3 22 08 91 09,,no,no,https://clinicaltrials.gov/study/NCT06731647
NCT02378740,Ketamine in Patients Undergoing Anterior Cervical Discectomy and Fusion,other,Anesthesia; Pain; Surgery,WITHDRAWN,INTERVENTIONAL,PHASE4,Northwestern University,ketamine,1,United States,2015-04,,,"Natalie Moreland, MD (Northwestern University)",no,no,https://clinicaltrials.gov/study/NCT02378740
NCT02289248,Cognitive Behavioral Therapy in Prolonging the Antidepressant Effects of Intravenous Ketamine,psychiatric,Depression,COMPLETED,INTERVENTIONAL,PHASE1,Yale University,ketamine,2,United States,2015-02,,,"Samuel Wilkinson, MD (Yale University)",no,,https://clinicaltrials.gov/study/NCT02289248
NCT04227704,Ketamine to Prevent PPD After Cesarean,anesthesia_analgesia,Postpartum Depression,COMPLETED,INTERVENTIONAL,PHASE3,Washington University School of Medicine,ketamine,1,United States,2020-11-12,,,,yes,no,https://clinicaltrials.gov/study/NCT04227704
NCT02317341,Effect of Ketamine on Fatigue Following Cancer Therapy,other,Cancer; Fatigue; Ketamine,TERMINATED,INTERVENTIONAL,EARLY_PHASE1,National Institute of Nursing Research (NINR),ketamine,1,United States,2014-12-13,,,"Leorey N Saligan, C.R.N.P. (National Institute of Nursing Research (NINR))",no,,https://clinicaltrials.gov/study/NCT02317341
NCT01101659,Ketamine Challenge Study With JNJ-40411813,other,Perceptual Disorders; Confusion; Schizophrenia,COMPLETED,INTERVENTIONAL,PHASE1,"Johnson & Johnson Pharmaceutical Research & Development, L.L.C.",ketamine,1,Germany,2010-02,,,"Johnson & Johnson Pharmaceutical Research & Development, L.L. C. Clinical Trial (Johnson & Johnson Pharmaceutical Research & Development, L.L.C.)",no,,https://clinicaltrials.gov/study/NCT01101659
NCT06767566,Ketamine Pharmacokinetics and Pharmacodynamics for Postpartum Depression and Pain After Cesarean Delivery,psychiatric,Pain; Postpartum Depression,RECRUITING,INTERVENTIONAL,PHASE1,University of Utah,ketamine,2,United States,2025-03-28,"Natalie Bennion, MPH",385-209-1185,"Grace Lim, MD, MSc (University of Utah)",no,yes,https://clinicaltrials.gov/study/NCT06767566
NCT01430962,Endobronchial Ultrasound Guided Transbronchial Needle Aspiration Performed Under General Anesthesia Versus Moderate Sedation,anesthesia_analgesia,Mediastinal Lymphadenopathies; Mediastinal Masses; Hilar Lymphadenopathies,COMPLETED,OBSERVATIONAL,,Baylor College of Medicine,ketamine,1,United States,2011-11,,,"Roberto F. Casal, MD (Baylor College of Medicine- Michael E. DeBakey VA Medical Center)",no,,https://clinicaltrials.gov/study/NCT01430962
NCT03194594,Dexamethasone and Ketamine on Change of Postoperative Mood,psychiatric,Depressive Symptoms,COMPLETED,INTERVENTIONAL,PHASE4,Wonkwang University Hospital,ketamine,1,South Korea,2017-05-02,,,"Cheol Lee, M.D.,Ph.D (Wonkwang UH)",no,undecided,https://clinicaltrials.gov/study/NCT03194594
NCT03671070,Role of Low Dose Epinephrine Boluses In Acute Hypotension,other,Hypotension and Shock,UNKNOWN,INTERVENTIONAL,NA,Assiut University,ketamine,0,,2019-01-01,"Maher M Ahmed, Professer",+201062052802,,no,no,https://clinicaltrials.gov/study/NCT03671070
NCT07530146,Comparative Efficacy and Safety of Propofol-Ketamine Combination Versus Propofol Monotherapy in Geriatric Patients Under Invasive Ventilation,other,The Critically Ill Patient is Requiring Intubation; Septic Shock; Pneumonia,RECRUITING,INTERVENTIONAL,PHASE3,Helwan University,ketamine,1,Egypt,2026-05-13,,,,no,undecided,https://clinicaltrials.gov/study/NCT07530146
NCT04814888,3D Airway Model for Pediatric Patients,other,Congenital Heart Disease,COMPLETED,OBSERVATIONAL,,Pusan National University Yangsan Hospital,ketamine,1,South Korea,2019-09-03,,,"Hee Young Kim (Department of Anesthesia and Pain Medicine, School of Medicine, Pusan National University)",no,no,https://clinicaltrials.gov/study/NCT04814888
NCT05522673,[11C]-(R)-Rolipram to Measure cAMP Signaling Before and After Ketamine,other,Depression,TERMINATED,INTERVENTIONAL,PHASE1,National Institute of Mental Health (NIMH),ketamine,1,United States,2023-02-08,,,"Robert B Innis, M.D. (National Institute of Mental Health (NIMH))",yes,no,https://clinicaltrials.gov/study/NCT05522673
NCT04820205,Comparison of Oral Chloral Hydrate and Combination of Intranasal Dexmedetomidine and Ketamine for Procedural Sedation in Children,anesthesia_analgesia,Sedation,COMPLETED,INTERVENTIONAL,NA,Seoul National University Hospital,ketamine,1,South Korea,2021-10-29,,,,no,no,https://clinicaltrials.gov/study/NCT04820205
NCT06011746,Adding Ketamine to Levobupivacaine in Paravertebral Block in Thoracotomy,other,Ketamine; Levobupivacaine; Paravertebral Block; Acute Pain; Chronic Pain,COMPLETED,INTERVENTIONAL,PHASE4,Tanta University,ketamine,1,Egypt,2023-08-30,,,,no,yes,https://clinicaltrials.gov/study/NCT06011746
NCT04096768,The Use of Ketamine and Dexmedetomidine in Intensive Care Sedation,anesthesia_analgesia,ICU Patients; Sedation,UNKNOWN,INTERVENTIONAL,PHASE3,Lebanese American University Medical Center,ketamine,1,Lebanon,2019-09-16,"Fayez Abillama, MD",01200800,,no,undecided,https://clinicaltrials.gov/study/NCT04096768
NCT06620042,FMRI of Patients Receiving IV Ketamine for Treatment Resistant Bipolar Depression,psychiatric,Bipolar Depression; Treatment Resistant Bipolar Depression,COMPLETED,INTERVENTIONAL,PHASE2,Brian Barnett,ketamine,2,United States,2024-11-12,,,"Brian Barnett, MD (The Cleveland Clinic)",no,no,https://clinicaltrials.gov/study/NCT06620042
NCT06216210,Assessing the Impact of Opioid-Free Anesthesia Using the Modified Mulimix Technique.,anesthesia_analgesia,Opioid Use,COMPLETED,OBSERVATIONAL,,Zulekha Hospitals,ketamine,1,Egypt,2022-04-22,,,"SAMEH HA SEYAM, MD (assistant professor of anesthesiology, intensive care, and pain management, A-Azhar university)",no,,https://clinicaltrials.gov/study/NCT06216210
NCT00344682,Memantine Augmentation of Antidepressants,psychiatric,Depressive Disorder,COMPLETED,INTERVENTIONAL,PHASE4,"University of Massachusetts, Worcester",ketamine,1,United States,2006-06,,,"Kristina M Deligiannidis, M.D. (University of Massachusetts, Worcester)",yes,,https://clinicaltrials.gov/study/NCT00344682
NCT02785003,Ketamine in Colorectal Surgery,anesthesia_analgesia,"Acute Pain; Pain, Postoperative; Colorectal Surgery",WITHDRAWN,INTERVENTIONAL,PHASE4,Medical College of Wisconsin,ketamine,1,United States,2016-07,,,"Thomas W Carver, MD (Medical College of Wisconsin); Carrie Y Peterson, MD (Medical College of Wisconsin)",no,undecided,https://clinicaltrials.gov/study/NCT02785003
NCT01477242,The Effect of Ondansetron During Intramuscular Ketamine Use in Children: A Trial in Emergency Department,other,Sedation and Analgesia; Side Effect of Drug,UNKNOWN,INTERVENTIONAL,NA,Seoul National University Hospital,ketamine,1,South Korea,2011-11,"Do Kyun Kim, M.D.",82-2-2072-0238,"Do Kyun Kim, M.D. (Seoul National University Hospital)",no,,https://clinicaltrials.gov/study/NCT01477242
NCT07783256,Hemodynamic Responses to Laryngoscopy and Tracheal Intubation,anesthesia_analgesia,Hemodynamic Response to Laryngoscopy and Tracheal Intubation,NOT_YET_RECRUITING,INTERVENTIONAL,NA,Assiut University,ketamine,0,,2026-12-20,"Seham M Moeen, M.D.",01006386324,"Seham M Moeen, M.D. (Assiut University)",no,,https://clinicaltrials.gov/study/NCT07783256
NCT06410599,Pharmacologic Treatment Augmentation in Chronic Depression,psychiatric,Major Depressive Disorder,RECRUITING,INTERVENTIONAL,PHASE2,University Hospital Tuebingen,ketamine,2,Germany,2024-04-29,"Martin Walter, Prof. Dr.",+493641 9390101,"Martin Walter, Prof. Dr. (Universitätsklinikum Jena - Klinik für Psychiatrie und Psychotherapie); Andreas J Fallgatter, Prof. Dr. (Universitätsklinikum Tübingen - Klinik für Psychiatrie und Psychotherapie)",no,no,https://clinicaltrials.gov/study/NCT06410599
NCT06077539,Dexmedetomidine Versus Ketamine Versus Magnesium Sulfate for the Prevention of Emergence Agitation Following Sevoflurane Induced Anesthesia in Cardiac Catheterization in Pediatrics,anesthesia_analgesia,Anesthesia Emergence Delirium,UNKNOWN,INTERVENTIONAL,PHASE1|PHASE2,Cairo University,ketamine,1,Egypt,2023-09-20,"Amany H Saleh, MD",01224259808,"Amany Saleh, MD (Cairo University)",no,yes,https://clinicaltrials.gov/study/NCT06077539
NCT05444036,Caudal Ketamine-bupivacaine More Effective Than Bupivacaine-saline,other,Surgery; Pediatric Surgery,COMPLETED,INTERVENTIONAL,PHASE1,Egymedicalpedia,ketamine,1,Egypt,2018-09-01,,,"Nirvana Elshalakany, Professor (Department of Anesthesia and I.C.U. faculty of Medicine October six university, Egypt)",no,undecided,https://clinicaltrials.gov/study/NCT05444036
NCT03714919,A Pilot Study: a Non-opioid Technique for Postoperative Adenoidectomy Pain Relief in Pediatric Patients,anesthesia_analgesia,Adenoid Hypertrophy,COMPLETED,INTERVENTIONAL,PHASE2,Arlyne Thung,ketamine,1,United States,2019-08-02,,,"Arlyne Thung, MD (Nationwide Children's Hospital)",yes,no,https://clinicaltrials.gov/study/NCT03714919
NCT07294092,Ketamine and Propofol NeuroImaging,other,Anesthesia; Pain,RECRUITING,INTERVENTIONAL,EARLY_PHASE1,Keith M Vogt,ketamine,1,United States,2026-04-10,"Keith M Vogt, MD, PhD",4126473147,"Keith M Vogt, MD, PhD (University of Pittsburgh)",no,yes,https://clinicaltrials.gov/study/NCT07294092
NCT05674877,Opioid Sparing Anesthesia in Patients With Liver Cirrhosis Undergoing Liver Resection,anesthesia_analgesia,Liver Cirrhosis,COMPLETED,INTERVENTIONAL,PHASE3,Cairo University,ketamine,1,Egypt,2022-12-01,,,"Mohamed C Ollaek (Department of Anesthesia, Surgical ICU and Pain Management)",no,no,https://clinicaltrials.gov/study/NCT05674877
NCT05518877,Low Dose Ketamine Infusion for Analgesia in the Emergency Department to Reduce Side Effects,anesthesia_analgesia,"Pain, Acute; Dissociation",COMPLETED,INTERVENTIONAL,PHASE4,Summa Health System,ketamine,1,United States,2022-12-07,,,"Michael Pallaci, DO, FACEP (Summa Health System)",yes,no,https://clinicaltrials.gov/study/NCT05518877
NCT07222007,Induction Agent Choice With Early Mortality and Prognostic Outcomes in Critically Ill Patients,other,Critically Ill; Intubation Complication; Oxygenation; Airway Management; Propofol; Ketamine,RECRUITING,OBSERVATIONAL,,Zeliha Alicikus,ketamine,1,United States,2026-04-18,"TOLGA SARAÇOĞLU, Prof,MD",+1 (904) 524-5932,"TOLGA SARAÇOĞLU, Prof,MD (Florida University Jacksonville)",no,no,https://clinicaltrials.gov/study/NCT07222007
NCT04906772,Dexmedetomidine-ketamine Versus Propofol-ketamine for Sedation During Endoscopy in Hepatic Patients,anesthesia_analgesia,Anesthesia; Reaction,COMPLETED,INTERVENTIONAL,PHASE4,Tamer Nabil Abdelrahman,ketamine,1,Egypt,2021-02-03,,,,no,,https://clinicaltrials.gov/study/NCT04906772
NCT04908579,Efficacy of Preventive Ketamine on Postoperative Pain,anesthesia_analgesia,Postoperative Pain,RECRUITING,INTERVENTIONAL,PHASE4,Ain Shams University,ketamine,1,Egypt,2021-06-15,Ibrahim Mamdouh Esmat,01001241928,,no,no,https://clinicaltrials.gov/study/NCT04908579
NCT07683988,Oral and Sublingual Ketamine,other,Major Depression Severe,NOT_YET_RECRUITING,INTERVENTIONAL,PHASE1,"Western University, Canada",ketamine,0,,2026-10-01,"Rohit Lodhi, MD",+1-519-646-6100,,no,no,https://clinicaltrials.gov/study/NCT07683988
NCT06545890,Ketofol Versus Dexmedetomidine for Prevention of Emergence Delirium in Pediatric Patients Undergoing Squint Surgeries,anesthesia_analgesia,Emergence Delirium,UNKNOWN,INTERVENTIONAL,PHASE1|PHASE2,Cairo University,ketamine,2,Egypt,2024-08-10,Muhammad Kh Ibrahim,+201032170260,"Karim K Fahim (Professor of Anesthesia, Pain management and Surgical ICU Faculty of Medicine, Cairo University.)",no,no,https://clinicaltrials.gov/study/NCT06545890
NCT02636218,Ketamine Infusion in Neurologic Deficit,other,Subarachnoid Hemorrhage,COMPLETED,INTERVENTIONAL,PHASE2|PHASE3,Unity Health Toronto,ketamine,1,Canada,2016-01-26,,,"Andrew Baker, MD, FRCPC (Unity Health Toronto)",no,no,https://clinicaltrials.gov/study/NCT02636218
NCT02410460,Anesthetics in Rhytidoplasty - A Comparison Study,other,Rhytidoplasty,COMPLETED,INTERVENTIONAL,NA,Mercy Facial Plastic Surgery Center,ketamine,1,United States,2013-09,,,,no,,https://clinicaltrials.gov/study/NCT02410460
NCT04085588,Low Dose Ketamine Infusion for Postoperative Analgesia After Total Knee Arthroplasty,anesthesia_analgesia,Postoperative Pain,COMPLETED,OBSERVATIONAL,,Mustafa Kemal University,ketamine,1,Turkey (Türkiye),2019-04-15,,,"Selim Turhanoglu, M.D. (Mustafa Kemal University, Medical School, 31100 Hatay, Turkey)",no,undecided,https://clinicaltrials.gov/study/NCT04085588
NCT05802979,Ketamine Versus Neostigmine as Adjuvants to Bupivacaine During Ultrasound-guided Serratus Anterior Block,other,Post Operative Pain,UNKNOWN,INTERVENTIONAL,PHASE3,Ain Shams University,ketamine,1,Egypt,2023-01-01,,,"Mohammed S Abd El Aziz, M.D. (AinShams University)",no,no,https://clinicaltrials.gov/study/NCT05802979
NCT01244880,Effects Of PF-02545920 On Ketamine-Induced Abnormal Prefrontal Brain Response To Associative Learning In Healthy Subjects,other,Healthy,TERMINATED,INTERVENTIONAL,PHASE1,Pfizer,ketamine,3,United States,2011-04,,,Pfizer CT.gov Call Center (Pfizer),no,,https://clinicaltrials.gov/study/NCT01244880
NCT03249025,Lidocaine-Ketamine for Management of Chronic Pain,other,Chronic Pain Syndrome,UNKNOWN,INTERVENTIONAL,NA,Hamilton Health Sciences Corporation,ketamine,0,,2017-09-01,"Lisa Patterson, BA",905-521-5100,"Michael Gofeld, MD, FRCPC (Michael G. DeGroote Pain Clinic, Hamilton Health Sciences)",no,no,https://clinicaltrials.gov/study/NCT03249025
NCT02021240,Ketamine in Post-operative Dental Pain and Recovery,anesthesia_analgesia,Post-operative Pain,COMPLETED,INTERVENTIONAL,PHASE3,The University of Hong Kong,ketamine,1,Hong Kong,2014-02-10,,,"Chi Wai Cheung (Department of Anaesthesiology, Queen Mary Hospital, Hong Kong)",no,,https://clinicaltrials.gov/study/NCT02021240
NCT02646709,The Effect of Different Dose of Ketamine With Low Dose Rocuronium in Children,other,Inguinal Hernia,UNKNOWN,INTERVENTIONAL,PHASE4,Ajou University School of Medicine,ketamine,0,,2016-01,"Go Un Roh, MD",82-31-219-6435,"Go Un Roh, MD (Ajou University School of Medicine)",no,no,https://clinicaltrials.gov/study/NCT02646709
NCT04239963,Behavioral and Electrophysiological Effects of Ketamine in Treatment-Resistant Depression,psychiatric,Major Depressive Disorder,COMPLETED,OBSERVATIONAL,,Mclean Hospital,ketamine,1,United States,2020-08-17,,,"Diego Pizzagalli, PhD (Mclean Hospital)",no,,https://clinicaltrials.gov/study/NCT04239963
NCT07648771,Outcomes Registry After Ketamine Infusions for Chronic Pain: A Longitudinal Evaluation,other,Chronic Pain; Ketamine,NOT_YET_RECRUITING,OBSERVATIONAL,,Stanford University,ketamine,1,United States,2026-10,Protocol Director,650-264-9442,,no,yes,https://clinicaltrials.gov/study/NCT07648771
NCT03336398,Investigation of the NMDA Antagonist Ketamine as a Treatment for Tinnitus,other,Tinnitus,COMPLETED,INTERVENTIONAL,PHASE2,New York State Psychiatric Institute,ketamine,1,United States,2019-09-01,,,Diana Martinez (NYSPI/Columbia University),yes,,https://clinicaltrials.gov/study/NCT03336398
NCT03844906,"A Study to Assess Electrophysiology, Safety, Tolerability, and Pharmacokinetics of Multiple Doses of SAGE-718 Using Ketamine Challenge in Healthy Subjects",other,Healthy Volunteer,COMPLETED,INTERVENTIONAL,PHASE1,"Supernus Pharmaceuticals, Inc.",ketamine,2,United States,2018-12-27,,,,no,no,https://clinicaltrials.gov/study/NCT03844906
NCT03417193,Opioid Free Anesthesia and Major Spine Surgery,anesthesia_analgesia,Opioid Use; Postoperative Pain; Spine Disease,COMPLETED,INTERVENTIONAL,NA,Lebanese American University,ketamine,1,Lebanon,2018-01-29,,,Hanane MD (Lebanese American University/ LAU Medical Center),no,no,https://clinicaltrials.gov/study/NCT03417193
NCT02720406,Topical Ketamine Analgesia in Children Undergoing Tonsillectomy: a Clinical and Serum Level Assays Study.,anesthesia_analgesia,Postoperative Pain,COMPLETED,INTERVENTIONAL,PHASE2|PHASE3,Assiut University,ketamine,1,Egypt,2016-04,,,"Hala S Abdel-Ghaffar, MD (Assisstant professor in anesthesia and intensive care, faculty of medicine, Assiut university, Egypt)",no,no,https://clinicaltrials.gov/study/NCT02720406
NCT02431663,Ketamine in Refractory Convulsive Status Epilepticus,other,Status Epilepticus,TERMINATED,INTERVENTIONAL,PHASE3,Meyer Children's Hospital IRCCS,ketamine,1,Italy,2015-04,,,"Anna Rosati, MD, PhD (Children's Hospital A. Meyer of Firenze, Italy)",no,,https://clinicaltrials.gov/study/NCT02431663
NCT05089526,Opioid-free Anesthesia in Laparoscopic Cholecystectomies,anesthesia_analgesia,"Pain, Postoperative; Pain, Acute; Pain, Chronic; Cholecystectomy; Ketamine; Dexmedetomidine; Lidocaine; Central Nervous System Depressants; Analgesia; Analgesics; Analgesic Non-narcotic",UNKNOWN,INTERVENTIONAL,NA,Aretaieion University Hospital,ketamine,1,Greece,2021-10-11,"Kassiani Theodoraki, PhD, DESA",+306974634162,Kassiani Theodoraki (Aretaieion University Hospital),no,no,https://clinicaltrials.gov/study/NCT05089526
NCT04029831,Comparison of Different Ratio of Ketofol (6:1 vs. 4:1) for Sedation in Endoscopic Retrograde Cholangiopancreatography (ERCP),anesthesia_analgesia,Analgesia,COMPLETED,INTERVENTIONAL,NA,Universitas Indonesia,ketamine,1,Indonesia,2017-03-01,,,,no,no,https://clinicaltrials.gov/study/NCT04029831
NCT07267377,Effects of Different Sedation Techniques on Early Cognitive Recovery After Ambulatory Gynecologic Surgery,anesthesia_analgesia,Cognitive Recovery; Sedation; Ambulatory Gynecologic Surgery; Postoperative Recovery,COMPLETED,INTERVENTIONAL,NA,Sait Fatih Öner,ketamine,1,Turkey (Türkiye),2024-12-15,,,,no,no,https://clinicaltrials.gov/study/NCT07267377
NCT07450430,Optimal Timing of Ketamine Initiation for SCD Pain,other,Sickle Cell Disease; Sickle Cell Crisis,NOT_YET_RECRUITING,INTERVENTIONAL,PHASE3,Boston Children's Hospital,ketamine,1,United States,2026-02,"Natasha Archer, MD, MPH",617-355-6000,Natasha Archer (Boston Children's Hospital),no,no,https://clinicaltrials.gov/study/NCT07450430
NCT01546051,A Study of BCI-838 and Several BCI-632 Prodrugs in Healthy Volunteers,psychiatric,Healthy,COMPLETED,INTERVENTIONAL,PHASE1,BrainCells Inc.,ketamine,1,Netherlands,2011-10,,,Principal Investigator (PRA Health Sciences),no,,https://clinicaltrials.gov/study/NCT01546051
NCT06741930,Pro-Epileptic Effects of IV Ketamine,other,Epilepsy; Seizure,COMPLETED,INTERVENTIONAL,PHASE4,Haseki Training and Research Hospital,ketamine,1,Turkey (Türkiye),2024-12-01,,,,no,no,https://clinicaltrials.gov/study/NCT06741930
NCT03788694,Intranasal Ketamine for Suicidal Ideation in Veterans,psychiatric,Suicidal Ideation,WITHDRAWN,INTERVENTIONAL,EARLY_PHASE1,"Bronx Veterans Medical Research Foundation, Inc",ketamine,1,United States,2020-01-01,,,,no,yes,https://clinicaltrials.gov/study/NCT03788694
NCT06090422,Ketamine for Combined Depression and Alcohol Use Disorder,psychiatric,Depression; Alcohol Use Disorder,RECRUITING,INTERVENTIONAL,PHASE1|PHASE2,University Hospital of North Norway,ketamine,1,Norway,2025-01-20,"Andreas W Blomkvist, M.D.",41694637,"Ole K Grønli, Assoc Prof (University Hospital of North Norway); Andreas W Blomkvist, M.D. (University Hospital of North Norway)",no,,https://clinicaltrials.gov/study/NCT06090422
NCT05229653,The Using Postoperative Ketamine and Exploring the Effect on Endometriosis Pain (UPKEEEP) Study,anesthesia_analgesia,Endometriosis; Post Operative Pain,TERMINATED,INTERVENTIONAL,PHASE1,NYU Langone Health,ketamine,1,United States,2022-04-12,,,"Kathy Huang, MD (NYU Langone Health)",yes,yes,https://clinicaltrials.gov/study/NCT05229653
NCT05591001,Effects of Anesthetic Infusion on the Amplitude of Motor Evoked Potential in Pediatrics Undergoing Tethered Spinal Cord Surgeries,other,Tethered Cord,COMPLETED,INTERVENTIONAL,PHASE1,Cairo University,ketamine,1,Egypt,2022-10-30,,,,no,,https://clinicaltrials.gov/study/NCT05591001
NCT02418702,A Study to Decrease Suicidal Thinking Using Ketamine,psychiatric,Depression; Suicide,WITHDRAWN,INTERVENTIONAL,PHASE3,"United States Naval Medical Center, San Diego",ketamine,1,United States,2016-08,,,"Marc A Capobianco (United States Naval Medical Center, San Diego)",no,,https://clinicaltrials.gov/study/NCT02418702
NCT07670507,Pilot Randomized Control Trial Comparing Oral Ketamine and Oral Oxycodone for Pain Control in Emergency Department Patients,other,Pain Management,NOT_YET_RECRUITING,INTERVENTIONAL,PHASE2|PHASE3,Albany Medical College,ketamine,1,United States,2026-06-24,,,,no,no,https://clinicaltrials.gov/study/NCT07670507
NCT06091657,Comparison of Ketamine Plus Dexamethasone Versus Ketamine Alone for Prevention of Severe Shivering After Spinal Anesthesia in Cesarean Section,anesthesia_analgesia,Intraoperative Shivering; Ketamine With Shivering; Dexamethasone for Shivering; Severe Shivering,COMPLETED,INTERVENTIONAL,NA,Kasr El Aini Hospital,ketamine,1,Egypt,2024-01-01,,,,no,,https://clinicaltrials.gov/study/NCT06091657
NCT05378100,Ketamine for Multiple Sclerosis Fatigue,anesthesia_analgesia,Multiple Sclerosis Fatigue,ACTIVE_NOT_RECRUITING,INTERVENTIONAL,PHASE2,Johns Hopkins University,ketamine,1,United States,2023-01-01,,,"Bardia Nourbakhsh, MD (Johns Hopkins University)",no,yes,https://clinicaltrials.gov/study/NCT05378100
NCT07628244,Comparison of Two General Anesthesia Maintenance Strategies on Intraoperative Visibility During Arthroscopic Rotator Cuff Surgery: A Randomized Trial,anesthesia_analgesia,"Rotator Cuff Injuries; Anesthesia, General; Arthroscopy",RECRUITING,INTERVENTIONAL,NA,Centre Hospitalier Universitaire de Nice,ketamine,1,France,2026-06-18,"Jérôme MASCARELLI, Principal investigator",+33 4 92 03 29 52,,no,no,https://clinicaltrials.gov/study/NCT07628244
NCT05688943,Comparative Analysis of Spinal Anesthesia Versus General Anesthesia for vNOTES,anesthesia_analgesia,Anesthesia; Tubal Ligation,ENROLLING_BY_INVITATION,INTERVENTIONAL,NA,University of Kansas Medical Center,ketamine,1,United States,2023-03-01,,,"Meredith K Gray, MD (University of Kansas Medical Center)",no,,https://clinicaltrials.gov/study/NCT05688943
NCT02341963,A Pilot Clinical Trial of Oral Ketamine for Acute Pain Management After Amputation Surgery,anesthesia_analgesia,"Acute Pain Management; Analgesic, Nonopioid; Amputation of Lower Extremity, All Causes",TERMINATED,INTERVENTIONAL,PHASE1,Rush University Medical Center,ketamine,1,United States,2015-01,,,"Asokumar Buvanendran, M.D. (Professor Anesthesiology, Rush Unviersity Medical Center)",no,,https://clinicaltrials.gov/study/NCT02341963
NCT06738043,Dexmedetomidine Versus Ketamine as Adjuvants in Bariatric Surgery,anesthesia_analgesia,Obesity; Postoperative Pain; Bariatric Surgery,NOT_YET_RECRUITING,INTERVENTIONAL,NA,Tanta University,ketamine,0,,2026-04-20,"Ahmed A Shalaby, M.B.B.Ch",01020479848,,no,yes,https://clinicaltrials.gov/study/NCT06738043
NCT04941040,Opioid Free VS Opioid Anesthesia for Craniotomies,anesthesia_analgesia,Supratentorial Neoplasms,COMPLETED,INTERVENTIONAL,PHASE1,Kasr El Aini Hospital,ketamine,1,Egypt,2021-07-05,,,"Rania S Fahmy (Kasr Al Ainy, Faculty of medicine, Cairo university)",no,no,https://clinicaltrials.gov/study/NCT04941040
NCT02958566,Multimodal Narcotic Limited Perioperative Pain Control With Colorectal Surgery,anesthesia_analgesia,"Colon Cancer; Colon Diverticulosis; Colonic Neoplasms; Colonic Diverticulitis; Pain, Postoperative; Ileus; Ileus Paralytic; Ileus; Mechanical; Constipation Drug Induced; Constipation; Rectum Cancer; Rectum Neoplasm",UNKNOWN,INTERVENTIONAL,PHASE4,University of Illinois College of Medicine at Peoria,ketamine,1,United States,2017-01,"Mohammed Almzayyen, MD",,"Steven S Tsoraides, MD, MPH (University of Illinois College of Medicine at Peoria)",no,no,https://clinicaltrials.gov/study/NCT02958566
NCT03979469,Opioid Versus Non-opioid Anesthesia for Ambulatory Surgery in Children,anesthesia_analgesia,Effect of Anesthesia in Postoperative Pain; Effect of Anesthesia in Extubation Time; Effect of Anesthesia in Discharge Time From Postanesthesia Care Unit; Effect of Anesthesia in Postoperative Adverse Events; Effect of Anesthesia in Discharge Time From the Hospital,COMPLETED,INTERVENTIONAL,PHASE2,"Athens General Children's Hospital ""Pan. & Aglaia Kyriakou""",ketamine,1,Greece,2018-08-01,,,,no,no,https://clinicaltrials.gov/study/NCT03979469
NCT05591105,The Postoperative Lidocaine and Ketamine Effects on Morphine Requirement in Bariatric Surgery,anesthesia_analgesia,"Pharmacological Action; Post Operative Pain; Opioid Use; Obesity, Morbid; Anesthesia Morbidity",COMPLETED,OBSERVATIONAL,,Tiva Group,ketamine,1,Spain,2023-06-15,,,Carolina Frederico (Tivagrooup); Gregory Contreras-Pérez (Tiva Group),no,no,https://clinicaltrials.gov/study/NCT05591105
NCT03714620,Sub-dissociative Dose Ketamine Dosing Study,other,Acute Pain,COMPLETED,INTERVENTIONAL,PHASE4,Loyola University,ketamine,1,United States,2018-10-15,,,"Shannon Lovett, MD (Loyola University Chicago, LUMC)",yes,no,https://clinicaltrials.gov/study/NCT03714620
NCT07435077,Examining Analgesic Synergy and Efficacy in Trauma Care,psychiatric,Opioid Use Disorder,NOT_YET_RECRUITING,INTERVENTIONAL,PHASE4,Wake Forest University Health Sciences,ketamine,1,United States,2026-10,"D'Ann B Hershel, MS",336-716-1659,"Matthew Painter, MD, FACS (Wake Forest University Health Sciences)",no,no,https://clinicaltrials.gov/study/NCT07435077
NCT06989567,A Study of Intravenous L-Citrulline in Patients Aged 6-21 Years Old With Sickle Cell Disease Presenting to Emergency Departments in Acute Vaso-Occlusive Crisis,other,Sickle Cell Disease,NOT_YET_RECRUITING,INTERVENTIONAL,PHASE3,"Asklepion Pharmaceuticals, LLC",ketamine,6,United States,2025-07-25,"Gurdyal Kalsi, MD, MFPM (Hon)",+1 410-736-3750,"Suvankar Majumdar, MD (Center for Cancer and Blood Disorders, Children's National Hospital)",no,no,https://clinicaltrials.gov/study/NCT06989567
NCT06986109,Effect of Subanaesthetic Dose of Ketamine on Depth of Anaesthesia Consistency,other,Anesthesia,COMPLETED,INTERVENTIONAL,NA,Sir Ganga Ram Hospital,ketamine,1,India,2025-05-26,,,"Nitin Sethi, DNB (Sir Ganga Ram Hospital, New Delhi, INDIA); Amitabh Dutta, MD, PGDHR (Sir Ganga Ram Hospital, New Delhi, INDIA)",no,,https://clinicaltrials.gov/study/NCT06986109
NCT05855798,Ketamine and Magnesium in Erector Spinae Plane Block,other,Postoperative Analgesia,COMPLETED,INTERVENTIONAL,PHASE4,Cukurova University,ketamine,1,Turkey (Türkiye),2023-05-10,,,,no,,https://clinicaltrials.gov/study/NCT05855798
NCT06650371,Opioid Free Anesthesia Versus Opioid Based Anesthesia,anesthesia_analgesia,Opioid Free Anesthesia; Laparoscopic Bariatric Surgeries,NOT_YET_RECRUITING,INTERVENTIONAL,NA,Ain Shams University,ketamine,0,,2024-11-20,Eman Mohamed Zain,01017254024,,no,,https://clinicaltrials.gov/study/NCT06650371
NCT03980067,Impact of Pre-Sedation Virtual Reality Game on Post-Discharge Negative Behaviors in the Pediatric Emergency Department,anesthesia_analgesia,"Behavior, Child; Anxiety",COMPLETED,INTERVENTIONAL,NA,Medical College of Wisconsin,ketamine,1,United States,2019-05-17,,,"Amy Drendel, DO, MS (Medical College of Wisconsin)",no,no,https://clinicaltrials.gov/study/NCT03980067
NCT00579085,Double Blind Placebo Controlled Study of Outpatient Intravenous Ketamine for the Treatment of CRPS,other,Complex Regional Pain Syndrome,COMPLETED,INTERVENTIONAL,PHASE2,Drexel University College of Medicine,ketamine,1,United States,2006-09,,,,no,,https://clinicaltrials.gov/study/NCT00579085
NCT01892189,Effects of TAK-063 on Preventing Ketamine-Induced Brain Activity Changes as Well as Psychotic-Like Symptoms in Healthy Male Adults,other,Ketamine-Induced Brain Activity Changes; Psychotic-like Symptoms,COMPLETED,INTERVENTIONAL,PHASE1,Takeda,ketamine,1,United States,2013-08,,,"Medical Director (Takeda Development Center Americas, Inc. (Note: This product was divested to Axsome in 2026))",yes,,https://clinicaltrials.gov/study/NCT01892189
NCT07513935,Comparison of Combined Dexmedetomidine and Ketamine (Ketodex) Versus Dexmedetomidine Alone in Awake Mapping for Deep Brain Stimulation: A Randomized Controlled Trial,other,Intraoperative Awareness,ACTIVE_NOT_RECRUITING,INTERVENTIONAL,PHASE4,Ain Shams University,ketamine,1,Egypt,2026-03-03,,,,no,no,https://clinicaltrials.gov/study/NCT07513935
NCT06631625,Effect of Addition of Dexmedetomidine or Ketamine to Intravenous Infusion of Lidocaine on Proinflammatory Cytokines in Pelvi-abdominal Cancer Surgeries.,other,Pelvic Cancer; Abdominal Cancer; Surgery; Proinflammatory Cytokines,COMPLETED,INTERVENTIONAL,PHASE1,Alexandria University,ketamine,1,Egypt,2023-09-24,,,,no,yes,https://clinicaltrials.gov/study/NCT06631625
NCT06964555,Effect of Intravenous Low-Dose Ketamine Infusion With Intravenous Lignocaine Infusion on Post-Operative Pain in Patients Undergoing Laparoscopic Choleysystectomy Under General Anesthesia,anesthesia_analgesia,Cholelithiases,COMPLETED,INTERVENTIONAL,PHASE4,Fazaia Ruth Pfau Medical College,ketamine,1,Pakistan,2024-01-01,,,,no,no,https://clinicaltrials.gov/study/NCT06964555
NCT04084548,Perioperative Lidocaine and Ketamine in Abdominal Surgery,anesthesia_analgesia,Postoperative Pain,ACTIVE_NOT_RECRUITING,INTERVENTIONAL,PHASE3,The Cleveland Clinic,ketamine,1,United States,2019-10-15,,,"Steven Minear, MD (Cleveland Clinic Florida)",no,no,https://clinicaltrials.gov/study/NCT04084548
NCT02602743,Propofol-Ketamine vs Remifentanyl-Ketamine for Sedation in Pediatric Patients Undergoing Colonoscopy,anesthesia_analgesia,Delayed Emergence From Anesthesia,COMPLETED,INTERVENTIONAL,PHASE4,Cukurova University,ketamine,1,Turkey (Türkiye),2016-08,,,"Dilek Özcengiz, Prof (Cukurova University); Çağatay Küçükbingöz, Asistant dr (Cukurova University)",no,no,https://clinicaltrials.gov/study/NCT02602743
NCT04609033,Implications of Different Analgesic Models on Inflammatory Markers After Laparoscopic Cholecystectomy,anesthesia_analgesia,Perioperative Pain,COMPLETED,INTERVENTIONAL,NA,Assiut University,ketamine,1,Egypt,2020-10-24,,,,no,,https://clinicaltrials.gov/study/NCT04609033
NCT03090776,Prevention of Post Mastectomy With Intraoperative Ketamine,other,"Pain, Postoperative; Post-Mastectomy Chronic Pain Syndrome",COMPLETED,INTERVENTIONAL,EARLY_PHASE1,Brigham and Women's Hospital,ketamine,1,United States,2017-07-01,,,"Kristin L Schreiber, MD/PhD (Brigham and Women's Hospital)",no,no,https://clinicaltrials.gov/study/NCT03090776
NCT06620276,ACT_for Alcohol Use Disorder and Depression,psychiatric,Depression - Major Depressive Disorder; Alcohol Use Disorder,RECRUITING,INTERVENTIONAL,NA,Centre hospitalier de l'Université de Montréal (CHUM),ketamine,1,Canada,2025-05-01,"Nicolas Garel, MD MSc",514-890-8000,"Nicolas Garel, MD MSc (Centre Hospitalier d'Université de Montréal)",no,no,https://clinicaltrials.gov/study/NCT06620276
NCT01526525,Perioperative Electroacupuncture on Postoperative Analgesia in Prostatectomy,anesthesia_analgesia,"Pain, Postoperative",COMPLETED,INTERVENTIONAL,PHASE4,G.Gennimatas General Hospital,ketamine,1,Greece,2009-07,,,VAGIA NTRITSOU (G.Gennimatas General Hospital); DIMITRIOS VASILAKOS (Aristotle University Of Thessaloniki),no,,https://clinicaltrials.gov/study/NCT01526525
NCT02583217,Effect of Ketamine+Propofol vs Remifentanyl+Propofol on Laryngeal Mask Insertion Conditions,other,Surgery,COMPLETED,OBSERVATIONAL,,Ankara University,ketamine,1,Turkey (Türkiye),2015-04,,,"CIGDEM YILDIRIM GUCLU, MD (Ankara University)",no,,https://clinicaltrials.gov/study/NCT02583217
NCT03640468,Lidocaine as an Adjuvant for Ketamine in Induction of Anesthesia in Septic Shock Patients,anesthesia_analgesia,Septic Shock; Anesthesia,UNKNOWN,INTERVENTIONAL,PHASE3,Cairo University,ketamine,1,Egypt,2018-12-20,"Sarah Amin, Lecturer",+201227476617,"Ahmed Hasanin, Professor (Assistant professor of anesthesia)",no,no,https://clinicaltrials.gov/study/NCT03640468
NCT07640243,Sedation Methods in Percutaneous Transhepatic Biliary Drainage: Procedure Quality and Recovery,anesthesia_analgesia,Fragility; Biliary Obstruction; Cholangitis; Malignancy,RECRUITING,INTERVENTIONAL,NA,Ankara City Hospital Bilkent,ketamine,1,Turkey (Türkiye),2026-02-01,,,,no,no,https://clinicaltrials.gov/study/NCT07640243
NCT01840774,Modifying Virtual Reality Analgesia With Low-Dose Pain Medication,anesthesia_analgesia,Virtual Reality Therapy,UNKNOWN,INTERVENTIONAL,NA,University of Washington,ketamine,1,United States,2013-04,"Christine Hoffer, BA",206-616-3075,"Samuel Sharar, MD (University of Washington)",no,,https://clinicaltrials.gov/study/NCT01840774
NCT04028141,Evaluation of a New Protocol for Adult Procedural Sedation With Ketamine-propofol in a 1 on 4 Ratio,anesthesia_analgesia,Procedural Sedation and Analgesia,COMPLETED,OBSERVATIONAL,,"University Hospital, Ghent",ketamine,1,Belgium,2018-02-01,,,"Peter De Paepe, PhD, MD (University Hospital of Ghent)",no,no,https://clinicaltrials.gov/study/NCT04028141
NCT07369024,Sub-dissociative Dose Ketamine in Treatment of Vaso-occlusive Pain Event in Children and Young Adults,other,Sickle Cell Disease; Vaso-Occlusive Pain Episode in Sickle Cell Disease; Ketamine Infusion; Pain Management; Vaso-Occlusive Crises,RECRUITING,INTERVENTIONAL,PHASE2,Mohsen Saidinejad,ketamine,1,United States,2026-09-10,"Cynthia Luo, MD",310-222-2345,,no,no,https://clinicaltrials.gov/study/NCT07369024
NCT06630364,Comparing Ketamine and Fentanyl in Pediatric Tonsillectomy: Pain Control and Emergence Delirium Outcomes (KVFPT),anesthesia_analgesia,"Postoperative Pain, Acute; Emergence Delirium",COMPLETED,INTERVENTIONAL,PHASE4,Medipol University,ketamine,1,Turkey (Türkiye),2023-01-01,,,,no,no,https://clinicaltrials.gov/study/NCT06630364
NCT06245564,"Effect of Ketamine, Amitriptyline and Their Combination on Itch",other,Itch,COMPLETED,INTERVENTIONAL,NA,Aalborg University,ketamine,1,Denmark,2024-08-20,,,,no,no,https://clinicaltrials.gov/study/NCT06245564
NCT03284307,UNderstanding CONSciousness Connectedness and Intraoperative Unresponsiveness Study,psychiatric,Unconsciousness; Consciousness,COMPLETED,INTERVENTIONAL,PHASE4,"University of Wisconsin, Madison",ketamine,1,United States,2017-08-10,,,"Robert A Pearce, MD, PhD (Professor and chair of Anesthesiology at UW- Madison)",yes,,https://clinicaltrials.gov/study/NCT03284307
NCT01740492,Low Dose Ketamine for Management of Acute Severe Pain in the Emergency Department,other,Pain,COMPLETED,INTERVENTIONAL,PHASE1,Rhode Island Hospital,ketamine,1,United States,2012-09,,,"Francesca Beaudoin, MD (Rhode Island Hospital)",no,,https://clinicaltrials.gov/study/NCT01740492
NCT02049411,Ketamine and Changes of the Short Portable Mental Status Questionnaire,psychiatric,Postoperative Cognitive Dysfunction,COMPLETED,INTERVENTIONAL,PHASE2,Instituto Mexicano del Seguro Social,ketamine,1,Mexico,2013-06,,,"Dulce M. Rascon, M.D (Instituto Mexicano del Seguro Social); Maria E. Ocharan, PhD. (Instituto Politecnico Nacional)",no,,https://clinicaltrials.gov/study/NCT02049411
NCT04705948,Comparing the Effect of Ketamine and Magnesium Sulfate Gargling With Placebo on Post-operative Sore Throat,anesthesia_analgesia,Postoperative Complications,COMPLETED,INTERVENTIONAL,NA,University Tunis El Manar,ketamine,1,Tunisia,2020-10-07,,,"mechaal benali, PROFESSOR (university manar Tunis tunisia)",no,no,https://clinicaltrials.gov/study/NCT04705948
NCT00221871,Proper Dosage of Ketamine in Intravenous Regional Anesthesia,anesthesia_analgesia,Pain.,UNKNOWN,INTERVENTIONAL,NA,"University Health Network, Toronto",ketamine,1,Canada,2004-01,"Colin McCartney, MD",(416)603-5118,"Colin McCartney, MD (University Health Network, Toronto)",no,,https://clinicaltrials.gov/study/NCT00221871
NCT04226963,A Naturalistic Study of Ketamine for Treatment Resistant Mood Disorders,psychiatric,Treatment Resistant Depression; Bipolar Depression; Ketamine; Major Depressive Disorder,COMPLETED,OBSERVATIONAL,,Medical University of Gdansk,ketamine,1,Poland,2019-12-04,,,,no,,https://clinicaltrials.gov/study/NCT04226963
NCT03844984,Lidocaine-Ketamine Versus Ketamine for Induction of Anesthesia in Septic Shock Patients,anesthesia_analgesia,Septic Shock,COMPLETED,INTERVENTIONAL,PHASE3,Cairo University,ketamine,1,Egypt,2019-02-20,,,"Ashraf Rady, Professor (Head of department of anesthesia, Cairo University, Egypt)",no,no,https://clinicaltrials.gov/study/NCT03844984
NCT04702555,Analgesic Efficacy of Orally Administered VTS-K for Pain Management,anesthesia_analgesia,"Pain, Acute",COMPLETED,OBSERVATIONAL,,Antonios Likourezos,ketamine,1,United States,2021-01-08,,,"Sergey Motov, MD (Maimonides Medical Center)",no,no,https://clinicaltrials.gov/study/NCT04702555
NCT02378415,Subanesthetic IV Bolus Ketamine in the Treatment of Acute Depression,psychiatric,Acute Depression,TERMINATED,INTERVENTIONAL,PHASE1,"United States Naval Medical Center, San Diego",ketamine,1,United States,2011-12,,,"Robert E Lovern, MD (United States Naval Medical Center, San Diego)",no,,https://clinicaltrials.gov/study/NCT02378415
NCT04807335,Study of CT001 in Healthy Volunteers,psychiatric,Bioavailability,COMPLETED,INTERVENTIONAL,PHASE1,Cessatech A/S,ketamine,1,Denmark,2021-03-17,,,"Mads Werner, MD (Copenhagen University Hospital, Rigshospitalet)",no,no,https://clinicaltrials.gov/study/NCT04807335
NCT03781817,Intranasal Versus Intravenous Ketamine for Procedural Sedation in Children With Non-operative Fractures,anesthesia_analgesia,"Trauma; Fractures, Closed; Children, Only; Deep Sedation; Ketamine",TERMINATED,INTERVENTIONAL,PHASE4,University of Alabama at Birmingham,ketamine,1,United States,2019-09-09,,,"James Statler, MD (Emory University); Judson Barber, MD (University of Alabama at Birmingham)",yes,no,https://clinicaltrials.gov/study/NCT03781817
NCT07542015,Comparison of Propofol and Propofol-Ketamine Anesthesia on Optic Nerve Sheath Diameter in Endovascular Cerebral Aneurysm Procedures,anesthesia_analgesia,Unruptured Intracranial Aneurysm; Cerebral Aneurysm Unruptured; Cerebral Aneurysms,COMPLETED,OBSERVATIONAL,,Ankara City Hospital Bilkent,ketamine,1,Turkey (Türkiye),2025-06-15,,,,no,no,https://clinicaltrials.gov/study/NCT07542015
NCT00137085,Ketamine Versus Fentanyl as an Adjunct to Propofol-Assisted Emergency Department Procedural Sedation,anesthesia_analgesia,Fractures; Dislocations; Abscess; Anesthesia; Analgesia,COMPLETED,INTERVENTIONAL,NA,Queen's University,ketamine,1,Canada,2004-09,,,"Marco LA Sivilotti, MD, MSc (Queen's University)",no,,https://clinicaltrials.gov/study/NCT00137085
NCT04075006,Analgosedative adjuncT keTAmine Infusion iN Mechanically vENTilated ICU Patients,anesthesia_analgesia,Critical Illness; Sedation; Mechanical Ventilation,COMPLETED,INTERVENTIONAL,PHASE3,King Faisal Specialist Hospital & Research Center,ketamine,1,Saudi Arabia,2019-08-28,,,,no,,https://clinicaltrials.gov/study/NCT04075006
NCT06406647,Rectroclavicular Block in Orthopedic Surgey,other,Pain Management,RECRUITING,INTERVENTIONAL,NA,New Valley University,ketamine,1,Egypt,2026-04-01,"ahmed ismail, lecture",01097845491,"ahmed ismail, lecture (New Valley University)",no,,https://clinicaltrials.gov/study/NCT06406647
NCT06480201,Gamma Oscillations as a Prognostic Marker for Ketamine Therapy in Treatment Resistant Depression,psychiatric,Healthy; Major Depressive Disorder; Treatment Resistant Depression,RECRUITING,INTERVENTIONAL,PHASE1,Texas A&M University,ketamine,2,United States,2024-01-01,Julia Engelhardt,7136777595,,no,undecided,https://clinicaltrials.gov/study/NCT06480201
NCT02935595,Low Dose Intravenous Ketamine in Treatment Resistant Depression Patients,psychiatric,Treatment Resistant Depression,COMPLETED,INTERVENTIONAL,PHASE2,"The University of Texas Health Science Center, Houston",ketamine,1,United States,2016-10-14,,,"Sudhakar Selvaraj, MBBS, DPhil (University of Texas)",yes,,https://clinicaltrials.gov/study/NCT02935595
NCT01441505,A Study of Ketamine as an Antidepressant,psychiatric,Major Depressive Episode,UNKNOWN,INTERVENTIONAL,PHASE2,The University of New South Wales,ketamine,1,Australia,2011-09,Angelo Alonzo,61 02 9382 3720,"Colleen K Loo, MB BS FRANZCP MD (University of New South Wales)",no,,https://clinicaltrials.gov/study/NCT01441505
NCT01243801,Prevention of Persistent Postsurgical Pain After Thoracotomy,anesthesia_analgesia,Persistent Pain; Postoperative Hyperalgesia,COMPLETED,INTERVENTIONAL,PHASE4,Hospital Clinic of Barcelona,ketamine,2,Spain,2008-09,,,"Beatriz Tena, MD (Hospital Clinic of Barcelona); Carmen Gomar, PhD (Hospital Clinic of Barcelona)",no,,https://clinicaltrials.gov/study/NCT01243801
NCT06125054,Ketamine and Neurofeedback-Training: Effects on Neuroplasticity in Cocaine Addiction,psychiatric,Cocaine Use Disorder; Cocaine Dependence,RECRUITING,INTERVENTIONAL,PHASE2,Dr. med. Marcus Herdener,ketamine,1,Switzerland,2024-02-05,"Marcus Herdener, PD Dr. med.",+41583845810,,no,yes,https://clinicaltrials.gov/study/NCT06125054
NCT00252122,Pilot Study on the Effects of Intravenous Ketamine on Acute Pain Crisis in Patients With Sickle Cell Disease,other,Sickle Cell Disease,TERMINATED,INTERVENTIONAL,PHASE4,Children's Hospital of Philadelphia,ketamine,1,United States,2004-06,,,"Arjunan Ganesh, MD (Children's Hospital of Philadelphia)",no,,https://clinicaltrials.gov/study/NCT00252122
NCT02434939,Low-dose Ketamine vs Morphine for Vaso-occlusive Crisis in Sicklers,other,Sickle Cell Crisis; Acute Pain,COMPLETED,INTERVENTIONAL,PHASE4,Makerere University,ketamine,1,Uganda,2015-06,,,"Felix A. Lubega, MBChB (Makerere University, College of Health Sciences, Department of Anesthesia and Critical Care); Tonny S. Luggya, MMed (Makerere University, College of Health Sciences, Department of Anaesthesia and Critical care)",yes,,https://clinicaltrials.gov/study/NCT02434939
NCT01387139,Ketamine Versus Co-administration of Ketamine and Propofol for Procedural Sedation in a Pediatric Emergency Department,anesthesia_analgesia,Procedural Sedation and Analgesia,COMPLETED,INTERVENTIONAL,PHASE3,"University of Colorado, Denver",ketamine,1,United States,2011-01,,,"Lalit Bajaj, MD, MPH (University of Colorado, Denver); Keith Weisz, MD (University of Colorado, Denver)",yes,,https://clinicaltrials.gov/study/NCT01387139
NCT06907173,Ketamine add-on Therapy for Established Status Epilepticus Treatment Trial (KESETT),other,Status Epilepticus,RECRUITING,INTERVENTIONAL,PHASE3,University of Virginia,ketamine,63,United States,2026-03-06,Megan Wardius,434-243-6768,"Jaideep Kapur, MD, PhD (University of Virginia)",no,yes,https://clinicaltrials.gov/study/NCT06907173
NCT07252024,Nurse-Led BIS-Guided Sedation Protocol in Pediatric Intensive Care,anesthesia_analgesia,Nurse's Role; Bispectral Index; Pediatric Sedation,COMPLETED,INTERVENTIONAL,NA,Dr. Behcet Uz Children's Hospital,ketamine,1,Turkey (Türkiye),2024-06-01,,,"Hasan Agin, Prof.Dr. (Dr. Behcet Uz Children's Hospital)",no,no,https://clinicaltrials.gov/study/NCT07252024
NCT04321746,The Effect of Ketamine on Postoperative Cognitive Dysfunction.,anesthesia_analgesia,Postoperative Cognitive Dysfunction,COMPLETED,INTERVENTIONAL,PHASE4,Assiut University,ketamine,1,Egypt,2020-12-10,,,,no,no,https://clinicaltrials.gov/study/NCT04321746
NCT05446623,Cardiac Index and General Anesthesia Without Opioid.,anesthesia_analgesia,Hip Arthropathy; Hip Disease,COMPLETED,INTERVENTIONAL,PHASE2|PHASE3,Centre Hospitalier de Montauban,ketamine,1,France,2021-01-01,,,,no,no,https://clinicaltrials.gov/study/NCT05446623
NCT03630796,Effect of Sevoflurane in Postoperative Troponin I Levels in Children Undergoing Congenital Heart Defects Surgery,anesthesia_analgesia,Congenital Heart Defects,UNKNOWN,INTERVENTIONAL,PHASE4,Instituto do Coracao,ketamine,1,Brazil,2018-08-20,,,,no,,https://clinicaltrials.gov/study/NCT03630796
NCT05934669,IN Midazolam vs IN Dexmedetomidine vs IN Ketamine During Minimal Procedures in Pediatric ED,other,Laceration of Skin; Anxiety; Discharge Time,RECRUITING,INTERVENTIONAL,PHASE4,University of Oklahoma,ketamine,1,United States,2023-11-14,"Gavely Toor, DO",405-271-2429,"Ryan Mckee, MD (University of Oklahoma)",no,yes,https://clinicaltrials.gov/study/NCT05934669
NCT05268562,Ketamine and Kidney Injury in Cardiac Surgery,anesthesia_analgesia,Cardiac Surgery,ACTIVE_NOT_RECRUITING,INTERVENTIONAL,PHASE4,Mayo Clinic,ketamine,1,United States,2022-03-02,,,"Erica D Wittwer, MD, PhD (Mayo Clinic)",no,,https://clinicaltrials.gov/study/NCT05268562
NCT05506462,An EEG Study of Intravenous Ketamine for Major Depression Disorder,psychiatric,Major Depressive Disorder,UNKNOWN,INTERVENTIONAL,PHASE4,Ehave Inc.,ketamine,0,,2023-01,"Jeffrey D Kamlet, MD",305 604 9595,"Jeffrey D Kamlet, MD (Tristar Wellness)",no,no,https://clinicaltrials.gov/study/NCT05506462
NCT03362073,Continuous IntraVenous Infusion of Ketamine in Terminally Ill Cancer Patients,other,Ketamine; Refractory Cancer Pain,TERMINATED,INTERVENTIONAL,PHASE2,Pusan National University Yangsan Hospital,ketamine,1,South Korea,2018-06-01,,,"Kwonoh Park, MD, PhD (Pusan National University Yangsan Hospital)",no,no,https://clinicaltrials.gov/study/NCT03362073
NCT03391427,"Ketamine, Lidocaine and Combination for Postoperative Analgesia in Open Liver Resection",anesthesia_analgesia,Hepatectomy,COMPLETED,INTERVENTIONAL,NA,London Health Sciences Centre Research Institute OR Lawson Research Institute of St. Joseph's,ketamine,1,Canada,2011-03-01,,,Achal Dhir (Lawson),no,,https://clinicaltrials.gov/study/NCT03391427
NCT01825083,The Effect of Ketamine in the Prevention of Hypoventilation in Patients Undergoing Deep Sedation Using Propofol and Fentanyl,anesthesia_analgesia,Hypercarbia,WITHDRAWN,INTERVENTIONAL,NA,Northwestern University,ketamine,1,United States,,,,"Gildasio De Oliveira, MD,MS (Northwestern University)",no,,https://clinicaltrials.gov/study/NCT01825083
NCT07452705,Small Study Comparing Two Pain Medicines in Teenagers for Pain Control After Scoliosis Corrective Surgery.,anesthesia_analgesia,Adolescent Idiopathic Scoliosis (AIS),NOT_YET_RECRUITING,INTERVENTIONAL,NA,University of Malaya,ketamine,1,Malaysia,2026-02-02,"MUHAMMAD FAEEZ BIN MOHD YUSOH, MBBS",+6013-5233915,"SITI NADZRAH BINTI YUNUS, MBBS (University of Malaya)",no,no,https://clinicaltrials.gov/study/NCT07452705
NCT02267980,Effect of the Addition of Ketamine to Sevoflurane Anesthesia in Electroconvulsive Therapy,anesthesia_analgesia,Depressive Disorder,UNKNOWN,INTERVENTIONAL,PHASE4,Inonu University,ketamine,1,Turkey (Türkiye),2014-07,"Feray Erdil, MD",904223410660,"Feray Erdil, MD (MD)",no,,https://clinicaltrials.gov/study/NCT02267980
NCT06040060,Ketamine Effects as Preemptive Analgesia,anesthesia_analgesia,"Pain, Postoperative",COMPLETED,INTERVENTIONAL,PHASE2|PHASE3,Universitas Padjadjaran,ketamine,1,Indonesia,2022-12-27,,,"Iwan Fuadi, MD (Faculty of Medicine Universitas Padjadjaran Bandung); Ardi Zulfariansyah, MD (Faculty of Medicine Universitas Padjadjaran Bandung)",no,no,https://clinicaltrials.gov/study/NCT06040060
NCT04831736,Effect of Postoperative Single Dose of Ketamine on Pain After Mastectomy,anesthesia_analgesia,Postoperative Pain,COMPLETED,INTERVENTIONAL,PHASE4,NYU Langone Health,ketamine,1,United States,2021-04-26,,,"Lisa Doan, MD (NYU Langone Health)",yes,yes,https://clinicaltrials.gov/study/NCT04831736
NCT04797312,Comparison of an Opioid-Free Anesthesia Protocol Versus Standard Practices on Early and Late Post-operative Recovery,anesthesia_analgesia,Anesthesia; Anesthesia; Adverse Effect; Opioid Analgesic Adverse Reaction; Post-Op Complication,UNKNOWN,INTERVENTIONAL,PHASE3,"University Hospital, Angers",ketamine,1,France,2021-07-12,"Maxime Léger, MD",241353635,"Maxime Léger, MD (University Hospital, Angers)",no,no,https://clinicaltrials.gov/study/NCT04797312
NCT05953428,Reducing Postoperative Opioids in Patients Undergoing Laparoscopic Hiatal Hernia,anesthesia_analgesia,Hiatal Hernia,COMPLETED,INTERVENTIONAL,NA,Endeavor Health,ketamine,1,United States,2024-03-03,,,"Steven Greenberg, MD (Endeavor Health)",yes,no,https://clinicaltrials.gov/study/NCT05953428
NCT02940509,Ketamine and Magnesium in Post-operative Pain Control in Patients Treated With Opioids,anesthesia_analgesia,Chronic Pain,TERMINATED,INTERVENTIONAL,PHASE1,Milton S. Hershey Medical Center,ketamine,1,United States,2017-07-01,,,"Stacey Duryea, DO (Milton S. Hershey Medical Center)",no,no,https://clinicaltrials.gov/study/NCT02940509
NCT05056038,Lateral Versus Posterior Quadratus Lumborum Block in The Pediatric Patients Undergoing Orchiopexy,other,Pain,COMPLETED,INTERVENTIONAL,NA,Istanbul University - Cerrahpasa,ketamine,1,Turkey (Türkiye),2021-07-01,,,"Ayşe Çiğdem Tütüncü, Prof. (Istanbul University - Cerrahpasa)",no,no,https://clinicaltrials.gov/study/NCT05056038
NCT02401139,Ketamine Trial for the Treatment of Depression,psychiatric,Unipolar Depression,COMPLETED,INTERVENTIONAL,PHASE1,The University of New South Wales,ketamine,2,Australia,2015-03,,,"Colleen K Loo, MBBS, MD (University of New South Wales)",no,,https://clinicaltrials.gov/study/NCT02401139
NCT05596669,Analgesic Effect of Ketamine Vs Ketamine Magnesium Infusion and Their Effect on Postoperative Morphine Consumption,anesthesia_analgesia,Nephrectomy,COMPLETED,INTERVENTIONAL,PHASE1,Egymedicalpedia,ketamine,1,Egypt,2021-09-01,,,"Nirvana Elshalakany, Professor (Department of Anesthesia and I.C.U. faculty of Medicine October six university, Egypt)",no,undecided,https://clinicaltrials.gov/study/NCT05596669
NCT06064162,Ketamine for MS Fatigue,other,Multiple Sclerosis,COMPLETED,INTERVENTIONAL,EARLY_PHASE1,Alta Bates Summit Medical Center,ketamine,1,United States,2023-12-05,,,"Deepak Soneji, MD (Sutter East Bay Medical Foundation)",no,no,https://clinicaltrials.gov/study/NCT06064162
NCT00516503,Baclofen-Amitriptyline Hydrochloride-Ketamine Gel in Treating Peripheral Neuropathy Caused by Chemotherapy in Patients With Cancer,other,"Chronic Myeloproliferative Disorders; Leukemia; Lymphoma; Lymphoproliferative Disorder; Multiple Myeloma and Plasma Cell Neoplasm; Myelodysplastic Syndromes; Myelodysplastic/Myeloproliferative Neoplasms; Neurotoxicity; Pain; Unspecified Adult Solid Tumor, Protocol Specific",COMPLETED,INTERVENTIONAL,PHASE3,Alliance for Clinical Trials in Oncology,ketamine,165,United States,2008-02,,,"Debra Barton, RN, PhD, AOCN, FAAN (Mayo Clinic)",yes,,https://clinicaltrials.gov/study/NCT00516503
NCT03233035,Low Dose Ketamine Intra Nasal Traumatology,psychiatric,Trauma,COMPLETED,INTERVENTIONAL,PHASE2,University of Monastir,ketamine,2,Tunisia,2018-01-01,,,"Nouira Semir, Professor (university Hospital of Monastir)",no,no,https://clinicaltrials.gov/study/NCT03233035
NCT01168492,Analgesia During Pediatric Digestive Endoscopy: a Comparison of Two Protocols for Procedural Sedation,anesthesia_analgesia,Pain,COMPLETED,INTERVENTIONAL,PHASE4,Université de Montréal,ketamine,1,Canada,2010-07,,,"Denise Herzog, MD (Université de Montréal)",no,,https://clinicaltrials.gov/study/NCT01168492
NCT05502211,A Comparison Between Ketamine-lidocaine Versus Ketamine-fentanyl for Induction on the Hemodynamic Effects in Patients With Coronary Artery Disease,other,Induction of General Anesthesia,UNKNOWN,INTERVENTIONAL,NA,Kasr El Aini Hospital,ketamine,2,Egypt,2022-11-01,"Ayman Abougabal, MD",01020671408,"Ayman Abougabal, MD (lecturer of anesthesia Kasr Al Ainy hospital)",no,no,https://clinicaltrials.gov/study/NCT05502211
NCT03711734,Acupuncture ACL (Anterior Cruciate Ligament),other,ACL; ACL Injury; Anterior Cruciate Ligament Injury; Anterior Cruciate Ligament Rupture; Anesthesia,COMPLETED,INTERVENTIONAL,NA,"Hospital for Special Surgery, New York",ketamine,1,United States,2018-11-01,,,"Stephanie Cheng, MD (Hospital for Special Surgey)",yes,no,https://clinicaltrials.gov/study/NCT03711734
NCT03235609,Sedation During Pediatric Diagnostic Gastrointestinal Endoscopy Gastrointestinal Endoscopy,anesthesia_analgesia,Sedation,UNKNOWN,INTERVENTIONAL,NA,Assiut University,ketamine,0,,2017-08-16,Mohamed Aly,00201062011126,,no,,https://clinicaltrials.gov/study/NCT03235609
NCT00519987,Multiple Dose Pharmacokinetics of Intranasal Ketamine,other,Healthy,COMPLETED,INTERVENTIONAL,PHASE1,Javelin Pharmaceuticals,ketamine,0,,2007-06,,,Javelin Pharmaceuticals (Javelin Pharmaceuticals),no,,https://clinicaltrials.gov/study/NCT00519987
NCT02252432,The Effects of Ketamine and Methadone on Postoperative Pain for Laminectomy,anesthesia_analgesia,Laminectomy,TERMINATED,INTERVENTIONAL,PHASE4,Cedars-Sinai Medical Center,ketamine,1,United States,2013-02,,,"Roya Yumul, M.D., PhD. (Cedars-Sinai Medical Center)",yes,,https://clinicaltrials.gov/study/NCT02252432
NCT07855523,Efficacy of Intravenous Midazolam-Ketamine Combination Versus Placebo for Prevention of Post-Spinal Shivering in Elective Cesarean Section,anesthesia_analgesia,Shivering; Post-Spinal Shivering; Hypothermia; Cesarean Section,NOT_YET_RECRUITING,INTERVENTIONAL,PHASE4,Assiut University,ketamine,0,,2026-11,,,,no,,https://clinicaltrials.gov/study/NCT07855523
NCT03380442,Psilocybin and Depression,psychiatric,Severe Depression,UNKNOWN,INTERVENTIONAL,PHASE2,University of Helsinki,"ketamine,psilocybin",0,,2018-09,"Mona E Moisala, PhD",504480044,,no,no,https://clinicaltrials.gov/study/NCT03380442
NCT06139380,Intranasal Ketamine Effectiveness in Reducing Intramuscular Injection Pain Before Sedation Among Children,anesthesia_analgesia,Pain; Intranasal Ketamine,COMPLETED,INTERVENTIONAL,PHASE4,Tehran University of Medical Sciences,ketamine,1,Iran,2023-12-02,,,,no,no,https://clinicaltrials.gov/study/NCT06139380
NCT07310524,COMPARISON OF OPIOID-FREE AND OPIOID-BASED ANESTHESIA TECHNIQUES ON qNOX INDEX IN ABDOMINAL SURGERY UNDER GENERAL ANESTHESIA,anesthesia_analgesia,Opioid-free Anesthesia,COMPLETED,INTERVENTIONAL,NA,Muhammad Rahman Efendi Nasution,ketamine,1,Indonesia,2025-09-08,,,,no,,https://clinicaltrials.gov/study/NCT07310524
NCT07596810,Ketamine Added to Quadratus Lumborum Block for Pain Relief After Infant Pyeloplasty,other,Ureteropelvic Junction Obstruction; Postoperative Pain,COMPLETED,INTERVENTIONAL,PHASE4,Alexandria University,ketamine,1,Egypt,2025-06-01,,,,no,,https://clinicaltrials.gov/study/NCT07596810
NCT06138691,KET-RO Plus RO DBT for Treatment Resistant Depression,psychiatric,Treatment Resistant Depression,COMPLETED,INTERVENTIONAL,PHASE1,Washington University School of Medicine,ketamine,1,United States,2023-10-04,,,"Kirsten Gilbert, PhD (Washington University School of Medicine)",yes,no,https://clinicaltrials.gov/study/NCT06138691
NCT04625283,The Impact of Perioperative Ketamine Infusion on Surgical Recovery,anesthesia_analgesia,"Opioid Use; Enhanced Recovery After Surgery; Anesthesia; Ketamine; Pain, Postoperative",COMPLETED,INTERVENTIONAL,PHASE4,Vanderbilt University Medical Center,ketamine,1,United States,2021-04-12,,,"Britany L Raymond, MD (Vanderbilt University Medical Center)",yes,no,https://clinicaltrials.gov/study/NCT04625283
NCT05249309,Naturalistic Study of Ketamine in the Treatment of Depression,psychiatric,Major Depressive Disorder; Bipolar Disorder; Bipolar Depression; Bipolar I Disorder; Bipolar II Disorder; Affective Disorder,UNKNOWN,OBSERVATIONAL,,Hospital de Clinicas de Porto Alegre,ketamine,2,Brazil,2021-05-01,,,"Ana P Anzolin, Master (Laboratory of Molecular Psychiatry, Hospital de Clínicas de Porto Alegre); Keila Maria M Ceresér, PhD (Laboratory of Molecular Psychiatry, Hospital de Clínicas de Porto Alegre)",no,no,https://clinicaltrials.gov/study/NCT05249309
NCT05783492,INK Feasibility Study,other,Procedural Sedation,WITHDRAWN,INTERVENTIONAL,PHASE3,London Health Sciences Centre Research Institute OR Lawson Research Institute of St. Joseph's,ketamine,0,,2024-01-01,,,,no,no,https://clinicaltrials.gov/study/NCT05783492
NCT03816592,Opioid Free Anaesthesia in Cardiac Surgery With Cardiopulmonary Bypass,anesthesia_analgesia,Opioid Free Anaesthesia; Opioid Anaesthesia,COMPLETED,OBSERVATIONAL,,Centre Hospitalier Universitaire Dijon,ketamine,1,France,2019-01-01,,,,no,,https://clinicaltrials.gov/study/NCT03816592
NCT06036511,Connectivity Changes Associated With Ketamine Assisted Psychotherapy for PTSD,psychiatric,PTSD,WITHDRAWN,INTERVENTIONAL,PHASE1|PHASE2,University of New Mexico,ketamine,1,United States,2023-12-31,,,"Snehal Bhatt, MD (UNM)",no,no,https://clinicaltrials.gov/study/NCT06036511
NCT02743104,Ketamine vs Propofol for Sedation During Pediatric Bronchoscopy,anesthesia_analgesia,Paediatric Flexible Bronchoscopy,SUSPENDED,INTERVENTIONAL,NA,Rabin Medical Center,ketamine,0,,2016-05,,,,no,yes,https://clinicaltrials.gov/study/NCT02743104
NCT04711005,"Phase 1 Evaluation of (2R,6R)-Hydroxynorketamine",other,Major Depressive Disorder,COMPLETED,INTERVENTIONAL,PHASE1,National Institute of Mental Health (NIMH),ketamine,1,United States,2021-01-11,,,"Shruti Raja, MD, MHS (Duke University)",yes,no,https://clinicaltrials.gov/study/NCT04711005
NCT04613453,"Reducing Adolescent Suicide Risk: Safety, Efficacy, and Connectome Phenotypes of Intravenous Ketamine",psychiatric,Adolescent Suicide; Adolescent Depression,TERMINATED,INTERVENTIONAL,PHASE2,Yale University,ketamine,1,United States,2022-01-21,,,"Michael Bloch, MD MS (Yale University)",yes,yes,https://clinicaltrials.gov/study/NCT04613453
NCT06588907,Pain Palliation in Forearm Fractures in the Emergency Department,psychiatric,Forearm Fracture; Radius Fractures; Ulnar Fracture,COMPLETED,INTERVENTIONAL,NA,Ankara Etlik City Hospital,ketamine,1,Turkey (Türkiye),2024-06-01,,,Ahmet Burak Erdem (Ankara Etlik City Hospital),no,,https://clinicaltrials.gov/study/NCT06588907
NCT04916548,Repeated Neurocognitive Measurements in Depressed Patients,psychiatric,"Depression, Unipolar",COMPLETED,INTERVENTIONAL,PHASE1|PHASE2,Rebecca Price,ketamine,1,United States,2021-09-16,,,,yes,no,https://clinicaltrials.gov/study/NCT04916548
NCT03431285,Ketamine for Acute Painful Crisis in Sickle Cell Disease Patients,other,Sickle Cell Crisis,COMPLETED,INTERVENTIONAL,NA,Imam Abdulrahman Bin Faisal University,ketamine,1,Saudi Arabia,2018-01-01,,,"Mohammed SS Alshahrani, MD (King Fahad Hospital of the University -Imam Abdulrahman Bin Faisal University - (Dammam University))",yes,yes,https://clinicaltrials.gov/study/NCT03431285
NCT03164590,Effects of Wound Infiltration With Ketamine Versus Dexmedetomidine Added to Bupivacaine on Cytokines,other,Endometrial Adenocarcinoma,COMPLETED,INTERVENTIONAL,PHASE4,Assiut University,ketamine,1,Egypt,2017-06-01,,,"fatma el sherif, MD (South Egypt Cancer Institute)",no,no,https://clinicaltrials.gov/study/NCT03164590
NCT03705468,Assessment of Ketamine and Propofol Sedation During LISA Method (Less Invasive Surfactant Administration),anesthesia_analgesia,Premature Neonate,COMPLETED,OBSERVATIONAL,,"University Hospital, Montpellier",ketamine,1,France,2018-09-19,,,"MILESI Christophe, PUPH (University Hospital, Montpellier)",no,,https://clinicaltrials.gov/study/NCT03705468
NCT05217706,Low-Dose Intravenous Ketamine for Adolescents With Depression and Suicidal Ideation in the Emergency Department,psychiatric,Depression; Suicidal Ideation,UNKNOWN,INTERVENTIONAL,EARLY_PHASE1,"Rady Children's Hospital, San Diego",ketamine,1,United States,2022-03-01,"Tatyana Vayngortin, MD",8589668036,,no,no,https://clinicaltrials.gov/study/NCT05217706
NCT03814733,Assessment of Effect of Rapastinel on Driving Performance,other,Driving Performance,COMPLETED,INTERVENTIONAL,PHASE1,"Naurex, Inc, an affiliate of Allergan plc",ketamine,2,Canada; United States,2018-11-05,,,Sheng Fang Su (Allergan),no,undecided,https://clinicaltrials.gov/study/NCT03814733
NCT05825560,Opioid-free Analgesia in Intensive Care Unit,anesthesia_analgesia,Intubation,COMPLETED,INTERVENTIONAL,PHASE4,Centre Hospitalier Universitaire de Nīmes,ketamine,1,France,2023-05-15,,,,no,no,https://clinicaltrials.gov/study/NCT05825560
NCT05190952,Dexamethasone & Ketamine as Adjuvants to Bupivacaine for Incisional Infiltration in Pediatric Abdominal Operations,other,Pediatric ALL,COMPLETED,INTERVENTIONAL,NA,Ain Shams University,ketamine,1,Egypt,2020-12-05,,,,no,undecided,https://clinicaltrials.gov/study/NCT05190952
NCT06232291,Observation of Safety and Tolerability Within 1 Year of the Use of R-ketamine / Placebo in Drug-resistant Depression,psychiatric,Treatment-Resistant Depression; Major Depressive Disorder,COMPLETED,OBSERVATIONAL,,Medical University of Gdansk,ketamine,1,Poland,2023-04-21,,,,no,yes,https://clinicaltrials.gov/study/NCT06232291
NCT01535976,Ketamine Infusion and Hypoventilation,other,Hypoventilation,COMPLETED,INTERVENTIONAL,NA,Northwestern University,ketamine,1,United States,2011-08,,,"Gildasio De Oliveira, MD (Northwestern University)",yes,,https://clinicaltrials.gov/study/NCT01535976
NCT01925898,"A Randomized, Clinical Trial of Oral Midazolam Versus Oral Ketamine for Sedation During Laceration Repair.",anesthesia_analgesia,Lacerations,UNKNOWN,INTERVENTIONAL,PHASE4,Assaf-Harofeh Medical Center,ketamine,1,Israel,2013-08,"Eran Kozer, MD",972-8-9779916,,no,,https://clinicaltrials.gov/study/NCT01925898
NCT01449708,Effect of Intraoperative Anesthetic Management on Postoperative Nausea and Vomiting in Bariatric Surgery,anesthesia_analgesia,Postoperative Nausea and Vomiting,COMPLETED,INTERVENTIONAL,PHASE4,Coastal Anesthesiology Consultants,ketamine,1,United States,2011-11,,,"Patrick Ziemann-Gimmel, MD (Coastal Anesthesiology)",yes,no,https://clinicaltrials.gov/study/NCT01449708
NCT06428838,Eptinezumab as an Adjunct to Standard of Care for Migraine in an Acute Emergency Context,other,Migraine; Chronic Migraine,ENROLLING_BY_INVITATION,INTERVENTIONAL,PHASE3,Dr George Medvedev,ketamine,2,Canada,2025-05-05,,,,no,no,https://clinicaltrials.gov/study/NCT06428838
NCT06185426,"Histopathological, Biochemical And Electrophysiological Evaluation Of Single Or Combined Use Of Diode Laser/Steroid Treatment On Facial Nerve Injury",other,Nerve Injury; Laser Therapy; Methylprednisolone; Facial Nerve Injuries,UNKNOWN,INTERVENTIONAL,EARLY_PHASE1,Recep Tayyip Erdogan University,ketamine,1,Turkey (Türkiye),2021-01-01,,,"zeynep gümrükçü, Associate Professor (RTEU)",no,no,https://clinicaltrials.gov/study/NCT06185426
NCT06919198,The Dreamy Jet Study,other,Sedation; Blood Drawing Procedure; Immunization; IV Placement,WITHDRAWN,INTERVENTIONAL,PHASE1,"University of Wisconsin, Madison",ketamine,1,United States,2025-09,,,"Megan Peters, MD (University of Wisconsin, Madison)",no,no,https://clinicaltrials.gov/study/NCT06919198
NCT04889664,Adding Trauma-focused Psychotherapy to Ketamine Treatment for Chronic PTSD,psychiatric,PTSD,COMPLETED,INTERVENTIONAL,PHASE2,Icahn School of Medicine at Mount Sinai,ketamine,1,United States,2021-06-04,,,"Adriana Feder, MD (Depression and Anxiety Center, Icahn School of Medicine at Mount Sinai); Oneysha Brown, BA (Depression and Anxiety Center, Icahn School of Medicine at Mount Sinai)",yes,yes,https://clinicaltrials.gov/study/NCT04889664
NCT05752799,Evaluation of the Stress Response in Bariatric Surgery With and Without the Use of Opioids,anesthesia_analgesia,"Opioid Use, Unspecified; Bariatric Surgery Candidate",ACTIVE_NOT_RECRUITING,INTERVENTIONAL,NA,G.Gennimatas General Hospital,ketamine,1,Greece,2023-01-01,,,,no,,https://clinicaltrials.gov/study/NCT05752799
NCT03165149,"Effect of a Topical Ketamine on Acute and Chronic Pain, Dose Finding",other,Breast Cancer,COMPLETED,INTERVENTIONAL,PHASE2|PHASE3,Assiut University,ketamine,1,Egypt,2017-06-01,,,,no,no,https://clinicaltrials.gov/study/NCT03165149
NCT02183272,Emergency Ketamine Treatment of Suicidal Ideation,psychiatric,Depression; Suicidal Ideation; Suicidal Impulses,UNKNOWN,INTERVENTIONAL,PHASE2|PHASE3,University of Cincinnati,ketamine,1,United States,2016-08,Faryal Mallick,513-558-4997,"Cheryl McCullumsmith, MD PhD (University of Cincinnati)",no,no,https://clinicaltrials.gov/study/NCT02183272
NCT04414800,Intranasal Ketamine Versus Intranasal Fentanyl,other,"Multiple Trauma; Pain, Acute",COMPLETED,INTERVENTIONAL,PHASE3,Isfahan University of Medical Sciences,ketamine,1,Iran,2017-04-01,,,,no,no,https://clinicaltrials.gov/study/NCT04414800
NCT03674671,Ketamine Versus Electroconvulsive Therapy in Depression,psychiatric,"Depressive Disorder, Major; Bipolar Depression",SUSPENDED,INTERVENTIONAL,PHASE3,University of Ottawa,ketamine,4,Canada,2018-10-29,,,"Pierre Blier, MD, PhD (The Royal's Institute of Mental Health Research)",no,yes,https://clinicaltrials.gov/study/NCT03674671
NCT07230392,Superficial Cervical Plexus Block Versus Ketamine in the Prevention of Chronic Pain After Thyroidectomy,other,Chronic Pain; Thyroidectomy,COMPLETED,INTERVENTIONAL,PHASE4,University Tunis El Manar,ketamine,1,Tunisia,2024-10-14,,,"ibtissem BEN TALEB (University of Tunis El Manar, Anesthesia and critical care department, Taher Maamouri University Hospital,)",no,undecided,https://clinicaltrials.gov/study/NCT07230392
NCT04486690,Neuroprotection During Open Heart Surgery,anesthesia_analgesia,Open Heart Surgery,COMPLETED,INTERVENTIONAL,PHASE3,ghada fouad,ketamine,0,,2016-07-01,,,"mona a hashish, M.D (professor of anesthesia); ahmed m elshamy, master (assistant lecturer of anesthesia)",no,no,https://clinicaltrials.gov/study/NCT04486690
NCT00474110,Ketamine and Hydromorphone for Patient Controlled Pain Relief in Children's Mucositis,other,Mucositis,WITHDRAWN,INTERVENTIONAL,PHASE3,University of British Columbia,ketamine,1,Canada,2009-08,,,"Carolyne Montgomery, MD (University of British Columbia); Mark Ansermino, MD (University of British Columbia)",no,,https://clinicaltrials.gov/study/NCT00474110
NCT02935959,"Premedication With Nebulized Ketamine,Dexmedetomidine Versus Midazolam in Oncologic Preschool Children",other,Oncological Children,COMPLETED,INTERVENTIONAL,PHASE1|PHASE2,Assiut University,ketamine,1,Egypt,2016-10,,,"fatma a elsherif, lecturer (South Egypt Cancer Institute)",no,,https://clinicaltrials.gov/study/NCT02935959
NCT02334059,Effect of Single Dose Ketamine and Magnesium on Postoperative Pain in Patients Undergoing Bariatric Surgery,anesthesia_analgesia,Obesity,COMPLETED,INTERVENTIONAL,NA,Milton S. Hershey Medical Center,ketamine,1,United States,2015-11,,,"Sanjib Adhikary, MB, BS,MD (PSHMC College of Medicine)",yes,,https://clinicaltrials.gov/study/NCT02334059
NCT02935725,A Study to Assess the pharmacoMRI Effects of AUT00206 in Healthy Males,other,Schizophrenia,COMPLETED,INTERVENTIONAL,PHASE1,Autifony Therapeutics Limited,ketamine,1,United Kingdom,2016-10,,,"Bill Deakin, Prof (University of Manchester)",no,yes,https://clinicaltrials.gov/study/NCT02935725
NCT05402189,Ketodex Versus Opioid Based Anaesthesia in Cleft Palate Repair Ketodex Versus Opioid Based Anaesthesia in Cleft Palate Repair Ketodex Versus Opioid Based Anaesthesia in Cleft Palate Repair Ketodex Versus Opioids in Cleft Palate Repaire,other,Ketodex Versus Opioids Based Anaesthesia in Cleft Palate Repair,UNKNOWN,INTERVENTIONAL,PHASE1,Ain Shams University,ketamine,1,Egypt,2022-02-01,"Marwa M Mohamed, Lecturer",01000205686,,no,,https://clinicaltrials.gov/study/NCT05402189
NCT00210210,Administration of Ketamine to Prevent the Post-operative Pain,anesthesia_analgesia,Postoperative Pain; Breast Cancer,COMPLETED,INTERVENTIONAL,PHASE3,Institut Bergonié,ketamine,1,France,2004-01-31,,,"Sylvie COLOMBANI, MD (Institut Bergonié)",yes,no,https://clinicaltrials.gov/study/NCT00210210
NCT04858711,Opioid-free Anesthesia With a Mixture of Dexmedetomidine-lidocaine-ketamine,anesthesia_analgesia,"Pain, Postoperative; Pain, Acute; Pain, Chronic; Pain, Neuropathic; Pain, Nociceptive; Ketamine; Dexmedetomidine; Lidocaine; Central Nervous System Depressants; Analgesia; Analgesics; Analgesics Non-narcotic",UNKNOWN,INTERVENTIONAL,NA,Aretaieion University Hospital,ketamine,1,Greece,2021-04-01,"Kassiani Theodoraki, PhD, DESA",+306974634162,"Kassiani Theodoraki, phD, DESA (Aretaieion University Hospital)",no,no,https://clinicaltrials.gov/study/NCT04858711
NCT07463911,Treatment Response In ECT Patients,other,Major Depression; Bipolar Affective Disorder; Bipolar Depression Depressed Phase,ACTIVE_NOT_RECRUITING,OBSERVATIONAL,,Nurdan Sağbaş,ketamine,1,Turkey (Türkiye),2025-05-20,,,ceyhan M şengül balcı (Pamukkale University),no,undecided,https://clinicaltrials.gov/study/NCT07463911
NCT05828199,The Effect of Intraoperative Infusion of Dexmedetomidine Versus Low Dose Ketamine,other,"Nasal Polyps; Nasal Septum, Irregular; Functional Endoscopic Sinus Surgery",UNKNOWN,INTERVENTIONAL,PHASE1,Al-Azhar University,ketamine,1,Egypt,2022-12-01,"Ahmed Gamal, assist.lect",01099549595,"Essam Ali, Professor (Al-Azhar University, Faculty of medicine for boys)",no,undecided,https://clinicaltrials.gov/study/NCT05828199
NCT05137587,Importance of Integrated Pulmonary Index in Pediatric Bronchoscopy,other,Monitored Anesthesia Care; Respiratory Monitoring,COMPLETED,INTERVENTIONAL,NA,Marmara University,ketamine,1,Turkey (Türkiye),2022-09-01,,,Ruslan Abdullayev (Marmara University Department of Anesthesiology and Reanimation),no,no,https://clinicaltrials.gov/study/NCT05137587
NCT00701909,Pain Medicine for Wound Care Procedures,other,Wound Care; Pain Intensity; Hyperalgesia; Nausea; Vomiting; Hallucinations,COMPLETED,INTERVENTIONAL,PHASE3,"University of California, San Francisco",ketamine,2,Puerto Rico; United States,2008-06,,,"Kathleen A Puntillo, RN, DNSc (Regents of the University of California, San Francisco)",yes,no,https://clinicaltrials.gov/study/NCT00701909
NCT06219928,Comparison of the Effects of Dexmedetomidine and Ketamine Infusion on the Inflammatory Response in Liver Resection,other,Inflammation; Analgesia,COMPLETED,INTERVENTIONAL,NA,Ataturk University,ketamine,1,Turkey (Türkiye),2022-06-30,,,,no,no,https://clinicaltrials.gov/study/NCT06219928
NCT02916407,The Effect of Preoperative Ketamine on the Emergence Characteristics in Children Undergoing Entropion Surgery,anesthesia_analgesia,Entropion,COMPLETED,INTERVENTIONAL,NA,Inje University,ketamine,1,South Korea,2016-09,,,"Ki Hwa Lee, M.D, (Inje University)",yes,no,https://clinicaltrials.gov/study/NCT02916407
NCT07120763,Pain Control Alternatives in Pediatric Patients With Distal Radius Fractures,anesthesia_analgesia,Distal Radius Fracture Reduction; Pain Control; Pediatric Fractures,RECRUITING,INTERVENTIONAL,PHASE3,State University of New York at Buffalo,ketamine,1,United States,2025-08-22,"Dr. Ellen Lutnick Lutnick, MD",(716) 323-2100,,no,no,https://clinicaltrials.gov/study/NCT07120763
NCT03246971,Study of Wafermine™ for Post-bunionectomy or Abdominoplasty Pain,other,Acute Pain; Bunion; Abdominoplasty,COMPLETED,INTERVENTIONAL,PHASE2,iX Biopharma Ltd.,ketamine,1,United States,2017-08-24,,,,no,,https://clinicaltrials.gov/study/NCT03246971
NCT05378555,Oral Ketamine for Treatment of Vaso-Occlusive Pain,other,Vaso-occlusive Crisis,COMPLETED,INTERVENTIONAL,PHASE1,Boston Children's Hospital,ketamine,1,United States,2023-05-26,,,,no,no,https://clinicaltrials.gov/study/NCT05378555
NCT01135758,Study of Depression-Ketamine-Brain Function,psychiatric,Major Depression,TERMINATED,INTERVENTIONAL,PHASE2,Markus KOSEL,ketamine,1,Switzerland,2010-06,,,"Markus Kosel, MD-PhD (Departement of Adult Psychiatry, University Hospital of Geneva)",no,,https://clinicaltrials.gov/study/NCT01135758
NCT01983020,"Peri-Operative Lidocane, Ketamine, or Lidocane and Ketamine Combination, Infusion for Patients Undergoing Spine Surgery",anesthesia_analgesia,Postoperative Pain,COMPLETED,INTERVENTIONAL,PHASE3,Beth Israel Medical Center,ketamine,1,United States,2011-04,,,"Ronald Kaplan, MD (Beth Israel Medical Center)",yes,,https://clinicaltrials.gov/study/NCT01983020
NCT03054103,Sedation Methods During Cataract Surgery,anesthesia_analgesia,Phacoemulsification; Cataract,COMPLETED,INTERVENTIONAL,PHASE4,Wake Forest University Health Sciences,ketamine,0,,2016-05-03,,,"Timothy N Harwood, MD (Wake Forest University Health Sciences)",yes,no,https://clinicaltrials.gov/study/NCT03054103
NCT07563062,Oropharyngeoesophageal Topical Anesthesia Versus Intravenous Propofol -Ketamine Sedation for Upper Gastrointestinal Endoscopy,anesthesia_analgesia,Upper Gastrointestinal Endoscopy; Topical Anesthesia; Intravenous Sedation,COMPLETED,INTERVENTIONAL,NA,Zagazig University,ketamine,1,Egypt,2023-01-01,,,"Mona Shahin, MD (Zagazig University); Osama Nofal, MD (Zagazig University)",no,no,https://clinicaltrials.gov/study/NCT07563062
NCT02305394,Effect of Subanesthetic Dose of Ketamine Combined With Propofol on Cognitive Function in Depressive Patients Undergoing Electroconvulsive Therapy,psychiatric,Depressive Symptoms; Impaired Cognition; Electroconvulsive Therapy,UNKNOWN,INTERVENTIONAL,PHASE4,First Affiliated Hospital of Chongqing Medical University,ketamine,1,China,2015-01,"Qibin Chen, Master",023-89011061,Su Min (First Affiliated Hospital of Chongqing Medical University),no,,https://clinicaltrials.gov/study/NCT02305394
NCT04646694,The Ketamine for Acute Postoperative Analgesia (KAPA) Trial,anesthesia_analgesia,Postoperative Pain,COMPLETED,INTERVENTIONAL,PHASE3,"University Health Network, Toronto",ketamine,1,Canada,2020-11-17,,,"Michael Dinsmore, MD (University Health Network, Toronto)",no,no,https://clinicaltrials.gov/study/NCT04646694
NCT06935669,Analgesic Effect of Bupivacaine Plus Ketamine Versus Bupivacaine Alone in Transversalis Fascia Plane Block,anesthesia_analgesia,Analgesia,NOT_YET_RECRUITING,INTERVENTIONAL,PHASE1,Ain Shams University,ketamine,1,Egypt,2025-04-25,Ahmed Ad MAHMOUD Ebrahim elgamal,+02 01159008254,AHMED Ad Elgamal (Ain Shams University),no,,https://clinicaltrials.gov/study/NCT06935669
NCT02828566,Intranasal Ketamine for Procedural Sedation,anesthesia_analgesia,Bone Fractures; Dislocations,UNKNOWN,INTERVENTIONAL,PHASE3,London Health Sciences Centre Research Institute OR Lawson Research Institute of St. Joseph's,ketamine,0,,2017-10,"Naveen Poonai, MD",5196858500,"Naveen Poonai, MD (Western University)",no,no,https://clinicaltrials.gov/study/NCT02828566
NCT03434366,Intranasal Ketamine With Dexmedetomidine for the Treatment of Children With Autism Spectrum Disorder,other,Autism Spectrum Disorder,SUSPENDED,INTERVENTIONAL,PHASE2,Guangzhou Women and Children's Medical Center,ketamine,1,China,2018-01-20,,,"Qing Zhao, Doctor (Guangzhou Women and Children's Medical Center)",no,undecided,https://clinicaltrials.gov/study/NCT03434366
NCT06085937,Feasibility and Safety of Ketamine for Suicidal Patients in the Emergency Department,psychiatric,Suicide; Suicidal Ideation; Depression,RECRUITING,INTERVENTIONAL,PHASE1,"Lindsay Maguire, MD",ketamine,2,United States,2024-05-01,"Lindsay Maguire, MD",913-588-3580,,no,,https://clinicaltrials.gov/study/NCT06085937
NCT00236223,"The Effect of Gabapentin, Ketamine and Dexamethasone on Pain and Opioid Requirements After Hip Surgery",anesthesia_analgesia,"Pain, Postoperative",TERMINATED,INTERVENTIONAL,PHASE4,"Glostrup University Hospital, Copenhagen",ketamine,2,Denmark,2005-10,,,"Ole Mathiesen, MD (Department of Anaesthesiology, Copenhagen University Hospital in Glostrup, 2600 Glostrup, Denmark)",no,,https://clinicaltrials.gov/study/NCT00236223
NCT03498391,A Study of Human Multi-Sensory Integration,other,Anesthesia Awareness,SUSPENDED,INTERVENTIONAL,PHASE2,University of Pennsylvania,ketamine,1,United States,2018-07-30,,,"Max Kelz, MD, PhD (University of Pennsylvania)",no,no,https://clinicaltrials.gov/study/NCT03498391
NCT04260659,Opioid Free vs Opioid Based Anesthesia for Laparoscopic Sleeve Gastrectomy,anesthesia_analgesia,Obesity; Postoperative Pain; Postoperative Nausea; Postoperative Vomiting; Opioid Use,COMPLETED,INTERVENTIONAL,PHASE4,Medical University of Warsaw,ketamine,1,Poland,2020-02-04,,,"Piotr Mieszczański, MD (Medical University of Warsaw)",no,yes,https://clinicaltrials.gov/study/NCT04260659
NCT06368843,the Impact of Ketamine Gargling on the Incidence of Post Intubation Sore Throat,anesthesia_analgesia,Postoperative Sore Throat,UNKNOWN,OBSERVATIONAL,,Al-Azhar University,ketamine,1,Iraq,2024-04-25,Ministry O Health,07811593388,,no,no,https://clinicaltrials.gov/study/NCT06368843
NCT05277896,Randomized Trial of Sedative Choice for Intubation,anesthesia_analgesia,Acute Respiratory Failure,COMPLETED,INTERVENTIONAL,PHASE4,Vanderbilt University Medical Center,ketamine,6,United States,2022-04-06,,,"Jonathan D Casey, MD, MSc (Vanderbilt University Medical Center); Matthew W Semler, MD, MSc (Vanderbilt University Medical Center)",yes,yes,https://clinicaltrials.gov/study/NCT05277896
NCT03461718,Ketamine for Endoscopic Sedation in Outpatient Adult Endoscopy.,anesthesia_analgesia,Administration and Dosage of Ketamine; Endoscopic Sedation,COMPLETED,INTERVENTIONAL,PHASE2,Brooke Army Medical Center,ketamine,1,United States,2018-03-05,,,"Jerome C Edelson, MD (BAMC); John G Gancayco, MD (BAMC)",no,no,https://clinicaltrials.gov/study/NCT03461718
NCT07177235,Ketamine for the Treatment of Refractory Status Epilepticus,other,Refractory Status Epilepticus,NOT_YET_RECRUITING,INTERVENTIONAL,PHASE4,Thomas Jefferson University,ketamine,1,United States,2025-11,"Elizabeth Fletman, DO",215-955-7000,"Syed O Shah, MD (Thomas Jefferson University)",no,no,https://clinicaltrials.gov/study/NCT07177235
NCT04259476,"Low Dose Perioperative Ketamine Infusion and it's Effect on Postoperative Pain Score, Sedation Score and Narcotic Consumption in Patients Undergoing Spine Surgery: A Prospective Randomized Double Blind Control Trial.",anesthesia_analgesia,for Post-operative Pain Relief in Spine Surgeries,UNKNOWN,INTERVENTIONAL,PHASE1,"Services Institute of Medical Sciences, Pakistan",ketamine,1,Pakistan,2020-01-01,"sana siddiq, FCPS",00923343368803,,no,no,https://clinicaltrials.gov/study/NCT04259476
NCT07568938,Evaluation of the Stress Response in Anesthesia Use Inhalation Anesthetic (Desflurane) Versus TIVA for Bariatric Surgery,anesthesia_analgesia,Opioid Use; Bariatric Surgery Candidate; TCI Eleveld; Obesity,RECRUITING,INTERVENTIONAL,NA,G.Gennimatas General Hospital,ketamine,1,Greece,2024-01-10,,,,no,,https://clinicaltrials.gov/study/NCT07568938
NCT05597878,Opioid-Free Pain Control Regimen Following Robotic Radical Prostatectomy,other,Pain Management; Opioid Use; Prostate Cancer,TERMINATED,INTERVENTIONAL,PHASE2|PHASE3,Wake Forest University Health Sciences,ketamine,1,United States,2023-04-18,,,"Ashok Hemal, MD (Atrium Health Wake Forest Baptist Comprehensive Cancer Center)",no,no,https://clinicaltrials.gov/study/NCT05597878
NCT05031676,Opioid Free Anesthesia in Maxillofacial Surgery,anesthesia_analgesia,Maxillofacial Surgery,COMPLETED,INTERVENTIONAL,NA,Université NAZI BONI,ketamine,1,Burkina Faso,2019-02-15,,,"Ismael Guibla, Doctor (University Hospital Souro Sanou, Burkina Faso); Charles Ilboudo, Doctor (University Hospital Souro Sanou, Burkina Faso)",no,no,https://clinicaltrials.gov/study/NCT05031676
NCT04355468,Opioid Free Anesthesia in Thoracic Surgery,anesthesia_analgesia,"Thoracic Surgery; Analgesics, Opioid; Anesthesia, Conduction",COMPLETED,INTERVENTIONAL,NA,Medical University of Silesia,ketamine,1,Poland,2015-12,,,,no,,https://clinicaltrials.gov/study/NCT04355468
NCT06354673,Stellate Ganglion Block Combined With Dexmedetomidine or Subanesthetic Ketamine Infusion for Treatment of Neurostorm.,other,Paroxysmal Sympathetic Hyperactivity,COMPLETED,INTERVENTIONAL,NA,Zagazig University,ketamine,1,Egypt,2024-04-04,,,"Eslam S. Almaghawry Mohamed, MD (Zagazig University)",no,no,https://clinicaltrials.gov/study/NCT06354673
NCT02643979,Ketamine and Propofol Combination Versus Propofol for Upper Gastrointestinal Endoscopy,anesthesia_analgesia,Obesity; Bariatrics; Sleep Apnea Syndromes; Gastric Bypass; Endoscopy,TERMINATED,INTERVENTIONAL,PHASE4,Icahn School of Medicine at Mount Sinai,ketamine,1,United States,2016-01-01,,,"Daniel J Katz, MD (Icahn School of Medicine at Mount Sinai); David A Maerz, MD (Icahn School of Medicine at Mount Sinai)",yes,undecided,https://clinicaltrials.gov/study/NCT02643979
NCT03040024,"Delirium Prevention With Ketamine in Ear, Nose, and Throat (ENT) Patients",other,Otolaryngeal Cancer,TERMINATED,INTERVENTIONAL,PHASE4,Emory University,ketamine,1,United States,2017-03-17,,,"Vanessa Moll, PhD (Emory University)",yes,no,https://clinicaltrials.gov/study/NCT03040024
NCT02022488,Sevoflurane Induced Emergence Agitation,anesthesia_analgesia,Emergence Agitation,COMPLETED,INTERVENTIONAL,PHASE4,Yeditepe University Hospital,ketamine,1,Turkey (Türkiye),2012-02,,,,no,,https://clinicaltrials.gov/study/NCT02022488
NCT00763880,Hematoma Block as an Adjunct to Procedural Sedation for Forearm Fracture Reduction,anesthesia_analgesia,Forearm Fracture,TERMINATED,INTERVENTIONAL,PHASE4,Rhode Island Hospital,ketamine,1,United States,2005-11,,,"Erika Constantine, MD (Rhode Island Hospital)",no,,https://clinicaltrials.gov/study/NCT00763880
NCT07821268,Impact of Sedation Practices on Clinical Outcomes Among Mechanically Ventilated Children,anesthesia_analgesia,Mechanically Ventilated Children Admitted to the Pediatric Intensive Care Unit,NOT_YET_RECRUITING,OBSERVATIONAL,,Yasmine Ahmed Abdelrahman,ketamine,1,Egypt,2026-09-01,yasmeen Ahmed abdelrhman,01289750281,,no,no,https://clinicaltrials.gov/study/NCT07821268
NCT03226080,GA/Spinal vs. GA/Spinal/NMB for Operative Repair of Hip Fracture,anesthesia_analgesia,"Hip Fractures; Anesthesia, Spinal; Anesthesia, General; Neuromuscular Blockade",WITHDRAWN,INTERVENTIONAL,PHASE4,Loyola University,ketamine,1,United States,2017-07-19,,,,no,no,https://clinicaltrials.gov/study/NCT03226080
NCT02062879,Ketamine Patient-Controlled Analgesia for Acute Pain,anesthesia_analgesia,Acute Pain; Multiple Trauma; Fractures,TERMINATED,INTERVENTIONAL,PHASE3,University of Cincinnati,ketamine,1,United States,2014-04,,,"Sheila C Takieddine, Pharm.D. (UC Health); Eric W Mueller, Pharm.D. (UC Health)",yes,no,https://clinicaltrials.gov/study/NCT02062879
NCT02294162,Pain Relief for Submucosal Resection of Nasal Septum in Adults Does Ketamine Have a Pre-Emptive Effect?,other,Nasal Obstruction,WITHDRAWN,INTERVENTIONAL,NA,Western Galilee Hospital-Nahariya,ketamine,1,Israel,2015-04-01,,,,no,,https://clinicaltrials.gov/study/NCT02294162
NCT02836288,Study of Oral Ketamine Versus Placebo for Treating Depression in Patients Undergoing Treatment for Cancer,psychiatric,Cancer; Depression,COMPLETED,INTERVENTIONAL,EARLY_PHASE1,"Scott A. Irwin, MD, PhD",ketamine,1,United States,2016-12-20,,,"Scott Irwin, MD, PhD (Cedars-Sinal Medical Center)",no,,https://clinicaltrials.gov/study/NCT02836288
NCT03149991,A Study of Brexpiprazole Plus Ketamine in Treatment-Resistant Depression (TRD),psychiatric,Depression,COMPLETED,INTERVENTIONAL,PHASE4,Massachusetts General Hospital,ketamine,6,United States,2017-09-14,,,"Maurizio Fava, MD (Massachusetts General Hospital)",yes,undecided,https://clinicaltrials.gov/study/NCT03149991
NCT06739460,Comparison of Antinociceptive Effects of Ketamine and Magnesium Used for Sedation in Hysteroscopy Cases,anesthesia_analgesia,Hysteroscopy,ENROLLING_BY_INVITATION,OBSERVATIONAL,,SULEYMAN SARI,ketamine,1,Turkey (Türkiye),2024-12-10,,,,no,yes,https://clinicaltrials.gov/study/NCT06739460
NCT07781462,Intravenous Infusion of Low Dose Ketamine Versus Dexmedetomedine for Delirium Treatment in Acute Heart Failure,other,Delirium in Intensive Care Unit; Acute Heart Failure (AHF),NOT_YET_RECRUITING,INTERVENTIONAL,PHASE4,Alexandria University,ketamine,1,Egypt,2026-09,"Nada H Abd El-Rahim, PharmD",01008328380,,no,undecided,https://clinicaltrials.gov/study/NCT07781462
NCT05945147,Ketamine and Midazolam Infusions for CRPS: Feasibility Study,other,Complex Regional Pain Syndromes,WITHDRAWN,INTERVENTIONAL,PHASE2,Stanford University,ketamine,1,United States,2099-01-01,,,"Theresa R Lii, MD, MS (Stanford University)",no,no,https://clinicaltrials.gov/study/NCT05945147
NCT07250867,Safety and Efficacy of Lidocaine Versus Ketamine Infusion for Resistant Orofacial Pain,other,Orofacial Pain,NOT_YET_RECRUITING,INTERVENTIONAL,PHASE2,Assiut University,ketamine,0,,2026-01,,,,no,,https://clinicaltrials.gov/study/NCT07250867
NCT01691092,PET Imaging of mGLuR5 With Drug Challenge,other,Major Depressive Disorder; Post-Traumatic Stress Disorder (PTSD),COMPLETED,INTERVENTIONAL,NA,Yale University,ketamine,3,United States,2012-06,,,"Irina Esterlis, PhD (Yale University)",yes,no,https://clinicaltrials.gov/study/NCT01691092
NCT04459234,Prospective Multicentre Study of the Use of Ketamine in the Treatment of Refractory Chronic Pain in the French CLCC,other,Cancer; Chronic Pain; Neuropathic Pain; Opioid Use,COMPLETED,OBSERVATIONAL,,Centre Leon Berard,ketamine,12,France,2021-02-02,,,"Gisèle CHVETZOFF, MD (Centre Leon Berard)",no,,https://clinicaltrials.gov/study/NCT04459234
NCT04285684,The Pharmacokinetics of Ketamine in the Breast Milk of Lactating Women,other,Ketamine; Lactation,COMPLETED,INTERVENTIONAL,EARLY_PHASE1,The Ketamine Research Foundation,ketamine,1,United States,2019-12-20,,,"Philip E Wolfson, MD (Ketamine Research Foundation)",yes,yes,https://clinicaltrials.gov/study/NCT04285684
NCT00833755,Effect of Ketamine on Opioid-Induced Hyperalgesia,other,Pain; Chronic Pain; Hyperalgesia,COMPLETED,INTERVENTIONAL,NA,Massachusetts General Hospital,ketamine,1,United States,2008-09,,,"Jianren Mao, M.D., Ph.D. (Massachusetts General Hospital)",yes,no,https://clinicaltrials.gov/study/NCT00833755
NCT03921567,Intravenous Lidocaine for Perioperative and Postoperative Analgesia,anesthesia_analgesia,Analgesic Drug Dependence,UNKNOWN,INTERVENTIONAL,PHASE4,Rajmonda Nallbani-Komoni,ketamine,2,Kosovo,2019-04-15,Rajmonda Nallbani,+38344188872,"Antigona Hasani, Profesor (University of Pristina, Faculty of Medicine, 10000 Pristina, Kosovo)",no,yes,https://clinicaltrials.gov/study/NCT03921567
NCT07198711,Induction of Dreaming With EEG and Anesthesia in Healthy Adults,anesthesia_analgesia,Healthy Volunteers,ENROLLING_BY_INVITATION,INTERVENTIONAL,PHASE1,Stanford University,ketamine,1,United States,2025-05-20,,,"Dr. Boris D Heifets, MD, PhD (Stanford University)",no,yes,https://clinicaltrials.gov/study/NCT07198711
NCT00200564,Ketamine and Postoperative Analgesia in Children,anesthesia_analgesia,Postoperative Analgesia,UNKNOWN,INTERVENTIONAL,PHASE4,Nantes University Hospital,ketamine,1,France,2004-02,"Véronique Bazin, MD",00 33 2 40 08 35 47,"Véronique Bazin, MD (Nantes UH)",no,,https://clinicaltrials.gov/study/NCT00200564
NCT06165848,"Effects Of Different Anesthesia Applications On Mood, Depression, And Anxiety Levels In Burn Patients",psychiatric,Burn Unspecified Degree; Deep Sedation,COMPLETED,OBSERVATIONAL,,T.C. Sağlık Bakanlığı Ankara Bilkent Şehir Hastanesi,ketamine,1,Turkey (Türkiye),2020-07-09,,,Ayça Tuba Özcan (Ankara Bilkent Şehir Hastanesi),no,yes,https://clinicaltrials.gov/study/NCT06165848
NCT04005534,US-Guided Preemptive Brachial Plexus Blockade May Reduce Post-operative Pain: a Randomized Study,anesthesia_analgesia,Postoperative Pain; Rotator Cuff Injuries,COMPLETED,INTERVENTIONAL,NA,University of Sao Paulo General Hospital,ketamine,1,Brazil,2022-12-14,,,"Joaquim Vieira, Professor (University of Sao Paulo School of Medicine)",no,no,https://clinicaltrials.gov/study/NCT04005534
NCT03202134,Impact of Opioid Free Anesthesia on Outcome After DIEPflap Surgery,anesthesia_analgesia,Major and Minor Surgical Complications,COMPLETED,OBSERVATIONAL,,AZ Sint-Jan AV,ketamine,1,Belgium,2014-01,,,Jan Paul Mulier (AZSint Jan AV),yes,no,https://clinicaltrials.gov/study/NCT03202134
NCT02094352,Randomized Controlled Trial of Ketamine Infusion With Continuous Epidural Infusion for Treatment of Complex Regional Pain Syndrome,anesthesia_analgesia,Complex Regional Pain Syndrome,TERMINATED,INTERVENTIONAL,PHASE2,"Hospital for Special Surgery, New York",ketamine,1,United States,2014-03-24,,,"Daniel I Richman, MD (Hospital for Special Surgery, New York)",yes,,https://clinicaltrials.gov/study/NCT02094352
NCT04162028,Pre-hospital Nebulized Ketamine for Pain,other,Pain,WITHDRAWN,INTERVENTIONAL,PHASE4,Antonios Likourezos,ketamine,1,United States,2019-01-15,,,,no,,https://clinicaltrials.gov/study/NCT04162028
NCT03102736,Ketamine and Nitroprusside for Depression,psychiatric,Depression,COMPLETED,INTERVENTIONAL,PHASE2,Icahn School of Medicine at Mount Sinai,ketamine,1,United States,2017-02-14,,,"James Murrough, MD, PhD (Icahn School of Medicine at Mount Sinai)",yes,undecided,https://clinicaltrials.gov/study/NCT03102736
NCT05508971,Treatment of Obstructive Sleep Apnea With Personalized Surgery in Children With Down Syndrome (TOPS-DS),anesthesia_analgesia,Obstructive Sleep Apnea; Down Syndrome,RECRUITING,INTERVENTIONAL,NA,Oregon Health and Science University,ketamine,7,United States,2023-08-02,Eleni O'Neill,503-875-9895,"Derek Lam, MD, MPH (Oregon Health and Science University)",no,no,https://clinicaltrials.gov/study/NCT05508971
NCT03462836,The Effects of Optimizing Post-operative Pain Management With Multi Modal Analgesia on Immune Suppression and Oncologic Outcome in Patients Undergoing Laparoscopic Colorectal Surgery,anesthesia_analgesia,Laparoscopic Colorectal Resection Due to Cancer,WITHDRAWN,INTERVENTIONAL,NA,Yonsei University,ketamine,1,South Korea,2019-04,,,,no,no,https://clinicaltrials.gov/study/NCT03462836
NCT03049930,Intraoperative Low-dose Ketamine Infusion as the Main Analgesic in Burn Patients,anesthesia_analgesia,Burns,UNKNOWN,INTERVENTIONAL,PHASE4,Loyola University,ketamine,1,United States,2018-02-27,"Katharine Miles, MD",708-216-4174,"Katharine Miles, MD (Loyola University)",no,no,https://clinicaltrials.gov/study/NCT03049930
NCT01868802,Ketamine for Treatment-resistant Depression: A Multicentric Clinical Trial in Mexican Population,psychiatric,"Depressive Disorder,; Treatment-Resistant Depression",UNKNOWN,INTERVENTIONAL,PHASE2,Paul J. Lamothe,ketamine,1,Mexico,2013-09,"Paul J Lamothe, M.D.",+52 (55) 11031750,"Paul J Lamothe, M.D. (American British Cowdray Medical Center); David N Lopez-Garza, M.D. (American British Cowdray Medical Center)",no,,https://clinicaltrials.gov/study/NCT01868802
NCT07698665,Ketamine Versus Dexmedetomidine as an Adjuvant in Scalp Block in Supratentorial Brain Tumor Excision Surgeries,other,Regional Anesthesia Morbidity; Supratentorial Brain Tumor; Acute Pain,RECRUITING,INTERVENTIONAL,NA,Cairo University,ketamine,2,Egypt,2026-01-01,,,,no,undecided,https://clinicaltrials.gov/study/NCT07698665
NCT03507634,Opioid Free Anesthesia in Bariatric Surgery,anesthesia_analgesia,Opioid Use; Postoperative Pain; Postoperative Nausea and Vomiting; Bariatric Surgery Candidate,COMPLETED,INTERVENTIONAL,NA,Lebanese American University,ketamine,1,Lebanon,2018-04-11,,,,no,no,https://clinicaltrials.gov/study/NCT03507634
NCT06427707,The Effect of Adding Either Propofol or Ketamine to Magnesium and Lidocaine Infusions in Nasal Surgeries.,other,Intraoperative Bleeding,RECRUITING,INTERVENTIONAL,PHASE2|PHASE3,Ain Shams University,ketamine,1,Egypt,2024-06-15,"RANIA M Hussien, MD",01000544520,,no,,https://clinicaltrials.gov/study/NCT06427707
NCT03257800,Laryngeal Mask Insertion Conditions And Hemodynamic Effects,other,Laryngeal Masks,COMPLETED,INTERVENTIONAL,NA,Leila mansali stambouli,ketamine,1,Tunisia,2013-06-01,,,"leila Mansali Stambouli, MD PhD (university Hospital of Fattouma Bourguiba, Monastir, TUNISIA)",no,no,https://clinicaltrials.gov/study/NCT03257800
NCT02772211,D-cycloserine for Relapse Prevention Following Intravenous Ketamine in Treatment-resistant Depression,psychiatric,Treatment Resistant Depression,UNKNOWN,INTERVENTIONAL,PHASE4,Sheba Medical Center,ketamine,1,Israel,2016-06,"Revital Amiaz, MD",+972-542378757,,no,no,https://clinicaltrials.gov/study/NCT02772211
NCT03933865,Acute Pain Management in Patients on Opioid Replacement Therapy,other,"Opioid-use Disorder; Pain, Acute",TERMINATED,INTERVENTIONAL,PHASE1,"University of California, San Francisco",ketamine,1,United States,2018-10-31,,,"D. Andrew Tompkins, MD MHS (University of California, San Francisco)",no,no,https://clinicaltrials.gov/study/NCT03933865
NCT03377907,Pain Alleviation of Forearm Fractures,anesthesia_analgesia,Pain; Forearm Fracture,COMPLETED,INTERVENTIONAL,NA,Assiut University,ketamine,1,Egypt,2018-02-01,,,,no,,https://clinicaltrials.gov/study/NCT03377907
NCT01948336,The Effects of Dexmedetomidine on Early Stage Renal Functions in Pediatric Patients,other,Renal Function Disorder; Hemodynamic Instability,COMPLETED,INTERVENTIONAL,PHASE4,TC Erciyes University,ketamine,0,,2012-04,,,"Adnan Bayram, Asst. Prof. (TC Erciyes University)",no,,https://clinicaltrials.gov/study/NCT01948336
NCT02655692,CAP-Ketamine for Antidepressant Resistant PTSD,psychiatric,PTSD; Posttraumatic Stress Disorder,COMPLETED,INTERVENTIONAL,PHASE2,VA Office of Research and Development,ketamine,3,United States,2016-04-18,,,"John H. Krystal, MD (VA Connecticut Healthcare System West Haven Campus, West Haven, CT)",yes,no,https://clinicaltrials.gov/study/NCT02655692
NCT04602221,"A Study in Healthy Men to Test Whether BI 409306, BI 425809 or Lamotrigine Can Reverse the Memory Problems Caused by Ketamine",other,Healthy,COMPLETED,INTERVENTIONAL,PHASE1,Boehringer Ingelheim,ketamine,2,United States,2020-12-01,,,,yes,no,https://clinicaltrials.gov/study/NCT04602221
NCT00822133,"Percutaneous Ketamine Versus Lidocaine or Placebo, for Post-Surgery Analgesia, in Patients Undergoing Laparoscopic Partial Lung Resection",anesthesia_analgesia,Postoperative Pain,UNKNOWN,INTERVENTIONAL,PHASE4,Tel-Aviv Sourasky Medical Center,ketamine,1,Israel,2009-02,"Avi A Weinbroum, MD",972-3-697-3237,,no,,https://clinicaltrials.gov/study/NCT00822133
NCT00997321,Propofol Versus Ketamine for Moderate Procedural Sedation in the Emergency Department (ED),anesthesia_analgesia,Sedation,COMPLETED,INTERVENTIONAL,PHASE4,Hennepin Healthcare Research Institute,ketamine,1,United States,2007-07,,,"James R Miner, MD (Hennepin Healthcare Research Institute)",yes,,https://clinicaltrials.gov/study/NCT00997321
NCT04939987,Opioid-Free Pain Control Regiment Following Robotic Radical Prostatectomy,other,Radical Prostatectomies,WITHDRAWN,INTERVENTIONAL,PHASE2|PHASE3,Wake Forest University Health Sciences,ketamine,1,United States,2022-08,,,"Ram Pathak, MD (Wake Forest Health Sciences)",no,no,https://clinicaltrials.gov/study/NCT04939987
NCT06048263,The Perinatal Synergistic Multi-component Intervention to alLeviate dEpressive Symptoms. A Case Series,psychiatric,Postpartum Depression,WITHDRAWN,INTERVENTIONAL,PHASE2|PHASE3,Washington University School of Medicine,ketamine,1,United States,2025-10-15,,,"David Monks, MBCHB (Washington University School of Medicine)",no,no,https://clinicaltrials.gov/study/NCT06048263
NCT04857450,Anesthesia for Upper Endoscopy and Colonoscopy in Cardiac Patients With Acute Anemia,anesthesia_analgesia,Anemia; Cardiomyopathies; Pulmonary Hypertension,UNKNOWN,INTERVENTIONAL,NA,King Saud University,ketamine,1,Saudi Arabia,2020-11-20,"Mostafa M Elhamamsy, MD",00966568799134,Rubie M de Ocampo (INSTITUTIONAL REVIEW BOARD King Saud University),no,yes,https://clinicaltrials.gov/study/NCT04857450
NCT01573741,Study of Ketamine as an Antidepressant in Major Depressive Disorder,psychiatric,Major Depressive Disorder,UNKNOWN,INTERVENTIONAL,PHASE1|PHASE2,Shi Jinyun,ketamine,1,China,2012-02,"Qin zhi Gao, MD",051983064728,"Jianjun Yang, Dr (Department of Anesthesiology, Jinling Hospital, School of Medicine, Nanjing University)",no,,https://clinicaltrials.gov/study/NCT01573741
NCT04969523,Effect of Es-ketamine on Postoperative Delirium Among Old Patients With Lobectomy,anesthesia_analgesia,Postoperative Delirium,UNKNOWN,INTERVENTIONAL,NA,Zhongnan Hospital,ketamine,0,,2021-07-31,,,,no,no,https://clinicaltrials.gov/study/NCT04969523
NCT00122759,Ketamine Sedation in Mechanically Ventilated Patients,anesthesia_analgesia,Respiratory Insufficiency; Pain; Psychomotor Agitation,UNKNOWN,INTERVENTIONAL,NA,Assistance Publique - Hôpitaux de Paris,ketamine,1,France,2005-12,"Didier D Dreyfuss, MD",33 1 47 60 61 93,"Jean-Damien Ricard, MD (Assistance Publique - Hôpitaux de Paris)",no,,https://clinicaltrials.gov/study/NCT00122759
NCT07074262,Comparison Between the Effect of Dexmedetomidine _midazolam and ketamine_midazolam Combination,other,Postoperative Cognitive Dysfunction; Post Operative Delirium,COMPLETED,INTERVENTIONAL,NA,Beni-Suef University,ketamine,1,Egypt,2024-10-10,,,"Mahmoud Attia Nassef, Professor (Anaesthesiology,Surgical intensive care and pain management,Faculty of Medicine,Beni-Suef University)",no,undecided,https://clinicaltrials.gov/study/NCT07074262
NCT00661063,Diabetic Neuropathy Topical Treatment,other,Diabetic Neuropathy; Pain,UNKNOWN,INTERVENTIONAL,PHASE3,Irmandade da Santa Casa de Misericordia de Sao Paulo,ketamine,1,Brazil,2008-04,"Judymara L Gozzani, investigator",55-11-3884-0865,"Judymara L Gozzani, Investigator (Santa Casa de São Paulo)",no,,https://clinicaltrials.gov/study/NCT00661063
NCT02753114,Prehospital Analgesia With Intra-Nasal Ketamine,anesthesia_analgesia,Pain; Acute Pain,COMPLETED,INTERVENTIONAL,PHASE4,University of British Columbia,ketamine,1,Canada,2017-11-06,,,Gary Andolfatto (University of British Columbia),no,undecided,https://clinicaltrials.gov/study/NCT02753114
NCT01816958,Neuromodulation to Facilitate the Effect of Ketamine,other,Depression; Chronic Pain; Substance Abuse,COMPLETED,OBSERVATIONAL,,"The Neuroscience Center, LLC",ketamine,1,United States,2011-01,,,"Steven R Devore Best, M.D. (The Neuroscience Center)",no,,https://clinicaltrials.gov/study/NCT01816958
NCT03096444,"Antipruritic Effect of Topical Ketamine, Amitriptyline, and Lidocaine",other,Pruritus,TERMINATED,INTERVENTIONAL,PHASE2,Gil Yosipovitch,ketamine,1,United States,2017-05-23,,,"Gil Yosipovitch, MD (University of Miami)",yes,no,https://clinicaltrials.gov/study/NCT03096444
NCT05306899,Multi-center RCT of IV Ketamine Efficacy and Safety in Chronic Daily Headaches,other,Chronic Daily Headache,RECRUITING,INTERVENTIONAL,PHASE3,"University Health Network, Toronto",ketamine,2,Canada,2022-06-01,Emad Al Azazi,+1 (416) 603 5800,"Anuj Bhatia, MD, PhD (University Health Network, Toronto)",no,no,https://clinicaltrials.gov/study/NCT05306899
NCT01944293,Ketamine for Suicidality in Bipolar Depression,psychiatric,Bipolar Disorder; Major Depressive Episode; Suicidal Ideation,COMPLETED,INTERVENTIONAL,PHASE1|PHASE2,New York State Psychiatric Institute,ketamine,1,United States,2013-09,,,"Michael F Grunebaum, M.D. (Columbia Unviversity/New York State Psychiatric Institute)",yes,,https://clinicaltrials.gov/study/NCT01944293
NCT03621085,Analgesics in the Pre-hospital Setting: Implications on Hemorrhage Tolerance - Ketamine,anesthesia_analgesia,Hemorrhage; Healthy,COMPLETED,INTERVENTIONAL,PHASE4,University of Texas Southwestern Medical Center,ketamine,1,United States,2018-06-01,,,"craig G Crandall, Ph.D. (University of Texas Southwestern Medical Center)",yes,no,https://clinicaltrials.gov/study/NCT03621085
NCT02299440,Effects of Ketamine in the Acute Phase of Suicidal Ideation,psychiatric,Suicidal Ideation,COMPLETED,INTERVENTIONAL,PHASE3,Centre Hospitalier Universitaire de Nīmes,ketamine,9,France,2015-04,,,"Mocrane Abbar, MD (Centre Hospitalier Universitaire de Nīmes)",no,no,https://clinicaltrials.gov/study/NCT02299440
NCT06867068,Comparison of Two Intravenous Drug Combinations for Ambulatory Oral & Maxillofacial Surgery,anesthesia_analgesia,Anesthesia; Tooth Extraction,COMPLETED,INTERVENTIONAL,PHASE1,Albert Einstein College of Medicine,ketamine,1,United States,2016-10-04,,,"Stephen S Gelfman, MD, DDS (New York City Health and Hospitals (NYCHHC))",no,no,https://clinicaltrials.gov/study/NCT06867068
NCT04013958,Comparison of Treatment by IM Ketamine to IV Ketamine in Patients With Renal Colic,other,Acute Pain; Renal Colic,UNKNOWN,INTERVENTIONAL,PHASE3,Tel-Aviv Sourasky Medical Center,ketamine,1,Israel,2019-08-01,"Daniel Trotzky, MD",+97236973829,,no,yes,https://clinicaltrials.gov/study/NCT04013958
NCT03338205,The Role of Ketamine as an Adjuvant Therapy for Children With Acute Status Asthmaticus,other,Status Asthmaticus,WITHDRAWN,INTERVENTIONAL,PHASE3,Augusta University,ketamine,0,,2020-01,,,,no,,https://clinicaltrials.gov/study/NCT03338205
NCT05311722,"Comparsion of IV Dexmedetomidine, Tramdol and Ketamine for Post Spinal Anesthesia Shivering.",anesthesia_analgesia,Post-Surgical Complication,UNKNOWN,INTERVENTIONAL,PHASE3,Sheikh Zayed Medical College,ketamine,0,,2022-04-30,"Obaid ur rehman Reman, Mbbs",03335817980,,no,no,https://clinicaltrials.gov/study/NCT05311722
NCT02648412,Pupillary Dilation After Incremental Tetanic Stimulations Under Ketamine Sedation,psychiatric,Pain; Anesthesia,COMPLETED,INTERVENTIONAL,NA,Pr Isabelle CONSTANT,ketamine,1,France,2012-04,,,"Isabelle Constant, PHD (University Hospital Armand Trousseau)",no,,https://clinicaltrials.gov/study/NCT02648412
NCT01046630,Study Where Pharmaco Magnetic Resonance Imaging (MRI) Effects of AZD6765 Will be Compared to Placebo in Depressive Male and Female Subjects,psychiatric,Depression,COMPLETED,INTERVENTIONAL,PHASE1,AstraZeneca,ketamine,2,United Kingdom,2009-12,,,"Bill Deakin, Prof (University of Manchester, Neurosciance and Psychiatry Unit, UK); Guy Goodwin, Prof (University of Oxford, Departmentof Psychiatry, UK)",no,,https://clinicaltrials.gov/study/NCT01046630
NCT02726828,"intrathecaم Ketamine, Morphine and Both for Lower Abdominal Cancer Surgery Pain",anesthesia_analgesia,Postoperative Pain,COMPLETED,INTERVENTIONAL,PHASE2|PHASE3,Assiut University,ketamine,0,,2015-10,,,,no,undecided,https://clinicaltrials.gov/study/NCT02726828
NCT01881763,Ketamine as an Augmentation Strategy for Electroconvulsive Therapy (ECT) in Depression,psychiatric,Unipolar Depression; Bipolar Depression,COMPLETED,INTERVENTIONAL,PHASE4,Northwell Health,ketamine,1,United States,2010-06,,,"Georgios Petrides, M.D. (The Zucker Hillside Hospital)",yes,no,https://clinicaltrials.gov/study/NCT01881763
NCT01260649,N-methyl-D-aspartate Antagonist (Ketamine) Augmentation of Electroconvulsive Treatment for Severe Major Depression,psychiatric,Major Depressive Disorder,TERMINATED,INTERVENTIONAL,PHASE4,Massachusetts General Hospital,ketamine,1,United States,2010-11-01,,,,yes,,https://clinicaltrials.gov/study/NCT01260649
NCT02414932,Ketamine for Depression Relapse Prevention Following ECT,psychiatric,Depression,COMPLETED,INTERVENTIONAL,EARLY_PHASE1,"St Patrick's Hospital, Ireland",ketamine,1,Ireland,2015-04,,,Declan M McLoughlin (St Patrick's Hospital/Trinity College),yes,no,https://clinicaltrials.gov/study/NCT02414932
NCT02512055,Ketamine Tolerance in Children After Repeated Administrations During Radiotherapy Sessions,other,Conscious Sedation Failure During Procedure,COMPLETED,INTERVENTIONAL,PHASE4,Baskent University,ketamine,0,,2012-05,,,,no,,https://clinicaltrials.gov/study/NCT02512055
NCT04413799,PVB vs Ketamine/Lidocaine in Rib Fracture Patients,anesthesia_analgesia,"Rib Fractures; Rib Trauma; Rib Fracture Multiple; Pain, Acute",TERMINATED,INTERVENTIONAL,EARLY_PHASE1,George Washington University,ketamine,1,United States,2020-09-01,,,,no,no,https://clinicaltrials.gov/study/NCT04413799
NCT04513314,Valproate Alone or in Combination With Quetiapine for Severe COVID-19 Pneumonia With Agitated Delirium,other,"Covid19; Hyperactive Delirium; Pneumonia, Viral",WITHDRAWN,INTERVENTIONAL,PHASE4,University of Miami,ketamine,0,,2023-03-28,,,"Dominique L Musselman, MD (University of Miami)",no,no,https://clinicaltrials.gov/study/NCT04513314
NCT07670052,Intraperitoneal Ketamine Versus Fentanyl as Adjuvants to Bupivacaine in Laparoscopic Cholecystectomy,anesthesia_analgesia,Postoperative Pain,NOT_YET_RECRUITING,INTERVENTIONAL,PHASE4,Assiut University,ketamine,0,,2026-08-01,Tarek Mo Essa Tohamy,+201027342291,Tarek Mo Essa Tohamy (Assiut University),no,no,https://clinicaltrials.gov/study/NCT07670052
NCT01385904,Blood Levels of Ketamine in Patients Using Topical Application of 10% Ketamine Gel for Neuropathic Pain,other,Neuropathic Pain.,UNKNOWN,OBSERVATIONAL,,London Health Sciences Centre Research Institute OR Lawson Research Institute of St. Joseph's,ketamine,1,Canada,2011-06,"Patricia Morley-Forster, MD, FRCPC",(519) 646-6000,"Patricia Morley- Forster, MD, FRCPC (Western University, Canada)",no,,https://clinicaltrials.gov/study/NCT01385904
NCT04947085,Comparison of Nebulized Ketamine to Intravenous Sub-Dissociative Dose Ketamine for Pain,other,Pain,COMPLETED,INTERVENTIONAL,PHASE4,Antonios Likourezos,ketamine,1,United States,2021-10-04,,,"Sergey Motov, MD (Maimonides Medical Center)",yes,no,https://clinicaltrials.gov/study/NCT04947085
NCT02669043,Physiological and Cognitive Biomarkers for Ketamine's Antidepressant Effects,psychiatric,Depression,TERMINATED,INTERVENTIONAL,NA,Massachusetts General Hospital,ketamine,1,United States,2016-07,,,"Dawn Ionescu, M.D. (MGH)",yes,,https://clinicaltrials.gov/study/NCT02669043
NCT05985811,Ketamine Enhances Analgesia and Mood in Chronic Pain Patients,psychiatric,Mood Disorder; Opioid; Mood Insomnia,RECRUITING,OBSERVATIONAL,,Salem Anaesthesia Pain Clinic,ketamine,1,Canada,2018-02-02,"Olumuyiwa Bamgbade, MD,FRCPC",17786286600,"Olumuyiwa Bamgbade, MD,FRCPC (Salem Anaesthesia Pain Clinic)",no,,https://clinicaltrials.gov/study/NCT05985811
NCT06506565,Low-Dose Ketamine Infusion During Burn Wound Care,other,Burn; Pain; Dissociation; Opioid,RECRUITING,INTERVENTIONAL,PHASE4,University of Tennessee,ketamine,1,United States,2024-07-08,"David M Hill, Pharm.D.",1-901-545-7100,,no,no,https://clinicaltrials.gov/study/NCT06506565
NCT07181564,"Anesthesia Techniques, Neuroprotection and Surgical Field in FESS Under Controlled Hypotension",anesthesia_analgesia,"Magnesium Sulfate; Remifentanil; S 100beta; S100 Beta Protein, Human; Neuron-Specific Enolase; Brain Ischemia; Sevoflurane Anaesthesia; Propofol/Remifentanil; Ketamine",RECRUITING,INTERVENTIONAL,NA,University General Hospital of Patras,ketamine,1,Greece,2025-09-11,"Sotiria Rizopoulou, M.D.,M.Sc.",+306949454352,,no,no,https://clinicaltrials.gov/study/NCT07181564
NCT02962999,Effect Of Ketamine Infusion In Patients With COPD Applied One Lung Ventilation,other,Chronic Obstructive Pulmonary Disease Mild; Chronic Obstructive Pulmonary Disease Moderate; Chronic Obstructive Pulmonary Disease Severe; Lungcancer; Anesthesia,COMPLETED,INTERVENTIONAL,PHASE4,Cukurova University,ketamine,2,Turkey (Türkiye),2017-01,,,"Feride Karacaer, Specialist (Cukurova University)",no,,https://clinicaltrials.gov/study/NCT02962999
NCT07590687,KetAmine and Recovery After Mechanical VentilAtion ( KARMA ),other,Critical Illness,NOT_YET_RECRUITING,INTERVENTIONAL,PHASE3,Assistance Publique - Hôpitaux de Paris,ketamine,1,France,2026-10-19,"Romain Prof SONNEVILLE, MD-PHD",1 40 25 61 39,"Romain Prof SONNEVILLE, MD-PHD (APHP)",no,,https://clinicaltrials.gov/study/NCT07590687
NCT00488787,Safety and Efficacy of Intranasal Ketamine for the Treatment of Postoperative Dental Pain,anesthesia_analgesia,"Pain, Postoperative",COMPLETED,INTERVENTIONAL,PHASE2,Javelin Pharmaceuticals,ketamine,0,,2001-03,,,"Kyle Christensen, DDS (Jean Brown Associates)",no,,https://clinicaltrials.gov/study/NCT00488787
NCT03018301,Intravenous Ketamine and Postoperative Pain Following Cesarean Section.,anesthesia_analgesia,Postoperative Pain,UNKNOWN,INTERVENTIONAL,PHASE2,Assiut University,ketamine,1,Egypt,2017-01,"Abdelrady S Ibrahim, MD",00201026249924,Israa M Sayed (Assiut University),no,yes,https://clinicaltrials.gov/study/NCT03018301
NCT03735563,Premedication for Less Invasive Surfactant Administration,other,Surfactant Deficiency Syndrome Neonatal,RECRUITING,INTERVENTIONAL,PHASE4,University of Oulu,ketamine,1,Finland,2019-02-11,"Eveliina Ronkainen, MD, PhD",+358 8 3152011,"Riitta Marttila, MD, docent (Oulu University and Oulu University Hospital)",no,no,https://clinicaltrials.gov/study/NCT03735563
NCT06134895,Tramadol and Tramadol Plus Ketamine for Shivering Prevention After Spinal Anesthesia in Lower Segment Caeserian Section,anesthesia_analgesia,Shivering,UNKNOWN,INTERVENTIONAL,PHASE4,Ziauddin University,ketamine,1,Pakistan,2023-08-16,Muhammad Arif,+92 331 3455112,Muhammad Arif (Ziauddin University),no,no,https://clinicaltrials.gov/study/NCT06134895
NCT03450499,Analgesia Effects of Intravenous Ketamine After Spinal Anesthesia for Non-elective Cesarean Section,anesthesia_analgesia,Non Elective Cesarean Section and Ketamine Analgesia,COMPLETED,INTERVENTIONAL,PHASE4,B.P. Koirala Institute of Health Sciences,ketamine,1,Nepal,2018-04-01,,,,no,no,https://clinicaltrials.gov/study/NCT03450499
NCT03290963,Effect of Lithium Versus Placebo in Adults With Treatment-Resistant Depression Who Are Receiving Ketamine,psychiatric,Treatment Resistant Depression,WITHDRAWN,INTERVENTIONAL,PHASE2,"William V. Bobo, M.D.",ketamine,1,United States,2017-11-30,,,William V Bobo (Mayo Clinic),no,no,https://clinicaltrials.gov/study/NCT03290963
NCT03525821,Intranasal Ketamine and Fracture Reduction in Pediatric Emergencies (KETAPED),anesthesia_analgesia,"Fractures, Closed",COMPLETED,INTERVENTIONAL,PHASE3,Fondation Lenval,ketamine,1,France,2018-07-05,,,"Anne-Laure HERISSE, MD (Hôpitaux Pédiatriques de Nice CHU-LENVAL)",no,,https://clinicaltrials.gov/study/NCT03525821
NCT03375671,Rapid Agitation Control With Ketamine in the Emergency Department,other,Violent Aggressive Behavior; Ketamine,COMPLETED,INTERVENTIONAL,PHASE2,David Barbic,ketamine,1,Canada,2018-05-29,,,"David Barbic, MD MSc FRCPC, (University of British Columbia)",no,undecided,https://clinicaltrials.gov/study/NCT03375671
NCT03251170,Ketamine Versus Fentanyl for Induction of Anesthesia in Septic Shock,anesthesia_analgesia,Septic Shock,COMPLETED,INTERVENTIONAL,PHASE4,Cairo University,ketamine,1,Egypt,2018-01-25,,,Ahmed Mukhtar (Head of research committee section in anesthesia department),no,no,https://clinicaltrials.gov/study/NCT03251170
NCT02501941,Spreading Depolarization and Ketamine Suppression,other,Cortical Spreading Depolarization; Cortical Spreading Depression; Subarachoid Hemorrhage; Traumatic Brain Injury,COMPLETED,INTERVENTIONAL,PHASE1,University of New Mexico,ketamine,1,United States,2015-07,,,"Andrew P Carlson, MD (University of New Mexico)",no,,https://clinicaltrials.gov/study/NCT02501941
NCT02432456,Ketamine Infusion Therapy for the Management of Acute Pain in Adult Rib Fracture Patients,anesthesia_analgesia,Wounds and Injuries; Rib Fractures,COMPLETED,INTERVENTIONAL,PHASE4,Medical College of Wisconsin,ketamine,1,United States,2015-09,,,"Thomas W Carver, MD (Medical College of Wisconsin)",yes,undecided,https://clinicaltrials.gov/study/NCT02432456
NCT06404983,Opioid-free Anaesthesia in Breast Cancer Surgery,anesthesia_analgesia,"Breast Cancer; Anesthesia; Pain, Postoperative; Pain, Chronic; Opioid Free Anaesthesia; Cancer Recurrence",RECRUITING,INTERVENTIONAL,NA,University of Ioannina,ketamine,1,Greece,2022-12-28,Agathi Karakosta,+306948066243,,no,yes,https://clinicaltrials.gov/study/NCT06404983
NCT05821972,Nebulized Dexmedetomidine Combined With Ketamine Versus Nebulized Dexmedetomidine for Cleft Palate,other,Sedation; Emergence Delirium,RECRUITING,INTERVENTIONAL,PHASE4,Assiut University,ketamine,1,Egypt,2024-04-10,"Fatma N. Mohamed, M.D.",+201003633992,,no,,https://clinicaltrials.gov/study/NCT05821972
NCT07214701,Sedative and Analgesic Effects of Dexmedetomidine Versus Ketamine in Patients Undergoing Varicocelectomy Under Spinal Anaesthesia: A Prospective Randomized Comparative Trial,anesthesia_analgesia,Varicocelectomy,NOT_YET_RECRUITING,INTERVENTIONAL,PHASE4,Assiut University,ketamine,0,,2025-11-01,,,,no,,https://clinicaltrials.gov/study/NCT07214701
NCT02295553,Ketamine and Propofol for Upper Endoscopy,anesthesia_analgesia,Anesthesia,COMPLETED,INTERVENTIONAL,PHASE4,The Hospital for Sick Children,ketamine,1,Canada,2013-07,,,Jason Hayes (The Hospital for Sick Children),yes,,https://clinicaltrials.gov/study/NCT02295553
NCT02202369,Multimodal Analgesia vs. Routine Care Pain Management for Lumbar Spine Fusion Surgery: A Prospective Randomized Study,anesthesia_analgesia,Single Level Lumbar Decompression and Fusion Spine Surgery,TERMINATED,INTERVENTIONAL,PHASE4,"OrthoCarolina Research Institute, Inc.",ketamine,1,United States,2015-06-25,,,"Alden Milam, MD (OrthoCarolina Research Institute, Inc.)",no,,https://clinicaltrials.gov/study/NCT02202369
NCT07370181,Ketamine Irrigation Analgesia in Laparoscopic Cholecystectomy,anesthesia_analgesia,Pain,ACTIVE_NOT_RECRUITING,INTERVENTIONAL,PHASE3,Assiut University,ketamine,1,Egypt,2026-01-30,,,"Omar Makram Soliman, MD (Assiut University, Faculty of Medicine, Anesthesia, surgical ICU and pain management Department)",no,undecided,https://clinicaltrials.gov/study/NCT07370181
NCT06781177,Comparison of Total Intravenous Anesthesia Methods in Spinal Surgery (TIVA),anesthesia_analgesia,Anesthesia,COMPLETED,OBSERVATIONAL,,Dr Abdurrahman Yurtaslan Ankara Oncology Training and Research Hospital,ketamine,1,Turkey (Türkiye),2023-05-10,,,,no,,https://clinicaltrials.gov/study/NCT06781177
NCT02422290,Ketamine Treatment for Pediatric-Refractory Obsessive-Compulsive Disorder (OCD),psychiatric,Obsessive-Compulsive Disorder,COMPLETED,INTERVENTIONAL,PHASE1|PHASE2,New York State Psychiatric Institute,ketamine,1,United States,2015-03,,,"Pablo Goldberg, M.D. (Columbia University/NYSPI)",yes,no,https://clinicaltrials.gov/study/NCT02422290
NCT05086250,Feasibility Study of Oral Ketamine Versus Placebo for the Treatment of Anxiety in Patients With Pancreatic Cancer,psychiatric,Anxiety; Pancreatic Cancer,COMPLETED,INTERVENTIONAL,EARLY_PHASE1,Cedars-Sinai Medical Center,ketamine,1,United States,2022-10-20,,,"Scott Irwin, MD, PhD (Cedars-Sinai Medical Center)",no,,https://clinicaltrials.gov/study/NCT05086250
NCT06508710,Early Effects of Ketamine vs Placebo With Venlafaxine in Severe Depression Patients,psychiatric,Major Depressive Episode,RECRUITING,INTERVENTIONAL,PHASE3,Assistance Publique - Hôpitaux de Paris,ketamine,4,France,2024-10-20,Romain COLLE,+33145212524,Romain COLLE (Service Hospitalo-Universitaire de Psychiatrie - Hôpital Bicêtre),no,,https://clinicaltrials.gov/study/NCT06508710
NCT07806162,Comparison Between Opioid-Free Anaesthesia Versus Opioid Based Anesthesia in Reduction Postoperative Nausea and Vomiting (PONV)After Thoracoscopic Lung Resection.,anesthesia_analgesia,PONV,NOT_YET_RECRUITING,INTERVENTIONAL,NA,Sohag University,ketamine,0,,2026-09,,,,no,undecided,https://clinicaltrials.gov/study/NCT07806162
NCT03256162,Ketamine as an Adjunctive Therapy for Major Depression,psychiatric,Major Depressive Episode; Unipolar Depression; Bipolar Depression,COMPLETED,INTERVENTIONAL,PHASE1,"St Patrick's Hospital, Ireland",ketamine,1,Ireland,2017-09-07,,,"Declan M McLoughlin, PhD (St Patrick's Mental Health Services and Trinity College Dublin)",yes,no,https://clinicaltrials.gov/study/NCT03256162
NCT06661746,Efficient Postoperative Pain Management With Multimodal IV,anesthesia_analgesia,Post Operative Pain,COMPLETED,INTERVENTIONAL,NA,Benha University,ketamine,1,Egypt,2024-07-15,,,,no,,https://clinicaltrials.gov/study/NCT06661746
NCT05421962,Analgosedation for Elective Colonoscopy,anesthesia_analgesia,Pain; Side Effect,COMPLETED,INTERVENTIONAL,PHASE1,Cantonal Hospital Zenica,ketamine,1,Bosnia and Herzegovina,2020-01-01,,,,no,,https://clinicaltrials.gov/study/NCT05421962
NCT03956420,Enhanced Recovery After Surgery (ERAS) in Coronary Artery Bypass Graft / Off Pump Coronary Artery Bypass (CABG/OPCAB),anesthesia_analgesia,Coronary Artery Disease; Coronary Stenosis,UNKNOWN,OBSERVATIONAL,,Silesian University of Medicine,ketamine,1,Poland,2019-05-03,,,Ewa Kucewicz-Czech (Upper-Silesian Medical Centre; DEPARTMENT OF ANAESTHESIOLOGY AND INTENSIVE CARE WITH CARDIAC MONITORING),no,no,https://clinicaltrials.gov/study/NCT03956420
NCT02452060,Study on the Use of Low Dose Ketamine After Gastric Bypass and Gastrectomy,other,Pain; Postoperative Depression,COMPLETED,INTERVENTIONAL,PHASE2|PHASE3,NYU Langone Health,ketamine,1,United States,2014-10,,,"Jing Wang, MD, PHD (NYU School of Medicine)",yes,,https://clinicaltrials.gov/study/NCT02452060
NCT01591382,Efficacy Study of Ketamine for Postoperative Pain in Opioid Dependent Patients,anesthesia_analgesia,Postoperative Pain,COMPLETED,INTERVENTIONAL,PHASE4,Brigham and Women's Hospital,ketamine,1,United States,2008-09,,,"Srdjan S Nedeljkovic, M.D. (Brigham and Women's Hospital)",yes,,https://clinicaltrials.gov/study/NCT01591382
NCT03541408,Preventative Delirium Protocol in Elderly Patients,other,Delirium,COMPLETED,INTERVENTIONAL,NA,Rush University Medical Center,ketamine,1,United States,2016-05-01,,,"Asokumar Buvanendran, MD (Rush University Medical Center)",no,yes,https://clinicaltrials.gov/study/NCT03541408
NCT03560102,Efficacy of Magnetic Resonance-guided High Intensity Focused Ultrasound for the Ablation of Breast Cancer,other,"Breast Cancer, Invasive Ductal",TERMINATED,INTERVENTIONAL,NA,Kantonsspital Winterthur KSW,ketamine,1,Switzerland,2020-01-13,,,"Christoph A Binkert, MD (Kantonsspital Winterthur KSW)",yes,,https://clinicaltrials.gov/study/NCT03560102
NCT04724759,The Effect of Opioid-Free Anesthesia in TMJ Surgery,anesthesia_analgesia,Temporomandibular Joint Disorders,COMPLETED,INTERVENTIONAL,PHASE2,Massachusetts General Hospital,ketamine,1,United States,2021-06-18,,,"Jingping Wang, MD (Massachusetts General Hospital)",yes,no,https://clinicaltrials.gov/study/NCT04724759
NCT07563296,KALM-B: Ketamine-assisted Psychotherapy (KAP) to Lessen Morbidity After Burn Injury,other,PTSD and Trauma-related Symptoms,RECRUITING,INTERVENTIONAL,PHASE2,Irma Fleming,ketamine,1,United States,2026-08-24,"Claire Ausbeck, BA",18014033671,"Irma Fleming, MD (The University of Utah); Benjamin Lewis, MD (The University of Utah)",no,no,https://clinicaltrials.gov/study/NCT07563296
NCT00834470,Adjunctive Atropine During Ketamine Sedation,anesthesia_analgesia,Conscious Sedation,COMPLETED,INTERVENTIONAL,PHASE4,Seoul National University Hospital,ketamine,1,South Korea,2008-08,,,"Jin Hee Lee, Professor (Seoul National University Bundang Hospital)",no,,https://clinicaltrials.gov/study/NCT00834470
NCT04330183,Low Dose Ketamine and Acute Pain Crisis,other,Sickle Cell Crisis,COMPLETED,INTERVENTIONAL,PHASE4,Rhode Island Hospital,ketamine,2,United States,2020-07-01,,,"Taneisha Wison, MD, ScM (Brown Emergency Medicine)",no,no,https://clinicaltrials.gov/study/NCT04330183
NCT04767035,"Relative Bioavailability Study of MELT-100, IV Midazolam, and IV Ketamine",other,Procedural Sedation,COMPLETED,INTERVENTIONAL,PHASE1,Melt Pharmaceuticals,ketamine,1,United States,2020-12-01,,,,no,no,https://clinicaltrials.gov/study/NCT04767035
NCT03962725,Avoiding Neuromuscular Blockers to Reduce Complications,other,Respiratory Failure; Respiratory Infection; Aspiration Pneumonia; Pneumonitis; Atelectasis; Bronchospasm,TERMINATED,INTERVENTIONAL,PHASE4,Beth Israel Deaconess Medical Center,ketamine,2,United States,2019-08-07,,,"Maximilian S Schaefer, MD (Beth Israel Deaconess Medical Center)",yes,no,https://clinicaltrials.gov/study/NCT03962725
NCT02593643,Effect of Ketamine vs. Active Placebo on Suicidal Ideation in Depressed Inpatients With Major Depressive Disorder or Bipolar Depression.,psychiatric,Major Depressive Disorder; Bipolar I Disorder; Bipolar II Disorder; Bipolar Depression; Suicidal Ideation,COMPLETED,INTERVENTIONAL,EARLY_PHASE1,Sunnybrook Health Sciences Centre,ketamine,1,Canada,2016-01,,,,no,,https://clinicaltrials.gov/study/NCT02593643
NCT03554915,Ketamine Versus Midazolam for Prehospital Agitation,other,Agitation,COMPLETED,OBSERVATIONAL,,Hennepin Healthcare Research Institute,ketamine,1,United States,2017-08-01,,,,no,no,https://clinicaltrials.gov/study/NCT03554915
NCT05156060,Gabapentin & Ketamine for Prevention/Treatment of Acute/Chronic Pain in Locally Advanced Head and Neck Cancer,other,Head and Neck Cancer; Locally Advanced Head and Neck Carcinoma,RECRUITING,INTERVENTIONAL,PHASE1|PHASE2,Natalie Lockney,ketamine,1,United States,2022-01-24,Vanderbilt-Ingram Service for Timely Access,800-811-8480,"Natalie Lockney, MD (Vanderbilt-Ingram Cancer Center)",no,no,https://clinicaltrials.gov/study/NCT05156060
NCT06310850,The Effect of Preprocedural Subanesthetic Ketamine on Pain and Anxiety,psychiatric,Epidural Catheterization; Thoracic; Procedural Pain,COMPLETED,INTERVENTIONAL,PHASE3,Ankara Ataturk Sanatorium Training and Research Hospital,ketamine,1,Turkey (Türkiye),2013-06-01,,,"Onur KÜÇÜK, specialist (Ankara Ataturk Sanatorium Training and Research Hospital)",no,no,https://clinicaltrials.gov/study/NCT06310850
NCT01790490,Glutamatergic Modulation of Cocaine-related Deficits,psychiatric,Cocaine Dependence,COMPLETED,INTERVENTIONAL,PHASE2,New York State Psychiatric Institute,ketamine,1,United States,2011-02,,,"Elias Dakwar, MD (NYSPI/Columbia College of Physicians and Surgeons); Carl Hart, PhD (NYSPI/Columbia College of Physicians and Surgeons)",yes,,https://clinicaltrials.gov/study/NCT01790490
NCT05339074,Maintenance Ketamine Infusions for Treatment-Resistant Bipolar Depression,psychiatric,Bipolar Disorder; Bipolar Depression; Bipolar I Disorder; Bipolar II Disorder,COMPLETED,INTERVENTIONAL,PHASE2,Joshua Rosenblat,ketamine,3,Canada,2022-08-11,,,"Joshua Rosenblat, MD, MSc (Toronto Western Hospital, Psychiatry)",no,no,https://clinicaltrials.gov/study/NCT05339074
NCT01651988,Efficacy of Ketamine-Propofol for Short Surgical Procedures,anesthesia_analgesia,Anesthesia; Reaction,COMPLETED,INTERVENTIONAL,PHASE4,Universidad de Cartagena,ketamine,0,,2011-03,,,"Ricardo Poveda, Resident (University of Cartagena)",no,,https://clinicaltrials.gov/study/NCT01651988
NCT02642497,Local Ketamine Instillation for Postoperative Analgesia,anesthesia_analgesia,Postoperative Pain,COMPLETED,INTERVENTIONAL,PHASE2|PHASE3,Assiut University,ketamine,0,,2015-08,,,,no,undecided,https://clinicaltrials.gov/study/NCT02642497
NCT03653520,"Conscious Sedation Efficacy of the MKO Melt (Midazolam, Ketamine, Ondansetron)",anesthesia_analgesia,Cataract,COMPLETED,INTERVENTIONAL,NA,Avanti Anesthesia,ketamine,1,United States,2017-06-28,,,"Maggie Jeffries, MD (Avanti Anesthesia)",no,undecided,https://clinicaltrials.gov/study/NCT03653520
NCT04281017,Effect of Position and Anesthetic Choice in Intraocular Pressure in Robotic GYN (Gynecologic) Oncology Patients,other,Intraocular Pressure; Oncology,COMPLETED,INTERVENTIONAL,PHASE4,University of Florida,ketamine,1,United States,2020-11-10,,,"Sonia Mehta, MD (University of Florida)",yes,no,https://clinicaltrials.gov/study/NCT04281017
NCT06660017,Head and Neck Cancer Patients With Oral Mucositis Treated With Ketamine Oral Rinse,other,Head and Neck Cancer,NOT_YET_RECRUITING,INTERVENTIONAL,PHASE2,University of Oklahoma,ketamine,1,United States,2026-09,Lead Nurse,405-271-8001,"Rusha Patel, MD (OU Health Stephenson Cancer Center)",no,,https://clinicaltrials.gov/study/NCT06660017
NCT02911597,Double-Blind Trial of Ketamine Therapy Plus or Minus Naltrexone in Treatment Resistant Depression (TRD),psychiatric,Depression,COMPLETED,INTERVENTIONAL,PHASE1,Stanford University,ketamine,1,United States,2016-09,,,"Alan Schatzberg, MD (Stanford University)",no,undecided,https://clinicaltrials.gov/study/NCT02911597
NCT03115489,Efficacy of Ketamine Infusion Compared With Traditional Anti-epileptic Agents in Refractory Status Epilepticus,other,Refractory Epilepsy,WITHDRAWN,INTERVENTIONAL,PHASE2|PHASE3,University of Alabama at Birmingham,ketamine,1,United States,2017-05-04,,,"Vinodkumar Singh, MD (University of Alabama at Birmingham)",no,no,https://clinicaltrials.gov/study/NCT03115489
NCT06082076,Prevention of Shivering Associated With Spinal Anesthesia,anesthesia_analgesia,"Shivering, Spinal Anesthesia",UNKNOWN,INTERVENTIONAL,PHASE2|PHASE3,Assiut University,ketamine,0,,2023-11,"Ahmed Ga Mohammed, Resident",+201091339220,"Essam Ez Abdelhakeem, Professor (Assiut University); Seham Mo Moeen, Professor (Assiut University)",no,,https://clinicaltrials.gov/study/NCT06082076
NCT05441150,Intravenous Ketamine Infusion on Postoperative Analgesia of Living Liver Donors,anesthesia_analgesia,Liver Failure; Liver Transplant; Complications; Post Operative Pain,UNKNOWN,INTERVENTIONAL,PHASE4,Inonu University,ketamine,1,Turkey (Türkiye),2022-06-01,"Nucin Gulhas, Prof.",+90 4223410660,,no,undecided,https://clinicaltrials.gov/study/NCT05441150
NCT03729973,"Comparing Efficacy Preoperative Nebulized: Ketamine , Mgspo4 ,and Lidocaine In Attenuating Endotracheal Sore Throat",other,Sore Throat,COMPLETED,INTERVENTIONAL,PHASE3,Zagazig University,ketamine,1,Egypt,2018-11-15,,,"Alshaimaa Kamel, MD (Zagazig University)",no,no,https://clinicaltrials.gov/study/NCT03729973
NCT05779657,Combined Ketamine and Midazolam for Generalized Convulsive Status Epilepticus,other,Generalized Convulsive Status Epilepticus,COMPLETED,INTERVENTIONAL,PHASE2|PHASE3,Sohag University,ketamine,1,Egypt,2023-03-21,,,"Abdelrahim A Sadek, MD, PhD (Faculty of Medicine, Sohag University)",no,yes,https://clinicaltrials.gov/study/NCT05779657
NCT04706897,Opioid Sparing Anaesthesia for Prevention of Postoperative Nausea and Vomiting in Laparoscopic Gynecological Surgery,anesthesia_analgesia,PONV; Opioid Sparing Anaesthesia,COMPLETED,INTERVENTIONAL,PHASE4,Tanta University,ketamine,1,Egypt,2021-01-15,,,,no,yes,https://clinicaltrials.gov/study/NCT04706897
NCT02462174,Topical Ketamine Versus Caudal Ketamine for Postoperative Analgesia in Children Undergoing Inguinal Herniotomy,anesthesia_analgesia,Postoperative Pain,COMPLETED,INTERVENTIONAL,PHASE2|PHASE3,Assiut University,ketamine,1,Egypt,2015-05,,,"Hala S Abdel-Ghaffar, MD (Assisstant professor in Anesthesia and intensive care department, faculty of medicine, Assiut university, Egypt)",no,,https://clinicaltrials.gov/study/NCT02462174
NCT05787691,Enhanced vs.Standard Pain Management of Patients at Risk for Chronic Post-surgical Pain,anesthesia_analgesia,Chronic Post Surgical Pain,UNKNOWN,INTERVENTIONAL,NA,"University Hospital, Geneva",ketamine,1,Switzerland,2023-05-12,"Paulina Sypniewska El Khoury, MD",+41 (0) 79 55 32149,"Paulina Sypniewska El Khoury, MD (University Hospital, Geneva)",no,,https://clinicaltrials.gov/study/NCT05787691
NCT01435213,Competition With Striatal [11C]ORM-13070 Binding by Atipamezole and Endogenous Noradrenaline,other,Healthy,COMPLETED,INTERVENTIONAL,PHASE1,University of Turku,ketamine,2,Finland,2011-09,,,"Juha Rinne, MD, PhD (University of Turku)",no,,https://clinicaltrials.gov/study/NCT01435213
NCT05037123,Optimizing the Use of Ketamine to Reduce Chronic Postsurgical Pain,anesthesia_analgesia,Chronic Postsurgical Pain,ACTIVE_NOT_RECRUITING,INTERVENTIONAL,PHASE3,NYU Langone Health,ketamine,14,United States,2022-01-04,,,"Jing Wang, MD, PhD (NYU Langone Health); Lisa Doan, MD (NYU Langone Health)",no,yes,https://clinicaltrials.gov/study/NCT05037123
NCT07739641,A COMPARATIVE STUDY BETWEEN OPIOID-FREE GENERAL ANAESTHESIA AND OPIOID-BASED GENERAL ANAESTHESIA ON THE QUALITY OF RECOVERY IN PATIENTS UNDERGOING ELECTIVE LAPAROSCOPIC HYSTRECTOMY: A Randomized Trial,anesthesia_analgesia,Post Operative Recovery; Post Operative Nausea and Vomiting (PONV); Post Operative Analgesia,NOT_YET_RECRUITING,INTERVENTIONAL,NA,Ain Shams University,ketamine,1,Egypt,2026-08-22,"yomna emad Youssef, MBBCH",01026616629,yomna Emad Youssef (Ainshams University Hospitals),no,undecided,https://clinicaltrials.gov/study/NCT07739641
NCT04698772,Patient Satisfaction With Subdissociative Dose Ketamine Versus Morphine for Emergency Department Pain Control,other,Abdominal Pain,COMPLETED,OBSERVATIONAL,,CHRISTUS Health,ketamine,1,United States,2019-12-19,,,"Rebekka Lee, DO (CHRISTUS Health)",no,yes,https://clinicaltrials.gov/study/NCT04698772
NCT05604794,A Retrospective Effectiveness Trial of Ketamine-Assisted Psychotherapy in Adult Patients Coping With Mental Health,psychiatric,Depression; Anxiety; Post Traumatic Stress Disorder,COMPLETED,INTERVENTIONAL,PHASE4,Field Trip Health,ketamine,11,Canada; United States,2020-03-13,,,"Ryan Yermus, MD (Field Trip Health); Chris Lo, PhD (University of Toronto)",yes,no,https://clinicaltrials.gov/study/NCT05604794
NCT07462559,"KF2025#1 Trial: Ketamine, Cannabidiol and Cobicistat Interaction Study",other,Drug Drug Interaction,NOT_YET_RECRUITING,INTERVENTIONAL,PHASE1,Helsinki University Central Hospital,ketamine,1,Finland,2026-03-04,"Janne T Backman, MD, PhD",+35894711,"Janne T Backman, MD, PhD (Helsinki University Central Hospital)",no,no,https://clinicaltrials.gov/study/NCT07462559
NCT06985069,Outcome of Multimodal Anesthesia Bern,anesthesia_analgesia,"Opioid Use; Pain, Postoperative; Postoperative Complications; Postoperative Nausea",COMPLETED,INTERVENTIONAL,NA,"Insel Gruppe AG, University Hospital Bern",ketamine,1,Switzerland,2025-06-16,,,"Patrick Wüthrich, Professor (Department of Anaesthesiology and Pain Medicine, Inselspital, Bern University Hospital, Bern, Switzerland)",no,no,https://clinicaltrials.gov/study/NCT06985069
NCT07526454,Electroconvulsive Therapy Versus Intravenous Ketamine in Treatment-Resistant Major Depressive Disorder,psychiatric,Electroconvulsive Therapy; Intravenous Ketamine; Treatment-Resistant; Major Depressive Disorder,COMPLETED,INTERVENTIONAL,NA,Tanta University,ketamine,1,Egypt,2025-07-01,,,,no,yes,https://clinicaltrials.gov/study/NCT07526454
NCT02729805,Intraoperative Ketamine on Chronic Pain After Mastectomy,other,Chronic Pain,SUSPENDED,INTERVENTIONAL,PHASE4,The University of Hong Kong,ketamine,1,Hong Kong,2015-08-18,,,"Stanley SC Wong, MBBS (The University of Hong Kong)",no,undecided,https://clinicaltrials.gov/study/NCT02729805
NCT04179266,Effect of Ketamine Intranasal Spray in Treatment of Chronic Cluster Headache,other,Cluster Headache,COMPLETED,INTERVENTIONAL,PHASE1|PHASE2,CCH Pharmaceuticals,ketamine,1,Denmark,2019-11-20,,,,no,no,https://clinicaltrials.gov/study/NCT04179266
NCT02425202,Ketamine Infusion for Pediatric Patients With Obstructive Sleep Apnea Syndrome (OSAS) After Tonsillectomy,anesthesia_analgesia,Obstructive Sleep Apnea Syndrome,COMPLETED,INTERVENTIONAL,PHASE4,University of Manitoba,ketamine,1,Canada,2014-12,,,"Harley Wong, MD, FRCPC (University of Manitoba)",no,no,https://clinicaltrials.gov/study/NCT02425202
NCT06498869,The Effect of Ketamine on Sleep Quality in Patients Undergoing Colonoscopy,anesthesia_analgesia,Sleep,COMPLETED,INTERVENTIONAL,NA,Kocaeli City Hospital,ketamine,1,Turkey (Türkiye),2024-07-30,,,BEDİRHAN GÜNEL (Kocaeli City Hospital),no,no,https://clinicaltrials.gov/study/NCT06498869
NCT06344858,Characterization of the Temporal Profile of the Anti-nociceptive Effect of Ketamine Bolus Measured With ANI,other,Analgesia; Ketamine; Pharmacokinetic,COMPLETED,OBSERVATIONAL,,Pontificia Universidad Catolica de Chile,ketamine,1,Chile,2024-04-30,,,"Luis I Cortinez, MD (Pontificia Universidad Catolica de Chile)",no,undecided,https://clinicaltrials.gov/study/NCT06344858
NCT02653651,Effects of Perioperative Intravenous Lidocaine and Ketamine on Acute and Chronic Pain After Open Nephrectomy,anesthesia_analgesia,Postoperative Pain,COMPLETED,INTERVENTIONAL,PHASE4,University Tunis El Manar,ketamine,1,Tunisia,2016-01,,,Ali JENDOUBI (University Tunis El Manar),no,no,https://clinicaltrials.gov/study/NCT02653651
NCT06419439,Ketamine-assisted Integrative Treatment for Veterans With Chronic Low Back Pain and Comorbid Depression,psychiatric,Chronic Low Back Pain; Depression,RECRUITING,INTERVENTIONAL,PHASE2,VA Office of Research and Development,ketamine,1,United States,2025-12-03,"Victoria D Powell, MD",(734) 845-3072,"Victoria D Powell, MD (VA Ann Arbor Healthcare System, Ann Arbor, MI)",no,no,https://clinicaltrials.gov/study/NCT06419439
NCT00625911,Ketamine Improves Post-Thoracotomy Analgesia,anesthesia_analgesia,Post Operative Pain,COMPLETED,INTERVENTIONAL,NA,Tel-Aviv Sourasky Medical Center,ketamine,1,Israel,2001-09,,,"Avi A Weinbroum, MD (Tel-Aviv Sourasky Medical Center)",no,,https://clinicaltrials.gov/study/NCT00625911
NCT06038409,Ketamine Treatment Plans for Chronic Conditions,other,Chronic Pain; Depressive Disorder; Anxiety Disorders; Chronic Disease,RECRUITING,OBSERVATIONAL,,RIVER Foundation,ketamine,1,United States,2023-01-01,Ed Lesofski,406-465-9504,"Edward Lesofski, MS (RIVER Foundation)",no,undecided,https://clinicaltrials.gov/study/NCT06038409
NCT01367119,Ketamine Anesthesia in Electroconvulsive Therapy,anesthesia_analgesia,Depression,COMPLETED,INTERVENTIONAL,NA,Mayo Clinic,ketamine,1,United States,2011-05,,,"Keith Rasmussen, MD (Mayo Clinic)",yes,,https://clinicaltrials.gov/study/NCT01367119
NCT04824157,Ketamine IV Classic Protocol : Five Years Follow up,other,Major Depressive Disorder; Drug Abuse; Medications; Relapse,COMPLETED,OBSERVATIONAL,,Sheba Medical Center,ketamine,1,Israel,2019-08-08,,,,no,yes,https://clinicaltrials.gov/study/NCT04824157
NCT07284667,ACP-211 Monotherapy for Major Depressive Disorder With Inadequate Antidepressant Response,psychiatric,"Major Depressive Disorder (MDD); Depressive Disorder, Treatment-Resistant",RECRUITING,INTERVENTIONAL,PHASE2,ACADIA Pharmaceuticals Inc.,ketamine,26,United States,2025-11-14,Sandy Filosi,+1(609) 250-6920,,no,no,https://clinicaltrials.gov/study/NCT07284667
NCT05575999,"Effectiveness of Bupivacaine, Ketorolac, Ketamine, vs Bupivacaine Alone in Reducing Postoperative Pocket Pain",anesthesia_analgesia,Pain Management,NOT_YET_RECRUITING,INTERVENTIONAL,PHASE1,Kansas City Heart Rhythm Research Foundation,ketamine,3,United States,2026-01,Donita Atkins,816-651-1969,"Dhanunjaya Lakkireddy, MD (Kansas City Heart Rhythm Institute)",no,no,https://clinicaltrials.gov/study/NCT05575999
NCT04504175,Ketamine for Older Adults Pilot,other,Treatment Resistant Depression; Refractory Depression; Therapy-Resistant Depression; Late Life Depression; Geriatric Depression,COMPLETED,INTERVENTIONAL,PHASE4,Washington University School of Medicine,ketamine,5,Canada; United States,2020-10-22,,,"Eric Lenze, MD (Washington University School of Medicine)",yes,no,https://clinicaltrials.gov/study/NCT04504175
NCT03528512,IN Ketamine vs IN Midazolam and Fentanyl for Laceration Repair,other,Laceration of Skin,TERMINATED,INTERVENTIONAL,PHASE4,Corewell Health East,ketamine,1,United States,2018-09-04,,,"Kelly Levasseur, DO (Corewell Health East)",yes,no,https://clinicaltrials.gov/study/NCT03528512
NCT03861988,Intraoperative Ketamine Versus Saline in Depressed Patients Undergoing Anesthesia for Non-cardiac Surgery,psychiatric,Major Depressive Disorder; Surgery; Orthopedic Disorder,COMPLETED,INTERVENTIONAL,PHASE4,Stanford University,ketamine,1,United States,2019-08-22,,,"Boris D Heifets, MD, PhD (Stanford University)",yes,no,https://clinicaltrials.gov/study/NCT03861988
NCT01501786,Does Ketamine Attenuate Depression of Respiratory and Cardiac Functions,psychiatric,Congenital Heart Disease; Sedated for Cardiac Catheterization,COMPLETED,INTERVENTIONAL,NA,Ibaraki Children's Hospital,ketamine,1,Japan,2012-01,,,"Kazuhiko Okuyama, MD (Ibaraki Children's Hospital); Yuki Takeda, MD (Ibaraki Children's Hospital)",no,,https://clinicaltrials.gov/study/NCT01501786
NCT07135154,Postoperative Opioid Consumption in Gastric Sleeve Surgery,anesthesia_analgesia,Obesity &Amp; Overweight; General Anesthetic; Ketamine,COMPLETED,OBSERVATIONAL,,Balikesir University,ketamine,1,Turkey (Türkiye),2024-06-03,,,,yes,,https://clinicaltrials.gov/study/NCT07135154
NCT01690988,The Prevention of Delirium and Complications Associated With Surgical Treatments Multi Center Clinical Trial,anesthesia_analgesia,Delirium,COMPLETED,INTERVENTIONAL,PHASE3,Washington University School of Medicine,ketamine,1,United States,2014-02-01,,,"George A Mashour, MD PhD (University of Michigan); Daniel A Emmert, MD PhD (Washington University School of Medicine)",yes,,https://clinicaltrials.gov/study/NCT01690988
NCT02848963,Comparison of Ketamine-propofol Combinations,other,Agitation; Postoperative Pain,COMPLETED,INTERVENTIONAL,PHASE4,Cukurova University,ketamine,1,Turkey (Türkiye),2016-07,,,"Dilek Özcengiz, Professor (Cukurova University)",no,no,https://clinicaltrials.gov/study/NCT02848963
NCT01170247,Intranasal Ketamine Versus Intramuscular Ketamine for Procedural Sedation in Pediatric Patients,anesthesia_analgesia,Sedation,TERMINATED,INTERVENTIONAL,NA,University of Iowa,ketamine,1,United States,2011-01,,,"Christopher Hogrefe, MD (University of Iowa); Brett Faine, Pharm.D. (University of Iowa)",yes,,https://clinicaltrials.gov/study/NCT01170247
NCT05962424,HNC: Human Neural Circuits Electrophysiology During Cognition,other,Psychiatric Disorder,RECRUITING,INTERVENTIONAL,PHASE1,Stanford University,ketamine,1,United States,2023-10-05,Arjay Cordero,650-580-9000,"Karl Deisseroth, MD, PhD (Stanford University)",no,no,https://clinicaltrials.gov/study/NCT05962424
NCT05477004,Observational Study of Ketamine Infusions for the Treatment of Chronic Pain,other,Chronic Pain,ENROLLING_BY_INVITATION,OBSERVATIONAL,,Theresa Lii,ketamine,1,United States,2022-06-01,,,"Theresa Lii, MD (Stanford University)",no,yes,https://clinicaltrials.gov/study/NCT05477004
NCT04037085,Ketamine to Improve Recovery After Cesarean Delivery - Part 1,anesthesia_analgesia,"Obstetric Pain; Postpartum Depression; Breastfeeding; Pain, Acute; Pain, Chronic; Obstetric Anesthesia Problems; Drug Effect; Opioid Use",COMPLETED,INTERVENTIONAL,PHASE2,"Grace Lim, MD, MS",ketamine,2,United States,2019-10-09,,,"Grace Lim, MD, MS (University of Pittsburgh)",yes,no,https://clinicaltrials.gov/study/NCT04037085
NCT03432650,Evaluation of Anterior Quadratus Lumborum Block for Postoperative Analgesia in Hip Arthroscopy,anesthesia_analgesia,Hip Disease,COMPLETED,INTERVENTIONAL,PHASE3,"Hospital for Special Surgery, New York",ketamine,1,United States,2018-06-01,,,"Stephen Haskins, MD (Hospital for Special Surgery, New York)",yes,no,https://clinicaltrials.gov/study/NCT03432650
NCT02307591,Clinical Study to Assess Efficacy and Safety of Amiodarone in Treating Patients With Ebola. Virus Disease (EVD) in Sierra Leone. EASE (EMERGENCY Amiodarone Study Against Ebola),other,Ebola Virus Disease,WITHDRAWN,INTERVENTIONAL,PHASE2|PHASE3,Emergency NGO Onlus,ketamine,0,,2014-12,,,,no,,https://clinicaltrials.gov/study/NCT02307591
NCT07676955,Dexmedetomidine Versus Ketamine Loading for Dexmedetomidine Sedation During Elective Cesarean Section Under Spinal Anesthesia,anesthesia_analgesia,Cesarean Birth; Spinal Anesthesia; Sedation,COMPLETED,INTERVENTIONAL,PHASE4,Haseki Training and Research Hospital,ketamine,1,Turkey (Türkiye),2021-06-01,,,Halil C Canatan (Ozel Duygu Hastanesi),no,yes,https://clinicaltrials.gov/study/NCT07676955
NCT05577247,Belief Updating in Treatment Resistant Depression,psychiatric,Treatment Resistant Depression,RECRUITING,OBSERVATIONAL,,Assistance Publique - Hôpitaux de Paris,ketamine,1,France,2024-05-13,"Philippe FOSSATI, PUPH",+33142162891,,no,,https://clinicaltrials.gov/study/NCT05577247
NCT07043049,Comparison of Prophylactic Use of Tramadol Versus Ketamine for Prevention of Post Spinal Anesthesia Shivering,anesthesia_analgesia,Shivering,COMPLETED,INTERVENTIONAL,PHASE3,Syed Muhammad Abbas,ketamine,2,Pakistan,2022-06-29,,,"Muhammad Q Abbas, MCPS, FCPS (Sindh Institute of Urology and Transplantation)",no,,https://clinicaltrials.gov/study/NCT07043049
NCT05473949,Ketofol Versus Propofol for Sedation in Cholangiopancreatography for ASA III and ASA IV Patients.,anesthesia_analgesia,Anesthesia,COMPLETED,INTERVENTIONAL,NA,Centro Hospitalar Universitário Lisboa Norte,ketamine,0,,2016-10-01,,,Amélia Almeida (Centro Hospitalar e Universitário de Lisboa Norte),no,no,https://clinicaltrials.gov/study/NCT05473949
NCT03551067,Oral Dexmedetomidine for Parental Separation in Pediatrics Undergoing Adenotonsillectomy,anesthesia_analgesia,Adenotonsillectomy,COMPLETED,INTERVENTIONAL,PHASE4,Suez Canal University,ketamine,1,Egypt,2016-08-01,,,"Mohamed Elsadany, MD (Suez Canal University); Ghada Kamhawy, MD (Suez Canal University)",no,no,https://clinicaltrials.gov/study/NCT03551067
NCT03272698,ECT with Ketamine Anesthesia Vs High Intensity Ketamine with ECT Rescue for Treatment-Resistant Depression,psychiatric,Treatment Resistant Depression; Ketamine,RECRUITING,INTERVENTIONAL,PHASE4,University of Saskatchewan,ketamine,1,Canada,2017-09-01,Una Goncin,3066551183,"Jonathan Gamble, MD (University of Saskatchewan)",no,no,https://clinicaltrials.gov/study/NCT03272698
NCT07461376,Premedication in Children: a Clinical Trial Comparing Oral Ketamine and Oral Clonidine With Respect to Sedation Level and Opioid Consumption in Pediatrics Undergoing Elective Lower Abdominal Day-case Surgery.,anesthesia_analgesia,Pediatric Sedation; Clonidine Sedation; Ketamine Sedation,RECRUITING,INTERVENTIONAL,NA,Cairo University,ketamine,1,Egypt,2025-04-15,"Omnia Y Kamel, Doctorate degree",01270130326,"Nevine M Gouda, Professor (Cairo University); Sherif M Soaida, Assistant Professor (Cairo University)",no,no,https://clinicaltrials.gov/study/NCT07461376
NCT06191770,Comparison of Morphine With Nalbuphine in a Multimodal Approach for Pain Relief in Patients Undergoing Gynecological Procedures: Randomized Controlled Double Blind Clinical Trial,other,"Pain, Acute",COMPLETED,INTERVENTIONAL,NA,"Aga Khan University Hospital, Pakistan",ketamine,1,Pakistan,2019-10-01,,,,no,yes,https://clinicaltrials.gov/study/NCT06191770
NCT02048423,An Open Prospective Trial of IV Ketamine in Suicidal Adolescents,psychiatric,Major Depressive Disorder,UNKNOWN,INTERVENTIONAL,PHASE2|PHASE3,Nationwide Children's Hospital,ketamine,1,United States,2013-06,"Robert A Kowatch, MD, PhD",614-355-2872,"Robert A Kowatch, MD, PhD (OSU Medical Center/Nationwide Childrens Hospital)",no,,https://clinicaltrials.gov/study/NCT02048423
NCT02150161,Opioid vs. Opioid-free Anesthesia for Hip Arthroscopy,anesthesia_analgesia,Opioid Free Anaesthesia; Postoperative Analgesia,TERMINATED,INTERVENTIONAL,PHASE3,Clinica Santa Maria,ketamine,1,Chile,2014-05,,,"David Torres, MD; MSc (Clinica Santa Maria)",no,,https://clinicaltrials.gov/study/NCT02150161
NCT06131970,The Effectiveness of Continuous Ketamine Infusion (KONTINUE),other,Chronic Pain,COMPLETED,OBSERVATIONAL,,Centre Hospitalier Princesse Grace,ketamine,1,Monaco,2022-02-22,,,,no,no,https://clinicaltrials.gov/study/NCT06131970
NCT04781673,Ketamine vs Lidocaine in Traumatic Rib Fractures,psychiatric,Rib Fractures; Rib Fracture Multiple; Rib Trauma,ACTIVE_NOT_RECRUITING,INTERVENTIONAL,PHASE4,Brittany Hoyte,ketamine,1,United States,2021-04-01,,,,no,no,https://clinicaltrials.gov/study/NCT04781673
NCT00662883,Assessing the Effects of a Nasal Corticosteroid on PMI-150 (Intranasal Ketamine),other,Healthy,COMPLETED,INTERVENTIONAL,PHASE1,Javelin Pharmaceuticals,ketamine,1,United States,2007-11,,,"Javelin Pharmaceuticals, Inc (Javelin Pharmaceuticals)",no,,https://clinicaltrials.gov/study/NCT00662883
NCT03860831,Intranasal Ketamine and Midazolam Mixture for Procedural Sedation in Children With Mental Disabilities:,psychiatric,Procedural Sedation,UNKNOWN,INTERVENTIONAL,PHASE1,Ain Shams University,ketamine,2,Egypt,2019-03-06,"dean of faculty of medicine, MD",0020224821894,,no,no,https://clinicaltrials.gov/study/NCT03860831
NCT01209845,Ketamine for Low Mood States in the ER,psychiatric,Depression; Suicide Ideation,COMPLETED,INTERVENTIONAL,PHASE1,Yale University,ketamine,1,United States,2010-04,,,"Gregory L Larkin, MD (Yale University School of Medicine, Department of Emergency Medicine)",no,,https://clinicaltrials.gov/study/NCT01209845
NCT05957302,Hemodynamic Effects of Bolus of Ketamine Versus Fentanyl in Patients With Septic Shock,other,Ketamine; Fentanyl; Septic Shock,COMPLETED,INTERVENTIONAL,NA,Cairo University,ketamine,1,Egypt,2023-08-01,,,"ahmed hasanin, MD (Cairo University Kasr Alainy Faculty of Medicine)",no,no,https://clinicaltrials.gov/study/NCT05957302
NCT03123302,Our Anesthesia Experience During MRI Scan,anesthesia_analgesia,Epileptic Seizure; Intracranial Tumor; Intracranial Hypertension; Intracranial Aneurysm; Vertebra; Anomaly,COMPLETED,OBSERVATIONAL,,Akdeniz University,ketamine,1,Turkey (Türkiye),2017-02-01,,,"Ilker O Aycan, MD (Akdeniz University Hospital)",no,,https://clinicaltrials.gov/study/NCT03123302
NCT06735079,A Study to Evaluate the Efficacy and Safety of REL-1017 As Adjunctive Treatment of Major Depressive Disorder (MDD),psychiatric,Major Depressive Disorder (MDD),WITHDRAWN,INTERVENTIONAL,PHASE3,MGGM LLC,ketamine,2,Italy; Switzerland,2024-12-27,,,,no,no,https://clinicaltrials.gov/study/NCT06735079
NCT04360473,Ketamine Versus Magnesium Sulfate in the Time and Awakening Quality of General Anesthesia.,anesthesia_analgesia,"Awakening, Post-Anesthesia Delayed",UNKNOWN,INTERVENTIONAL,NA,University of Sao Paulo General Hospital,ketamine,1,Brazil,2022-03-14,sebastião ernesto,12991457764,Joaquim Vieira (University of Sao Paulo School of Medicine),no,no,https://clinicaltrials.gov/study/NCT04360473
NCT01889537,Low Dose Ketamine VR Analgesia During Burn Care Procedure,anesthesia_analgesia,Burn,COMPLETED,INTERVENTIONAL,PHASE2,National Institute of General Medical Sciences (NIGMS),ketamine,1,United States,2012-07,,,"David R Patterson, Ph.D. (University of Washington)",no,,https://clinicaltrials.gov/study/NCT01889537
NCT05474937,"Inhalation of Sevoflurane Versus Intravenous Midazolam,Ketamine,Propofol For Pediatrics Undergoing Upper GI Endoscopy",anesthesia_analgesia,Upper GI Bleeding,UNKNOWN,INTERVENTIONAL,NA,Zagazig University,ketamine,1,Egypt,2022-06-01,"Salih Salim Salih, MBCCH",01142905781,,no,yes,https://clinicaltrials.gov/study/NCT05474937
NCT01304147,Intranasal Ketamine in Treatment-Resistant Depression,psychiatric,Major Depressive Disorder,COMPLETED,INTERVENTIONAL,NA,James Murrough,ketamine,1,United States,2011-10,,,"James W Murrough, MD (Icahn School of Medicine at Mount Sinai)",yes,,https://clinicaltrials.gov/study/NCT01304147
NCT03954379,IPACK Study in Total Knee Arthroplasty Patients,anesthesia_analgesia,Knee Replacement Arthroplasty,COMPLETED,INTERVENTIONAL,PHASE4,"University Health Network, Toronto",ketamine,1,Canada,2019-10-24,,,"Vincent Chan, MD (University Health Network, Toronto)",no,no,https://clinicaltrials.gov/study/NCT03954379
NCT02650154,The Effects of the Anesthetic Ketamine in Young Children Undergoing Procedural Sedation,anesthesia_analgesia,Trauma,COMPLETED,OBSERVATIONAL,,The Hospital for Sick Children,ketamine,1,Canada,2013-08,,,"Yaron Finkelstein, MD (The Hospital for Sick Children)",no,no,https://clinicaltrials.gov/study/NCT02650154
NCT04421196,Opioid-free Total Hip Arthroplasty,anesthesia_analgesia,Hip Osteoarthritis,WITHDRAWN,INTERVENTIONAL,NA,Johns Hopkins University,ketamine,0,,2022-09-15,,,"Julius Oni, M.D. (Johns Hopkins University)",no,no,https://clinicaltrials.gov/study/NCT04421196
NCT05026203,Effectiveness of Ketamine Treatment for Three Consecutive Days in Depression,psychiatric,Depression,COMPLETED,INTERVENTIONAL,PHASE4,Mahidol University,ketamine,1,Thailand,2021-09-01,,,,no,,https://clinicaltrials.gov/study/NCT05026203
NCT03885427,"Analgo-Sedative Effects Of Oral, Or Nebulized Ketamine In Pre-schoolers Undergoing Elective Surgery.",anesthesia_analgesia,Conscious Sedation; Postoperative Analgesia,COMPLETED,INTERVENTIONAL,EARLY_PHASE1,Zagazig University,ketamine,1,Egypt,2019-03-27,,,"Alshaimaa Kamel, M.D (Zagazig University)",no,,https://clinicaltrials.gov/study/NCT03885427
NCT02241278,Preoperative Ketamine Has no Preemptive Analgesic Effect in Patients Undergoing Colon Surgery.,anesthesia_analgesia,"Pain, Postoperative",COMPLETED,INTERVENTIONAL,PHASE4,Hospital Arquitecto Marcide,ketamine,1,Spain,2001-09,,,"Manuel Camba Rodriguez, M.D. (Hospital Arquitecto Marcide); Beatriz Nistal Nuno, M.D. (Complexo Hospitalario Universitario A Coruna)",no,,https://clinicaltrials.gov/study/NCT02241278
NCT04176419,Perioperative Analgesia on Postoperative Opioid Usage and Pain Control in H&N Cancer Surgery,anesthesia_analgesia,Postoperative Pain Control; Opioid Consumption,TERMINATED,INTERVENTIONAL,PHASE3,Case Comprehensive Cancer Center,ketamine,1,United States,2020-01-17,,,"Jamie Ku, MD (Cleveland Clinic Taussig Cancer institute, Case Comprehensive Cancer Center)",no,,https://clinicaltrials.gov/study/NCT04176419
NCT00224692,Analgesic Effect in Children of Low-Dose Ketamine for Mucositis Treated by Patient-Controlled Analgesia With Morphine,anesthesia_analgesia,Cancer; Mucositis,TERMINATED,INTERVENTIONAL,PHASE3,Assistance Publique - Hôpitaux de Paris,ketamine,1,France,2003-02,,,"Evelyne JACQZ-AIGRAIN, Pr,MD,PhD (Assistance Publique - Hôpitaux de Paris)",no,,https://clinicaltrials.gov/study/NCT00224692
NCT02815111,Evaluation of Ketamine and Multi-modal Analgesics,anesthesia_analgesia,Pain,WITHDRAWN,OBSERVATIONAL,,University of Florida,ketamine,0,,2016-07,,,"Sean Kiley, M.D. (University of Florida)",no,no,https://clinicaltrials.gov/study/NCT02815111
NCT06898463,Comparison Of The Effects Of Melatonin Premedication And Ketamine On Postoperative Sleep Quality İn Rhinoplasty,anesthesia_analgesia,Postoperative Sleep Disturbances,COMPLETED,INTERVENTIONAL,PHASE4,Konya City Hospital,ketamine,1,Turkey (Türkiye),2022-09-19,,,,no,yes,https://clinicaltrials.gov/study/NCT06898463
NCT01951911,Effectiveness of Ketamine in Malignant Neuropathic Pain Relief,other,"Pain, Intractable",WITHDRAWN,INTERVENTIONAL,PHASE3,Haukeland University Hospital,ketamine,1,Norway,2013-09,,,"Rae F Bell, M.D. PhD. (Pain Clinic, Haukeland University Hospital, 5021 Bergen, Norway)",no,no,https://clinicaltrials.gov/study/NCT01951911
NCT01594047,Perioperative Opioid-induced Hyperalgesia and Its Prevention With Ketamine and Methadone,anesthesia_analgesia,Post Operative Pain; Hyperalgesia,COMPLETED,INTERVENTIONAL,NA,"Fondazione IRCCS Istituto Nazionale dei Tumori, Milano",ketamine,1,Italy,2009-12-01,,,"Emiliano Tognoli (Fondazione IRCCS Istituto Nazionale dei Tumori, Milano)",yes,,https://clinicaltrials.gov/study/NCT01594047
NCT01807260,Stepwise Shock Wave Lithotripsy in Pediatric Urolithiasis,other,Pediatric Urinary Lithiasis,COMPLETED,INTERVENTIONAL,NA,TC Erciyes University,ketamine,1,Turkey (Türkiye),2008-03,,,"Deniz Demirci, Prof. (Department of Urology, Erciyes University Medical faculty,)",no,,https://clinicaltrials.gov/study/NCT01807260
NCT01600885,The Effects of Ketamine and Guanfacine on Working Memory in Healthy Subjects,other,NMDA Receptor Function,COMPLETED,INTERVENTIONAL,NA,Yale University,ketamine,3,United States,2008-08,,,"John H Krystal, M.D. (Yale University); Naomi R Driesen, Ph.D. (Yale University)",yes,,https://clinicaltrials.gov/study/NCT01600885
NCT02892916,Ketamine and Postoperative Cognitive Dysfunction,anesthesia_analgesia,Post Operative Cognitive Dysfunction,COMPLETED,INTERVENTIONAL,PHASE3,Assistance Publique - Hôpitaux de Paris,ketamine,1,France,2017-03-20,,,"Franck Verdonk, MD, PhD (Assistance Publique - Hôpitaux de Paris)",no,no,https://clinicaltrials.gov/study/NCT02892916
NCT06835504,Morphine or Ketamine for Analgesia,anesthesia_analgesia,Abdominal Pain; Isolated Extremity Fracture; Pain; Pediatrics,NOT_YET_RECRUITING,INTERVENTIONAL,PHASE3,Columbia University,ketamine,8,United States,2026-09-01,"Daniel S Tsze, MD, MPH",917-375-2647,"Daniel S Tsze, MD, MPH (Columbia University); Amy L Drendel, DO, MS (Medical College of Wisconsin)",no,yes,https://clinicaltrials.gov/study/NCT06835504
NCT03408340,Paravertebral Nerve Blocks in Neonates,anesthesia_analgesia,Congenital Heart Disease,TERMINATED,INTERVENTIONAL,PHASE4,Emory University,ketamine,1,United States,2018-07-18,,,"Justin B Long, MD (Emory University)",yes,,https://clinicaltrials.gov/study/NCT03408340
NCT02701933,"Effects of Ketamine on Eye Movements, Perception and Brain Function",other,Functional Neuroimaging,COMPLETED,INTERVENTIONAL,NA,University of Bonn,ketamine,1,Germany,2014-04,,,"Ulrich Ettinger, PhD (Department of Psychology, University of Bonn)",no,no,https://clinicaltrials.gov/study/NCT02701933
NCT02909049,Clinical Trial to Examine Individual Pain Tolerance in the Use of Two Anesthetic Techniques to Perform Saturation Prostate Biopsy,other,Prostatic Cancer,COMPLETED,INTERVENTIONAL,PHASE4,Complexo Hospitalario Universitario de A Coruña,ketamine,1,Spain,2016-04,,,"Jose L Ponce, MD (Complejo Hospitalario Universitario, A Coruña)",no,no,https://clinicaltrials.gov/study/NCT02909049
NCT06315959,Bilateral Erector Spinae Plane Block for Postoperative Chronic Pain After Open Heart Surgery,anesthesia_analgesia,Chronic Pain; Cardiac Surgery; Post Operative Pain,COMPLETED,INTERVENTIONAL,NA,Ondokuz Mayıs University,ketamine,1,Turkey (Türkiye),2024-04-01,,,"Burhan Dost (: Ondokuz Mayis Universitesi, Samsun, Atakum 55139)",no,no,https://clinicaltrials.gov/study/NCT06315959
NCT01724983,Ketamine in Bariatric Surgery,anesthesia_analgesia,Morbid Obesity,UNKNOWN,INTERVENTIONAL,PHASE3,University of Padova,ketamine,1,Italy,2012-06,,,"Ulderico Freo, MD (University of Padova)",no,,https://clinicaltrials.gov/study/NCT01724983
NCT02661061,Ketamine for Relapse Prevention in Recurrent Depressive Disorder,psychiatric,Depression; Relapse; Recurrent Depressive Disorder; Major Depressive Disorder,TERMINATED,INTERVENTIONAL,PHASE1,"St Patrick's Hospital, Ireland",ketamine,1,Ireland,2015-12,,,"Declan McLoughlin (University of Dublin, Trinity College)",yes,no,https://clinicaltrials.gov/study/NCT02661061
NCT07359469,"Intravenous Lidocaine, Ketamine, and Magnesium in Thoracic Surgery",anesthesia_analgesia,"Postoperative Pain; Thoracic Surgery; Multimodal Analgesia; Opioid Consumption, Postoperative",COMPLETED,OBSERVATIONAL,,Universidad Pública de Navarra,ketamine,1,Spain,2018-01-01,,,"Manuel Murie Fernandez, MD, PhD (Universidad Pública de Navarra ( UPNA))",no,no,https://clinicaltrials.gov/study/NCT07359469
NCT03666494,Ketamine Co-induction for Patients With Major Depressive Disorder,psychiatric,Ketamine; Depression; Anesthesia,UNKNOWN,INTERVENTIONAL,PHASE4,University of Saskatchewan,ketamine,0,,2018-12,"Jonathan Gamble, MD",306-655-1183,"Jonathan Gamble, MD (University of Saskatchewan)",no,undecided,https://clinicaltrials.gov/study/NCT03666494
NCT05829486,Integrated Pulmonary Index in Gastroscopic Procedures,other,Endoscopy,UNKNOWN,OBSERVATIONAL,,Gaziosmanpasa Research and Education Hospital,ketamine,1,Turkey (Türkiye),2023-02-06,"sibel bektas, MD",02129453030,"zuhal çavuş, MD (gaziosmanpasa TREH); döndü genç moralar, MD (gaziosmanpasa TREH)",no,undecided,https://clinicaltrials.gov/study/NCT05829486
NCT06032624,Ketamine and Dexmedetomidine Comparative Study,other,Post Operative Pain,UNKNOWN,INTERVENTIONAL,NA,Sohag University,ketamine,0,,2023-12-01,"Mohammed Mahmoud, MD",00201091328413,,no,,https://clinicaltrials.gov/study/NCT06032624
NCT02306759,Ketamine For Acute Treatment of Pain in Emergency Department,other,Pain,COMPLETED,INTERVENTIONAL,PHASE4,The Brooklyn Hospital Center,ketamine,1,United States,2015-01,,,"Billy Sin, Pharm.D. (The Brooklyn Hospital Center)",yes,no,https://clinicaltrials.gov/study/NCT02306759
NCT04737473,The Comparative Efficacy and Safety of Two General Anesthesia Protocols Consisting of Fentanyl Plus Propofol Plus Rococuronium Plus Isoflurane Versus Ketamime Plus Magnesium Sulphate Plus Lidocaine Plus Clonidine Plus Propofol Plus Rococuronium Plus Isoflurane for Gynaecology Surgery in Cameroon,anesthesia_analgesia,Opioids; Clinical Trial; Anesthesia; Gynecology; Surgery,UNKNOWN,INTERVENTIONAL,NA,University of Yaounde 1,ketamine,1,Cameroon,2020-01-06,"Joel Noutakdie Tochie, MD",+237 676558825,"Jacqueline Ze Minkande, MD (University of Yaounde I)",no,no,https://clinicaltrials.gov/study/NCT04737473
NCT06722742,Use of Iv Tramadol and Ketamine for Prevention of Post Spinal Anesthesia Shivering,anesthesia_analgesia,"Shivering, Spinal Anesthesia",RECRUITING,INTERVENTIONAL,PHASE3,Liaquat National Hospital & Medical College,ketamine,3,Pakistan,2024-09-30,Nazish Dr Nazish Kanwal,03292163092,Nazish Dr Nazish Kanwal (Liaquat national hospital and medical college),no,no,https://clinicaltrials.gov/study/NCT06722742
NCT05414422,"A Randomized, Placebo-Controlled, Double-Blind Study to Assess Safety and Efficacy of PCN-101 in TRD",other,Treatment Resistant Depression,COMPLETED,INTERVENTIONAL,PHASE2,Perception Neuroscience,ketamine,21,Germany; Poland; United States,2022-02-01,,,Chief Medical Officer (Perception Neuroscience),yes,no,https://clinicaltrials.gov/study/NCT05414422
NCT03896256,Ketamine for Refractory Chronic Migraine: a Pilot Study,other,Migraine Headache With Intractable Migraine,COMPLETED,INTERVENTIONAL,EARLY_PHASE1,Thomas Jefferson University,ketamine,1,United States,2019-03-22,,,,no,,https://clinicaltrials.gov/study/NCT03896256
NCT07423676,Comparison Between Two Drugs in Sedation of Upper GI Endoscopy,anesthesia_analgesia,Sedation During GI Endoscopy,NOT_YET_RECRUITING,OBSERVATIONAL,,Zagazig University,ketamine,0,,2026-03-01,"Ahmed Esam Hamad, Register",+201095529439,"Doaa Mohamed Farid, MD (Doaa mohamed Farid); Rehab Abdalla Wahdan, MD (Rehab Abdalla Wahdan)",no,no,https://clinicaltrials.gov/study/NCT07423676
NCT07408193,The Role of Coadministration of Lidocaine and Ketamine in Opioid-Refractory Chronic Cancer-Related Pain.,other,Opioid-Refractory Chronic Cancer-Related Pain,RECRUITING,INTERVENTIONAL,EARLY_PHASE1,National and Kapodistrian University of Athens,ketamine,1,Greece,2026-03-01,"Konstantinos Kalimeris MD, PhD, Associate Professor of Anesthesiology, Associate Professor",+302105831997,"Konstantinos Kalimeris, Assoc Prof of Anesthesiology (National and Kapodistrian University of Athens); Maria Riga, Assis Prof of Anesthesiology (National and Kapodistrian University of Athens)",no,yes,https://clinicaltrials.gov/study/NCT07408193
NCT04530149,Vital Capacity in Ultrasound Guided Serratus Plane Block in ED Patients With Multiple Rib Fractures,anesthesia_analgesia,Pain,TERMINATED,INTERVENTIONAL,PHASE4,Antonios Likourezos,ketamine,1,United States,2021-11-01,,,"Judy Lin, MD (Maimonides Medical Center)",yes,no,https://clinicaltrials.gov/study/NCT04530149
NCT03573349,Ketamine Associated ACC GABA and Glutamate Change and Depression Remission:,psychiatric,Major Depressive Disorder; Treatment Resistant Depression; Bipolar Depression,ACTIVE_NOT_RECRUITING,INTERVENTIONAL,EARLY_PHASE1,Mayo Clinic,ketamine,1,United States,2019-01-03,,,"Balwinder Singh, MD, MS (Mayo Clinic)",no,no,https://clinicaltrials.gov/study/NCT03573349
NCT02062658,Extending Ketamine's Effects in OCD With Exposure and Response Prevention (EX/RP),psychiatric,Obsessive-Compulsive Disorder,COMPLETED,INTERVENTIONAL,PHASE2,New York State Psychiatric Institute,ketamine,1,United States,2013-12,,,"H Blair Simpson, MD, PhD (Columbia-NYSPI-RFMH)",yes,,https://clinicaltrials.gov/study/NCT02062658
NCT01326325,Efficacy of Low Analgesic Doses of Ketamine Associated With Opioids in Refractory Cancer Pain Treatment,anesthesia_analgesia,Pain,COMPLETED,INTERVENTIONAL,PHASE3,Assistance Publique - Hôpitaux de Paris,ketamine,1,France,2011-07,,,"Sylvie ROSTAING-RIGATTIERI, MD (Center of Evaluation and Treatment of the pain - Saint-Antoine Hospital)",no,,https://clinicaltrials.gov/study/NCT01326325
NCT00956085,Memantine Augmentation in Treatment-Resistant Adults With Obsessive-Compulsive Disorder,psychiatric,Obsessive-Compulsive Disorder,COMPLETED,INTERVENTIONAL,PHASE2,New York State Psychiatric Institute,ketamine,1,United States,2009-08,,,"Carolyn I Rodriguez, M.D., Ph.D. (Stanford University); Helen B Simpson, MD, PhD (NYSPI-Columbia)",yes,no,https://clinicaltrials.gov/study/NCT00956085
NCT04578938,Ketamine + Cognitive Training for Suicidality in the Medical Setting,psychiatric,"Suicide, Attempted",ACTIVE_NOT_RECRUITING,INTERVENTIONAL,PHASE4,Rebecca Price,ketamine,1,United States,2021-03-15,,,"Rebecca B Price, PhD (University of Pittsburgh)",no,no,https://clinicaltrials.gov/study/NCT04578938
NCT02532153,The Impact of Ketamine on the Reward Circuitry of Suicidal Patients,psychiatric,Suicidal Ideation; Suicide,WITHDRAWN,INTERVENTIONAL,PHASE3,Massachusetts General Hospital,ketamine,1,United States,2017-02,,,"Dawn Ionescu, M.D. (MGH)",no,,https://clinicaltrials.gov/study/NCT02532153
NCT04427605,Efficacy and Safety of Continuous Infusion of Ketamine in Pediatric Intensive Care Unit (KISS Study),other,Analgesia; Ketamine Toxicity; Bronchospasm; Sedation Complication,COMPLETED,OBSERVATIONAL,,Azienda Ospedaliera di Padova,ketamine,1,Italy,2019-04-01,,,"angela amigoni, MD (Azienda Ospedaliera di Padova); andrea pettenazzo, MD (Azienda Ospedaliera di Padova)",no,undecided,https://clinicaltrials.gov/study/NCT04427605
NCT05233566,Ketamine for Postoperative Avoidance of Depressive Symptoms: The K-PASS Feasibility Trial,psychiatric,Postoperative Depression,COMPLETED,INTERVENTIONAL,PHASE3,Washington University School of Medicine,ketamine,1,United States,2022-04-25,,,,yes,,https://clinicaltrials.gov/study/NCT05233566
NCT05437575,Prehospital Analgesia INtervention Trial (PAIN),anesthesia_analgesia,Traumatic Injury,RECRUITING,INTERVENTIONAL,PHASE3,Jason Sperry,ketamine,11,United States,2023-11-27,"Jason Sperry, MD",412-802-8270,"Jason Sperry, MD (University of Pittsburgh)",no,yes,https://clinicaltrials.gov/study/NCT05437575
NCT07193901,"A Study to Evaluate the Efficacy, Safety, and Pharmacokinetic Characteristics of (R)-Ketamine Hydrochloride Nasal Spray in Patients With Depression and Acute Suicidal Ideation or Behavior",psychiatric,Major Depressive Disorder (MDD,COMPLETED,INTERVENTIONAL,PHASE2,"Sichuan Purity Pharmaceutical Technology Co., Ltd.",ketamine,15,China,2025-05-27,,,,no,no,https://clinicaltrials.gov/study/NCT07193901
NCT04473846,Propofol-fentanyl-ketamine (PFK) Combination Versus General Anesthesia Using Propofol and Fentanyl in Patients Undergoing Endoscopic Procedures.,anesthesia_analgesia,Anesthesia,UNKNOWN,INTERVENTIONAL,NA,University of Jordan,ketamine,1,Jordan,2020-08,Abdelkarim S AlOweidi,+962795712121,,no,,https://clinicaltrials.gov/study/NCT04473846
NCT03109418,Intraoperative Low-dose Ketamine Infusion for Patients With Obstructive Sleep Apnea,other,Sleep Apnea; Obstructive Sleep Apnea; Postoperative Complications,TERMINATED,INTERVENTIONAL,PHASE2|PHASE3,University of Alabama at Birmingham,ketamine,1,United States,2016-06-02,,,"Peter A Nagi, MD (University of Alabama at Birmingham)",yes,no,https://clinicaltrials.gov/study/NCT03109418
NCT02368782,Effects of Ketamine and Propofol in Otoacoustic Emissions (OAE) in Children,other,Normal Healthy Ears; Ketamine and Propofol Effects on Hemodynamics; Ketamine and Propofol Effects on TEOAE and DPOAE,COMPLETED,OBSERVATIONAL,,Istanbul University,ketamine,1,Turkey (Türkiye),2013-12,,,,no,,https://clinicaltrials.gov/study/NCT02368782
NCT02778880,Pain Reduction With Intranasal Medications for Extremity Injuries,other,Pain; Traumatic Limb Injury,COMPLETED,INTERVENTIONAL,PHASE3,"Children's Hospital Medical Center, Cincinnati",ketamine,1,United States,2016-03-31,,,"Theresa M Frey, MD (Children's Hospital Medical Center, Cincinnati); Matthew R Mittiga, MD (Children's Hospital Medical Center, Cincinnati)",yes,no,https://clinicaltrials.gov/study/NCT02778880
NCT05552391,Dexametomedine Versus Ketamine as an Adjuvant in Erector Spinae Block for Perioperative Thoracotomy Pain Control,anesthesia_analgesia,Post Operative Pain,COMPLETED,INTERVENTIONAL,PHASE4,Kasr El Aini Hospital,ketamine,1,Egypt,2022-09-01,,,,no,undecided,https://clinicaltrials.gov/study/NCT05552391
NCT05177146,Neural Correlates of Ketamine's Anti-suicidal Effects in Bipolar Depression,psychiatric,Bipolar Disorder (BD); Suicidality,COMPLETED,INTERVENTIONAL,NA,Centre for Addiction and Mental Health,ketamine,1,Canada,2022-05-04,,,"Yuliya Knyahnytska, MD, PhD (Centre for Addiction and Mental Health)",no,,https://clinicaltrials.gov/study/NCT05177146
NCT03009409,The Effect of Low Dose Intra-operative Ketamine on Closed-loop Controlled General Anesthesia,anesthesia_analgesia,Anesthesia,COMPLETED,INTERVENTIONAL,PHASE1,NeuroWave Systems Inc.,ketamine,1,Canada,2018-03-13,,,"Richard Merchant, MD FRCPC (Fraser Health)",no,,https://clinicaltrials.gov/study/NCT03009409
NCT01269307,Combination Ketamine and Propofol vs Propofol for Emergency Department Sedation: A Prospective Randomized Trial,anesthesia_analgesia,Sedation,COMPLETED,INTERVENTIONAL,NA,University of Utah,ketamine,1,United States,2010-06,,,"Scott Youngquist, MD MSc (University of Utah); Virgil Davis, MD (University of Utah)",no,,https://clinicaltrials.gov/study/NCT01269307
NCT00797264,Ketamine Associated With Morphine PCA After Total Hip Arthroplasty,anesthesia_analgesia,"Arthroplasty, Replacement, Hip",COMPLETED,INTERVENTIONAL,NA,Assistance Publique - Hôpitaux de Paris,ketamine,1,France,2008-11,,,"Philippe SITBON, MD (Assistance Publique - Hôpitaux de Paris Hôpital Bicêtre)",no,,https://clinicaltrials.gov/study/NCT00797264
NCT06756594,Efficacy of Dexmedetomidine-Propofol Versus Ketamine-Propofol for Sedation,anesthesia_analgesia,Propofol,COMPLETED,INTERVENTIONAL,NA,Sohag University,ketamine,1,Egypt,2024-11-12,,,,no,,https://clinicaltrials.gov/study/NCT06756594
NCT05297422,"Axillary Approach to Brachial Plexus Blockade Using Ketamine, Regional Versus Intravenous Administration",other,Branchial Plexus Blockade; Anesthesia,UNKNOWN,INTERVENTIONAL,NA,National and Kapodistrian University of Athens,ketamine,1,Greece,2022-01-20,Demetra Solomou,+306987707097,"Theodoros Xanthos, Professor (National and Kapodistrian University of Athens)",no,yes,https://clinicaltrials.gov/study/NCT05297422
NCT04365686,Smooth Extubation With Ketofol for Induction of General Anesthesia in Laparoscopic Drilling of Polycystic Ovary,anesthesia_analgesia,Smooth Extubation,COMPLETED,INTERVENTIONAL,PHASE4,Fayoum University Hospital,ketamine,1,Egypt,2019-04-01,,,"Atef S Khalil, MD (Fayoum University Hospitals)",no,,https://clinicaltrials.gov/study/NCT04365686
NCT00205712,Prevention of N-methyl-D-aspartate (NMDA) Antagonist-induced Psychosis in Kids,other,"Psychoses, Substance-Induced",COMPLETED,INTERVENTIONAL,PHASE4,Washington University School of Medicine,ketamine,1,United States,2003-02,,,"John W. Newcomer, M.D. (Washington University School of Medicine and Florida Atlantic University)",yes,,https://clinicaltrials.gov/study/NCT00205712
NCT04771767,Combined Ketamine and eCBT Intervention for PTSD,psychiatric,Post-Traumatic Stress Disorder,UNKNOWN,INTERVENTIONAL,PHASE2,Queen's University,ketamine,1,Canada,2021-08-01,"Aaron E Philipp-Muller, B.Sc.",416-939-3164,"Taras Reshetukha, MD (Queen's University)",no,yes,https://clinicaltrials.gov/study/NCT04771767
NCT01855581,The Incidence and Nature of Adverse Events During Pediatric Sedation for MRI/CT in One Korean University Hospital: Retrospective Study,anesthesia_analgesia,Children Requiring Sedation for MRI/CT,UNKNOWN,OBSERVATIONAL,,Yonsei University,ketamine,1,South Korea,2012-11,,,,no,,https://clinicaltrials.gov/study/NCT01855581
NCT05481281,Comparison Of Dexmedetomidine & Ketamine For Control Of Shivering In Vaginal Hysterectomy Under Spinal Anesthesia,anesthesia_analgesia,Chills,UNKNOWN,INTERVENTIONAL,PHASE3,Hamdard University,ketamine,0,,2022-08-01,"Nida Shahid, MBBS, FCPS",+923332358698,"Nida Shahid, MBBS,FCPS (Hamdard University)",no,no,https://clinicaltrials.gov/study/NCT05481281
NCT04751175,Management of Pain in Lumbar Arthrodesis,other,"Pain, Postoperative",COMPLETED,INTERVENTIONAL,PHASE4,Institut d'Investigació Biomèdica de Girona Dr. Josep Trueta,ketamine,1,Spain,2013-07-04,,,"Emili Leon, MD (Hospital Dr Josep Trueta and Hospital Santa Caterina)",no,,https://clinicaltrials.gov/study/NCT04751175
NCT02220400,Ketamine Prevent POCD,psychiatric,Necrosis of Femoral Head; Knee Osteoarthritis,UNKNOWN,INTERVENTIONAL,NA,RenJi Hospital,ketamine,3,China,2014-09,,,,no,,https://clinicaltrials.gov/study/NCT02220400
NCT05648526,Neuroprotective Effects of ACTH4-10PRO8-GLY9-PRO10,other,Ketamine-Induced Neurotoxicity,COMPLETED,INTERVENTIONAL,NA,Universitas Sumatera Utara,ketamine,1,Indonesia,2021-08-01,,,,no,no,https://clinicaltrials.gov/study/NCT05648526
NCT07072117,"Intranasal Dexmedetomidine, Ketamine or Midazolam for Anxiety and Respiratory Complications in Children",psychiatric,Adenotonsillectomy,COMPLETED,INTERVENTIONAL,NA,Zagazig University,ketamine,1,Egypt,2023-02-20,,,"Amira Saeed Kenawy, MD (Faculty of Medicine - Zagazig University)",no,no,https://clinicaltrials.gov/study/NCT07072117
NCT02397889,Ketamine as a Treatment for Post-Traumatic Stress Disorder (PTSD),psychiatric,Posttraumatic Stress Disorder (PTSD),COMPLETED,INTERVENTIONAL,PHASE2|PHASE3,Icahn School of Medicine at Mount Sinai,ketamine,1,United States,2015-05-18,,,"Adriana Feder, MD (Icahn School of Medicine at Mount Sinai)",yes,no,https://clinicaltrials.gov/study/NCT02397889
NCT02150759,Dexmedetomidine-ketamine in Femur Proximal Fracture Patients,anesthesia_analgesia,Pain,COMPLETED,INTERVENTIONAL,NA,Inje University,ketamine,1,South Korea,2014-05,,,"Sang Eun Lee, MD (Inje University)",yes,no,https://clinicaltrials.gov/study/NCT02150759
NCT02992496,Investigation of Antidepressant Efficacy of Oral Ketamine Treatment,psychiatric,Major Depressive Episode,UNKNOWN,INTERVENTIONAL,PHASE2,Medical University of Vienna,ketamine,1,Austria,2017-04-24,,,,no,no,https://clinicaltrials.gov/study/NCT02992496
NCT07855068,Effect of a Low-Dose Ketamine-Dexmedetomidine-Based Opioid-Sparing Anesthesia Protocol on Postoperative Quality of Recovery After Percutaneous Nephrolithotomy,anesthesia_analgesia,Nephrolithiasis; Postoperative Pain; Quality of Recovery,NOT_YET_RECRUITING,INTERVENTIONAL,PHASE4,Assiut University,ketamine,0,,2026-10,,,,no,,https://clinicaltrials.gov/study/NCT07855068
NCT07056582,Pre-emptive Analgesia Using Nebulized Ketamine Versus Nebulized Dexmedetomidine in Endoscopic Nasal Surgeries,anesthesia_analgesia,Nose Diseases,RECRUITING,INTERVENTIONAL,NA,Sohag University,ketamine,1,Egypt,2025-04-14,"Ahmed T Abdelhameed, Resident",01012833899,,no,,https://clinicaltrials.gov/study/NCT07056582
NCT04234776,Intramuscular Ketamine Versus Aripiprazole and Escitalopram in the Treatment of Resistant Depression,psychiatric,Depressive Disorder,UNKNOWN,INTERVENTIONAL,PHASE4,University of Sao Paulo,ketamine,1,Brazil,2018-04-03,,,"Ricardo A Moreno, MD, PhD (Department and Institute of Psychiatry, University of Sao Paulo)",no,no,https://clinicaltrials.gov/study/NCT04234776
NCT03618082,GOAL-Directed ANalgesia (GOALDAN),anesthesia_analgesia,Immediate Severe Postoperative Pain; Perioperative Hemodynamic,UNKNOWN,INTERVENTIONAL,PHASE3,"University Hospital, Clermont-Ferrand",ketamine,1,France,2019-06-06,Lise LACLAUTRE,04 73 75 49 63,"Jean-Etienne BAZIN (University Hospital, Clermont-Ferrand)",no,,https://clinicaltrials.gov/study/NCT03618082
NCT06184958,Potential Role of Intravenous Lidocaine Versus Intravenous Ketamine for Pain Management in Fibromyalgia Patients,other,Anesthesia,UNKNOWN,INTERVENTIONAL,PHASE4,Ain Shams University,ketamine,1,Egypt,2023-09-02,,,,no,undecided,https://clinicaltrials.gov/study/NCT06184958
NCT06821087,Evaluating the Neuromodulatory Effect of Ketamine in Long COVID-19,other,Long COVID,COMPLETED,INTERVENTIONAL,PHASE2,University of Texas at Austin,ketamine,1,United States,2025-06-05,,,"W. Michael Brode, MD (University of Texas at Austin)",no,yes,https://clinicaltrials.gov/study/NCT06821087
NCT01947114,Remifentanil Use in Pediatric Rigid Bronchoscopy,other,Pediatric Rigid Bronchoscopy,COMPLETED,INTERVENTIONAL,PHASE4,Bezmialem Vakif University,ketamine,1,Turkey (Türkiye),2005-11,,,,no,,https://clinicaltrials.gov/study/NCT01947114
NCT07743333,Nebulized Lidocaine And Ketamine Before Fiberoptic Bronchoscopy,other,Fiberoptic Bronchoscopy (FOB); Lung Cancer (Diagnosis); Premedication,COMPLETED,INTERVENTIONAL,PHASE4,Alexandria University,ketamine,1,Egypt,2024-09-01,,,,no,undecided,https://clinicaltrials.gov/study/NCT07743333
NCT05751304,A Comparative Study Between Intrathecal Dexmedetomidine VS Ketamine With Intrathecal Bupivacaine in Orthopedic Lower Limb Surgeries.,other,Bone Fracture,UNKNOWN,INTERVENTIONAL,NA,Sohag University,ketamine,1,Egypt,2023-03-01,"zeyad A Ali, Resident",01159596946,,no,undecided,https://clinicaltrials.gov/study/NCT05751304
NCT03001843,Ketamine vs Hydromorphone,other,"Laparoscopic Gastric Bypass; Obesity; Pain, Postoperative",COMPLETED,INTERVENTIONAL,PHASE4,University of Florida,ketamine,1,United States,2017-02-22,,,"David M Smyth, MSN (Shands Hospital at the University of Florida)",yes,no,https://clinicaltrials.gov/study/NCT03001843
NCT05907213,Ketamine Tolerated Dose for Postpartum Depression and Pain After Cesarean Delivery (PREPARE 1),psychiatric,"Pain, Postoperative; Depression, Postpartum",COMPLETED,INTERVENTIONAL,PHASE1,"Grace Lim, MD, MS",ketamine,1,United States,2023-09-25,,,"Grace Lim, MD, MSc (University of Pittsburgh)",yes,yes,https://clinicaltrials.gov/study/NCT05907213
NCT04860713,An Efficacy and Safety of Proprietary Formulations of Oral Ketamine + Aspirin in Treatment of Acute Headache,other,Pain,COMPLETED,INTERVENTIONAL,PHASE4,Antonios Likourezos,ketamine,1,United States,2021-04-22,,,"Leily Naraghi, MD (Maimonides Medical Center)",yes,no,https://clinicaltrials.gov/study/NCT04860713
NCT05163366,Oral Morphine Versus Ketamine in Pain Management,other,"Pain, Procedural",COMPLETED,INTERVENTIONAL,PHASE3,Mbarara University of Science and Technology,ketamine,2,Uganda,2021-03-01,,,"ALICE G. ATAI, MbChB (Mbarara University of Science and Technology)",no,,https://clinicaltrials.gov/study/NCT05163366
NCT00598195,Ketamine Pharmacokinetics in Children Having Heart Surgery,anesthesia_analgesia,C.Surgical Procedure; Cardiac,COMPLETED,INTERVENTIONAL,NA,Arkansas Children's Hospital Research Institute,ketamine,1,United States,2006-06,,,"Adnan T Bhutta, M.D. (Arkansas Children's Hospital and University of Arkansas for Medical Sciences)",no,,https://clinicaltrials.gov/study/NCT00598195
NCT03410446,Study of Ketamine for Depression in Cancer Patients Receiving Palliative Care,psychiatric,Depression; Cancer; Palliative Care,COMPLETED,INTERVENTIONAL,PHASE2,"University Health Network, Toronto",ketamine,1,Canada,2018-07-16,,,"Madeline Li, M.D. (Princess Margaret Cancer Centre)",no,,https://clinicaltrials.gov/study/NCT03410446
NCT00300794,Effects of Ketamine On Precipitated Opioid Withdrawal Under General Anaesthesia,other,Opiate Dependence,COMPLETED,INTERVENTIONAL,PHASE4,Vilnius University,ketamine,1,Lithuania,2003-02,,,"Juozas Ivaskevicius, Prof. (Vilnius University Clinic of Anaesthesiology and Intensive Care); Tomas Jovaisa, MD (Vilnius University Clinic of Anaesthesiology and Intensive Care)",no,,https://clinicaltrials.gov/study/NCT00300794
NCT06807554,Intraperitoneal Ketamine Versus Bupivacaine for Postoperative Pain Control After Laparoscopic Cholecystectomy,anesthesia_analgesia,Laparoscopic Cholecystectomy Surgery,COMPLETED,INTERVENTIONAL,EARLY_PHASE1,Liaquat National Hospital & Medical College,ketamine,1,Pakistan,2022-01-01,,,,no,no,https://clinicaltrials.gov/study/NCT06807554
NCT05403086,Pragmatic Trial of Psilocybin Therapy in Palliative Care,psychiatric,Demoralization,RECRUITING,INTERVENTIONAL,PHASE2,"Charles S. Grob, M.D.","ketamine,psilocybin",5,United States,2025-01-19,"Charles S. Grob, M.D.",(626) 522-8615,"Charles S. Grob, M.D. (Lundquist Institute for Biomedical Innovation at Harbor-UCLA Medical Center)",no,yes,https://clinicaltrials.gov/study/NCT05403086
NCT07787702,Comparison of Low-Dose Intravenous Ketamine and Tramadol for Prevention of Post-Spinal Anaesthesia Shivering in Orthopedic Surgical Patients,anesthesia_analgesia,Post-spinal Anesthesia Shivering,NOT_YET_RECRUITING,INTERVENTIONAL,NA,Shaheed Mohtarma Benazir Bhutto Institue of Trauma,ketamine,1,Pakistan,2026-08-21,"Aqsa Sattar, Mbbs Fcps 2( pg)",+92 342-2437774,"Syed zafar Mehdi, Mbbs Fcps (Shaheed Mohtarma Benazir Bhutto Institute of Trauma (SMBBIT))",no,no,https://clinicaltrials.gov/study/NCT07787702
NCT07728851,Nebulized Ketamine for Severe Asthma Attacks in Children,other,Asthma Acute; Exacerbation of Allergic Asthma,NOT_YET_RECRUITING,INTERVENTIONAL,PHASE2,Sultan Qaboos University,ketamine,1,Oman,2027-01-01,Zahra Ali Al Lawati,+96892347374,"Zahraa Ali Al Lawati (College of Medicine and Health Sciences , Sultan Qaboos University)",no,yes,https://clinicaltrials.gov/study/NCT07728851
NCT02196259,Anesthesia and Functional Connectivity: An Analysis of fMRI Changes,anesthesia_analgesia,Changes in Brain Network Connectivity,TERMINATED,INTERVENTIONAL,NA,University of Michigan,ketamine,1,United States,2008-02,,,"Scott Peltier, PhD (University of Michigan)",yes,undecided,https://clinicaltrials.gov/study/NCT02196259
NCT03852797,Spontaneous and Oxytocin-induced Contractility After Exposure to Intravenous Anesthetic Agents: an In-vitro Study in Human Myometrium,other,Postpartum Hemorrhage,COMPLETED,INTERVENTIONAL,NA,"Samuel Lunenfeld Research Institute, Mount Sinai Hospital",ketamine,1,Canada,2019-03-28,,,"Mrinalini Balki, MD (MOUNT SINAI HOSPITAL)",no,,https://clinicaltrials.gov/study/NCT03852797
NCT03596424,Dexmedetomidine and Ketamine in VATS Surgery,anesthesia_analgesia,Postoperative Pain; Opioid Use,RECRUITING,INTERVENTIONAL,NA,Ciusss de L'Est de l'Île de Montréal,ketamine,1,Canada,2018-02-01,"Veronique Brulotte, MD",5142523400,"Veronique Brulotte, MD (Ciusss de L'Est de l'Île de Montréal)",no,no,https://clinicaltrials.gov/study/NCT03596424
NCT03771586,"A Study to Assess the Electrophysiology, Safety, Tolerability, and Pharmacokinetics of SAGE-718 Using a Ketamine Challenge in Healthy Subjects",other,Healthy Volunteer,COMPLETED,INTERVENTIONAL,PHASE1,"Supernus Pharmaceuticals, Inc.",ketamine,2,United States,2018-09-24,,,,no,no,https://clinicaltrials.gov/study/NCT03771586
NCT00690170,Nicotinic Modulation of Schizophrenia-like Information Processing Deficits in Healthy Subjects,other,Healthy Subjects,COMPLETED,INTERVENTIONAL,PHASE1,Yale University,ketamine,1,United States,2002-12,,,"Deepak C D'Souza, M.D. (Yale University)",no,,https://clinicaltrials.gov/study/NCT00690170
NCT05313659,Intramuscular Ketamine Effect on Postnasal Surgery Agitation,anesthesia_analgesia,"Agitation, Emergence",COMPLETED,INTERVENTIONAL,PHASE2,Jordanian Royal Medical Services,ketamine,1,Jordan,2022-05-11,,,"Husam A. Almajali, MD (Jordanian Royal Medical Services); Ali M. Abu Dalo, MD (Jordanian Royal Medical Services)",no,,https://clinicaltrials.gov/study/NCT05313659
NCT01198210,The Effect of Peritonsillar Infiltration of Ketamine and Dexamethasone for Postoperative Pain Relief in Children Following Adenotonsillectomy,anesthesia_analgesia,Tonsillectomy,UNKNOWN,INTERVENTIONAL,PHASE1|PHASE2,Qazvin University Of Medical Sciences,ketamine,1,Iran,2010-07,"Marzieh Beigom khezri, assistant professor",+98 9123811009,,no,,https://clinicaltrials.gov/study/NCT01198210
NCT07476482,The Impact of a Shared Decision-Making Intervention on Intraoperative Patient Experience During Elective Cesarean Delivery Under Spinal Anesthesia,anesthesia_analgesia,"Decision Making , Cesarean Section",ENROLLING_BY_INVITATION,INTERVENTIONAL,NA,Alexandria University,ketamine,1,Egypt,2026-04-01,,,,no,yes,https://clinicaltrials.gov/study/NCT07476482
NCT04560660,Ketamine-enhanced Prolonged Exposure Therapy in PTSD,psychiatric,PTSD,COMPLETED,INTERVENTIONAL,PHASE2,VA Office of Research and Development,ketamine,1,United States,2021-03-09,,,"Paulo R Shiroma, MD (Minneapolis VA Health Care System, Minneapolis, MN)",yes,no,https://clinicaltrials.gov/study/NCT04560660
NCT02479581,The Safety and Efficacy of the Enhanced Recovery After Surgery(ERAS)Applied on Cardiac Surgery With Cardiopulmonary Bypass,anesthesia_analgesia,Valvular Heart Disease,COMPLETED,INTERVENTIONAL,PHASE2,Xiangya Hospital of Central South University,ketamine,1,China,2015-07,,,"e wang, phD (Xiangya Hospital of Central South University)",no,,https://clinicaltrials.gov/study/NCT02479581
NCT07002073,Comparison of the Hemodynamic Effects of Ketamine - Dexmedetomidine (Ketodex) Versus Propofol-ketamine Admixture (Ketofol) During Induction of Anesthesia in Elderly: A Randomized Comparative Study,anesthesia_analgesia,Ketamine-dexmedetomidine Induction of Anesthesia,COMPLETED,INTERVENTIONAL,NA,Kasr El Aini Hospital,ketamine,1,Egypt,2025-04-01,,,,no,,https://clinicaltrials.gov/study/NCT07002073
NCT03770780,"A Study to Assess the Electrophysiology, Safety, Tolerability, Pharmacokinetics and Pharmacodynamics Response Using Magnetic Resonance Imaging of SAGE-718 Using a Ketamine Challenge in Healthy Subjects",other,Healthy Volunteer,COMPLETED,INTERVENTIONAL,PHASE1,"Supernus Pharmaceuticals, Inc.",ketamine,2,United States,2018-11-12,,,,no,no,https://clinicaltrials.gov/study/NCT03770780
NCT00749203,Ketamine as a Rapid Treatment for Post-traumatic Stress Disorder (PTSD),psychiatric,"Stress Disorders, Post-Traumatic; PTSD; Depression; Anxiety Disorder",COMPLETED,INTERVENTIONAL,PHASE2,Dennis Charney,ketamine,1,United States,2009-01,,,"Dennis Charney, MD (Icahn School of Medicine at Mount Sinai)",yes,,https://clinicaltrials.gov/study/NCT00749203
NCT02527083,Influence of Anesthetic Technique on Acute and Chronic Neuropathic Pain,other,"Acute Pain; Chronic Pain; Hernia; Anesthesia, Intravenous; Anesthesia, Intratracheal",COMPLETED,INTERVENTIONAL,PHASE4,VA Pittsburgh Healthcare System,ketamine,0,,2015-01,,,,yes,,https://clinicaltrials.gov/study/NCT02527083
NCT01320475,Epidural Levobupivacaine-sufentanil Versus Epidural Levobupivacaine and Intravenous Ketamine,anesthesia_analgesia,Thoracic Surgery,TERMINATED,INTERVENTIONAL,PHASE4,Hopital Foch,ketamine,1,France,2010-09,,,,no,,https://clinicaltrials.gov/study/NCT01320475
NCT00822419,Percutaneous Ketamine Versus Lidocaine for Mid-Sternotomy,other,Sternotomy,UNKNOWN,INTERVENTIONAL,PHASE4,Tel-Aviv Sourasky Medical Center,ketamine,1,Israel,2009-02,"Avi A Weinbroum, MD",972-3-697-3237,,no,,https://clinicaltrials.gov/study/NCT00822419
NCT00548964,Continuation Ketamine in Major Depression,psychiatric,Major Depressive Disorder,COMPLETED,INTERVENTIONAL,PHASE1,James Murrough,ketamine,1,United States,2007-10,,,"James W Murrough, MD (Icahn School of Medicine at Mount Sinai)",no,,https://clinicaltrials.gov/study/NCT00548964
NCT05874245,"Effect of Oral Dexmedetomidine, Ketamine, Or Midazolam as Preioperative Medications.",other,Anesthesia,UNKNOWN,INTERVENTIONAL,PHASE4,Menoufia University,ketamine,1,Egypt,2023-03-01,"Ahmed Abosayar, Assisstant lecturer",+201064070141,,no,,https://clinicaltrials.gov/study/NCT05874245
NCT00902395,Efficacy of Moderate Sedation for Dental Treatment of Young Children,anesthesia_analgesia,Dental Caries; Child Behavior; Conscious Sedation Failure During Procedure,COMPLETED,INTERVENTIONAL,PHASE4,Universidade Federal de Goias,ketamine,1,Brazil,2008-06,,,"Luciane R Costa, DDS, MS, PhD (Faculty of Dentistry, Federal University of Goias); Paulo S Sucasas, MD, MS, PhD (Medical School, Federal University of Goias)",no,,https://clinicaltrials.gov/study/NCT00902395
NCT05594407,Opioid Sparing Anesthesia in Lumbar Spine Surgery,anesthesia_analgesia,"Pain, Postoperative; Pain, Acute; Pain, Chronic; Pain, Nociceptive; Ketamine; Lidocaine; Dexmedetomidine; Analgesia; Analgesics; Lumbar Spine Surgery",UNKNOWN,INTERVENTIONAL,NA,Aretaieion University Hospital,ketamine,1,Greece,2022-08-01,"Kassiani Theodoraki, PhD, DESA",+306974634162,"Kassiani Theodoraki (Aretaieion University Hospital, Athens, Greece)",no,,https://clinicaltrials.gov/study/NCT05594407
NCT03753737,Personality Disorders and Substance Use Disorders in a Sexual Context in the Man Having Sex With Other Men Population,psychiatric,Substance Use Disorders,COMPLETED,OBSERVATIONAL,,Hospices Civils de Lyon,ketamine,1,France,2018-11-22,,,,no,no,https://clinicaltrials.gov/study/NCT03753737
NCT02587130,Ketamine and Refractory Painful Care in a Palliative Unit,psychiatric,Intractable Pain; Intensive Care; Pressure Ulcer; Pain Management,TERMINATED,INTERVENTIONAL,PHASE4,Lille Catholic University,ketamine,1,France,2016-05,,,"Marie Danel Delerue, MD (Groupment des Hôpitaux de l'Institut Catholique de Lille)",no,,https://clinicaltrials.gov/study/NCT02587130
NCT00720330,Lidocaine and Ketamine Versus Standard Care on Acute and Chronic Pain,other,Pain; Nausea,TERMINATED,INTERVENTIONAL,NA,The Cleveland Clinic,ketamine,1,United States,2008-07,,,"Kenneth Cummings, MD (The Cleveland Clinic); Daniel I Sessler, MD (The Cleveland Clinic)",yes,,https://clinicaltrials.gov/study/NCT00720330
NCT01524237,A Study of LY2979165 and LY2140023 in Healthy Volunteers,psychiatric,Healthy Volunteers,COMPLETED,INTERVENTIONAL,PHASE1,Eli Lilly and Company,ketamine,2,United Kingdom,2012-04,,,"Call 1-877-CTLILLY (1-877-285-4559) or 1-317-615-4559 Mon - Fri 9 AM - 5 PM Eastern time (UTC/GMT - 5 hours, EST) (Eli Lilly and Company)",no,,https://clinicaltrials.gov/study/NCT01524237
NCT04070521,EEG Monitoring in the Emergency Department,other,Drug Overdose; Substance Abuse; Alcohol Abuse,UNKNOWN,OBSERVATIONAL,,Massachusetts General Hospital,ketamine,1,United States,2019-09-06,,,"Patrick L Purdon, Ph.D. (Massachusetts General Hospital)",no,no,https://clinicaltrials.gov/study/NCT04070521
NCT04352621,Study to Assess the Effects of Intranasal Ketamine Along With rTMS for Patients With Treatment-resistant Major Depressive Disorder (TRD),psychiatric,Major Depressive Disorder,UNKNOWN,INTERVENTIONAL,PHASE4,University of Cincinnati,ketamine,0,,2020-05-01,Jade Lord,513-558-4997,,no,no,https://clinicaltrials.gov/study/NCT04352621
NCT07213687,Effectiveness of Low-Dose Ketamine and Intravenous Lidocaine Versus Fentanyl for Postoperative Pain,anesthesia_analgesia,Postoperative Pain; Postoperative Nausea and Vomiting,COMPLETED,INTERVENTIONAL,PHASE4,Dilla University,ketamine,1,Ethiopia,2023-06-10,,,"Amanuel A Asefa, Msc. Degree (Arbaminch College of Health Sciences)",no,no,https://clinicaltrials.gov/study/NCT07213687
NCT01955135,Anesthesia for Retinopathy of Prematurity,anesthesia_analgesia,Retinopathy,COMPLETED,INTERVENTIONAL,PHASE4,TC Erciyes University,ketamine,0,,2010-09,,,"AYŞE ÜLGEY, MD (TC Erciyes University)",no,,https://clinicaltrials.gov/study/NCT01955135
NCT04912115,"Randomized, Double-Blind, Active Placebo-Controlled Study of Ketamine to Treat Levodopa-Induced Dyskinesia",other,Dyskinesias; Movement Disorders; Central Nervous System Diseases; Nervous System Diseases; Neurologic Manifestations,SUSPENDED,INTERVENTIONAL,PHASE2,PharmaTher Inc.,ketamine,7,United States,2021-10-05,,,Study Director (PharmaTher Inc.),no,,https://clinicaltrials.gov/study/NCT04912115
NCT06549426,Treatment of ELectroencephalographic STatus Epilepticus After Cardiopulmonary Resuscitation-2 (TELSTAR-2),other,Coma; Electrographic Status Epilepticus,RECRUITING,INTERVENTIONAL,NA,University of Twente,ketamine,21,Belgium; Netherlands,2025-04-10,"Jeannette Hofmeijer, MD",+31 53 489 4835,"Jeannette Hofmeijer, MD (University of Twente)",no,no,https://clinicaltrials.gov/study/NCT06549426
NCT01945047,Action of Ketamine in Treatment-Resistant Depression,psychiatric,Treatment-resistant Depression,COMPLETED,INTERVENTIONAL,PHASE2|PHASE3,University of Ottawa,ketamine,1,Canada,2013-05,,,"Pierre Blier, M.D, Ph.D (University of Ottawa)",no,undecided,https://clinicaltrials.gov/study/NCT01945047
NCT02373449,Ketamine and fMRI for Neuropathic Pain,other,Neuralgia,COMPLETED,INTERVENTIONAL,NA,"University Health Network, Toronto",ketamine,1,Canada,2015-02,,,Anuj Bhatia (UHN),no,no,https://clinicaltrials.gov/study/NCT02373449
NCT04095455,The Effect Of Ultrasound-guided Modified Pectoral Nerves Block Versus Ketamine Plus Magnesium Infusion On Analgesic Profile In Breast Cancer Surgeries,anesthesia_analgesia,Postoperative Pain,UNKNOWN,INTERVENTIONAL,PHASE3,"National Cancer Institute, Egypt",ketamine,1,Egypt,2017-11-12,,,,no,,https://clinicaltrials.gov/study/NCT04095455
NCT04380168,Comparing Effect of Adding Ketamine Versus Dexmedetomidine to Bupivacaine in Pec 11 Modified Block on Postoperative Pain Control in Patients Undergoing Breast Surgery,anesthesia_analgesia,More Effective Postoperative Analgesia After Modified Radical Mastectomy With Better Drug Combination; More Prolonged Duration of Postoperative Analgesia After Modified Radical Mastectomy With Better Drug Combination,COMPLETED,INTERVENTIONAL,PHASE3,Ain Shams University,ketamine,1,Egypt,2019-04-25,,,,no,,https://clinicaltrials.gov/study/NCT04380168
NCT07771049,"Opioid-Free Anesthesia in Colorectal Surgery, 2025 (OFA-CRC-2025)",anesthesia_analgesia,Pain Management; Colorectal Surgery; Opioid Free Anesthesia; Postoperative Complications,ACTIVE_NOT_RECRUITING,INTERVENTIONAL,PHASE1|PHASE2,Hospital Universitario La Fe,ketamine,2,Spain,2025-03-15,,,,no,no,https://clinicaltrials.gov/study/NCT07771049
NCT02356965,Study Testing Ketamine Sublingual Wafer After Wisdom Tooth Extraction,other,Pain,COMPLETED,INTERVENTIONAL,PHASE2,iX Biopharma Ltd.,ketamine,1,United States,2014-12,,,"Derek D Muse, MD (Jean Brown Research)",no,,https://clinicaltrials.gov/study/NCT02356965
NCT04223219,Different Modalities of Analgesia in Open Heart Surgeries in Mansoura University,anesthesia_analgesia,"Coronary Artery Disease; Valve Disease, Heart; Pain, Acute; Pain, Postoperative",UNKNOWN,INTERVENTIONAL,PHASE4,Mansoura University,ketamine,1,Egypt,2019-12-10,,,,no,undecided,https://clinicaltrials.gov/study/NCT04223219
NCT02033434,Pre-hospital Care With Intra-Nasal Ketamine for Transport (PRECINKT): A Pilot Study,other,Pain; Traumatic Limb Injury,COMPLETED,INTERVENTIONAL,PHASE1,University of Calgary,ketamine,1,Canada,2014-03-01,,,"Gary Andolfatto, MD (University of British Columbia)",no,,https://clinicaltrials.gov/study/NCT02033434
NCT01717521,Effects of IV Administration of Ketamine on the Analgesia Nociception Index (ANI) Measured With the PhysioDoloris,anesthesia_analgesia,"Monitoring, Intraoperative",COMPLETED,OBSERVATIONAL,,University of Washington,ketamine,1,United States,2012-08,,,"Laurent Bollag, MD (University of Washington)",yes,no,https://clinicaltrials.gov/study/NCT01717521
NCT02388321,Pediatric Ketamine Study for Pain Management,other,Pain,TERMINATED,INTERVENTIONAL,PHASE4,Antonios Likourezos,ketamine,1,United States,2015-05-01,,,"Sabina Zavolkovskaya, MD (Maimonides Medical Center); Sergey Motov, MD (Maimonides Medical Center)",yes,,https://clinicaltrials.gov/study/NCT02388321
NCT05514652,Anesthesia Standard Operating Procedure During On-pump Coronary Artery Bypass Grafting,anesthesia_analgesia,Coronary Artery Disease; Low Cardiac Output Syndrome; Atrial Fibrillation; Postoperative Complications,UNKNOWN,INTERVENTIONAL,NA,"Heart Institute, Ministry of Health of Ukraine",ketamine,1,Ukraine,2018-12-01,,,,no,no,https://clinicaltrials.gov/study/NCT05514652
NCT00985933,The Effects AZD8529 on Ketamine-induced Impairment of Working Memory in Healthy Volunteers,psychiatric,Healthy; Memory Impairment,COMPLETED,INTERVENTIONAL,EARLY_PHASE1,AstraZeneca,ketamine,1,United States,2010-02,,,"John Krystal (Chair, Department of PsychiatryYale University School of MedicineChief of Psychiatry, Yale-New Haven Hospital)",no,,https://clinicaltrials.gov/study/NCT00985933
NCT05315271,Supraclavicular Brachial Plexus Block During Upper Limb Surgeries,other,Brachial Plexus Block,COMPLETED,INTERVENTIONAL,EARLY_PHASE1,Sohag University,ketamine,1,Egypt,2022-06-01,,,,no,undecided,https://clinicaltrials.gov/study/NCT05315271
NCT04409665,The Use of Sedation Drugs in the Procedure of Administering Surfactant Without Intubation (LISA/MIST),anesthesia_analgesia,Neonatal Respiratory Distress Syndrome; Gestational Age Conditions,UNKNOWN,INTERVENTIONAL,PHASE1,Medical University of Warsaw,ketamine,1,Poland,2020-01-01,"Tomasz Piotr Pomianek, MD",502536300,"Paweł Krajewski, MD, PhD (Medical University of Warsaw)",no,yes,https://clinicaltrials.gov/study/NCT04409665
NCT02610712,Clinical Trial of the Use of Ketamine in Treatment Resistant Depression,psychiatric,"Depressive Disorder, Treatment-Resistant",UNKNOWN,INTERVENTIONAL,PHASE4,"National Institute of Neurology and Neurosurgery, Mexico",ketamine,1,Mexico,2014-05,"Rodrigo Pérez-Esparza, MD",56063822,"Rodrigo Pérez-Esparza, MD (National Institute of Neurology and Neurosurgery, Mexico); Jesús Ramírez-Bermúdez, MD, MSc (National Institute of Neurology and Neurosurgery, Mexico)",no,,https://clinicaltrials.gov/study/NCT02610712
NCT04836819,Analgesia Management in Bariatric Surgery,anesthesia_analgesia,Morbid Obesity; Bariatric Surgery Candidate; Pain; Postoperative,COMPLETED,INTERVENTIONAL,NA,Ondokuz Mayıs University,ketamine,1,Turkey (Türkiye),2021-04-08,,,Ersin Koksal (Ondokuz Mayıs University),no,no,https://clinicaltrials.gov/study/NCT04836819
NCT07396272,A Clinical Trial of Add-on Oral Slow-release Ketamine Treatment in Major Depression,psychiatric,Major Depressive Disorder (MDD),ACTIVE_NOT_RECRUITING,INTERVENTIONAL,PHASE2,Daniel Lindqvist,ketamine,1,Sweden,2026-03-13,,,"Daniel Lindqvist, PhD, MD (Region Skane)",no,no,https://clinicaltrials.gov/study/NCT07396272
NCT03909607,Nebulized Sub-dissociative Dose Ketamine for Treating Pain,other,Pain,COMPLETED,INTERVENTIONAL,PHASE4,Antonios Likourezos,ketamine,1,United States,2019-04-16,,,"Sergey Motov, MD (Maimonides Medical Center)",yes,no,https://clinicaltrials.gov/study/NCT03909607
NCT05256264,Machine-learning Algorithm to Differentiate Intraoperative Ketamine Dosing Based on Electroencephalographic Density Spectrum Array Analysis,other,Electroencephalographic Density Spectrum Array Analysis; Density Spectrum Array; Ketamine; Multimodal General Anesthesia,UNKNOWN,OBSERVATIONAL,,"Taipei Veterans General Hospital, Taiwan",ketamine,1,Taiwan,2022-03-01,Hui Zen Hee,+886928507736,"Chien-Kun Ting, MD, PhD (Taipei Veterans General Hospital, Taiwan)",no,,https://clinicaltrials.gov/study/NCT05256264
NCT05949554,Electroencephalographic (EEG) Profils for Patients on Intravenous Ketamine.,other,Neuropathic Pain,WITHDRAWN,OBSERVATIONAL,,Assistance Publique - Hôpitaux de Paris,ketamine,0,,2023-09,,,"Fabrice VALLEE, MD, PhD (Assistance Publique - Hôpitaux de Paris, Lariboisière Hospital, Department of Anesthesiology and Intensive Care); Joaquim MATEO, MD (Assistance Publique - Hôpitaux de Paris, Lariboisière Hospital, Department of Anesthesiology and Intensive Care)",no,,https://clinicaltrials.gov/study/NCT05949554
NCT07588802,Effect of Opioid-Sparing Anesthesia on Postoperative Opioid Consumption and Pain in Elderly Patients Undergoing Spine Surgery,anesthesia_analgesia,Opoid Managment; Pain Management,NOT_YET_RECRUITING,INTERVENTIONAL,PHASE2,Massachusetts General Hospital,ketamine,0,,2026-09,,,,no,no,https://clinicaltrials.gov/study/NCT07588802
NCT03955809,Comparison the Effects of 3 Different Intraarticular Ketamine Doses on Postoperative Pain.,anesthesia_analgesia,Arthroscopy,COMPLETED,INTERVENTIONAL,PHASE4,Balikesir University,ketamine,0,,2013-08,,,,no,no,https://clinicaltrials.gov/study/NCT03955809
NCT03367988,Opioid Free Anesthesia vs. Opioid Anesthesia Techniques.,anesthesia_analgesia,Analgesic Drug Dependence; Colectomy,UNKNOWN,INTERVENTIONAL,PHASE2|PHASE3,University of South Florida,ketamine,1,United States,2018-12-01,"Enrico M Camporesi, MD",(813) 600-9094,"Enrico Camporesi, MD (University of South Florida)",no,no,https://clinicaltrials.gov/study/NCT03367988
NCT03624166,Impact of Sub-anesthetic Dose of Ketamine on Post Spinal Hypotension in Caesarean Delivery,anesthesia_analgesia,Anesthesia,COMPLETED,INTERVENTIONAL,PHASE4,Ain Shams University,ketamine,1,Egypt,2019-02-01,,,,no,,https://clinicaltrials.gov/study/NCT03624166
NCT07360327,Role of Opioid Free Anaesthesia in Elderly Patients Undergoing Elective Coronary Artery Bypass Graft Surgeries With Cardiopulmonary Bypass in Enhanced Recovery After Surgeries,other,CABG; Dexmedetomidine; Ketamine; Opioid Free Anesthesia; Opioid Based Anesthesia,NOT_YET_RECRUITING,INTERVENTIONAL,NA,Ain Shams University,ketamine,0,,2026-01-01,"Mahmoud Mohamed Abdelrhman mohamed, Assistant lecturer",01024242615,,no,,https://clinicaltrials.gov/study/NCT07360327
NCT07369089,Targeting Treatment-Resistant OUD With Ketamine-Assisted Mindfulness Oriented Recovery Enhancement,psychiatric,Opioid Use Disorder,NOT_YET_RECRUITING,INTERVENTIONAL,PHASE2,"University of California, San Diego",ketamine,2,United States,2026-02,"Hannah Pfeffer, LMSW",619-500-4668,,no,yes,https://clinicaltrials.gov/study/NCT07369089
NCT01957410,A Study to Investigate Evoked Potentials as Markers of Ketamine-induced Cortical Plasticity in Patients With Major Depressive Disorder,psychiatric,Major Depressive Disorder,TERMINATED,INTERVENTIONAL,PHASE2,"Janssen Research & Development, LLC",ketamine,1,United States,2014-02,,,"Janssen Research & Development, LLC Clinical Trial (Janssen Research & Development, LLC)",yes,,https://clinicaltrials.gov/study/NCT01957410
NCT03500289,Ketamine for Treatment of MS Fatigue,other,Multiple Sclerosis; Fatigue,COMPLETED,INTERVENTIONAL,PHASE1|PHASE2,Johns Hopkins University,ketamine,1,United States,2018-08-10,,,"Bardia Nourbakhsh, MD, MAS (Johns Hopkins University)",yes,no,https://clinicaltrials.gov/study/NCT03500289
NCT06531590,Anterior Shoulder Dislocation at Emergency Department,other,"Shoulder Dislocation; Analgesia; Pain, Shoulder",UNKNOWN,OBSERVATIONAL,,Saglik Bilimleri Universitesi,ketamine,1,Turkey (Türkiye),2024-03-01,"gulsen akcay, ass. prof.",+905052874949,"gulsen akcay, ass. prof. (ass. prof. of organization)",no,no,https://clinicaltrials.gov/study/NCT06531590
NCT05786066,The Impact of AMPA Receptor Blockade on Ketamine's Anti-Suicidal Effects,psychiatric,Depressive Disorder; Major Depressive Disorder; Bipolar Disorder; Post Traumatic Stress Disorder; Suicidal Ideation,RECRUITING,INTERVENTIONAL,PHASE2,Yale University,ketamine,1,United States,2023-04-03,"Naomi Driesen, PhD",203-508-7765,"Naomi Driesen, PhD (Yale University / VACHS West Haven)",no,no,https://clinicaltrials.gov/study/NCT05786066
NCT00376831,The Efficacy of Midazolam & Ketamine Versus Midazolam & Fentanyl for Sedation in Ambulatory Colonoscopies,anesthesia_analgesia,Colonoscopy; Conscious Sedation,COMPLETED,INTERVENTIONAL,PHASE4,Soroka University Medical Center,ketamine,1,Israel,2007-01,,,"pavel krugliak, md. professor (Head of the endoscopic unit at Soroka Medical Center Beer Sheva Israel)",no,,https://clinicaltrials.gov/study/NCT00376831
NCT04711668,Effect of Introperative Ketamine and Lidocaine Infusion on Postoperative Opioid Consumption in Posterior Spinal Fusion Surgery,anesthesia_analgesia,Spine Fusion; Postoperative Pain,COMPLETED,INTERVENTIONAL,NA,Ataturk University,ketamine,1,Turkey (Türkiye),2019-05-29,,,,no,undecided,https://clinicaltrials.gov/study/NCT04711668
NCT04545801,Ketamine for Analgesia After Cesarean Section,anesthesia_analgesia,Cesarean Section; Postoperative Pain,COMPLETED,INTERVENTIONAL,NA,Mongi Slim Hospital,ketamine,1,Tunisia,2019-01-01,,,,no,no,https://clinicaltrials.gov/study/NCT04545801
NCT02519595,Optimal Dosing of Ketamine for Procedural Sedation and Analgesia in Children,anesthesia_analgesia,"Moderate, Deep Sedation",COMPLETED,INTERVENTIONAL,PHASE4,Children's Hospital of Michigan,ketamine,0,,2010-08,,,,yes,,https://clinicaltrials.gov/study/NCT02519595
NCT03780556,Lornoxicam With Low Dose Ketamine Versus Pethidine to Control Pain of Acute Renal Colic,other,Renal Colic,COMPLETED,INTERVENTIONAL,NA,Ain Shams University,ketamine,1,Egypt,2016-01-02,,,,no,no,https://clinicaltrials.gov/study/NCT03780556
NCT07057193,Effect of Different Drugs on Emergency Delirium in Preschool Age Patient,other,"Emergence Delirium, Anesthesia",ACTIVE_NOT_RECRUITING,INTERVENTIONAL,NA,Zagazig University,ketamine,1,Egypt,2026-01-15,,,,no,yes,https://clinicaltrials.gov/study/NCT07057193
NCT03081416,"""THINK Trial: Treatment of Headache With IntraNasal Ketamine: A Randomized Controlled Trial Evaluating the Efficacy of Intranasal Ketamine Versus Standard Therapy in the Management of Primary Headache Syndromes in the Emergency Department""",other,Headache; Intranasal Ketamine,COMPLETED,INTERVENTIONAL,PHASE3,Brooke Army Medical Center,ketamine,1,United States,2016-05,,,,no,no,https://clinicaltrials.gov/study/NCT03081416
NCT03124082,OFA - Opioid Free Anesthesia,anesthesia_analgesia,Postoperative Pain,UNKNOWN,INTERVENTIONAL,PHASE4,University of Parma,ketamine,1,Italy,2017-01-04,"Bugada Dario, MD",+390521703567,,no,no,https://clinicaltrials.gov/study/NCT03124082
NCT03302351,"Dexmedetomidine, Ketamine and Dexmetedomidine-Ketamine Combination for Control of Shivering During Regional Anaethesia",anesthesia_analgesia,Shivering,COMPLETED,INTERVENTIONAL,PHASE4,Assiut University,ketamine,1,Egypt,2017-10-01,,,,no,,https://clinicaltrials.gov/study/NCT03302351
NCT07334223,Comparison of Intravenous Ondansetron and Low Dose Ketamine in Preventing Post Spinal Shivering,anesthesia_analgesia,Postoperative Shivering; Postspinal Shivering,COMPLETED,INTERVENTIONAL,NA,Mayo Hospital Lahore,ketamine,1,Pakistan,2020-07-01,,,Adeel Ahmed (Mayo Hospital Lahore),no,,https://clinicaltrials.gov/study/NCT07334223
NCT02817477,Intranasal Ketamine for Acute Traumatic Pain,psychiatric,Acute Pain,COMPLETED,INTERVENTIONAL,PHASE4,Tel Aviv Medical Center,ketamine,1,Israel,2012-09,,,"Pinchas Halpern, MD (Tel Aviv Medical Center)",no,no,https://clinicaltrials.gov/study/NCT02817477
NCT06062628,Ketamine in Severe Traumatic Brain Injury,psychiatric,Traumatic Brain Injury; Traumatic Encephalopathy,RECRUITING,INTERVENTIONAL,EARLY_PHASE1,University of Texas Southwestern Medical Center,ketamine,2,United States,2026-06-01,,,"Anna Bashmakov, D.O. (University of Texas Southwestern Medical Center)",no,no,https://clinicaltrials.gov/study/NCT06062628
NCT01480765,Preventing Pain After Heart Surgery,anesthesia_analgesia,Pain; Hyperalgesia; Chronic Illness; Neuropathic Pain,COMPLETED,INTERVENTIONAL,PHASE4,Barts & The London NHS Trust,ketamine,1,United Kingdom,2011-12-12,,,"Sibtain Anwar, MA MB FRCA (Barts and The London NHS Trust)",no,,https://clinicaltrials.gov/study/NCT01480765
NCT04242914,The Effect of Intravenous Ketamine on Non Suicidal Self Injuries.,psychiatric,Non Suicidal Self Injury,UNKNOWN,INTERVENTIONAL,PHASE1|PHASE2,Tel-Aviv Sourasky Medical Center,ketamine,1,Israel,2019-02-25,"Lior Dvorak, M.D.",972527360974,"Miki Bloch, Prof. (Tel Aviv University)",no,no,https://clinicaltrials.gov/study/NCT04242914
NCT03879564,Ketamine-fentanyl VS Fentanyl for Analgosedation in SICU,anesthesia_analgesia,"Critically Ill; Pain, Postoperative",COMPLETED,INTERVENTIONAL,PHASE4,Mahidol University,ketamine,1,Thailand,2019-04-05,,,,no,no,https://clinicaltrials.gov/study/NCT03879564
NCT01377831,Study of Ketamine Administered Intravenously and by Sublingual Wafer,other,Pain,COMPLETED,OBSERVATIONAL,,iX Biopharma Ltd.,ketamine,1,Australia,2011-06,,,Pual Rolan (Pain and Anaesthesia Research Clinic - PARC),no,,https://clinicaltrials.gov/study/NCT01377831
NCT02398136,To Test the Potential Efficacy of Repeated Intranasal Administration of Ketamine as a Treatment for PTSD,psychiatric,PTSD,WITHDRAWN,INTERVENTIONAL,PHASE2|PHASE3,Adriana Feder,ketamine,0,,2014-12,,,"Adriana Feder, MD (Icahn School of Medicine at Mount Sinai)",no,,https://clinicaltrials.gov/study/NCT02398136
NCT03051945,Endogenous Opioid Modulation by Ketamine,other,Major Depressive Disorder,WITHDRAWN,INTERVENTIONAL,PHASE3,University of Utah,ketamine,1,United States,2019-08,,,,no,no,https://clinicaltrials.gov/study/NCT03051945
NCT03821545,The Anti-inflammatory Effect of Anesthetics in Abdominal Surgery,anesthesia_analgesia,Colorectal Cancer,COMPLETED,INTERVENTIONAL,NA,University Hospital Dubrava,ketamine,1,Croatia,2019-01-28,,,,no,,https://clinicaltrials.gov/study/NCT03821545
NCT01047241,Nasal Administration of Sufentanil+Ketamine for Procedure-related Pain in Children,other,Pain,COMPLETED,INTERVENTIONAL,PHASE2,Danish University of Pharmaceutical Sciences,ketamine,1,Denmark,2010-04,,,"Steen W Henneberg, MD DMSc (Copenhagen University Hospital, Rigshospitalet); Kjeld Schmiegelow, MD DMSc (Copenhagen University Hospital Righospitalet)",yes,,https://clinicaltrials.gov/study/NCT01047241
NCT01439399,Analgesic Efficacy of Intravenous Lidocaine and/or Ketamine,anesthesia_analgesia,Postoperative Pain,COMPLETED,INTERVENTIONAL,NA,University of Lausanne Hospitals,ketamine,1,Switzerland,2005-12,,,Christian Kern (University of Lausanne Hospitals),no,,https://clinicaltrials.gov/study/NCT01439399
NCT07034911,Ketamine vs Ephedrine on Post Spinal Hypotension in Caesarean Delivery,anesthesia_analgesia,Post Spinal Hypotension,COMPLETED,INTERVENTIONAL,PHASE1,Ain Shams University,ketamine,1,Egypt,2024-04-01,,,"Basant E Mohamed, M.B.B.CH (Anesthesia resident Alain Shams University)",no,yes,https://clinicaltrials.gov/study/NCT07034911
NCT04910087,The Effect of Anesthesia Management on Optic Nerve Sheath Diameter in the Ercp Procedures,anesthesia_analgesia,"Cholangiopancreatography, Endoscopic Retrograde; Intracranial Pressure; Optic Nerve Sheath Diameter; Ketofol; Propofol",UNKNOWN,INTERVENTIONAL,NA,Ankara City Hospital Bilkent,ketamine,1,Turkey (Türkiye),2021-06-01,ismail aytac,+905056340369,ismail aytac (Ankara City Hospital Bilkent),no,no,https://clinicaltrials.gov/study/NCT04910087
NCT03947099,Ketamine Infusion Therapy for the Treatment of PTSD in Paramedics,psychiatric,"Stress Disorders, Post-Traumatic; Anxiety Disorders",COMPLETED,OBSERVATIONAL,,Klarisana Physician Services PLLC,ketamine,1,United States,2019-05-02,,,"Carl J Bonnett, MD (Klarisana Physician Services PLLC)",no,no,https://clinicaltrials.gov/study/NCT03947099
NCT03539887,Trial of the Rapid Antisuicidal Effects of Intranasal Ketamine in Comorbid Depression and Alcohol Abuse,psychiatric,Suicidal Ideation; Depression; Alcohol Abuse,COMPLETED,INTERVENTIONAL,PHASE3,"The University of Texas Health Science Center, Houston",ketamine,1,United States,2018-05-01,,,"Rodrigo Machado-Vieira, MD, PhD, MSc (The University of Texas Health Science Center, Houston)",yes,,https://clinicaltrials.gov/study/NCT03539887
NCT06181188,Use of Ketamine for Conscious Sedation in Flexible Bronchoscopy,anesthesia_analgesia,Conscious Sedation; Patient Satisfaction; Ketamine,COMPLETED,INTERVENTIONAL,PHASE4,Brooke Army Medical Center,ketamine,1,United States,2019-07-15,,,"Jess Anderson, DO (Brooke Army Medical Center)",no,no,https://clinicaltrials.gov/study/NCT06181188
NCT06243822,Ketamine Versus Propofol as ICU Sedation,anesthesia_analgesia,Ketamine; Propofol; Sedation; Mechanical Ventilation,COMPLETED,INTERVENTIONAL,PHASE4,Menoufia University,ketamine,1,Egypt,2022-10-01,,,"Mostafa Saieed Mansour, MD (Menoufia University)",no,,https://clinicaltrials.gov/study/NCT06243822
NCT02556060,Lamotrigine for Ketamine Dependence Trial,other,Addiction,COMPLETED,INTERVENTIONAL,PHASE2|PHASE3,Taipei City Hospital,ketamine,1,Taiwan,2015-09,,,"Shih-Ku Lin, MD (Taipei City Hospital)",no,,https://clinicaltrials.gov/study/NCT02556060
NCT05481970,Opioid Free Anesthesia in Obese Patients.,anesthesia_analgesia,Opioid Free Anesthesia,COMPLETED,INTERVENTIONAL,NA,Fayoum University Hospital,ketamine,1,Egypt,2022-09-01,,,"Rana A Abelghaffar, MD (Faculty of medicine , Fayoum university)",no,no,https://clinicaltrials.gov/study/NCT05481970
NCT05444751,GA + ESP vs. SA + ESP in Lumbar Decompression Surgeries,other,Lumbar Disc Herniation; Lumbar Disc Disease; Lumbar Radiculopathy,ENROLLING_BY_INVITATION,INTERVENTIONAL,PHASE3,"Hospital for Special Surgery, New York",ketamine,1,United States,2022-03-22,,,,no,,https://clinicaltrials.gov/study/NCT05444751
NCT07655102,"Prospective Multicentre Observational Registry of Peri-procedural Anaesthesia, Sedation and Related Medication Exposure in Patients With Brugada Syndrome",anesthesia_analgesia,Brugada Syndrome (BrS); Ventricular Arrhythmia; Anesthesia; Sedation,RECRUITING,OBSERVATIONAL,,Hospital Clinic of Barcelona,ketamine,1,Spain,2026-07-15,,,,no,,https://clinicaltrials.gov/study/NCT07655102
NCT04283058,Low Dose Ketamine Infusion for the Treatment of Resistant Depression,psychiatric,Depression,WITHDRAWN,OBSERVATIONAL,,Loma Linda University,ketamine,1,United States,2020-06-29,,,"Patricia Radovich, PhD (Loma Linda University Medical Center)",no,no,https://clinicaltrials.gov/study/NCT04283058
NCT03969316,Transversus Abdominis Plane Block Versus Quadratus Lumborum Block in The Pediatric Population Undergoing Orchiopexy,other,"Pain, Postoperative",COMPLETED,INTERVENTIONAL,NA,Istanbul University - Cerrahpasa,ketamine,1,Turkey (Türkiye),2019-05-10,,,"Ozgecan P Zanbak, MD (Istanbul University - Cerrahpasa); Ayse C Tutuncu, MD,Prof (Istanbul University - Cerrahpasa)",no,no,https://clinicaltrials.gov/study/NCT03969316
NCT02931786,Effects of Propofol and Ketofol on Core Body Temperature in MRI,other,Children,COMPLETED,INTERVENTIONAL,NA,Istanbul University,ketamine,0,,2014-08,,,,no,no,https://clinicaltrials.gov/study/NCT02931786
NCT07235605,Intravenous Sedation and Analgesia Versus Local Anesthesia During Microwave Ablation of Benign Thyroid Nodules,anesthesia_analgesia,Benign Thyroid Nodule,NOT_YET_RECRUITING,INTERVENTIONAL,NA,Suez University,ketamine,0,,2025-11,,,,no,,https://clinicaltrials.gov/study/NCT07235605
NCT05323422,EFFECT OF LOW DOSE INTRAVENOUS KETAMINE GIVEN BEFORE INDUCTION ON POSTOPERATIVE COGNITIVE FUNCTIONS IN PATIENTS WITH COVID-19,anesthesia_analgesia,COVID-19 Pandemic,UNKNOWN,OBSERVATIONAL,,Kocaeli Derince Education and Research Hospital,ketamine,0,,2022-04-12,,,,no,no,https://clinicaltrials.gov/study/NCT05323422
NCT03664622,Ketamine Versus Morphine Change Pain Profile,other,Acute Pain,COMPLETED,INTERVENTIONAL,NA,Cairo University,ketamine,1,Egypt,2018-09-15,,,hassan Ali (Cairo University),no,no,https://clinicaltrials.gov/study/NCT03664622
NCT02461927,Ketamine for the Rapid Treatment of Major Depressive Disorder and Alcohol Use Disorder,psychiatric,Major Depressive Disorder; Alcohol Use Disorder,COMPLETED,INTERVENTIONAL,PHASE1|PHASE2,VA Office of Research and Development,ketamine,1,United States,2015-01-01,,,"Gihyun Yoon, MD (VA Connecticut Healthcare System West Haven Campus, West Haven, CT)",yes,yes,https://clinicaltrials.gov/study/NCT02461927
NCT06981494,Dexmedetomidine Versus Dexmedetomidine and Ketamine (Ketodex) in Ear and Nose Surgeries,other,"Ear and Nose Surgeries With Hypotensive Anaesthesia e.g FESS , MLS , TURBINECTOMY",RECRUITING,INTERVENTIONAL,NA,Sohag University,ketamine,1,Egypt,2025-02-05,,,,no,,https://clinicaltrials.gov/study/NCT06981494
NCT07543913,"Comparison of Two Drugs ,i.e., Nalbuphine Vs Ketamine at Low Doses for the Peri-Operative Shivering Control in Patients Undergoing Gynaecological Surgery Under Spinal Anaesthesia",anesthesia_analgesia,Peri-operative Shivering Under Spinal Anaesthesia,COMPLETED,INTERVENTIONAL,NA,Sargodha Medical College,ketamine,1,Pakistan,2023-04-01,,,,no,no,https://clinicaltrials.gov/study/NCT07543913
NCT05865080,Effect of Intravenous Ketamine Infusion for Hemodynamic Stability in Patients Undergoing Caesarean Delivery.,anesthesia_analgesia,Hemodynamic Instability,COMPLETED,INTERVENTIONAL,NA,Al-Azhar University,ketamine,1,Egypt,2022-07-01,,,,no,undecided,https://clinicaltrials.gov/study/NCT05865080
NCT03060070,Ketamine Versus Dexmedetomidine With Local Anesthetic in TAP Block,other,Postoperative Analgesia; Lower Abdominal Cancer,COMPLETED,INTERVENTIONAL,PHASE2|PHASE3,Assiut University,ketamine,1,Egypt,2017-03-10,,,,no,,https://clinicaltrials.gov/study/NCT03060070
NCT02072083,Intranasal Dexmedetomidine vs Midazolam-ketamine Combination for Premedication of Pediatric Patients,other,Premedication; Oculocardiac Reflex,COMPLETED,INTERVENTIONAL,PHASE4,TC Erciyes University,ketamine,1,Turkey (Türkiye),2014-02,,,"Müge Yüce Yıldırım, resident (erciyes univercity)",no,,https://clinicaltrials.gov/study/NCT02072083
NCT04761159,Ketamin Plus Propofol for Anesthesia Induction,anesthesia_analgesia,Postoperative Recovery,COMPLETED,INTERVENTIONAL,PHASE4,Cukurova University,ketamine,1,Turkey (Türkiye),2021-02-15,,,,no,,https://clinicaltrials.gov/study/NCT04761159
NCT03499886,Low-Dose Intravenous Ketamine Bolus Versus Conventional Technique,other,Procedural Sedation,UNKNOWN,INTERVENTIONAL,PHASE2|PHASE3,Isfahan University of Medical Sciences,ketamine,2,Iran,2017-01-17,"Mehdi Nasr Isfahani, M.D.",+989132034381,"Mehdi Nasr Isfahani, M.D. (Isfahan University of Medical Sciences)",no,undecided,https://clinicaltrials.gov/study/NCT03499886
NCT03345173,Facilitating Rapid Naltrexone Initiation,other,Opioid Dependence,ACTIVE_NOT_RECRUITING,INTERVENTIONAL,PHASE3,New York State Psychiatric Institute,ketamine,1,United States,2017-11-25,,,"Elias Dakwar, MD (NYSPI)",no,,https://clinicaltrials.gov/study/NCT03345173
NCT06383273,A Study to Evaluate Efficacy and Safety of MELT-300 for Procedural Sedation in Subjects Undergoing Cataract Extraction With Lens Replacement (CELR),anesthesia_analgesia,Cataract,UNKNOWN,INTERVENTIONAL,PHASE3,Melt Pharmaceuticals,ketamine,12,United States,2024-05-01,Giovanni DeCastro,6157670074,,no,no,https://clinicaltrials.gov/study/NCT06383273
NCT04452383,f Adding Ketamine to Propofol For Drug-induced Sleep Endoscopy in Adult Patients With Obstructive Sleep Apnea,anesthesia_analgesia,Sleep Apnea Syndromes,COMPLETED,INTERVENTIONAL,PHASE4,Zagazig University,ketamine,1,Egypt,2024-07-30,,,"Heba M EL-Asser, MD (Zagazig University)",no,no,https://clinicaltrials.gov/study/NCT04452383
NCT03586154,Combined Intra-articular Shoulder Injection and Stellate Ganglion Block in Chronic Post-mastectomy Shoulder Pain,other,Breast Neoplasms,COMPLETED,INTERVENTIONAL,PHASE4,Mansoura University,ketamine,1,Egypt,2017-08-01,,,"Mohamed Tahan, MD (Professor of Anesthesia, Medical Faculty, Mansoura University)",no,no,https://clinicaltrials.gov/study/NCT03586154
NCT02122562,Ketamine Alcohol (in Treatment-Resistant Depression),psychiatric,Magnetic Resonance Imaging; Major Depression; Alcoholism,RECRUITING,INTERVENTIONAL,PHASE2,Mark Niciu,ketamine,1,United States,2014-04-23,"Osura R Amarajeewa, M.B.B.S.",(319)-353-8536,"Mark J Niciu, M.D. Ph.D. (University of Iowa Health Care (UIHC))",no,no,https://clinicaltrials.gov/study/NCT02122562
NCT03067103,Comparison of Peritonsillar Infiltration of Tramadol Ketamine and Placebo on Pediatric Posttonsillectomy Pain,anesthesia_analgesia,"Sleep Disorder; Breathing-Related; Pain, Postoperative; Child, Only",UNKNOWN,INTERVENTIONAL,PHASE4,Universidade Federal de Goias,ketamine,1,Brazil,2017-07-01,"juliana a caixeta, MD",+5562982706980,"juliana a caixeta, MD (Assistant Doctor)",no,no,https://clinicaltrials.gov/study/NCT03067103
NCT02467517,Ketamine and Neuropathic Pain,other,Neuropathic Pain,UNKNOWN,INTERVENTIONAL,PHASE2,"University Hospital, Clermont-Ferrand",ketamine,1,France,2015-11,Patrick LACARIN,04 73 75 11 95,"Gisèle PICKERING (University Hospital, Clermont-Ferrand)",no,,https://clinicaltrials.gov/study/NCT02467517
NCT07746115,Testing Two Doses of Nebulized Ketamine for Postoperative Sore Throat,anesthesia_analgesia,Postoperative Sore Throat,COMPLETED,INTERVENTIONAL,NA,Aswan University Hospital,ketamine,1,Egypt,2026-08-15,,,Ayman M Eldemrdash (Aswan Faculty of medicine),no,no,https://clinicaltrials.gov/study/NCT07746115
NCT04944017,Ketamine for the Treatment of Depression in Parkinson's Disease,psychiatric,Parkinson's Disease; Depression,COMPLETED,INTERVENTIONAL,PHASE2,Yale University,ketamine,1,United States,2021-11-23,,,"Sophie E. Holmes, PhD (Yale University)",no,,https://clinicaltrials.gov/study/NCT04944017
NCT07040163,Evaluation of Ketamine/Midazolam Sedation vs. Fentanyl/Midazolam Sedation for Image-Guided Percutaneous Procedures in Interventional Radiology,anesthesia_analgesia,Sedation; Interventional Radiology; Biopsy; Drainage Procedure,ACTIVE_NOT_RECRUITING,INTERVENTIONAL,EARLY_PHASE1,CAMC Health System,ketamine,1,United States,2025-03-07,,,"Amy R Deipolyi, M.D., Ph.D. (CAMC Department of Interventional Radiology)",no,no,https://clinicaltrials.gov/study/NCT07040163
NCT00957333,Effects of Ketamine on Human Bladders and Its Possible Mechanisms,other,Cystitis,COMPLETED,OBSERVATIONAL,,Taipei Medical University WanFang Hospital,ketamine,1,Taiwan,2009-03,,,"Ruei-Ming Chen, PhD (Taipei Medical University-Wan Fang Hospital)",yes,,https://clinicaltrials.gov/study/NCT00957333
NCT03319238,OBSERVATIONAL STUDY OF THE MANAGEMENT OF PATIENTS WITH CHRONIC PAIN,other,Chronic Pain,UNKNOWN,OBSERVATIONAL,,"University Hospital, Clermont-Ferrand",ketamine,1,France,2016-07-07,Patrick LACARIN,04 73 75 11 95,"Gisèle PICKERING (University Hospital, Clermont-Ferrand)",no,,https://clinicaltrials.gov/study/NCT03319238
NCT05468047,Ketamine Therapy Experiential Education Study,other,"Psychedelic Experiences; Therapeutic Alliance; Psychology, Perceptual",UNKNOWN,INTERVENTIONAL,EARLY_PHASE1,Integrative Psychiatry Institute,ketamine,0,,2022-09,,,,no,,https://clinicaltrials.gov/study/NCT05468047
NCT04939649,Ketamine As an Adjunctive Therapy for Major Depression (2),psychiatric,Major Depressive Episode; Unipolar Depression; Bipolar Depression,COMPLETED,INTERVENTIONAL,PHASE3,"University of Dublin, Trinity College",ketamine,1,Ireland,2021-09-13,,,"Declan M McLoughlin, PhD (University of Dublin, Trinity College and St Patrick's Mental Health Services)",no,no,https://clinicaltrials.gov/study/NCT04939649
NCT02083926,Ketamine Infusion for Social Anxiety Disorder,psychiatric,Social Anxiety Disorder,COMPLETED,INTERVENTIONAL,EARLY_PHASE1,Yale University,ketamine,1,United States,2015-01-02,,,"Michael H. Bloch, MD, MS (Yale University)",yes,no,https://clinicaltrials.gov/study/NCT02083926
NCT07022821,Comparison of Dexmedetomidine + Ketamine for Postoperative Pain in C-Section,anesthesia_analgesia,Postoperative Pain; Cesarean Section Pain,RECRUITING,INTERVENTIONAL,PHASE4,Fatima Memorial Hospital,ketamine,1,Pakistan,2025-05-16,"Ahmed Naeem, MBBS",+923114681512,,no,yes,https://clinicaltrials.gov/study/NCT07022821
NCT05229055,Intranasal Ketamine Versus Subcutaneous Ketamine for Treatment of Post-traumatic Acute Pain in the Emergency Department ( INVESCK ),psychiatric,Acute Pain,COMPLETED,INTERVENTIONAL,PHASE2|PHASE3,University of Monastir,ketamine,1,Tunisia,2023-04-15,,,"Nouira Semir, Professor (University of Monastir)",no,no,https://clinicaltrials.gov/study/NCT05229055
NCT07307768,Ketamine Biomarker Validation,other,Treatment Resistant Depression (TRD),NOT_YET_RECRUITING,INTERVENTIONAL,PHASE1,Soterix Medical,ketamine,1,United States,2025-12-20,"Yishai Valter, MS",8889908327,,no,no,https://clinicaltrials.gov/study/NCT07307768
NCT07839338,A Study Comparing Oral Ketamine With Oral Midazolam for the Treatment of Major Depressive Episodes,psychiatric,Major Depressive Episode,NOT_YET_RECRUITING,INTERVENTIONAL,PHASE3,Jawaharlal Institute of Postgraduate Medical Education & Research,ketamine,5,India,2026-10,"Vikas Menon, MD",+91 8098158528,,no,no,https://clinicaltrials.gov/study/NCT07839338
NCT07558226,Multimodal Anesthesia in Robotic Laparoscopic Nephrectomy,anesthesia_analgesia,Anesthesia; Anesthesia and Procedure Related Time Intervals; Nephrectomy / Methods,RECRUITING,INTERVENTIONAL,NA,Fundacio Puigvert,ketamine,1,Spain,2026-05-02,"DIANA VERNETTA, MD",0034934169700,"DIANA VERNETTA, MD (FUNDACIO PUIGVERT IUNA)",no,yes,https://clinicaltrials.gov/study/NCT07558226
NCT05045378,Low-dose Ketamine Infusion Among Adolescents With Treatment-resistant Depression,psychiatric,Treatment-resistant Depression; Major Depressive Disorder,COMPLETED,INTERVENTIONAL,PHASE4,"Taipei Veterans General Hospital, Taiwan",ketamine,1,Taiwan,2022-03-15,,,"Mu-Hong Chen, M.D., Ph.D. (Taipei Veterans General Hospital, Taiwan)",no,,https://clinicaltrials.gov/study/NCT05045378
NCT04597268,Dexmedetomidine Versus Ketamine Versus Midazolam in Endoscopic Procedures,anesthesia_analgesia,Sedation and Analgesia,COMPLETED,INTERVENTIONAL,NA,"National Cancer Institute, Egypt",ketamine,1,Egypt,2020-11-01,,,"Walaa Y Elsabeeny, MD (Lecturer); Nahla Y Shehab, MD (Lecturer)",no,no,https://clinicaltrials.gov/study/NCT04597268
NCT06364072,"Safety, Tolerability, Analgesic Effect, and Feasibility of Intranasal CT001 in Pediatric Patients",anesthesia_analgesia,Pain,COMPLETED,INTERVENTIONAL,PHASE2|PHASE3,Cessatech A/S,ketamine,7,Spain; United Kingdom,2024-05-27,,,"Stuart Hartshorn, Dr. (Birmingham Children's Hospital)",yes,,https://clinicaltrials.gov/study/NCT06364072
NCT05410158,Comparative Study of Ketamine Added to Bupivacaine in PECS Block Versus Topical Wound Instillation on Post Operative Analgesia in Modified Radical Mastectomy Surgery,anesthesia_analgesia,"Ketamine, Pecs Block, Topical Wound Instillation , Modefied Radical Mastectomy",UNKNOWN,INTERVENTIONAL,EARLY_PHASE1,Assiut University,ketamine,0,,2023-05-15,,,,no,,https://clinicaltrials.gov/study/NCT05410158
NCT05991232,Repeated Neurocognitive Measurements in Depressed Patients,psychiatric,"Depression, Unipolar",WITHDRAWN,INTERVENTIONAL,PHASE1|PHASE2,Jay Fournier,ketamine,1,United States,2025-05-01,,,,no,no,https://clinicaltrials.gov/study/NCT05991232
NCT05464264,Auditory MMN EEG in TRD in Response to Ketamine,other,Treatment-resistant Depression (TRD),UNKNOWN,OBSERVATIONAL,,Unity Health Toronto,ketamine,1,Canada,2022-10-03,"Venkat Bhat, MD MSc",416-360-4000,,no,no,https://clinicaltrials.gov/study/NCT05464264
NCT06935552,Ketamine and Lidocaine Infusion in Refractory Chronic Migraine,other,Refractory Chronic Migraine,NOT_YET_RECRUITING,INTERVENTIONAL,EARLY_PHASE1,Assiut University,ketamine,0,,2025-06-01,AbdElRahman Mohamed Mohamed,+201066586931,"Nageh Fouly Kamel, PhD. (Assiut University); Mohamed Ahmed Abdelhameed, PhD. (Assiut University)",no,undecided,https://clinicaltrials.gov/study/NCT06935552
NCT01567852,Use of Ketamine vs Methohexital for Electroconvulsive Therapy (ECT) on Patient Recovery and Re-orientation Time,other,Post-anesthesia Recovery; Orientation,COMPLETED,INTERVENTIONAL,NA,University of New Mexico,ketamine,1,United States,2011-08,,,"Tony Yen, MD (University of New Mexico)",yes,,https://clinicaltrials.gov/study/NCT01567852
NCT02429011,MRI Studies of Emotion in Depression,psychiatric,Major Depressive Disorder,COMPLETED,OBSERVATIONAL,,Icahn School of Medicine at Mount Sinai,ketamine,1,United States,2011-07-15,,,"James Murrough, MD (Icahn School of Medicine at Mount Sinai)",no,,https://clinicaltrials.gov/study/NCT02429011
NCT01686009,Intra-nasal Ketamine for Analgesia in the Emergency Department,anesthesia_analgesia,Pain,COMPLETED,INTERVENTIONAL,PHASE4,Lions Gate Hospital,ketamine,1,Canada,2012-10,,,"Gary Andolfatto, MD (UBC Dept of EM; Lions Gate Hospital)",no,,https://clinicaltrials.gov/study/NCT01686009
NCT00646087,Ketamine Frequency Treatment for Major Depressive Disorder,psychiatric,Treatment Resistant Depression,WITHDRAWN,INTERVENTIONAL,PHASE4,Essentia Health,ketamine,1,United States,2008-03,,,"Micheal Messer, MD (Essentia Health)",no,,https://clinicaltrials.gov/study/NCT00646087
NCT02295787,Intranasal Ketamine for Late-Life Depression and Suicidal Ideation,psychiatric,Depression; Suicide; Suicidal Ideation,WITHDRAWN,INTERVENTIONAL,PHASE4,Massachusetts General Hospital,ketamine,0,,2015-07,,,"Dawn F Ionescu, MD (Massachusetts General Hospital)",no,,https://clinicaltrials.gov/study/NCT02295787
NCT04871425,Ketamine Versus Fentanyl for Surgical Abortions,anesthesia_analgesia,"Abortion in First Trimester; Pain, Procedural; Opioid Use",COMPLETED,INTERVENTIONAL,PHASE4,University of Washington,ketamine,1,United States,2021-04-27,,,"Jennifer Chin, MD (Fellow)",yes,no,https://clinicaltrials.gov/study/NCT04871425
NCT06284473,Ketamine as a Supplement to Local Anesthesia for Minor Procedures,anesthesia_analgesia,"Pain, Procedural; Minor Laceration; Abscess",RECRUITING,INTERVENTIONAL,PHASE4,Loyola University,ketamine,1,United States,2022-05-25,"Shannon Lovett, MD",708-327-2549,"Trent Reed, DO (Loyola University)",no,no,https://clinicaltrials.gov/study/NCT06284473
NCT02103881,Ketamine Versus Haloperidol for Severe Agitation Outside the Hospital,other,Agitation,WITHDRAWN,INTERVENTIONAL,PHASE4,Hennepin Healthcare Research Institute,ketamine,0,,2014-04,,,,no,,https://clinicaltrials.gov/study/NCT02103881
NCT03221569,Ketamine v. Ketorolac for Management of Generalized Tension Type Headache,other,Migraine,UNKNOWN,INTERVENTIONAL,PHASE4,The Brooklyn Hospital Center,ketamine,1,United States,2016-02-01,"Billy Sin, PharmD",718-250-5000,,no,,https://clinicaltrials.gov/study/NCT03221569
NCT02997722,The Effect of Ketamine on the Length of Hospital Stay of Patients Hospitalized With Suicidal Ideation.,psychiatric,Suicidal Ideation,TERMINATED,INTERVENTIONAL,PHASE4,Allen Richert,ketamine,1,United States,2017-03-02,,,"Allen C Richert, MD (University of Mississippi Medical Center)",yes,no,https://clinicaltrials.gov/study/NCT02997722
NCT07564037,"Nebulized Dexmedetomidine, Ketamine, or Midazolam in Children Undergoing Adenotonsillectomy",anesthesia_analgesia,Dexmedetomidine; Adenotonsillectomy; Midazolam; Children,COMPLETED,INTERVENTIONAL,NA,Tanta University,ketamine,1,Egypt,2024-11-30,,,,no,yes,https://clinicaltrials.gov/study/NCT07564037
NCT06164756,Long Term Follow Up KET-PD,other,Parkinson's Disease; Depression,COMPLETED,OBSERVATIONAL,,Yale University,ketamine,1,United States,2023-10-18,,,"Sophie E. Holmes, PhD (Yale University)",no,,https://clinicaltrials.gov/study/NCT06164756
NCT06762288,Transversus Abdominis Plan (TAP) Block for Transcatheter Aortic Valve Implantation (TAVI),other,Anesthesia; Analgesia; Block; Aortic Valve Stenosis,COMPLETED,INTERVENTIONAL,NA,Istanbul University - Cerrahpasa,ketamine,1,Turkey (Türkiye),2024-12-28,,,"Kerem Erkalp, professor (Istanbul University - Cerrahpasa)",no,no,https://clinicaltrials.gov/study/NCT06762288
NCT07126795,Magnesium Sulfate in Pediatric Burn Dressing Changes,other,Pediatric Burns,NOT_YET_RECRUITING,INTERVENTIONAL,PHASE1,Hennepin Healthcare Research Institute,ketamine,1,United States,2026-01-01,,,,no,no,https://clinicaltrials.gov/study/NCT07126795
NCT01892995,Ketamine for Acute Suicidal Ideation in the Emergency Department: Randomized Controlled Trial,psychiatric,Suicide,UNKNOWN,INTERVENTIONAL,NA,Brooke Army Medical Center,ketamine,1,United States,2015-06,"Steven G Schauer, DO",2109160808,,no,,https://clinicaltrials.gov/study/NCT01892995
NCT03977675,The Role of HNKs in the Antidepressant Effect of Ketamine,psychiatric,Major Depressive Disorder,TERMINATED,INTERVENTIONAL,PHASE1,Columbia University,ketamine,1,United States,2019-05-15,,,"Michael Grunebaum, MD (New York Psychiatric Institute)",no,no,https://clinicaltrials.gov/study/NCT03977675
NCT04011592,Efficacy And Tolerability Of Sub-Anesthetic Ketamine In Postpartum Depression,psychiatric,Post Partum Depression,TERMINATED,INTERVENTIONAL,PHASE2,"The University of Texas Health Science Center, Houston",ketamine,1,United States,2019-03-04,,,"Sudhakar Selvaraj, 713-486-2837 (UTHealth Science Center at Houston)",yes,no,https://clinicaltrials.gov/study/NCT04011592
NCT07519863,The Effect of Dormicum-Ketamine Versus Dexmedetomidine on Emergence Delirium During Deep Sedation in Paediatric Burn Patients,anesthesia_analgesia,Emergence Delirium in Pediatric Anesthesia,RECRUITING,INTERVENTIONAL,PHASE2,Ain Shams University,ketamine,1,Egypt,2025-11-20,,,,no,,https://clinicaltrials.gov/study/NCT07519863
NCT07486336,Awareness Neuraxial Versus General Anesthesia in Frail Patients Undergoing Laparoscopic or Robotic Abdominopelvic Surgery.,anesthesia_analgesia,Fraily; Abdominal Surgery; Postoperative Cognitive Dysfunction (POCD),NOT_YET_RECRUITING,INTERVENTIONAL,NA,Ente Ospedaliero Ospedali Galliera,ketamine,2,Italy,2026-09-01,"Claudia Brusasco, MD, PhD",0039 3291185009,,no,yes,https://clinicaltrials.gov/study/NCT07486336
NCT01316744,Ketamine Hydrochloride and Best Pain Management in Treating Cancer Patients With Neuropathic Pain,other,Cancer,UNKNOWN,INTERVENTIONAL,PHASE3,University of Glasgow,ketamine,3,United Kingdom,2009-04,,,"Marie T. Fallon (Edinburgh Cancer Centre at Western General Hospital); Barry J.A. Laird, MD (Edinburgh Cancer Centre at Western General Hospital)",no,,https://clinicaltrials.gov/study/NCT01316744
NCT02016664,Plasma Concentration of Ketamine and Norketamine .,other,Chronic Pain,COMPLETED,INTERVENTIONAL,NA,London Health Sciences Centre Research Institute OR Lawson Research Institute of St. Joseph's,ketamine,1,Canada,2014-04,,,"Patricia Morley-Foster, MD, FRCPC (Department of Anesthesia and Perioperative Medicine, Western University, Canada.)",no,,https://clinicaltrials.gov/study/NCT02016664
NCT03742557,Evaluation of Schemes of Administration of Intravenous Ketamine in Depression,psychiatric,Treatment Resistant Depression,UNKNOWN,INTERVENTIONAL,PHASE3,"National Institute of Neurology and Neurosurgery, Mexico",ketamine,1,Mexico,2018-10-01,"Rodrigo Pérez-Esparza, M.D., M.Sc.",+5256063822,"Rodrigo Pérez-Esparza, M.D., M.Sc. (National Institute of Neurology and Neurosurgery, Mexico)",no,no,https://clinicaltrials.gov/study/NCT03742557
NCT06231563,Ketamine for Veterans With Parkinson's Disease,other,Parkinson's Disease,RECRUITING,INTERVENTIONAL,PHASE2,VA Office of Research and Development,ketamine,1,United States,2026-03-01,"Ellen R Bradley, MD",(415) 221-4810,"Ellen R Bradley, MD (San Francisco VA Medical Center, San Francisco, CA)",no,no,https://clinicaltrials.gov/study/NCT06231563
NCT07046611,Ketamine and Levetiracetam as Second-line Antiseizure Medication for Status Epilepticus in Children,other,Generalized Convulsive Status Epilepticus,RECRUITING,INTERVENTIONAL,PHASE2|PHASE3,Sohag University,ketamine,1,Egypt,2025-07-02,"Elsayed Abdelkreem, MD, PhD",1114232126,,no,no,https://clinicaltrials.gov/study/NCT07046611
NCT06957704,Evaluation of the Efficacy and Safety of Subcutaneous Ketamine in the Treatment of Depressive Episode With Suicidal Ideation and/or Behavior in Adolescents,psychiatric,Depressive Disorder; Suicidal Ideas,NOT_YET_RECRUITING,INTERVENTIONAL,PHASE3,Federal University of São Paulo,ketamine,0,,2025-05,"Sheila C Caetano, Phd",551197824398,,no,,https://clinicaltrials.gov/study/NCT06957704
NCT00440102,Ketamine Versus Etomidate During Rapid Sequence Intubation: Consequences on Hospital Morbidity,anesthesia_analgesia,Intubation; Difficult,COMPLETED,INTERVENTIONAL,PHASE4,Assistance Publique - Hôpitaux de Paris,ketamine,1,France,2007-04,,,"Frederic ADNET, MD, PhD (Assistance Publique - Hôpitaux de Paris)",no,,https://clinicaltrials.gov/study/NCT00440102
NCT03105765,"Acute and Chronic Pain, Especially Neuropathic Pain, After Thoracotomy and Continuous Application of Ketamine.",other,Acute Pain; Chronic Pain; Neuropathic Pain,COMPLETED,INTERVENTIONAL,NA,Dr. Horst Schmidt Klinik GmbH,ketamine,1,Germany,2011-01,,,,no,,https://clinicaltrials.gov/study/NCT03105765
NCT07435493,Fentanyl Versus Opioid Free Multimodal Analgesia for Perioperative Pain Control in Children With Mild to Moderate Obstructive Sleep Apnea,anesthesia_analgesia,Adenotonsillectomy; Obstructive Sleep Apnea (OSA); Fentanyl; Opioid,NOT_YET_RECRUITING,INTERVENTIONAL,NA,Ain Shams University,ketamine,1,Egypt,2026-11-30,"Anhar Falila, Assistant Lecturer",01222176925,,no,yes,https://clinicaltrials.gov/study/NCT07435493
NCT01768767,Trial of Ketamine and Lithium Therapy in Bipolar Depression,psychiatric,Bipolar Depression,WITHDRAWN,INTERVENTIONAL,PHASE2,Yale University,ketamine,0,,2013-01,,,"Chadi Abdallah, MD (Yale University)",no,,https://clinicaltrials.gov/study/NCT01768767
NCT02697071,Ketamine for Acute Migraine in the Emergency Department,other,Headache,COMPLETED,INTERVENTIONAL,NA,Carilion Clinic,ketamine,1,United States,2016-02,,,"Corey Corey, MD (Carilion Clinic)",yes,,https://clinicaltrials.gov/study/NCT02697071
NCT01470157,A Clinical Trial of Oral Midazolam Plus Oral Ketamine for Sedation During Laceration Repair,anesthesia_analgesia,Lacertaions,UNKNOWN,INTERVENTIONAL,PHASE4,Assaf-Harofeh Medical Center,ketamine,1,Israel,2011-07,"Shiri Barkan, MD",972 544385404,,no,,https://clinicaltrials.gov/study/NCT01470157
NCT07644767,Adjunctive Oral KET-AD Capsules in Treatment Resistant Bipolar Depression,psychiatric,Treatment Resistant Bipolar Depression,NOT_YET_RECRUITING,INTERVENTIONAL,PHASE2,Neurocentrx Pharma Pty Ltd,ketamine,0,,2026-10-30,,,"Ishrat Husain, MBBS, MD, FRCPsych(UK) FRCP(C) (University Health Network (UHN); Department of Psychiatry, Temerty Faculty of Medicine, University of Toronto)",no,no,https://clinicaltrials.gov/study/NCT07644767
NCT03396692,PEF-Block & Ribs Fractures,anesthesia_analgesia,Chest Trauma With Ribs Fractures,COMPLETED,INTERVENTIONAL,NA,"University Hospital, Montpellier",ketamine,1,France,2018-06-18,,,,no,no,https://clinicaltrials.gov/study/NCT03396692
NCT04527757,Duration of Anaesthesia Induction in Paediatric Patients: Prospective Observational Trial,other,Anaesthesia Induction,COMPLETED,OBSERVATIONAL,,Brno University Hospital,ketamine,1,Czechia,2020-10-01,,,"Petr Štourač, prof. MD., Ph.D. (Faculty of medicince Masaryk University and University Hospital Brno)",no,undecided,https://clinicaltrials.gov/study/NCT04527757
NCT06343753,Quality of Recovery After Laparoscopic Cholecystectomy Comparing Opioid Free Analgesia Versus Opioid Free Anesthesia,anesthesia_analgesia,"Quality of Recovery; Pain, Postoperative; Elective Laparoscopic Cholecystectomy",COMPLETED,INTERVENTIONAL,NA,Ain Shams University,ketamine,1,Egypt,2024-05-01,,,,no,no,https://clinicaltrials.gov/study/NCT06343753
NCT06916403,Safety and Efficacy of Ketamine Intravenous Infusions in the Treatment of Fibromyalgia,other,Fibromyalgia,ENROLLING_BY_INVITATION,OBSERVATIONAL,,Wilderman Medical Clinic,ketamine,1,Canada,2020-11-30,,,"Igor Wilderman, MD (Wilderman Medical Clinic)",no,no,https://clinicaltrials.gov/study/NCT06916403
NCT01089361,Immunomodulatory Properties of Ketamine in Sepsis,other,Sepsis,COMPLETED,INTERVENTIONAL,PHASE1|PHASE2,Beth Israel Deaconess Medical Center,ketamine,1,United States,2009-12,,,"Daniel Talmor, MD, MPH (Beth Israel Deaconess Medical Center)",yes,no,https://clinicaltrials.gov/study/NCT01089361
NCT07838831,Ketamine Versus Dexmedetomidine as Adjuvants to Bupivacaine in Ultrasound Guided Bilateral Superficial Cervical Plexus Block in Thyroidectomy,other,Thyroidectomy; Bupivacaine; Dexmedetomidine,COMPLETED,INTERVENTIONAL,NA,Tanta University,ketamine,1,Egypt,2025-08-31,,,,no,yes,https://clinicaltrials.gov/study/NCT07838831
NCT02422303,Effects of Low Dose Ketamine Given at Induction of Anesthesia on Postoperative Mood in Patients With Depressive Symptoms,psychiatric,Depression; Major Depressive Disorder,TERMINATED,INTERVENTIONAL,NA,The University of Texas Health Science Center at San Antonio,ketamine,1,United States,2015-12,,,"Bonny C Gillis, M.D. (Department of Anesthesiology UTHSCSA)",yes,no,https://clinicaltrials.gov/study/NCT02422303
NCT02649231,Ketamine for Reduction of Alcoholic Relapse,psychiatric,Primary Alcohol Use Disorder,COMPLETED,INTERVENTIONAL,PHASE2,"University College, London",ketamine,2,United Kingdom,2016-10,,,"Celia Morgan, Ph.D. (UCL)",yes,,https://clinicaltrials.gov/study/NCT02649231
NCT04816162,Ketofol for Preventing Postoperative Delirium in Elderly Patients,anesthesia_analgesia,Delirium on Emergence,COMPLETED,INTERVENTIONAL,PHASE4,Zagazig University,ketamine,1,Egypt,2021-03-25,,,"Shereen E Abd Ellatif, MD (faculty of human medicine,zagazig university)",no,yes,https://clinicaltrials.gov/study/NCT04816162
NCT02433041,Baden Prevention and Reduction of Incidence of Postoperative Delirium Trial,anesthesia_analgesia,Postoperative Delirium,COMPLETED,INTERVENTIONAL,PHASE4,"University Hospital, Basel, Switzerland",ketamine,1,Switzerland,2013-07,,,"Alexa Hollinger, MD (University Hospital, Basel, Switzerland)",no,,https://clinicaltrials.gov/study/NCT02433041
NCT05341154,Ketamine Versus Dexmedetomidine for Prevention of Postoperative Delirium,anesthesia_analgesia,Emergence Delirium,COMPLETED,INTERVENTIONAL,NA,"Huda Fahmy Mahmoud, PhD",ketamine,1,Egypt,2021-12-01,,,"Tarek Sayed, lecturer (Aswan University)",no,no,https://clinicaltrials.gov/study/NCT05341154
NCT06968546,Sufentanil Versus Ketamine Intranasally in the Management of Severe Acute Trauma-related Pain in Children.,psychiatric,Traumatology; Wounds and Injury; Fractures Bone; Analgesia; Pain; Pain Management; Acute Pain,NOT_YET_RECRUITING,INTERVENTIONAL,PHASE2,Fondation Lenval,ketamine,1,France,2026-02-05,"Aline JOULIE, PHD",+33492030520,"MARCO OLLA, MD (Fondation Lenval Hôpitaux pediatrique Nice chu Lenval)",no,no,https://clinicaltrials.gov/study/NCT06968546
NCT02863861,Sedation for Upper Gastrointestinal Endoscopy in Pediatric Patients,anesthesia_analgesia,Upper Gastrointestinal Endoscopy,COMPLETED,INTERVENTIONAL,PHASE4,Ain Shams University,ketamine,1,Egypt,2016-09,,,,no,,https://clinicaltrials.gov/study/NCT02863861
NCT04129086,Ketamine for Acute Pain Management After Trauma,psychiatric,Trauma Injury; Pain; Opioid Use,COMPLETED,INTERVENTIONAL,PHASE4,"The University of Texas Health Science Center, Houston",ketamine,1,United States,2020-07-01,,,"John P Harvin, MD (The University of Texas Health Science Center, Houston)",yes,no,https://clinicaltrials.gov/study/NCT04129086
NCT04678050,Dexmedetomidine Compared to Ketofol for Sedation in Paediatrics,anesthesia_analgesia,Vital Signs,COMPLETED,INTERVENTIONAL,PHASE1,Ain Shams University,ketamine,1,Egypt,2020-10-10,,,"Alaa Ismail, MD (Head of research ethics committee)",no,no,https://clinicaltrials.gov/study/NCT04678050
NCT03607110,Comparison of Efficacy of Anesthesia Administered by Endoscopist or Anesthesiologist on Colonoscopy,anesthesia_analgesia,Colonoscopy; Ketamine; Fentanyl,COMPLETED,OBSERVATIONAL,,Selda KAYAALTI,ketamine,1,Turkey (Türkiye),2018-03-01,,,,no,,https://clinicaltrials.gov/study/NCT03607110
NCT06736769,Ketamine Effects on Learning In Eating Disorders,psychiatric,Anorexia Nervosa; Atypical Anorexia Nervosa,ENROLLING_BY_INVITATION,INTERVENTIONAL,PHASE2,"Amanda Downey, MD",ketamine,1,United States,2025-06-05,,,"Amanda E. Downey, MD (University of California, San Francisco)",no,no,https://clinicaltrials.gov/study/NCT06736769
NCT01369680,Oral Ketamine for Control of Chronic Pain in Children,other,Chronic Pain,COMPLETED,INTERVENTIONAL,PHASE1,University of Rochester,ketamine,1,United States,2011-05,,,"David Korones, MD (University of Rochester)",yes,,https://clinicaltrials.gov/study/NCT01369680
NCT02823977,Ketamine vs. Placebo as Adjunctive Therapies for Severe Alcohol Withdrawal,psychiatric,Alcohol Withdrawal,WITHDRAWN,INTERVENTIONAL,PHASE4,"University of Colorado, Denver",ketamine,1,United States,2018-02,,,"Robert MacLaren, PharmD, MPH (University of Colorado, Denver)",no,no,https://clinicaltrials.gov/study/NCT02823977
NCT06498700,Intraoperative Subanesthetic Ketamine Versus Dexmedetomidine Infusion for Prevention of Post-traumatic Stress Disorder After Traumatic Brain Surgeries,psychiatric,Subanesthetic Ketamine Dexmedetomidin,UNKNOWN,INTERVENTIONAL,NA,Zagazig University,ketamine,1,Egypt,2024-07-15,,,marwa M Medhat (Zagazig University),no,no,https://clinicaltrials.gov/study/NCT06498700
NCT03756129,Proof of Concept Study Evaluating the Efficacy and Safety of MIJ821 in Patients With Treatment-resistant Depression,psychiatric,"Depressive Disorder, Treatment-Resistant",COMPLETED,INTERVENTIONAL,PHASE2,Novartis Pharmaceuticals,ketamine,12,Spain; United States,2019-02-08,,,,yes,yes,https://clinicaltrials.gov/study/NCT03756129
NCT00921765,Reversal of Ketamine Pharmacodynamic Effects With Naloxone,other,Pain,TERMINATED,INTERVENTIONAL,PHASE4,Ullevaal University Hospital,ketamine,1,Norway,2009-12,,,"Olav Hustveit, MD, PhD (University of Oslo); Elena Landari, DDS (University of Oslo)",no,no,https://clinicaltrials.gov/study/NCT00921765
NCT07809230,Effects of Low-Dose Ketamine Added to Propofol Sedation During Colonoscopy,anesthesia_analgesia,Colonoscopy Procedures; Sedation,NOT_YET_RECRUITING,INTERVENTIONAL,NA,Ankara Etlik City Hospital,ketamine,1,Turkey (Türkiye),2026-09-14,Berat DAĞDELEN,00905538861406,,no,,https://clinicaltrials.gov/study/NCT07809230
NCT03799900,Assessment of Abuse Potential of Rapastinel in Humans,other,Human Abuse Potential,COMPLETED,INTERVENTIONAL,PHASE1,"Naurex, Inc, an affiliate of Allergan plc",ketamine,1,United States,2018-11-01,,,Sheng Fang Su (Allergan),no,undecided,https://clinicaltrials.gov/study/NCT03799900
NCT06111872,Ketamine-midazolam as a Sedative Agent in Endoscopic Retrograde Cholangiopancreatography.,anesthesia_analgesia,Cholangitis; Pancreatic Cancer; Choledocholithiasis; Choledochal Cyst,COMPLETED,INTERVENTIONAL,PHASE2,National University of Malaysia,ketamine,1,Malaysia,2023-07-18,,,Azlanudin Azman (Universiti Kebangsaan Malaysia Medical Centre),no,no,https://clinicaltrials.gov/study/NCT06111872
NCT07055828,Nebulized vs. IV Ketamine in Preventing Shivering Post Spinal Anesthesia,anesthesia_analgesia,Post Spinal Anesthesia Shivering,ACTIVE_NOT_RECRUITING,INTERVENTIONAL,NA,Tanta University,ketamine,1,Egypt,2025-05-02,,,,no,,https://clinicaltrials.gov/study/NCT07055828
NCT04260607,Initiating Ketamine in Acutely Suicidal Patients in the Emergency Department,psychiatric,Suicide; Suicide Threat; Depression Severe,TERMINATED,INTERVENTIONAL,PHASE3,Naval Medical Center Camp Lejeune,ketamine,1,United States,2020-01-14,,,"Nathan H Butler, DO (Naval Medical Center Camp Lejeune)",yes,no,https://clinicaltrials.gov/study/NCT04260607
NCT05345639,Chest Wall Block After Sternotomy: Randomized Controlled Trial in Cardiac Surgery: (PABLOS Study),anesthesia_analgesia,"Pain, Postoperative; Cardiac Surgery",COMPLETED,INTERVENTIONAL,PHASE3,"University Hospital, Angers",ketamine,1,France,2022-08-01,,,,no,no,https://clinicaltrials.gov/study/NCT05345639
NCT05421065,Psilocybin-Assisted vs Ketamine-Assisted Psychotherapy for Alcohol Use Disorder,psychiatric,Alcohol Use Disorder,ACTIVE_NOT_RECRUITING,INTERVENTIONAL,PHASE2,Peggy C Nopoulos,"ketamine,psilocybin",1,United States,2024-02-02,,,"Peggy C Nopoulos, MD (University of Iowa)",no,no,https://clinicaltrials.gov/study/NCT05421065
NCT02783430,Evaluation of the Initial Prescription of Ketamine and Milnacipran in Depression in Patients With a Progressive Disease,psychiatric,Depression,COMPLETED,INTERVENTIONAL,PHASE2|PHASE3,"University Hospital, Lille",ketamine,9,France,2016-09-08,,,"Antoine LEMAIRE, MD (Hospital of Valenciennes)",no,undecided,https://clinicaltrials.gov/study/NCT02783430
NCT05383313,Psilocybin Versus Ketamine in Treatment-Resistant Depression,psychiatric,Treatment Resistant Depression,UNKNOWN,INTERVENTIONAL,PHASE2,"National Institute of Mental Health, Czech Republic","ketamine,psilocybin",1,Czechia,2021-05-01,"Vivian Winkler, MD",+420773137373,,no,no,https://clinicaltrials.gov/study/NCT05383313
NCT04628559,Comparison of the Perioperative Effects of Dexmedetomidine and Ketamine Sedation in Septorhinoplasty Operations,anesthesia_analgesia,Anesthesia; Intravenous Anesthetic Toxicity,COMPLETED,INTERVENTIONAL,NA,Karadeniz Technical University,ketamine,1,Turkey (Türkiye),2009-07-01,,,"Muge Muge, Assoc Prof (Medical School of Karadeniz Technical University, Department of Anesthesiology)",no,no,https://clinicaltrials.gov/study/NCT04628559
NCT03619785,US-guided SAPB for Rib Fractures in the ED,anesthesia_analgesia,Rib Fractures; Rib Fracture Multiple,UNKNOWN,INTERVENTIONAL,PHASE4,Andrew A Herring,ketamine,1,United States,2018-11-06,Andrew Herring,510-633-7498,"Andrew Herring, MD (Alameda Health System - Highland Hospital); Josh Luftig, PA (Alameda Health System - Highland Hospital)",no,no,https://clinicaltrials.gov/study/NCT03619785
NCT02136641,Study of Comparison of the Effectiveness of Three Diagrams for Sedation in Spinal Anesthesia,anesthesia_analgesia,Anesthesia; Reaction,COMPLETED,INTERVENTIONAL,PHASE4,Universidad de Cartagena,ketamine,1,Colombia,2011-06,,,"FRANCISCO BERMUDEZ GUERRERO, M.D (Universidad de Cartagena)",no,,https://clinicaltrials.gov/study/NCT02136641
NCT02494830,"Single Dose Administration of Ketamine 10, 20, 40 and 80 mg and 5 mg Solution for Infusion in 15 Healthy Subjects",other,Healthy,COMPLETED,INTERVENTIONAL,PHASE1,University Medicine Greifswald,ketamine,1,Germany,2014-08,,,"Werner Siegmund, Prof (Department of Clinical Pharmacology)",no,,https://clinicaltrials.gov/study/NCT02494830
NCT04281628,Comparison Between Low-dose Ketamine Infusion and Intravenous Morphine,other,Ketamine,COMPLETED,INTERVENTIONAL,PHASE4,Cairo University,ketamine,1,Egypt,2019-02-21,,,"amr wahadan, MD (lecture)",no,undecided,https://clinicaltrials.gov/study/NCT04281628
NCT05715437,Adductor Canal Block in Total Knee Arthroplasty,anesthesia_analgesia,Analgesia,UNKNOWN,INTERVENTIONAL,PHASE4,Assiut University,ketamine,0,,2023-03,"Ehab Samir, MD",01003078676,,no,,https://clinicaltrials.gov/study/NCT05715437
NCT02819375,"Comparison of Propofol, Propofol-remifentanil and Propofol-ketamine Anesthesia During Electroconvulsive Therapy",anesthesia_analgesia,Anesthesia; Electroconvulsive Therapy,COMPLETED,INTERVENTIONAL,PHASE4,Inonu University,ketamine,0,,2017-01,,,"Ulku Ozgul, Ass.Prof. (Inonu University Faculty of Medicine)",no,no,https://clinicaltrials.gov/study/NCT02819375
NCT05786365,Comparison of Emergence/Dysphoric Reaction Frequency of Using 2 Different Doses Ketamine,other,Sedation Complication,COMPLETED,OBSERVATIONAL,,Aksaray University Training and Research Hospital,ketamine,1,Turkey (Türkiye),2023-01-01,,,"Kamil Kokulu, M.D. (Aksaray UTRH)",no,no,https://clinicaltrials.gov/study/NCT05786365
NCT03273231,The Effect of Ketamine on Immune Function and Prognosis in Patients Undergoing Colorectal Cancer Resection,other,Colorectal Cancer,UNKNOWN,INTERVENTIONAL,NA,Yonsei University,ketamine,1,South Korea,2017-09-01,"Jin Sun Cho, MD",82-2-2228-5448,,no,no,https://clinicaltrials.gov/study/NCT03273231
NCT00595530,Low-Dose Ketamine Infusion for Children With Sickle Cell Disease-Related Pain,other,Sickle Cell Disease,TERMINATED,INTERVENTIONAL,PHASE2,Connecticut Children's Medical Center,ketamine,2,United States,2008-03-04,,,"William T Zempsky, MD (Connecticut Children's Medical Center)",yes,no,https://clinicaltrials.gov/study/NCT00595530
NCT02734602,Imaging SV2A in Mood Disorders,psychiatric,Major Depressive Disorder; Post-Traumatic Stress Disorder,ACTIVE_NOT_RECRUITING,INTERVENTIONAL,NA,Yale University,ketamine,1,United States,2016-04,,,"Irina Esterlis, PhD (Yale University)",no,no,https://clinicaltrials.gov/study/NCT02734602
NCT03658330,Naltrexone Plus Ketamine for the Rapid Treatment of Major Depressive Disorder and Alcohol Use Disorder,psychiatric,Major Depressive Disorder; Alcohol Use Disorder,COMPLETED,INTERVENTIONAL,PHASE2,VA Connecticut Healthcare System,ketamine,0,,2016-05,,,"Gihyun Yoon, MD (VA Connecticut Healthcare System)",no,,https://clinicaltrials.gov/study/NCT03658330
NCT01394406,"Effect of Ketamine Added to Intravenous Patient-controlled Analgesia on Postoperative Pain, Nausea and Vomiting in Patients Undergoing Lumbar Spinal Surgery",anesthesia_analgesia,Postoperative Nausea and Vomiting,COMPLETED,INTERVENTIONAL,PHASE4,Yonsei University,ketamine,1,South Korea,2010-01,,,,no,,https://clinicaltrials.gov/study/NCT01394406
NCT04365985,Study of Immunomodulation Using Naltrexone and Ketamine for COVID-19,other,COVID-19; Acute Respiratory Distress Syndrome; Severe Acute Respiratory Syndrome (SARS); Coronavirus Infections,TERMINATED,INTERVENTIONAL,PHASE2,Corewell Health East,ketamine,1,United States,2020-04-29,,,"Matthew Sims, MD PhD (Beaumont Health)",yes,no,https://clinicaltrials.gov/study/NCT04365985
NCT00611897,N-acetylcysteine and NMDA Antagonist Interactions,other,Cognitive Dysfunction,COMPLETED,INTERVENTIONAL,PHASE1|PHASE2,Yale University,ketamine,1,United States,2006-01,,,"Handan Gunduz-Bruce, M.D. (Yale University)",yes,,https://clinicaltrials.gov/study/NCT00611897
NCT06995690,Ketamine for Preventing Post-Spinal Hypotension in Orthopedic Surgery,anesthesia_analgesia,Post-spinal Hypotension; Orthopedic Surgery; Spinal Aneshtesia,RECRUITING,INTERVENTIONAL,NA,Ain Shams University,ketamine,1,Egypt,2025-06-01,"Amira G Abdelmoniem Abdalla, M.B.B.Ch.",+201277719693,"Reem H El Kabarity, M.D (Faculty of Medicine, Ain Shams University)",no,no,https://clinicaltrials.gov/study/NCT06995690
NCT07248384,The Efface of Ketamine vs. Lidocaine in the Management of Pain After Laparoscopic Cholecystectomy,anesthesia_analgesia,"Pain, Postoperative",COMPLETED,INTERVENTIONAL,PHASE1,Liaquat National Hospital & Medical College,ketamine,1,Pakistan,2023-07-15,,,"Mustafa Hussain Imam, Mbbs (Liaquat National Hospital)",no,no,https://clinicaltrials.gov/study/NCT07248384
NCT03788889,Alcohol Withdrawal Syndrome Treated With Adjunctive Phenobarbital or Ketamine,psychiatric,Alcohol Withdrawal Syndrome,WITHDRAWN,INTERVENTIONAL,PHASE4,Santa Barbara Cottage Hospital,ketamine,0,,2019-04-12,,,"Noah Stites-Hallet, MD (Santa Barbara Cottage Hospital)",no,no,https://clinicaltrials.gov/study/NCT03788889
NCT01371110,Intravenous Ketamine in the Treatment of Obsessive-Compulsive Disorder,psychiatric,Obsessive Compulsive Disorder,TERMINATED,INTERVENTIONAL,PHASE1|PHASE2,Wayne Goodman MD,ketamine,1,United States,2012-06,,,"Wayne K Goodman, MD (Baylor College of Medicine (previously Icahn School of Medicine at Mount Sinai)); Kyle Lapidus, MD ((previously Icahn School of Medicine at Mount Sinai))",yes,,https://clinicaltrials.gov/study/NCT01371110
NCT03152955,Postoperative Analgesia in Patients With Microvascular Decompression,anesthesia_analgesia,Trigeminal Neuralgia,UNKNOWN,INTERVENTIONAL,PHASE4,Xiangya Hospital of Central South University,ketamine,1,China,2017-05-15,,,Xie Yongqiu (Xiangya Hospital of Central South University in Changsha),no,undecided,https://clinicaltrials.gov/study/NCT03152955
NCT02734940,Multimodal Analgesia in Cardiac Surgery (Pilot Study),anesthesia_analgesia,Heart Diseases,TERMINATED,INTERVENTIONAL,PHASE4,Virginia Commonwealth University,ketamine,1,United States,2016-07-11,,,"Praveen Prasanna, MD (Virginia Commonwealth University)",yes,undecided,https://clinicaltrials.gov/study/NCT02734940
NCT03666390,Using a Low Dose of Ketamine vs. Active Placebo in Treating Severe Depression and Suicide,psychiatric,Major Depressive Disorder,UNKNOWN,INTERVENTIONAL,NA,"Taipei Veterans General Hospital, Taiwan",ketamine,1,Taiwan,2018-09-10,"Mu-Hong Chen, M.D.",886 -2- 28712121,"Mu-Hong Chen, M.D. (Taipei Veterans General Hospital, Taiwan)",no,undecided,https://clinicaltrials.gov/study/NCT03666390
NCT05915013,Alpha-Amino-3-Hydroxy-5-Methyl-4- Isoxazole Propionic Acid Receptor Components of the Anti-Depressant Ketamine Response,psychiatric,"Depressive Disorder, Major; Post Traumatic Stress Disorder",RECRUITING,INTERVENTIONAL,PHASE1,Yale University,ketamine,1,United States,2023-09-07,"Naomi Driesen, Ph.D.",203-508-7765,"John Krystal, MD (Yale University Medical School); Naomi R Driesen, Ph.D. (Yale University Medical School)",no,no,https://clinicaltrials.gov/study/NCT05915013
NCT05705726,Fascia Iliaca Block Versus Intravenous Dexmedetomidine and Ketamine for Positioning Fracture Femur,anesthesia_analgesia,Pain; Analgesia,UNKNOWN,INTERVENTIONAL,NA,Minia University,ketamine,1,Egypt,2023-02-11,"hassan m. hetta, lecturer",1010901114,"hassan m. hetta, lecturer (Minia University)",no,no,https://clinicaltrials.gov/study/NCT05705726
NCT01935115,Comparing Ketamine and Propofol Anesthesia for Electroconvulsive Therapy,anesthesia_analgesia,Treatment Resistant Depression,COMPLETED,INTERVENTIONAL,PHASE4,University of Saskatchewan,ketamine,1,Canada,2013-09,,,"Jonathan Gamble, MD (University of Saskatchewan)",no,no,https://clinicaltrials.gov/study/NCT01935115
NCT04199468,THC and Ketamine Effects in Humans: Relation to Neural Oscillations and Psychosis,other,Cannabis; Ketamine,COMPLETED,INTERVENTIONAL,PHASE1,Yale University,ketamine,1,United States,2019-09-24,,,"Rajiv Radhakrishnan, M.D. (Yale University)",no,,https://clinicaltrials.gov/study/NCT04199468
NCT02625181,Real-time Decision Support for Postoperative Nausea and Vomiting (PONV) Prophylaxis,anesthesia_analgesia,Postoperative Nausea and Vomiting,COMPLETED,INTERVENTIONAL,NA,Vanderbilt University,ketamine,1,United States,2016-07,,,"Jonathan P Wanderer, MD, MPhil (Vanderbilt University Medical Center, Division of Anesthesiology)",yes,no,https://clinicaltrials.gov/study/NCT02625181
NCT05360030,Mechanism of Analgesic Effect on Prolonged Continuous Theta Burst Stimulation,anesthesia_analgesia,Chronic Pain; rTMS,COMPLETED,INTERVENTIONAL,NA,"Second Affiliated Hospital, Zhejiang University, School of Medicine",ketamine,1,China,2022-05-14,,,"min yan, prof (The second affiliated hospital of Zhejiang University hangzhou)",no,no,https://clinicaltrials.gov/study/NCT05360030
NCT03043430,Intranasal Ketamine for Anxiolysis in Pediatric Emergency Department Patients,other,Anxiety; Pediatric ALL; Procedural Anxiety,TERMINATED,INTERVENTIONAL,PHASE4,Brooke Army Medical Center,ketamine,1,United States,2016-05,,,"Nadia M Pearson, MD (Faculty Physician)",no,no,https://clinicaltrials.gov/study/NCT03043430
NCT04048200,The Effect of Opioid Free Anesthesia in Bariatric Surgeries,anesthesia_analgesia,Adverse Effect of Drugs and Medicaments in Therapeutic Use; Adverse Effects in the Therapeutic Use of Anaesthetics,COMPLETED,INTERVENTIONAL,PHASE4,Tanta University,ketamine,1,Egypt,2019-09-01,,,"Sameh Ismaiel, M.D (Lecturer of Anesthesia and Intensive Care, Tanta University)",no,no,https://clinicaltrials.gov/study/NCT04048200
NCT00556387,Efficacy of Ketamine in Children With Severe Brain Injury for Brain Cell Protection,other,Traumatic Brain Injury,WITHDRAWN,INTERVENTIONAL,PHASE2,University of Arkansas,ketamine,0,,2008-12,,,"Muayyad Tailounie, MD (Arkansas Children's Hospital Research Institute)",no,,https://clinicaltrials.gov/study/NCT00556387
NCT06824532,Veteran's Perceptions of Ketamine-Assisted Psychotherapy for Depression and End-of-Life,psychiatric,Depression,RECRUITING,OBSERVATIONAL,,"Albany Research Institute, Inc.",ketamine,1,United States,2024-11-08,"Caitlin Holley, Ph.D.",518-626-5365,"Caitlin Holley, Ph.D. (Albany Research Institute, Inc.)",no,,https://clinicaltrials.gov/study/NCT06824532
NCT02235012,Cognitive Biases Under Ketamine,other,Healthy Subjects,COMPLETED,INTERVENTIONAL,NA,Centre Hospitalier St Anne,ketamine,1,France,2014-09-08,,,Raphaël GAILLARD (Centre Hospitalier St Anne),no,,https://clinicaltrials.gov/study/NCT02235012
NCT05718011,Prevention of Shivering After Spinal Anesthesia,anesthesia_analgesia,Postoperative Shivering,COMPLETED,INTERVENTIONAL,PHASE4,Pakistan Air Force (PAF) Hospital Islamabad,ketamine,1,Pakistan,2021-02-20,,,"ATIYA CHAUDHRY, MBBS (PAF Hospital Islamabad)",no,no,https://clinicaltrials.gov/study/NCT05718011
NCT06419985,Ketamine HCl Prolonged Release Oral Tablets for CRPS,other,Complex Regional Pain Syndromes,SUSPENDED,INTERVENTIONAL,PHASE2,University of Southern California,ketamine,1,United States,2027-01,,,"Steven Richeimer, MD (Keck Medical Center of USC)",no,no,https://clinicaltrials.gov/study/NCT06419985
NCT04399226,Dexmedetomidine-Propofol and Ketamine-Propofol During Upper Gastrointestinal System Sedation,anesthesia_analgesia,Anesthesia; Reaction,COMPLETED,OBSERVATIONAL,,Yuzuncu Yil University,ketamine,1,Turkey (Türkiye),2019-10-18,,,"Arzu Esen TEKELİ, MD (Yuzuncu Yil University)",no,undecided,https://clinicaltrials.gov/study/NCT04399226
NCT02129426,Comparison of Outcomes During MRI Sedation With Midazolam-dexmedetomidine Versus Ketamine-dexmedetomidine,anesthesia_analgesia,Sedation,TERMINATED,INTERVENTIONAL,NA,University of Louisville,ketamine,1,United States,2014-08,,,"John W. Berkenbosch, M.D. (University of Louisville)",yes,,https://clinicaltrials.gov/study/NCT02129426
NCT07410078,Comparative Assessment of Oral Premedication Regimens in Pediatric Ambulatory Surgery,anesthesia_analgesia,Pediatric Anesthesia; Premedication,RECRUITING,INTERVENTIONAL,NA,Diskapi Yildirim Beyazit Education and Research Hospital,ketamine,1,Turkey (Türkiye),2026-07-26,Elif Şule Özdemir Sezgi,00905059209638,,no,,https://clinicaltrials.gov/study/NCT07410078
NCT00680433,Ketamine as an Anaesthetic Agent in Electroconvulsive Therapy (ECT),other,Major Depressive Episode,COMPLETED,INTERVENTIONAL,PHASE4,"Northside Clinic, Australia",ketamine,1,Australia,2008-04,,,"Colleen K Loo, MB BS FRANZCP, MD (University of New South Wales)",no,,https://clinicaltrials.gov/study/NCT00680433
NCT01602185,Study of NMDA Antagonists and Neuropathic Pain,other,Neuropathic Pain,COMPLETED,INTERVENTIONAL,PHASE2,"University Hospital, Clermont-Ferrand",ketamine,1,France,2012-05,,,"Gisèle PICKERING (University Hospital, Clermont-Ferrand)",no,,https://clinicaltrials.gov/study/NCT01602185
NCT03156504,"The BIO-K Study: A Single-Arm, Open-Label, Biomarker Development Clinical Trial of Ketamine for Non-Psychotic Unipolar Major Depression and Bipolar I or II Depression.",psychiatric,Major Depression; Bipolar I Disorder; Bipolar II Disorder; Unipolar Depression,COMPLETED,INTERVENTIONAL,PHASE4,Mayo Clinic,ketamine,4,United States,2017-06-01,,,"Mark A Frye, MD (Mayo Clinic)",yes,no,https://clinicaltrials.gov/study/NCT03156504
NCT03086148,Ketamine and Postoperative Depressive Symptom-PASSION,psychiatric,Ketamine; Depressive Symptom; Neurosurgery; Perioperative Period,COMPLETED,INTERVENTIONAL,PHASE2|PHASE3,Beijing Tiantan Hospital,ketamine,1,China,2017-07-05,,,"Ruquan Han, M.D., Ph.D (Department of Anesthesiology, Beijing Tiantan Hospital)",no,,https://clinicaltrials.gov/study/NCT03086148
NCT06122948,Effect of Intranasal Midazolam Versus Ketamine Midazolam Combination as a Premedication on the Occurrence of Postoperative Respiratory Adverse Events,anesthesia_analgesia,Tonsillectomy; Adenoidectomy; Drug-Related Side Effects and Adverse Reaction,COMPLETED,INTERVENTIONAL,PHASE3,Kasr El Aini Hospital,ketamine,1,Egypt,2023-11-04,,,,no,no,https://clinicaltrials.gov/study/NCT06122948
NCT03721900,Ketamine for Major Depressive Disorder,psychiatric,Major Depressive Disorder,UNKNOWN,INTERVENTIONAL,PHASE1,"Shenox Pharmaceuticals, LLC",ketamine,3,United States,2018-12-28,,,"Mason Freeman, MD (Massachusetts General Hospital)",no,no,https://clinicaltrials.gov/study/NCT03721900
NCT01179009,Treatment Resistant Depression (Pilot),psychiatric,"Depressive Disorder, Treatment-Resistant",COMPLETED,INTERVENTIONAL,NA,Washington University School of Medicine,ketamine,1,United States,2012-04,,,"Eric Lenze, MD (Washington University School of Medicine); John W Newcomer, MD (Washington University School of Medicine)",yes,no,https://clinicaltrials.gov/study/NCT01179009
NCT04640636,IM Ketamine vs Midazolam for Suicidal ER Patients,psychiatric,"Depression, Unipolar; Depression, Bipolar; Suicidal Ideation",SUSPENDED,INTERVENTIONAL,PHASE4,New York State Psychiatric Institute,ketamine,1,United States,2021-02-09,,,"Michael Grunebaum, MD (New York State Psychiatric Institute/Columbia University Irving Medical Center)",no,yes,https://clinicaltrials.gov/study/NCT04640636
NCT05950711,Ketamine-Assisted Mindfulness-Based Cognitive Therapy for Depression: A Pilot Study,psychiatric,Major Depressive Disorder,ACTIVE_NOT_RECRUITING,INTERVENTIONAL,PHASE4,Ohio State University,ketamine,1,United States,2022-03-30,,,,no,no,https://clinicaltrials.gov/study/NCT05950711
NCT04997967,Ketofol Versus Propofol in Urgent ERCP for Acute Cholangitis,other,Conscious Sedation Failure During Procedure,UNKNOWN,INTERVENTIONAL,PHASE4,Assiut University,ketamine,1,Egypt,2020-07-01,"Haidi Ramadan, Phd",+201028186710,"Haidi Ramadan, PhD (faculty of medicine)",no,no,https://clinicaltrials.gov/study/NCT04997967
NCT05948267,The Effect of Ketamine - Dexmedetomidine Admixture (Ketodex) on Hemodynamic Stability During Anesthesia Induction in Adults.,anesthesia_analgesia,The Effect of Ketamine - Dexmedetomidine Admixture (Ketodex) on Hemodynamic Stability,COMPLETED,INTERVENTIONAL,PHASE4,Kasr El Aini Hospital,ketamine,2,Egypt,2023-05-25,,,,no,no,https://clinicaltrials.gov/study/NCT05948267
NCT01126957,Combined Ketamine/Propofol for Emergency Department Procedural Sedation,anesthesia_analgesia,Procedural Sedation and Analgesia,TERMINATED,INTERVENTIONAL,NA,University of Missouri-Columbia,ketamine,1,United States,2007-05,,,"Henry David, MD (University of Missouri-Columbia)",yes,undecided,https://clinicaltrials.gov/study/NCT01126957
NCT03470675,Postpartum Perineal Pain After Obstetric Anal Sphincter Injuries,other,Pain; Postpartum Depression,COMPLETED,INTERVENTIONAL,PHASE4,Northwestern University,ketamine,1,United States,2018-06-27,,,"Feyce Peralta, MD (Northwestern University)",yes,no,https://clinicaltrials.gov/study/NCT03470675
NCT03751423,Intravenous Ketamine for Pain Control During First Trimester Surgical Abortion,anesthesia_analgesia,Abortion in First Trimester,SUSPENDED,INTERVENTIONAL,PHASE3,Dr. Marie Eve Sophie Bussiere-Cote,ketamine,1,Canada,2019-06-10,,,"Sophie Bussiere-Cote, MD (Queen's University); Ashley Waddington, MD, MPA (Queen's University)",no,undecided,https://clinicaltrials.gov/study/NCT03751423
NCT06951802,Endometriosis and Pain Treatment by Intraoperative Administration of Low-dose Ketamine,other,Endometriosis,RECRUITING,INTERVENTIONAL,PHASE4,"Insel Gruppe AG, University Hospital Bern",ketamine,1,Switzerland,2024-12-03,"Christian Vetter, MD",+416343776,"Christian Vetter, MD (Dep. of Anaesthesiology and Pain Medicine, Inselsptial Bern)",no,no,https://clinicaltrials.gov/study/NCT06951802
NCT02518919,Procedural Sedation And Analgesia in Children in the Emergency Department: The Role of Adjunct Therapies,anesthesia_analgesia,Conscious Sedation,COMPLETED,INTERVENTIONAL,NA,Children's Hospital of Michigan,ketamine,1,United States,2015-10-01,,,,yes,,https://clinicaltrials.gov/study/NCT02518919
NCT06752759,Nebulized Ketamine for the Treatment of Major Depressive Disorder,psychiatric,"Severe Depression; Moderate Depression; Ketamine; Midazolam; Peripheral Nervous System Agents; Central Nervous System Agents; Neurotransmitter Agents; Physiologic Effects of Drugs; Sensory System Agents; Analgesics, Non-Narcotic; Anti-Inflammatory Agents, Non-Steroidal; Depressive Symptom; Hypnotics and Sedatives; Anti-anxiety Agents; Tranquilizing Agents; Psychotropic Drugs; Anesthetics Agent",RECRUITING,INTERVENTIONAL,PHASE3,"Theresa Jacob, PhD, MPH",ketamine,1,United States,2024-10-16,"Jessica Poster, MD",718-283-8170,"Theresa Jacob, PhD, MPH (Maimonides Medical Center)",no,,https://clinicaltrials.gov/study/NCT06752759
NCT01807429,Is Analgesic Effect of Low Dose Ketamine-midazolam the Same as Morphine,anesthesia_analgesia,Closed Multiple Fractures of Upper and Lower Limbs,COMPLETED,INTERVENTIONAL,PHASE2|PHASE3,Isfahan University of Medical Sciences,ketamine,0,,2012-12,,,"Omid Ahmadi, professor (Isfahan University of Medical Sciences)",no,,https://clinicaltrials.gov/study/NCT01807429
NCT07247370,Ketamine-Enhanced Therapy for Individuals With Alcohol Use Disorder and Depression: A Pilot Study (KET-DUAL),psychiatric,Alcohol Use Disorder (AUD); Major Depressive Disorder (MDD); Comorbidities and Coexisting Conditions,NOT_YET_RECRUITING,INTERVENTIONAL,PHASE1|PHASE2,South West Sydney Local Health District,ketamine,1,Australia,2025-12-10,"Kirsten C Morley, PhD",+61295153636,,no,no,https://clinicaltrials.gov/study/NCT07247370
NCT04955470,Ketamine Infusion for Rapid Reduction of Suicidality in Pediatrics,psychiatric,Suicidal Ideation,TERMINATED,INTERVENTIONAL,PHASE1|PHASE2,University of British Columbia,ketamine,1,Canada,2022-06-01,,,"Quynh Doan, PhD MHSc MD (University of British Columbia)",no,no,https://clinicaltrials.gov/study/NCT04955470
NCT00476151,A Study of the Efficacy and Safety of Amitriptyline/Ketamine Topical Cream in Patients With Diabetic Peripheral Neuropathy,other,Diabetic Peripheral Neuropathy; Neuralgia,COMPLETED,INTERVENTIONAL,PHASE2,EpiCept Corporation,ketamine,1,India,2007-07,,,"Robert H Dworkin, Ph.D. (University of Rochester)",yes,,https://clinicaltrials.gov/study/NCT00476151
NCT02967640,"Does Subacromial Injection With Glutamate Receptor Antagonist, Ketamine, Attenuate Pain in Rotator Cuff Tendinopathy?",other,Rotator Cuff Tendinitis; Chronic Pain,COMPLETED,INTERVENTIONAL,PHASE2|PHASE3,Helse Møre og Romsdal HF,ketamine,1,Norway,2018-05-30,,,"Oystein B Lian, md phd (Helse Nord-Trøndelag HF)",no,no,https://clinicaltrials.gov/study/NCT02967640
NCT01809340,The Effect of Minocycline on Relapse After Successful Intravenous Ketamine/Minocycline-induced Symptoms Response in Subjects With Depression,psychiatric,Depressive Disorder,TERMINATED,INTERVENTIONAL,PHASE2,"Janssen Research & Development, LLC",ketamine,12,Belgium; France; Netherlands; Spain,2013-06,,,"Janssen Research & Development, LLC Clinical Trial (Janssen Research & Development, LLC)",no,,https://clinicaltrials.gov/study/NCT01809340
NCT05097118,Surgical Site Infiltration Using Ketamine Versus Bupivacaine for Analgesia in Post-operative Appendectomy Operation,anesthesia_analgesia,Appendicitis Acute,COMPLETED,INTERVENTIONAL,EARLY_PHASE1,Sohag University,ketamine,1,Egypt,2021-09-01,,,,no,undecided,https://clinicaltrials.gov/study/NCT05097118
NCT06879496,"Comparison of Oral Dexmedetomidine, Ketamine Versus Midazolam for Premedication in Children Undergoing Injuinal Surgeries",other,Pediatric; Anesthesia,COMPLETED,INTERVENTIONAL,NA,Tanta University,ketamine,1,Egypt,2025-03-10,,,,no,undecided,https://clinicaltrials.gov/study/NCT06879496
NCT05474183,The Role of Ketamine and Dexmedetomidine in Opioid-Sparing Analgesia,anesthesia_analgesia,Ketamine-Induced Mood Disorder,COMPLETED,INTERVENTIONAL,NA,Fayoum University Hospital,ketamine,1,Egypt,2022-08-05,,,,no,no,https://clinicaltrials.gov/study/NCT05474183
NCT07443254,Prospective IR-led Sedation Feasibility,anesthesia_analgesia,Anesthesia; Sedation and Analgesia; Interventional Radiology,RECRUITING,INTERVENTIONAL,PHASE1|PHASE2,CAMC Health System,ketamine,1,United States,2026-03-02,"Amy R Deipolyi, M.D., Ph.D.",304-388-8199,"Amy R Deipolyi, M.D., Ph.D. (CAMC Department of Interventional Radiology)",no,no,https://clinicaltrials.gov/study/NCT07443254
NCT02402868,Intranasal Versus Intravenous Ketamine for Procedural Sedation in Children,anesthesia_analgesia,Bone Fractures,COMPLETED,INTERVENTIONAL,PHASE3,London Health Sciences Centre Research Institute OR Lawson Research Institute of St. Joseph's,ketamine,1,Canada,2016-01,,,"Naveen Poonai, MD (Western University)",no,no,https://clinicaltrials.gov/study/NCT02402868
NCT04538573,Virtual Reality MObility for Burn Patients,other,Pediatric Burns,UNKNOWN,INTERVENTIONAL,NA,St. Justine's Hospital,ketamine,1,Canada,2022-05-27,"Sylvie Le May, PhD",514-345-4931,"Sylvie Le May, PhD (St. Justine's Hospital)",no,no,https://clinicaltrials.gov/study/NCT04538573
NCT05314569,Cardioprotective Effect of Ketamine-dexmeditomidine Versus Fentanyl-midazolam in Open Heart Surgery in Pediatrics,anesthesia_analgesia,Anesthesia,COMPLETED,INTERVENTIONAL,PHASE1,Cairo University,ketamine,1,Egypt,2022-04-15,,,"Amany H Saleh, MD (Cairo University)",no,,https://clinicaltrials.gov/study/NCT05314569
NCT04892251,Ketamine Assisted Psychotherapy for Opioid Use Disorder,psychiatric,Opioid-use Disorder,RECRUITING,INTERVENTIONAL,PHASE1|PHASE2,University of Utah,ketamine,1,United States,2021-05-20,Research Coordinator,801-581-3826,Eric L Garland (University of Utah),no,no,https://clinicaltrials.gov/study/NCT04892251
NCT05137574,Importance of Integrated Pulmonary Index in Pediatric Endoscopy,anesthesia_analgesia,Monitored Anesthesia Care; Respiratory Monitoring,COMPLETED,INTERVENTIONAL,NA,Marmara University,ketamine,1,Turkey (Türkiye),2021-05-10,,,Ruslan Abdullayev (Marmara University Department of Anesthesiology and Reanimation),no,no,https://clinicaltrials.gov/study/NCT05137574
NCT01669642,Study to Find the Dose of Rapidly Administered Ketamine for Brief Painful Procedures in Children,other,Abscess; Fracture,COMPLETED,INTERVENTIONAL,NA,Washington University School of Medicine,ketamine,1,United States,2012-04,,,"sri s chinta, MD (Washington University School of Medicine)",yes,,https://clinicaltrials.gov/study/NCT01669642
NCT01479751,Comparison of Methods to Facilitate Rapid Sequence Intubation,anesthesia_analgesia,Intubating Condition,COMPLETED,INTERVENTIONAL,NA,Seoul National University Bundang Hospital,ketamine,1,South Korea,2011-11,,,"Mihyun Kim, doctor (Seoul National University Bundang Hospital)",no,,https://clinicaltrials.gov/study/NCT01479751
NCT00611572,GABA-glutamate Interactions and Psychosis,other,Cognitive Dysfunction,COMPLETED,INTERVENTIONAL,PHASE1,Yale University,ketamine,1,United States,2007-01,,,"Mohini Ranganathan, M.D. (Yale School of Medicine, Associate Professor)",no,,https://clinicaltrials.gov/study/NCT00611572
NCT07614581,Intra-Sessional Autonomic Arc Detection in Ketamine-Assisted Therapy for PTSD: A Signal Characterisation Pilot Study,psychiatric,Post-Traumatic Stress Disorder,NOT_YET_RECRUITING,OBSERVATIONAL,,Adriaan Dirk van der Wart,ketamine,1,Canada,2026-07-15,,,,no,no,https://clinicaltrials.gov/study/NCT07614581
NCT00834730,Comparison of N2O Inhalation and Ketamine in Pediatric PSA,other,Moderate Sedation; Laceration,COMPLETED,INTERVENTIONAL,PHASE4,Seoul National University Hospital,ketamine,1,South Korea,2009-01,,,"Jin Hee Lee, Professor (Seoul National University Bundang Hospital)",no,,https://clinicaltrials.gov/study/NCT00834730
NCT04108234,A Study of HR071603(Ketamine Nasal Spray) in Healthy Subjects,other,Depression,COMPLETED,INTERVENTIONAL,PHASE1,"Jiangsu HengRui Medicine Co., Ltd.",ketamine,1,China,2019-10-24,,,,no,undecided,https://clinicaltrials.gov/study/NCT04108234
NCT02782429,The Role of Ketamine in Preventing Cognitive Dysfunctions in Postoperative Period of Cardiac Surgery,anesthesia_analgesia,Delirium; Inflammation; Cognitive Disorders; Amnestic; Dementia,UNKNOWN,INTERVENTIONAL,PHASE4,Flavia orange,ketamine,1,Brazil,2016-04,"Rebeca GA Andrade, master",+55 81 988043844,"Rebeca GA Andrade, master (Instituto de Medicina Integral Prof Fernando Figueira)",no,,https://clinicaltrials.gov/study/NCT02782429
NCT00899600,Intra-operative Ketamine Infusions in Opioid-dependent Patients With Chronic Lower Back Pain,other,Chronic Low Back Pain,COMPLETED,INTERVENTIONAL,NA,Dartmouth-Hitchcock Medical Center,ketamine,1,United States,2007-02,,,"Jeffrey A Clark, MD (DHMC)",yes,,https://clinicaltrials.gov/study/NCT00899600
NCT02867930,Comparative Effects of Dexmedetomidine and Ketofol for Sedation in Patients Undergoing Trans-esophageal Echocardiography,anesthesia_analgesia,"Heart Valve Disease; Heart Septal Defects, Atrial",COMPLETED,INTERVENTIONAL,PHASE4,"Post Graduate Institute of Medical Education and Research, Chandigarh",ketamine,1,India,2016-06,,,"Sruthi Sankar (Post Graduate Institute of Medical Education and Research, Chandigarh)",no,undecided,https://clinicaltrials.gov/study/NCT02867930
NCT05046184,Elucidating the Neurocircuitry of Irritability With High-Field Neuroimaging to Identify Novel Therapeutic Targets,other,Major Depressive Disorder; Healthy Controls,COMPLETED,INTERVENTIONAL,PHASE2,University of Texas Southwestern Medical Center,ketamine,1,United States,2022-05-05,,,,no,,https://clinicaltrials.gov/study/NCT05046184
NCT02969733,The Interest of the Xylocaine® and Ketamine on the Management of Acute and Chronic Ain After Colectomy by Laparoscopy,anesthesia_analgesia,"Pain, Postoperative",COMPLETED,INTERVENTIONAL,PHASE2|PHASE3,"University Hospital, Lille",ketamine,1,France,2011-01,,,"Gilles Lebuffe, MD, PhD (University Hospital, Lille)",no,no,https://clinicaltrials.gov/study/NCT02969733
NCT07482709,Comparison Between Tranversus Abdominis Plane (TAP) Block With Only Bupivacaine and TAP Block With Bupivacaine Plus Ketamine in Reducing Postoperative Pain After Total Abdominal Hystrectomy,anesthesia_analgesia,Post Operative Pain in Total Abdominal Hystrectomy,RECRUITING,INTERVENTIONAL,PHASE1|PHASE2,Liaquat National Hospital & Medical College,ketamine,1,Pakistan,2025-11-01,,,,no,,https://clinicaltrials.gov/study/NCT07482709
NCT06464393,Opioid-based Versus Opioid-free Endotracheal Intubation,anesthesia_analgesia,Anesthesia; Anesthesia Intubation; Opioid Use; Analgesic Non-narcotic; Fentanyl,COMPLETED,INTERVENTIONAL,NA,Aretaieion University Hospital,ketamine,1,Greece,2024-03-20,,,"KASSIANI THEODORAKI, PhD, DESA (Aretaieion University Hospital, National and Kapodistrian University of Athens, Greece)",no,no,https://clinicaltrials.gov/study/NCT06464393
NCT07429916,Ketamine for Shoulder Pain Following Laparoscopic Gastric Sleeve Surgery,anesthesia_analgesia,Pain Management; Laparascopic Sleeve Gastrectomy,RECRUITING,INTERVENTIONAL,EARLY_PHASE1,King Abdullah University Hospital,ketamine,1,Jordan,2026-01-01,Anas Alrusan,+962797015888,,no,no,https://clinicaltrials.gov/study/NCT07429916
NCT01325493,Low Dose Ketamine Study on Opioid Tolerance and Hyperalgesia,other,Idiopathic Scoliosis; Spondylolisthesis,COMPLETED,INTERVENTIONAL,PHASE4,Julia Finkel,ketamine,1,United States,2010-01,,,"Pestieau Sophie, MD (Children's National Research Institute); Finkel C Julie, MD (Children's National Research Institute)",yes,,https://clinicaltrials.gov/study/NCT01325493
NCT02544607,Ketamine for Depression: An MRI Study,psychiatric,Depression; Anxious Depression; Major Depressive Disorder,COMPLETED,INTERVENTIONAL,PHASE4,Massachusetts General Hospital,ketamine,1,United States,2016-03,,,"Cristina Cusin, M.D. (MGH)",yes,no,https://clinicaltrials.gov/study/NCT02544607
NCT06788249,Pilot Study: Establishing Glutamatergic Changes in Rapid Antidepressant Effects of Ketamine,psychiatric,Major Depressive Disorder (MDD),RECRUITING,INTERVENTIONAL,EARLY_PHASE1,University of Pennsylvania,ketamine,1,United States,2026-04-01,Isabel Koh,215-573-6173,"Jennifer R Goldschmied, PhD (University of Pennsylvania)",no,no,https://clinicaltrials.gov/study/NCT06788249
NCT03959852,Sub-Dissociative Ketamine and Fentanyl to Treat Moderate to Severe Pain,other,"Pain, Acute",TERMINATED,INTERVENTIONAL,PHASE4,Mercy Health Ohio,ketamine,1,United States,2019-11-18,,,David Gemmel (Director of Research),no,,https://clinicaltrials.gov/study/NCT03959852
NCT04016740,The PATHFINDER Study: A Feasibility Trial,other,Coronary Artery Disease; Delirium,COMPLETED,INTERVENTIONAL,EARLY_PHASE1,Beth Israel Deaconess Medical Center,ketamine,1,United States,2019-08-20,,,"Balachundhar Subramaniam, MD, MPH (Beth Israel Deaconess Medical Center)",no,no,https://clinicaltrials.gov/study/NCT04016740
NCT04725747,Exploring Sedation Types During Cataract Surgery,anesthesia_analgesia,Vital Signs,COMPLETED,OBSERVATIONAL,,Vance Thompson Vision,ketamine,2,United States,2021-01-25,,,"John Berdahl, MD (Vance Thompson Vision Clinic Prof. LLC)",no,no,https://clinicaltrials.gov/study/NCT04725747
NCT02012335,Ketamine Use in Electroconvulsive Therapy,other,Depression,WITHDRAWN,INTERVENTIONAL,NA,Hospital de Clinicas de Porto Alegre,ketamine,1,Brazil,2014-01,,,,no,,https://clinicaltrials.gov/study/NCT02012335
NCT01920555,"Double-Blind, Placebo-Controlled Trial of Ketamine Therapy in Treatment-Resistant Depression (TRD)",psychiatric,Treatment Resistant Depression,COMPLETED,INTERVENTIONAL,PHASE2,Massachusetts General Hospital,ketamine,6,United States,2014-12,,,"Maurizio Fava, MD (Massachusetts General Hospital)",yes,,https://clinicaltrials.gov/study/NCT01920555
NCT04322968,Ketamine Infusion for Comorbid PTSD and Chronic Pain,psychiatric,PTSD; Chronic Pain,COMPLETED,INTERVENTIONAL,PHASE3,VA Ann Arbor Healthcare System,ketamine,1,United States,2018-01-09,,,,yes,no,https://clinicaltrials.gov/study/NCT04322968
NCT02487485,Examining the Impact of Sirolimus on Ketamine's Antidepressant Effects,psychiatric,Depression,COMPLETED,INTERVENTIONAL,PHASE2,Yale University,ketamine,2,United States,2016-03,,,"Chadi Abdallah, MD (Yale University)",yes,no,https://clinicaltrials.gov/study/NCT02487485
NCT05320991,Effects of Ketamine on Mentalizing and Metacognition in Healthy Volunteers,psychiatric,Ketamine-Induced Psychotic Disorder; Social Cognition; Theory of Mind,COMPLETED,INTERVENTIONAL,PHASE4,"University Hospital, Bonn",ketamine,1,Germany,2019-06-15,,,,no,no,https://clinicaltrials.gov/study/NCT05320991
NCT03466242,IN Dexmedetomidine for Procedural Sedation in Pediatric Closed Reductions for Distal Forearm Fractures,anesthesia_analgesia,Conscious Sedation; Distal Radius Fracture,WITHDRAWN,INTERVENTIONAL,EARLY_PHASE1,Phoenix Children's Hospital,ketamine,1,United States,2017-01-01,,,"Zebulon Timmons, MD (Phoenix Children's Hospital)",no,undecided,https://clinicaltrials.gov/study/NCT03466242
NCT07800845,Remifentanil vs Fentanyl in Children 7-12 After Urologic Surgery: Emergence Delirium and Recovery Quality,anesthesia_analgesia,Emergence Delirium; Emergence Agitation; Anesthesia Recovery Period; Postoperative Complications; Urologic Surgical Procedures,NOT_YET_RECRUITING,INTERVENTIONAL,PHASE4,Konya City Hospital,ketamine,1,Turkey (Türkiye),2026-09-05,Yasin Tire,05055367970,,no,,https://clinicaltrials.gov/study/NCT07800845
NCT01349231,Ketamine Infusion for Obsessive-Compulsive Disorder,psychiatric,Obsessive-compulsive Disorder,COMPLETED,INTERVENTIONAL,PHASE2,Yale University,ketamine,1,United States,2009-02,,,"Michael H Bloch, MD, MS (Yale University)",yes,,https://clinicaltrials.gov/study/NCT01349231
NCT06010056,PCA Ketamine-Morphine VS PCA Morphine as Post-Operative Analgesia in Colorectal Surgery.,anesthesia_analgesia,Ketamine; Morphine,COMPLETED,INTERVENTIONAL,PHASE4,National University of Malaysia,ketamine,1,Malaysia,2018-04-05,,,"Yong C Liu, MMed (Anaes) (Universiti Kebangsaan Malaysia Medical Centre)",no,no,https://clinicaltrials.gov/study/NCT06010056
NCT02801292,Ketamine as an Adjuvant Therapy for Acute Vaso Occlusive Crisis in Pediatric Patients With Sickle Cell Disease,other,Sickle Cell Disease,UNKNOWN,INTERVENTIONAL,PHASE3,Augusta University,ketamine,0,,2016-07,"George Hsu, MD",404-556-7250,"George Hsu, MD (Augusta University)",no,no,https://clinicaltrials.gov/study/NCT02801292
NCT02620371,Efficacy of Ketamine Added to Local Anesthetic in Modified Pectoral Block for Management of Postoperative Pain,anesthesia_analgesia,Breast Cancer,COMPLETED,INTERVENTIONAL,PHASE3,Assiut University,ketamine,1,Egypt,2015-09,,,UNVERSITY (ASSUIT),no,,https://clinicaltrials.gov/study/NCT02620371
NCT04592809,Ketamine Versus Midazolam for Recurrence of Suicidality in Adolescents,psychiatric,"Suicide, Attempted; Suicide and Depression; Suicide Threat",COMPLETED,INTERVENTIONAL,PHASE3,University of Texas Southwestern Medical Center,ketamine,1,United States,2022-10-03,,,"Madhukar Trivedi, MD (University of Texas Southwestern Medical Center)",no,no,https://clinicaltrials.gov/study/NCT04592809
NCT00229567,Intra-op Lidocaine and Ketamine Effect on Postoperative Bowel Function,anesthesia_analgesia,Colorectal Cancer,TERMINATED,INTERVENTIONAL,NA,University of Saskatchewan,ketamine,1,Canada,2005-09,,,"William PS McKay, MD (University of Saskatchewan)",no,,https://clinicaltrials.gov/study/NCT00229567
NCT05775393,Effects of Adding Dexamethasone Plus Ketamine to Bupivacine in Serrtatus Plane Block,other,Post Operative Pain,UNKNOWN,INTERVENTIONAL,NA,"National Cancer Institute, Egypt",ketamine,1,Egypt,2022-02-20,Ahmed Fakher,+201097419966,,no,,https://clinicaltrials.gov/study/NCT05775393
NCT03511833,Comparison of Treatment by IN Ketamine to IV Morphine in Acute Pain,other,Acute Traumatic Pain,UNKNOWN,INTERVENTIONAL,PHASE3,Tel-Aviv Sourasky Medical Center,ketamine,1,Israel,2019-12,"Pinchas Halpern, MD",+97236973829,,no,yes,https://clinicaltrials.gov/study/NCT03511833
NCT02708849,The Sustained Effects of Ketamine,other,Mental Disorders,TERMINATED,INTERVENTIONAL,PHASE1,Yale University,ketamine,1,United States,2015-06,,,"Chadi Abdallah, MD (Yale University)",yes,,https://clinicaltrials.gov/study/NCT02708849
NCT02154438,The Effect of Ketamine Infusion on Lumbar Surgery,anesthesia_analgesia,Chronic Low Back Pain,UNKNOWN,INTERVENTIONAL,PHASE4,Yonsei University,ketamine,1,South Korea,2014-05,"Kyung Hyun Kim, MD",82-02-2019-3401,"Kyung Hyun Kim, MD (Department of Neurosurgery, The Spine and Spinal Cord Institute, Gangnam Severance Spine Hospital)",no,,https://clinicaltrials.gov/study/NCT02154438
NCT05719506,A Comparative Evaluation of Nebulized Dexmedetomidine and Nebulized Ketamine as a Premedication in Pediatric Surgeries,other,Anesthesia Refusal,COMPLETED,INTERVENTIONAL,PHASE4,Tanta University,ketamine,2,Egypt,2021-07-21,,,,no,no,https://clinicaltrials.gov/study/NCT05719506
NCT02525978,Heart Rate Variability in Depression,psychiatric,Major Depressive Disorder,COMPLETED,INTERVENTIONAL,NA,Emory University,ketamine,3,United States,2015-07,,,"Andrea Crowell, MD (Emory University)",no,,https://clinicaltrials.gov/study/NCT02525978
NCT07768618,Electrophysiologic Mechanisms of Ketamine Antidepressant Response,psychiatric,Epilepsy; Depressive Symptoms,NOT_YET_RECRUITING,INTERVENTIONAL,PHASE2,Emory University,ketamine,1,United States,2026-12,"Carl Hacker, MD, PhD",404-778-5770,"Carl Hacker, MD, PhD (Emory University)",no,yes,https://clinicaltrials.gov/study/NCT07768618
NCT00490997,Ketamine/Propofol vs Ketamine Alone for Pediatric Fracture Reduction,anesthesia_analgesia,Fractures,COMPLETED,INTERVENTIONAL,PHASE4,London Health Sciences Centre Research Institute OR Lawson Research Institute of St. Joseph's,ketamine,1,Canada,2007-06,,,"Amit P Shah, MD FCFP(EM) (Western University, Canada); Greg Mosdossy, MD, FRCPC (Western University, Canada)",no,,https://clinicaltrials.gov/study/NCT00490997
NCT00947791,Treatment Study of Bipolar Depression,psychiatric,Bipolar Disorder,TERMINATED,INTERVENTIONAL,PHASE4,Icahn School of Medicine at Mount Sinai,ketamine,1,United States,2009-07,,,"James W Murrough, MD (Icahn School of Medicine at Mount Sinai)",yes,,https://clinicaltrials.gov/study/NCT00947791
NCT02336308,"A Randomized, Double-Blind Study of Placebo vs. Ketamine For Use During Dressing Changes in Critically Ill Burn Patients",other,Thermal Hyperalgesia; Anxiety; Pain,WITHDRAWN,INTERVENTIONAL,PHASE4,"University of Colorado, Denver",ketamine,1,United States,2015-01,,,"Robert MacLaren, PharmD, MPH (University of Colorado, Denver)",no,,https://clinicaltrials.gov/study/NCT02336308
NCT01868425,ACL Repair and Multimodal Analgesia,anesthesia_analgesia,Pain,COMPLETED,INTERVENTIONAL,PHASE4,"University of Wisconsin, Madison",ketamine,1,United States,2013-04,,,"John A Shepler (University of Wisconsin, Madison)",yes,no,https://clinicaltrials.gov/study/NCT01868425
NCT00618423,The Effect of Perioperative Ketamine on Acute and Chronic Pain After Major Back Surgery,anesthesia_analgesia,Postoperative Pain,COMPLETED,INTERVENTIONAL,PHASE2,"University Hospital, Geneva",ketamine,1,Switzerland,2007-10,,,"Martin Tramèr, Prof, MD, PhD (anesthesia department); Christoph A Czarnetzki, MD, MBA (anesthesia department)",no,,https://clinicaltrials.gov/study/NCT00618423
NCT06331182,Dexmedetomidine and Ketamine as an Adjuvant in External Oblique Intercostal Plane Block for Post Thoracotomy Pain,other,Dexmedetomidine; Ketamine; External Oblique Intercostal Plane Block; Post Thoracotomy Pain,COMPLETED,INTERVENTIONAL,NA,Tanta University,ketamine,1,Egypt,2024-03-26,,,"Mohammed S Elsharkawy, MD (Tanta University)",no,yes,https://clinicaltrials.gov/study/NCT06331182
NCT00858624,Neurophysiology and Pharmacology of Cough Reflex Hypersensitivity,other,Chronic Cough,COMPLETED,INTERVENTIONAL,NA,Jacky Smith,ketamine,1,United Kingdom,2008-02,,,,no,,https://clinicaltrials.gov/study/NCT00858624
NCT05344625,Ketamine-Assisted PsychoTherapy ViAbility in Treating Cancer-related Emotional Distress,other,Cancer-related Problem/Condition; Depressive Symptoms; Anxiety Disorders,WITHDRAWN,INTERVENTIONAL,EARLY_PHASE1,Northwell Health,ketamine,0,,2023-10-31,,,,no,no,https://clinicaltrials.gov/study/NCT05344625
NCT01169025,Fentanyl vs. Low-Dose Ketamine for the Relief of Moderate to Severe Pain in Aeromedical Patients,other,Trauma; Pain,WITHDRAWN,INTERVENTIONAL,NA,University of Utah,ketamine,1,United States,2012-09,,,"Scott T Youngquist, MD, MS (University of Utah)",no,,https://clinicaltrials.gov/study/NCT01169025
NCT05209217,Open Study of the Neurobiological Effects of Intranasal Ketamine in Children and Adults With Bipolar Disorder,psychiatric,Bipolar Disorder,UNKNOWN,OBSERVATIONAL,,Mclean Hospital,ketamine,1,United States,2019-06-04,"Elizabeth A Bolger, MA",617-855-2964,"Martin H Teicher, MD, PhD (Mclean Hospital)",no,no,https://clinicaltrials.gov/study/NCT05209217
NCT04897750,Pharmacokinetic Study of Intranasal CT001 in Children 1-17 Years of Age Undergoing Elective Surgical Procedures,anesthesia_analgesia,Analgesia,COMPLETED,INTERVENTIONAL,PHASE2,Cessatech A/S,ketamine,1,Denmark,2021-08-19,,,"Volker Classen, MD (Department of Anaesthesiology, The Juliane Marie Centre Copenhagen University Hospital)",no,no,https://clinicaltrials.gov/study/NCT04897750
NCT07305883,Comparison of Intranasal Ketorolac and Intranasal Ketamine in Digital Nerve Block Pain,anesthesia_analgesia,Pain; Digital Block,NOT_YET_RECRUITING,INTERVENTIONAL,PHASE3,Tehran University of Medical Sciences,ketamine,0,,2025-12-28,"Hadi Mirfazaelian, MD",00982161192240,Hadi Mirfazaelian (Tehran University of Medical Sciences),no,no,https://clinicaltrials.gov/study/NCT07305883
NCT05312541,A Comparative Study Between Analgesic Effect of Opioid Free and Opioid Based Anesthesia in Radical Nephrectomy Surgery,anesthesia_analgesia,Opioid Free Anesthesia,UNKNOWN,INTERVENTIONAL,NA,Kasr El Aini Hospital,ketamine,1,Egypt,2022-04-10,"Ahmed nabih, lecturer",01002773488,"Heba ismail, professor (Anesthesia department , Cairo university)",no,no,https://clinicaltrials.gov/study/NCT05312541
NCT04216888,Biomarkers of Response to Ketamine in Depression: MRI and Blood Assays Before and After Open Label Intranasal Ketamine,psychiatric,"Depressive Disorder, Treatment-Resistant",COMPLETED,INTERVENTIONAL,PHASE2|PHASE3,Dan Iosifescu,ketamine,1,United States,2019-06-26,,,"Dan Iosifescu, MD, MSc (Nathan Kline Institute)",no,no,https://clinicaltrials.gov/study/NCT04216888
NCT04274361,Ketamine for Pain Control After Severe Traumatic Injury,psychiatric,Hospital Inpatient Trauma Injury; Pain Management,COMPLETED,INTERVENTIONAL,NA,Medical College of Wisconsin,ketamine,1,United States,2021-01-20,,,"Thomas Carver, MD (Medical College of WI)",no,no,https://clinicaltrials.gov/study/NCT04274361
NCT04173962,Effect of Ketamine on Laboratory-induced Stress in Healthy Subjects,other,Healthy Volunteers,COMPLETED,INTERVENTIONAL,PHASE2,Icahn School of Medicine at Mount Sinai,ketamine,1,United States,2019-08-08,,,"James Murrough, MD, PhD (Icahn School of Medicine at Mount Sinai)",yes,no,https://clinicaltrials.gov/study/NCT04173962
NCT01404442,Evaluation of the Analgesic Effect of Midazolam and Ketamine as an Additive to Intrathecal Bupivacaine in Patients Undergoing Cesarean Section,anesthesia_analgesia,Post Operative Pain,COMPLETED,INTERVENTIONAL,PHASE1|PHASE2,Qazvin University Of Medical Sciences,ketamine,1,Iran,2011-05,,,Marzieh Beigom Khezri (Qazvin medical science university),no,,https://clinicaltrials.gov/study/NCT01404442
NCT05536362,Propofol With Clonidine and Ketamine Throughout Colon Cancer Surgery,anesthesia_analgesia,Colon Cancer; Post Operative Pain,COMPLETED,INTERVENTIONAL,PHASE1,Egymedicalpedia,ketamine,1,Egypt,2021-02-01,,,"Nirvana Elshalakany, Professor (Department of Anesthesia and I.C.U. faculty of Medicine October six university, Egypt)",no,,https://clinicaltrials.gov/study/NCT05536362
NCT05105061,Intramuscular Ketamine for Suicidal Ideation,psychiatric,Suicidal Ideation,WITHDRAWN,INTERVENTIONAL,PHASE2,Icahn School of Medicine at Mount Sinai,ketamine,1,United States,2022-02,,,Matthew Klein (Icahn School of Medicine at Mount Sinai),no,yes,https://clinicaltrials.gov/study/NCT05105061
NCT06832683,Efficacy of Propofol-Ketamine and Sevoflurane in Children Undergoing Magnetic Resonance Imaging,other,Recovery Period; Hypoxemia; Patient Safety,COMPLETED,INTERVENTIONAL,NA,Kocaeli City Hospital,ketamine,1,Turkey (Türkiye),2025-06-19,,,"Bedirhan Günel, MD (Kocaeli City Hospital)",no,no,https://clinicaltrials.gov/study/NCT06832683
NCT03124680,Opioid Free Anesthesia and Continuous Post-operative Pulse Oximetry Monitoring in the Obese Patient,anesthesia_analgesia,Anesthesia,COMPLETED,INTERVENTIONAL,NA,Université Libre de Bruxelles,ketamine,1,Belgium,2017-04-20,,,,no,undecided,https://clinicaltrials.gov/study/NCT03124680
NCT04716296,Ketamine in Deep Brain Stimulation (DBS) Surgery,anesthesia_analgesia,Deep Brain Stimulation,COMPLETED,INTERVENTIONAL,NA,Rabin Medical Center,ketamine,1,Israel,2021-01-01,,,"Idit O Tamir, MD (Rabin Medical Center)",no,,https://clinicaltrials.gov/study/NCT04716296
NCT02866396,Impact of Pregabalin in Chronic Users vs. a Perioperative Limited Prescription on Oxycodone Requirement,anesthesia_analgesia,Postoperative Pain; Neuropathic Pain,COMPLETED,OBSERVATIONAL,,"Christophe Aveline, MD",ketamine,1,France,2016-09,,,"Hélène Beloeil, MD, PhD (Rennes University Hospital); Christophe Aveline, MD (Private Hospital Sevigne)",no,no,https://clinicaltrials.gov/study/NCT02866396
NCT05717361,Opioid Sparing Anesthesia in Cervical Spine Surgery,anesthesia_analgesia,"Pain, Postoperative; Pain, Acute; Pain, Chronic; Pain, Nociceptive; Ketamine; Lidocaine; Analgesia; Analgesics; Cervical Spine Surgery",UNKNOWN,INTERVENTIONAL,NA,Evangelismos Hospital,ketamine,1,Greece,2022-11-01,"Kassiani Theodoraki, PhD, DESA",+306974634162,"Kassiani Theodoraki (Aretaieion University Hospital, Athens, Greece)",no,,https://clinicaltrials.gov/study/NCT05717361
NCT03067974,Intranasal Ketamine for Pediatric Procedural Sedation: a Feasibility Study,anesthesia_analgesia,Failed Moderate Sedation During Procedure; Ketamine Adverse Reaction,TERMINATED,INTERVENTIONAL,EARLY_PHASE1,University of Arizona,ketamine,1,United States,2017-09-21,,,"Vivienne Ng, MD, MPH (University of Arizona)",no,no,https://clinicaltrials.gov/study/NCT03067974
NCT04220489,Perioperative Ketamine in Opioid-Tolerant Patients Undergoing Lumbar Spine Surgery,anesthesia_analgesia,Opioid Dependence; Chronic Pain,TERMINATED,INTERVENTIONAL,PHASE2,Jacques E. Chelly,ketamine,1,United States,2019-12-17,,,"Jacques E Chelly, MD (University of Pittsburgh)",yes,no,https://clinicaltrials.gov/study/NCT04220489
NCT02577250,Ketamine Infusions for PTSD and Treatment-Resistant Depression,psychiatric,"Depressive Disorder, Treatment-Resistant; Stress Disorders, Post-Traumatic",COMPLETED,INTERVENTIONAL,PHASE1,Minneapolis Veterans Affairs Medical Center,ketamine,1,United States,2015-05,,,"Paulo Shiroma, MD (Minneapolis Veterans Affairs Medical Center); Cristina S Albott, MD,MA (Minneapolis Veterans Affairs Medical Center)",no,,https://clinicaltrials.gov/study/NCT02577250
NCT05696691,Ketamine & Crisis Response Plan for Suicidal Ideation in the ED,psychiatric,Suicide,RECRUITING,INTERVENTIONAL,PHASE2|PHASE3,The University of Texas Health Science Center at San Antonio,ketamine,1,United States,2023-01-06,"Stehanie Perez, MHA",2104508973,"Robert De Lorenzo, MD, MSM (The University of Texas Health Science Center at San Antonio); Romeo Fairley, MD, MPH (The University of Texas Health Science Center at San Antonio)",no,yes,https://clinicaltrials.gov/study/NCT05696691
NCT07138053,The Impact Opioid Free Anesthesia on Postoperative Pain Intensity and Stress Response After Open Gynecology Surgery,anesthesia_analgesia,Opioid Free Anesthesia; Stress Response; Postoperative Pain,ACTIVE_NOT_RECRUITING,INTERVENTIONAL,NA,Cantonal Hospital Zenica,ketamine,1,Bosnia and Herzegovina,2025-07-17,,,"Asmira Ljuca, MD (Cantonal Hospital Zenica)",no,undecided,https://clinicaltrials.gov/study/NCT07138053
NCT02499341,A Comparison Study Between Ketamine Versus Tramadol for Pain Management After Major Upper Abdominal Surgery,anesthesia_analgesia,Postoperative Pain,COMPLETED,INTERVENTIONAL,NA,Attikon Hospital,ketamine,1,Greece,2011-07,,,"Paraskevi Matsota, MD, PhD (Attikon University Hospital, Athens, Greece)",no,,https://clinicaltrials.gov/study/NCT02499341
NCT04976842,Opioid-free Anesthesia and Acute Postoperative Pain,anesthesia_analgesia,"Anesthesia; Postoperative Pain; Cognitive Impairment, Variable",UNKNOWN,INTERVENTIONAL,NA,Attikon Hospital,ketamine,1,Greece,2019-08-01,"CHRΥSANTHI BATISTAKI, MD, PHD",00302105832371,,no,,https://clinicaltrials.gov/study/NCT04976842
NCT02857361,Crossover Study to Evaluate the PK Effects of Two Different Wafer Administration Protocols.,other,Pain,COMPLETED,INTERVENTIONAL,PHASE2,iX Biopharma Ltd.,ketamine,1,Australia,2016-07,,,"Sam Salman, MD (iX Biopharma)",no,no,https://clinicaltrials.gov/study/NCT02857361
NCT06140927,Effect of Ketamine on Intraoperative Motor Evoked Potentials,other,Spine Fusion; Spine Tumor; Spinal Stenosis,RECRUITING,INTERVENTIONAL,PHASE3,"University of California, San Francisco",ketamine,1,United States,2023-12-01,"Marc Buren, MD",4154768369,"Marc Buren, MD (University of California, San Francisco)",no,no,https://clinicaltrials.gov/study/NCT06140927
NCT06943859,Ketamine for Opioid Use Disorder,psychiatric,Opioid Use Disorder,RECRUITING,INTERVENTIONAL,PHASE2,"University of Maryland, Baltimore",ketamine,1,United States,2026-02-04,"Peter Manza, PhD",410-706-2814,"Peter Manza, PhD (University of Maryland, Baltimore)",no,undecided,https://clinicaltrials.gov/study/NCT06943859
NCT04418674,Comparison of Analgesic Effectiveness of Intravenous Ketamine and Fentanyl for Spinal Anesthesia is Sitting Position in Patients With Proximal Femur Fracture,anesthesia_analgesia,Fracture of Proximal End of Femur,UNKNOWN,INTERVENTIONAL,NA,Jenny Bajracharya,ketamine,2,Nepal,2020-06-25,"Jenny Bajracharya, MD",9841455882,"Bishnu Pokharel, MS (B P Koirala Institute of Health and Sciences)",no,no,https://clinicaltrials.gov/study/NCT04418674
NCT02644629,Intra-nasal vs. Intra-venous Ketamine Administration,other,Major Depressive Disorder,COMPLETED,INTERVENTIONAL,PHASE4,Shalvata Mental Health Center,ketamine,1,Israel,2016-04,,,"Aviv Segev, MD (Shalvata MHC)",no,,https://clinicaltrials.gov/study/NCT02644629
NCT02554253,"The Impact of Ketamine on Postoperative Cognitive Dysfunction, Delirium, and Renal Dysfunction",anesthesia_analgesia,Cognitive Disorders; Delirium; Acute Kidney Injury,COMPLETED,INTERVENTIONAL,PHASE2,Mayo Clinic,ketamine,1,United States,2015-09,,,"Erica Wittwer, MD, PhD (Mayo Clinic)",yes,,https://clinicaltrials.gov/study/NCT02554253
NCT05468840,Study of IV Ketamine for Emergency Department Treatment of Adolescent Suicidal Ideation,psychiatric,Suicidal Ideation,UNKNOWN,INTERVENTIONAL,PHASE3,University of Ottawa,ketamine,1,Canada,2023-06,"Michael Schlegelmilch, MD, MPH",1-613-737-7600,,no,no,https://clinicaltrials.gov/study/NCT05468840
NCT03065335,Neuropharmacologic Imaging and Biomarker Assessments of Response to Acute and Repeated-Dosed Ketamine Infusions in Major Depressive Disorder,psychiatric,Healthy Volunteer; Major Depressive Disorder; Depression,RECRUITING,INTERVENTIONAL,PHASE1,National Institute of Mental Health (NIMH),ketamine,1,United States,2017-05-25,Adilah M Kirton,(301) 549-0315,"Carlos A Zarate, M.D. (National Institute of Mental Health (NIMH))",no,yes,https://clinicaltrials.gov/study/NCT03065335
NCT04471818,Ketamine or Placebo in Patients With Major Depression and Advanced Cancer,psychiatric,Major Depressive Disorder; Advanced Cancer,COMPLETED,INTERVENTIONAL,PHASE1|PHASE2,Instituto Nacional de Cancerologia de Mexico,ketamine,1,Mexico,2019-09-19,,,,no,,https://clinicaltrials.gov/study/NCT04471818
NCT02953210,Laparoscopic Cholecystectomy: General Anesthesia With Opioid Versus General Opioid Free Anesthesia,anesthesia_analgesia,"Pain, Postoperative; Anesthesia Complication; Nausea; Vomiting; Ileus Paralytic; Hemodynamic Instability",UNKNOWN,INTERVENTIONAL,PHASE4,Federal University of São Paulo,ketamine,2,Brazil,2016-11,,,"marcelo v perez, PhD (Faculdade De Ciencias Medicas da Santa Casa de Sao Paulo)",no,undecided,https://clinicaltrials.gov/study/NCT02953210
NCT02447289,Midazolam and Ketamine Effect Administered Through the Nose for Sedation of Children for Dental Treatment,anesthesia_analgesia,Child Behavior; Dental Caries,COMPLETED,INTERVENTIONAL,PHASE4,Universidade Federal de Goias,ketamine,1,Brazil,2015-05-21,,,"Luciane R Costa, DDS, MS, PhD (Professor)",no,undecided,https://clinicaltrials.gov/study/NCT02447289
NCT06390046,Comparison of Total Intravenous Anesthesia and Inhalational Anesthesia in Opioid-Free Anesthesia for Bariatric Surgery: A Randomized Controlled Trial,anesthesia_analgesia,"Analgesics, Opioid; Anesthesia; Adverse Effect",COMPLETED,INTERVENTIONAL,NA,Jagiellonian University,ketamine,1,Poland,2024-04-30,,,,no,undecided,https://clinicaltrials.gov/study/NCT06390046
NCT02990975,Transversus Abdominis Plane Block In Children,other,Intra-operative Anesthesia,UNKNOWN,INTERVENTIONAL,NA,Erzincan University,ketamine,0,,2016-12,,,ilke kupeli (Erzincan University),no,no,https://clinicaltrials.gov/study/NCT02990975
NCT02643381,Etomidate Versus Ketamine for Emergency Endotracheal Intubation: a Prospective Randomized Clinical Trial,anesthesia_analgesia,Cardiopulmonary Arrest; Respiratory Arrest,COMPLETED,INTERVENTIONAL,PHASE4,University of Texas Southwestern Medical Center,ketamine,1,United States,2016-06-06,,,"Gerald Matchett, MD (University of Texas)",yes,no,https://clinicaltrials.gov/study/NCT02643381
NCT03395314,Ketamine in Borderline Personality Disorder,other,Borderline Personality Disorder,TERMINATED,INTERVENTIONAL,PHASE2,Yale University,ketamine,2,United States,2018-02-15,,,"Sarah Fineberg, MD/PhD (Yale University)",yes,no,https://clinicaltrials.gov/study/NCT03395314
NCT04021433,Ketamine for Treatment Resistant MDD,psychiatric,"Depressive Disorder, Major",UNKNOWN,INTERVENTIONAL,NA,Hadassah Medical Organization,ketamine,1,Israel,2018-09-01,"Moshe Isserles, MD",00972 2 6777184,,no,,https://clinicaltrials.gov/study/NCT04021433
NCT04544228,Ketamine or Neostigmine for Serratus Anterior Plane Block in Modified Radical Mastectomy,other,Postoperative Pain,COMPLETED,INTERVENTIONAL,NA,Cairo University,ketamine,1,Egypt,2020-09-05,,,"Bassant abdelhamid, M.D. (Cairo University)",no,undecided,https://clinicaltrials.gov/study/NCT04544228
NCT02920528,Subdissociative Dose Ketamine for Treatment of Acute Pain in Subjects With Chronic Pain,other,Chronic Pain,COMPLETED,INTERVENTIONAL,PHASE3,Lundquist Institute for Biomedical Innovation at Harbor-UCLA Medical Center,ketamine,1,United States,2017-05-01,,,"David Tanen, MD (Los Angeles Biomedical Institute)",yes,no,https://clinicaltrials.gov/study/NCT02920528
NCT07489001,Opioid Free and Opioid Based Anesthesia in Elective Lumbar Spine Surgery,anesthesia_analgesia,Lumbar Spinal Stenosis; Lumbar Disc Herniation With Radiculopathy; Lumbar Degenerative Spondylolisthesis; Lumbar Disc Degeneration,RECRUITING,OBSERVATIONAL,,Marmara University,ketamine,1,Turkey (Türkiye),2025-12-09,"Burcu Akyüz Irfanoğlu, MD",900-555-725-9649,"burcu Akyüz irfanoğlu, MD (marmara university hospital); seniyye ülgen zengin, MD (marmara university hospital)",no,no,https://clinicaltrials.gov/study/NCT07489001
NCT04057989,Retrospective Evaluation of Ketamine Effectiveness for the Treatment of Acute Battlefield Related Pain,other,"Pain, Acute; Analgesia; Amputation, Traumatic; Post Traumatic Stress Disorder; Trauma, Brain",COMPLETED,OBSERVATIONAL,,Defense and Veterans Center for Integrative Pain Management,ketamine,1,United States,2014-08,,,"Michael Kent, MD (Walter Reed National Military Medical Center)",no,,https://clinicaltrials.gov/study/NCT04057989
NCT00614159,Ketamine Compared to Propofol for Pediatric GI Endoscopy,anesthesia_analgesia,Endoscopy,COMPLETED,OBSERVATIONAL,,State University of New York - Upstate Medical University,ketamine,0,,2007-10,,,,no,,https://clinicaltrials.gov/study/NCT00614159
NCT03237286,Intravenous Ketamine Plus Neurocognitive Training for Depression,psychiatric,Depression,COMPLETED,INTERVENTIONAL,PHASE1|PHASE2,Rebecca Price,ketamine,1,United States,2017-12-01,,,,yes,yes,https://clinicaltrials.gov/study/NCT03237286
NCT06070766,RIVER At Home Ketamine Protocols,other,Chronic Condition; Chronic Pain; Chronic Disease; Major Depressive Disorder; Post Traumatic Stress Disorder; Anxiety Disorders,RECRUITING,OBSERVATIONAL,,RIVER Foundation,ketamine,2,United States,2023-10-01,"Ed Lesofski, M.S.",406-431-4890,"Dharma Rose, D.O. M.S. (RIVER Foundation); Frank Yurseak, Ph.D. (RIVER Foundation)",no,,https://clinicaltrials.gov/study/NCT06070766
NCT04818827,Ketamine Infusion as Sedative Analgesic in Severe ARDS,anesthesia_analgesia,Intensive Care Unit Syndrome; Mechanical Ventilation Complication; Sedatives and Hypnotics Causing Adverse Effects in Therapeutic Use; Delirium,COMPLETED,OBSERVATIONAL,,Interfaith Medical Center,ketamine,1,United States,2020-02-01,,,"RAMAKANTH PATA, MD (Interfaith Medical Center)",no,yes,https://clinicaltrials.gov/study/NCT04818827
NCT05799729,Effect of Ketamine Infusion on BIS Values,other,Anesthesia Brain Monitoring; Ketamine,COMPLETED,OBSERVATIONAL,,University of Padova,ketamine,1,Italy,2023-04-01,,,,no,undecided,https://clinicaltrials.gov/study/NCT05799729
NCT05074823,Comparing Three Different Doses of Intrathecal Ketamine,other,Ketamine Causing Adverse Effects in Therapeutic Use,COMPLETED,INTERVENTIONAL,PHASE4,Assiut University,ketamine,1,Egypt,2022-02-26,,,,no,undecided,https://clinicaltrials.gov/study/NCT05074823
NCT01260662,"Randomized Clinical Trial of Propofol, 1:1 and 4:1 Combination of Propofol and Ketamine for Procedural Sedation",anesthesia_analgesia,Procedural Sedation,COMPLETED,INTERVENTIONAL,PHASE4,Hennepin Healthcare Research Institute,ketamine,1,United States,2010-11,,,"James R Miner, MD (Hennepin Healthcare Research Institute)",yes,,https://clinicaltrials.gov/study/NCT01260662
NCT03507426,Retrobulbar Block Versus Ketamine Infusion for Post-enucleation Analgesia,anesthesia_analgesia,"Enucleated; Eye; Evisceration; Operation Wound; Pain, Postoperative",COMPLETED,INTERVENTIONAL,NA,Nazmy Edward Seif,ketamine,1,Egypt,2018-04-25,,,"Ahmed M El-Badawy, MD (Kasr Al-Ainy Hospital, Cairo University); Nazmy E Seif, MD (Kasr Al-Ainy Hospital, Cairo University)",no,,https://clinicaltrials.gov/study/NCT03507426
NCT06873906,Deep Parasternal Intercostal Plane Block Versus Erector Spinae Plane Block in Pediatric Cardiac Patients Undergoing Primary Repair of Septal Defects Via Median Sternotomy,other,Septal Defect,NOT_YET_RECRUITING,INTERVENTIONAL,PHASE3,Ain Shams University,ketamine,1,Egypt,2025-03-20,"Sarah A. H. Bakr, Ms degree of Anesthesia",[202] 01062638487,,no,no,https://clinicaltrials.gov/study/NCT06873906
NCT04822064,Comparison of Oral Chloral Hydrate and Combination of Intranasal Dexmedetomidine and Ketamine for Rescue After Failed Pediatric Procedural Sedation,anesthesia_analgesia,Sedation,UNKNOWN,INTERVENTIONAL,NA,Seoul National University Hospital,ketamine,1,South Korea,2022-09-22,"Jin-Tae Kim, MD. PhD",82-2-2072-3664,,no,no,https://clinicaltrials.gov/study/NCT04822064
NCT06463899,"Evaluation of the Effectiveness of the Administration of Local Anesthetics Via Two Catheters Placed During Surgery, and Study of the Benefits on Respiratory Function and Therefore on Recovery Time",anesthesia_analgesia,Duration of Hospitalization in Intensive Care Unit,UNKNOWN,INTERVENTIONAL,NA,CHU de Reims,ketamine,1,France,2023-02-08,Salvadore MUCCIO,03 10 73 66 50,,no,,https://clinicaltrials.gov/study/NCT06463899
NCT06846333,Opioid-free Anesthesia and Quality of Recovery After General Anesthesia,anesthesia_analgesia,Opioid-free Anesthesia; Geriatric Population,NOT_YET_RECRUITING,OBSERVATIONAL,,Selcuk University,ketamine,0,,2025-02-20,,,,no,,https://clinicaltrials.gov/study/NCT06846333
NCT00437814,Effect of Ketamine (Ketalar) on Intracranial Pressure,other,Traumatic Brain Injury; Intracranial Hypertension,UNKNOWN,INTERVENTIONAL,NA,Rambam Health Care Campus,ketamine,1,Israel,2005-09,"Gad Bar-Joseph, MD",972-4-8542855,"Gad Bar-Joseph, MD (Director, Pediatric ICU, Rambam Medical Center)",no,,https://clinicaltrials.gov/study/NCT00437814
NCT02827526,Methadone and Ketamine for Spinal Surgery,anesthesia_analgesia,Pain,COMPLETED,INTERVENTIONAL,PHASE4,Endeavor Health,ketamine,1,United States,2016-07,,,"Glenn S Murphy, MD (Endeavor Health)",no,no,https://clinicaltrials.gov/study/NCT02827526
NCT03553758,EEG Studies of Ketamine General Anesthesia,anesthesia_analgesia,Anesthesia,COMPLETED,INTERVENTIONAL,PHASE2|PHASE3,Massachusetts General Hospital,ketamine,1,United States,2018-11-01,,,,yes,,https://clinicaltrials.gov/study/NCT03553758
NCT06767358,Ketamine Sedation in the ICU (KANINE) RCT,anesthesia_analgesia,Mechanical Ventilation; Critically Ill Intensive Care Unit Patients,NOT_YET_RECRUITING,INTERVENTIONAL,PHASE3,McMaster University,ketamine,3,Canada,2025-10,,,,no,no,https://clinicaltrials.gov/study/NCT06767358
NCT07669012,a Comparive Study of Ketamine-Propofol Versus Dexmedetomidine-Propofol Sedation in Pediatric Patients Undergoing Cardiac Catheterization for Device Closure of Simple Left-to-right Shunts,anesthesia_analgesia,Sedation and Analgesia,RECRUITING,INTERVENTIONAL,PHASE1,Ain Shams University,ketamine,1,Egypt,2025-10-22,,,,no,,https://clinicaltrials.gov/study/NCT07669012
NCT02011347,Ketamine and Closed-Loop Anesthesia System,anesthesia_analgesia,Anesthesia,TERMINATED,INTERVENTIONAL,PHASE3,Hopital Foch,ketamine,2,France,2013-07,,,"Marc Fischler, MD (Hôpital Foch)",no,,https://clinicaltrials.gov/study/NCT02011347
NCT02908945,The Effect of Ketamine on the WAVCNS Index During General Anesthesia: A Feasibility Study,anesthesia_analgesia,Anesthesia,COMPLETED,INTERVENTIONAL,NA,Fraser Health,ketamine,1,Canada,2016-09,,,Richard Merchant (Fraser Health (Royal Columbian and Eagle Ridge Hospitals) and University of British Columbia),no,yes,https://clinicaltrials.gov/study/NCT02908945
NCT07381036,Comparison of Nebulized Ketamine With Nebulized Magnesium Sulfate for the Prevention of Postoperative Sore Throat,anesthesia_analgesia,Postoperative Sore Throat,NOT_YET_RECRUITING,INTERVENTIONAL,NA,Sohag University,ketamine,0,,2026-02-01,"Shahenda AHMED Ali, Resident",01153378581,,no,undecided,https://clinicaltrials.gov/study/NCT07381036
NCT03196479,Comparison Between Efficacy of Ketamine and Propofol Mixture With 1:6 Ratio and 1:4 Ratio for Endoscopic Retrograde Procedure Sedation,anesthesia_analgesia,Adult Patients Undergoing ERCP,COMPLETED,INTERVENTIONAL,NA,Universitas Indonesia,ketamine,1,Indonesia,2017-03-01,,,,no,no,https://clinicaltrials.gov/study/NCT03196479
NCT06733129,Best Hypnotic Drug Choice for Rapid Sequence Induction in the Operating Room,other,Rapid Sequence Induction,RECRUITING,INTERVENTIONAL,PHASE3,Nantes University Hospital,ketamine,20,France,2025-04-14,"Nicolas GRILLOT, MD",02 53 48 22 24,,no,no,https://clinicaltrials.gov/study/NCT06733129
NCT05331131,"Efficacy of Ketamine Mouthwash in the Management of Oral and Pharyngeal Toxicity Associated With Head and Neck Chemoradiotherapy: A Phase 2, Simon 2-stage Trial",other,Cancer of Head and Neck; Mucositis Oral; Pharyngeal Mucositis,WITHDRAWN,INTERVENTIONAL,PHASE2,Northwell Health,ketamine,1,United States,2022-09-19,,,"Bhupesh Parashar, MD, DrPH (Northwell Health)",no,no,https://clinicaltrials.gov/study/NCT05331131
NCT02462681,Ketamine as Adjunctive Analgesic With Bupivacaine in Paravertebral Analgesia for Breast Cancer Surgery,anesthesia_analgesia,Acute Pain; Chronic Pain,COMPLETED,INTERVENTIONAL,PHASE1|PHASE2,Assiut University,ketamine,1,Egypt,2015-05,,,"Sahar A. Mohamed, MD (Lecturer of anesthesia, ICU and pain management- South Egypt Cancer Institute- Assuit University)",no,,https://clinicaltrials.gov/study/NCT02462681
NCT05175781,Sedation for Non-invasive Ventilation in Blunt Chest Trauma,psychiatric,Chest Trauma,COMPLETED,INTERVENTIONAL,NA,Aswan University Hospital,ketamine,1,Egypt,2022-01-18,,,,no,,https://clinicaltrials.gov/study/NCT05175781
NCT02515890,Memory Modulation by Pain During Anesthesia,anesthesia_analgesia,Amnesia; Pain; Anesthesia,COMPLETED,INTERVENTIONAL,PHASE1,University of Pittsburgh,ketamine,1,United States,2015-11-19,,,"Keith M Vogt, MD, PhD (University of Pittsburgh)",yes,yes,https://clinicaltrials.gov/study/NCT02515890
NCT01627782,A Study of Ketamine in Patients With Treatment-resistant Depression,psychiatric,Major Depressive Disorder,COMPLETED,INTERVENTIONAL,PHASE2,"Janssen Research & Development, LLC",ketamine,13,United States,2012-08-06,,,"Janssen Research & Development, LLC Clinical Trial (Janssen Research & Development, LLC)",yes,,https://clinicaltrials.gov/study/NCT01627782
NCT03027362,Cognitive Therapy to Sustain the Antidepressant Effects of Intravenous Ketamine in Treatment-resistant Depression,psychiatric,"Depressive Disorder, Major",COMPLETED,INTERVENTIONAL,NA,Yale University,ketamine,1,United States,2017-01,,,"Samuel Wilkinson, MD (Yale University)",no,,https://clinicaltrials.gov/study/NCT03027362
NCT05508594,"Efficacy and Pharmacokinetic-Pharmacodynamic Relationship of Intranasally Administered Sufentanil, Ketamine, and CT001",other,Pain,COMPLETED,INTERVENTIONAL,PHASE2|PHASE3,Cessatech A/S,ketamine,1,Denmark,2022-09-05,,,,no,,https://clinicaltrials.gov/study/NCT05508594
NCT07075302,OFA vs OBA in Bariatric Surgery,anesthesia_analgesia,Obesity; Postoperative Pain; Bariatric Surgery; Opioid-free Anesthesia,COMPLETED,OBSERVATIONAL,,Hospital HM Nou Delfos,ketamine,1,Spain,2022-06-01,,,"Gregory Contreras-Pérez, Anesthesiologist (Hospital HM NouDelfos)",no,no,https://clinicaltrials.gov/study/NCT07075302
NCT06258837,Treatment of Obstructive Sleep Apnea With Personalized Surgery in Children With Small Tonsils,anesthesia_analgesia,Otolaryngological Disease; Obstructive Sleep Apnea,RECRUITING,INTERVENTIONAL,NA,Oregon Health and Science University,ketamine,2,United States,2024-10-04,Eleni O'Neill,503-494-3569,"Derek Lam, MD (Oregon Health and Science University)",no,no,https://clinicaltrials.gov/study/NCT06258837
NCT06236113,Low Dose Ketamine for Blunt Thoracic Trauma,psychiatric,"Blunt Injury of Thorax; Multiple Rib Fractures, Involving Three Ribs",COMPLETED,INTERVENTIONAL,PHASE4,North Memorial Health Care,ketamine,1,United States,2021-10-01,,,"Michaela A West, MD, PhD (North Memorial Health); Joseph Farhat, MD (North Memorial Health)",yes,no,https://clinicaltrials.gov/study/NCT06236113
NCT05679375,IV and Intrathecal Ketamine in Cesarean Section,anesthesia_analgesia,Cesarean Section; Analgesia,COMPLETED,INTERVENTIONAL,PHASE4,Assiut University,ketamine,1,Egypt,2023-02-01,,,,no,no,https://clinicaltrials.gov/study/NCT05679375
NCT05166330,Two Ratios of Propofol-ketamine Admixture for Rapid-sequence Induction Anesthesia for Emergency Laparotomy,anesthesia_analgesia,Hypotension; Induction of Anesthesia,UNKNOWN,INTERVENTIONAL,PHASE4,Kasr El Aini Hospital,ketamine,1,Egypt,2021-12,"ahmed hasanin, M.D",01095076954,,no,no,https://clinicaltrials.gov/study/NCT05166330
NCT01535937,The Effect of Brief Potent Glutamatergic Modulation on Cocaine Dependence,psychiatric,Cocaine Dependence,TERMINATED,INTERVENTIONAL,PHASE1|PHASE2,New York State Psychiatric Institute,ketamine,1,United States,2012-02,,,"Herbert Kleber, M.D. (NYSPI); Elias Dakwar, MD (New York State Psychiatric Institute)",yes,,https://clinicaltrials.gov/study/NCT01535937
NCT06891300,Understanding and Treating Suicidal Ideation With Ketamine,psychiatric,Suicidal Ideation; Major Depressive Disorder (MDD),RECRUITING,INTERVENTIONAL,PHASE2|PHASE3,The Royal's Institute of Mental Health Research,ketamine,1,Canada,2025-04-08,Research Coordinator,613-722-6521,"Jennifer Phillips, PhD (University of Ottawa Institute for Mental Health Research at The Royal)",no,yes,https://clinicaltrials.gov/study/NCT06891300
NCT01823328,Ketamine Versus Etomidate for Rapid Sequence Intubation,anesthesia_analgesia,Airway Control; Anesthesia; Intubation; Complication,COMPLETED,INTERVENTIONAL,PHASE4,Hennepin Healthcare Research Institute,ketamine,1,United States,2013-09,,,"Brian E Driver, MD (Hennepin County Medical Canter)",yes,,https://clinicaltrials.gov/study/NCT01823328
NCT03613792,Remifentanil Plus Ketamine for Dynamic Flexible Bronchoscopy,other,Bronchoscopy,WITHDRAWN,INTERVENTIONAL,PHASE4,Beth Israel Deaconess Medical Center,ketamine,1,United States,2023-09,,,"Satya Krishna Ramachandran, MD (Beth Israel Deaconess Medical Center)",no,no,https://clinicaltrials.gov/study/NCT03613792
NCT05320107,The Effect of Ketamine on Aesthetics and Role for Antidepressant Effects,psychiatric,Major Depressive Disorder,UNKNOWN,INTERVENTIONAL,PHASE1,Medical University of Vienna,ketamine,1,Austria,2022-06-01,"Rupert Lanzenberger, MD",0043 1 40400,,no,,https://clinicaltrials.gov/study/NCT05320107
NCT03660306,Impact of OFA During LPV on Postoperative Oxygen Saturation,anesthesia_analgesia,Decreased Lung Compliance; Oxygen Requirement,COMPLETED,OBSERVATIONAL,,AZ Sint-Jan AV,ketamine,1,Belgium,2018-08-01,,,"Marco Lanckneus, MD (AZ Sint-Jan AV)",no,no,https://clinicaltrials.gov/study/NCT03660306
NCT04177706,Ketamine for the Treatment of Opioid Use Disorder and Depression,psychiatric,Depression; Opioid-use Disorder; Opioid Abuse,COMPLETED,INTERVENTIONAL,PHASE2,Medical University of South Carolina,ketamine,1,United States,2020-12-17,,,"Jennifer Jones, MD (Medical University of South Carolina)",yes,no,https://clinicaltrials.gov/study/NCT04177706
NCT04291521,Prospective Study of Induction Medications Used in the Trauma RSI,psychiatric,Trauma; Rapid Sequence Intubation,WITHDRAWN,OBSERVATIONAL,,University of Southern California,ketamine,1,United States,2027-01-01,,,"Catherine M Kuza, MD (Keck School of Medicine of the University of Southern California)",no,undecided,https://clinicaltrials.gov/study/NCT04291521
NCT05951387,Dexmedetomidine Versus Dexmedetomidine with Ketamine in Mechanically Ventilated ARDS Patients,other,Haemodynamic Instability,COMPLETED,INTERVENTIONAL,PHASE4,Benha University,ketamine,1,Egypt,2023-06-01,,,"Marwa Elnaggar, MD (Benha University, Faculty of medicine)",no,no,https://clinicaltrials.gov/study/NCT05951387
NCT04894864,Opioid Free Anesthesia-Analgesia Strategy and Surgical Stress in Elective Open Abdominal Aortic Aneurysm Repair,anesthesia_analgesia,Elective Surgical Procedures; Postoperative Pain; Anesthesia; Opioid Use; Abdominal Aortic Aneurysm Without Rupture; Vascular Surgical Procedure; Interleukin 6; Immunomodulators,RECRUITING,INTERVENTIONAL,PHASE4,University of Crete,ketamine,1,Greece,2020-10-08,"George Papastratigakis, MD",00306979056672,"Vasileia Nyktari, MD,PhD (University of Crete, Medical School)",no,no,https://clinicaltrials.gov/study/NCT04894864
NCT04860804,A Comparison of Proprietary Formulations of Oral Ketamine + Aspirin and Oral Ketamine Alone for Musculoskeletal Pain,other,Pain,COMPLETED,INTERVENTIONAL,PHASE4,Antonios Likourezos,ketamine,1,United States,2021-04-22,,,"Leily Naraghi Bagher Pour, MD (Maimonides Medical Center)",yes,no,https://clinicaltrials.gov/study/NCT04860804
NCT03502421,Ketamine Sickle Cell Disease,other,"SC Disease; Pain, Chronic",WITHDRAWN,INTERVENTIONAL,PHASE3,University of South Florida,ketamine,0,,2018-09-01,,,"Enrico Camporesi, MD (University of South Florida)",no,no,https://clinicaltrials.gov/study/NCT03502421
NCT00088699,Rapid Antidepressant Effects of Ketamine in Major Depression,psychiatric,Depression; Mood Disorders; Major Depresssion,COMPLETED,INTERVENTIONAL,PHASE1|PHASE2,National Institute of Mental Health (NIMH),ketamine,1,United States,2004-07-26,,,"Carlos A Zarate, M.D. (National Institute of Mental Health (NIMH))",yes,,https://clinicaltrials.gov/study/NCT00088699
NCT00475904,A Comparison of EpiCept™ NP-1 Topical Cream vs. Oral Gabapentin in Postherpetic Neuralgia (PHN),other,Post Herpetic Neuralgia; PHN; Neuropathy; Nerve Pain,COMPLETED,INTERVENTIONAL,PHASE2,EpiCept Corporation,ketamine,1,India,2007-07,,,"Robert H Dworkin, Ph.D. (University of Rochester)",yes,,https://clinicaltrials.gov/study/NCT00475904
NCT06213324,Neural Circuit Effects of Ketamine in Depression,psychiatric,Major Depressive Disorder,RECRUITING,INTERVENTIONAL,PHASE4,Icahn School of Medicine at Mount Sinai,ketamine,1,United States,2024-01-31,Sibilla Masieri,,"James Murrough, MD/PhD (Icahn School of Medicine at Mount Sinai); Laurel Morris (Icahn School of Medicine at Mount Sinai)",no,yes,https://clinicaltrials.gov/study/NCT06213324
NCT02514980,Infra-orbital Nerve Block for Post Operative Analgesia in Children Undergoing Cleft Lip Surgery.,anesthesia_analgesia,Postoperative Pain,COMPLETED,INTERVENTIONAL,PHASE2|PHASE3,Assiut University,ketamine,1,Egypt,2015-08,,,"Hala S Abdel-Ghaffar, MD (Assisstant professor in Anesthesia and intensive care department, faculty of medicine, Assiut university, Egypt)",no,no,https://clinicaltrials.gov/study/NCT02514980
NCT01551329,Ketamine for Depression and Alcohol Dependence,psychiatric,Depression; Alcohol Dependence,COMPLETED,INTERVENTIONAL,PHASE1,Yale University,ketamine,1,United States,2012-03,,,"Ismene Petrakis, M.D. (Yale University)",no,,https://clinicaltrials.gov/study/NCT01551329
NCT02117401,"A Prospective, Multi-center, Randomized Controlled Study of Muscle Relaxation Effect and Safety of Mivacurium Chloride in Pediatric Surgery Patients",anesthesia_analgesia,Efficacy and Safety of Mivacurium Chloride for Pediatric Patients,COMPLETED,INTERVENTIONAL,PHASE4,"Jiangsu Nhwa Pharmaceutical Co., Ltd.",ketamine,0,,2012-01,,,,no,,https://clinicaltrials.gov/study/NCT02117401
NCT04018157,Single Bolus Dose of Ketodex Versus Ketofol For Prevention Of Emergence Agitation In Adults Undergoing Nasal Surgeries,anesthesia_analgesia,"Agitation, Emergence",COMPLETED,INTERVENTIONAL,EARLY_PHASE1,Zagazig University,ketamine,1,Egypt,2019-07-03,,,"Olfat Amin, M.D (Faculty of medicine, Zagazig university)",no,no,https://clinicaltrials.gov/study/NCT04018157
NCT04714541,Modified Ketogenic Diet and Ketamine for Anorexia Nervosa,psychiatric,Anorexia Nervosa,COMPLETED,INTERVENTIONAL,PHASE1,"Homeostasis Therapeutics, LLC",ketamine,1,United States,2021-04-12,,,"Lori Calabrese, MD (Innovative Psychiatry So Windsor); Lori Calabrese, MD (Innovative Psychiatry, So Windsor)",no,no,https://clinicaltrials.gov/study/NCT04714541
NCT07112456,Nebulized Ketamine Plus Standard Care vs. Standard Care Alone in Moderate to Severe Asthma Exacerbations,other,Asthma Acute; Asthma Attack; Asthma Exacerbations,NOT_YET_RECRUITING,INTERVENTIONAL,PHASE2,Oman Medical Speciality Board,ketamine,0,,2026-09-01,,,,no,,https://clinicaltrials.gov/study/NCT07112456
NCT01626755,Prevention of Phantom Limb Pain After Transtibial Amputation,other,Phantom Limb Pain; Chronic Pain; Prevention,TERMINATED,INTERVENTIONAL,NA,Academisch Medisch Centrum - Universiteit van Amsterdam (AMC-UvA),ketamine,9,Austria; Belgium; Netherlands; Spain; United States,2013-08,,,"Markus Hollmann, MD PhD (Dept. of Anaesthesiology, Academic Medical Center / University of Amsterdam, The Netherlands); Philipp Lirk, MD PhD (Dept. of Anaesthesiology, Academic Medical Center / University of Amsterdam, The Netherlands)",no,,https://clinicaltrials.gov/study/NCT01626755
NCT02099006,Novel Topical Therapies for the Treatment of Genital Pain,other,Female Genital Diseases,COMPLETED,INTERVENTIONAL,PHASE2|PHASE3,University of Rochester,ketamine,1,United States,2013-11,,,"Adrienne D Bonham, MD (University of Rochester)",yes,,https://clinicaltrials.gov/study/NCT02099006
NCT02232347,Ketamine and Glutamate After Brain Injury : a Microdialysis Study,other,Head Trauma,UNKNOWN,INTERVENTIONAL,PHASE2,Pierre-Julien CUNGI,ketamine,1,France,2014-10,"Ambroise MONTCRIOL, MD",0483162358,"Ambroise MONTCRIOL, MD (Direction Centrale du Service de Santé des Armées)",no,,https://clinicaltrials.gov/study/NCT02232347
NCT06609538,The Impact of Preoperative Suggestion on Dreaming,other,"Dream, Day; Ketamine Adverse Reaction; Propofol Adverse Reaction",COMPLETED,INTERVENTIONAL,NA,Wonkwang University Hospital,ketamine,1,South Korea,2024-09-19,,,"Cheol Lee, M.D.,Ph.D (Wonkwang University Hospital)",no,,https://clinicaltrials.gov/study/NCT06609538
NCT07211399,Transition From Acute to Chronic Opioid Use and Chronic Pain,psychiatric,Opioid Use Disorder,WITHDRAWN,INTERVENTIONAL,EARLY_PHASE1,Jacques E. Chelly,ketamine,1,United States,2026-07-01,,,"Jacques Chelly, MD, PhD, MBA (University of Pittsburgh, UPMC)",no,no,https://clinicaltrials.gov/study/NCT07211399
NCT06034821,Comparative Effectiveness of ECT vs. KETAMINE Over the Lifespan,other,Acute Suicidal Depression (ASD),ENROLLING_BY_INVITATION,INTERVENTIONAL,PHASE4,Brigham and Women's Hospital,ketamine,10,Canada; United States,2023-10-01,,,"Amit Anand, MD (Brigham and Woman's Hospital, Harvard Medical School)",no,no,https://clinicaltrials.gov/study/NCT06034821
NCT03041506,Interscalene Nerve Block vs. Sedation for Shoulder Dislocation Reduction,anesthesia_analgesia,Shoulder Dislocation; Brachial Plexus Block,UNKNOWN,INTERVENTIONAL,NA,Tel-Aviv Sourasky Medical Center,ketamine,0,,2017-02-15,"Idit Matot, MD",97236974758,"Idit Matot, MD (Chair, Division of Anesthesiology & Critical Care & Pain Tel-Aviv Sourasky Medical Center)",no,no,https://clinicaltrials.gov/study/NCT03041506
NCT04005209,Ketamine Infusion for Sickle Cell Pain Crisis,other,"Anemia; Sickle-Cell, With Crisis; Acute Pain",WITHDRAWN,INTERVENTIONAL,PHASE4,Duke University,ketamine,1,United States,2022-01,,,,no,no,https://clinicaltrials.gov/study/NCT04005209
NCT02455609,"Intrathecal Ketamine, Dexmedetomidine and Both With Bupivacaine for Postoperative Abdominal Cancer Surgery Pain",anesthesia_analgesia,Therapy; Pain Management,UNKNOWN,INTERVENTIONAL,PHASE2|PHASE3,Assiut University,ketamine,0,,2015-03,,,"Ahmad M Abd El-Rahman, M.D. (South Egypt Cancer Institute, Assiut University, Egypt)",no,,https://clinicaltrials.gov/study/NCT02455609
NCT05343507,Ketamine to Treat Patients With Post-comatose Disorders of Consciousness,psychiatric,Disorder of Consciousness,UNKNOWN,INTERVENTIONAL,PHASE2|PHASE3,University of Liege,ketamine,1,Belgium,2022-05-01,"Paolo Cardone, MSc",0456309880,"Olivia Gosseries, PhD (Coma Science Group (ULiege) & Centre du Cerveau2 (CHU Liege))",no,yes,https://clinicaltrials.gov/study/NCT05343507
NCT07564531,Efficacy and Safety of a Combined Dexmedetomidine-Ketamine Sedation Regimen for Pediatric Cardiac Catheterization,anesthesia_analgesia,Cardiac Catheterization; Pediatric,RECRUITING,OBSERVATIONAL,,"National Children's Hospital, Vietnam",ketamine,1,Vietnam,2026-02-04,"Hong Ha Thi Nguyen, PhD",+84904111838,"Hong Ha Thi Nguyen, PhD. (National Children's Hospital, Vietnam)",no,yes,https://clinicaltrials.gov/study/NCT07564531
NCT02726867,"Levetiracetam, Lacosamide and Ketamine as Adjunctive Treatment of Refractory Status Epilepticus",other,Epilepsy; Status Epilepticus,WITHDRAWN,INTERVENTIONAL,PHASE3,"Mid-Atlantic Epilepsy and Sleep Center, LLC",ketamine,1,United States,2014-02,,,"Pavel Klein, M.D. (Mid-Atlantic Epilepsy and Sleep Center)",no,,https://clinicaltrials.gov/study/NCT02726867
NCT03396601,NRX100 vs. Placebo for Rapid Stabilization of Acute Suicidal Ideation and Behavior in Bipolar Depression,psychiatric,Bipolar Depression; Suicidal Ideation,UNKNOWN,INTERVENTIONAL,PHASE3,"NeuroRx, Inc.",ketamine,2,United States,2019-06-25,,,"Martin Brecher, MD (VP, Clinical Development, NeuroRx, Inc.)",no,no,https://clinicaltrials.gov/study/NCT03396601
NCT01582945,Ketamine Infusion for Treatment-resistant Major Depressive Disorder,psychiatric,Major Depressive Disorder,COMPLETED,INTERVENTIONAL,NA,Massachusetts General Hospital,ketamine,1,United States,2012-04,,,"Cristina Cusin, MD (MGH Department of Psychiatry)",yes,,https://clinicaltrials.gov/study/NCT01582945
NCT02752477,Efficacy of Opioid-free Anesthesia in Reducing Postoperative Pain in Chronic Pain Patients Undergoing Spinal Surgery,anesthesia_analgesia,Chronic Pain; Anesthesia,UNKNOWN,INTERVENTIONAL,PHASE3,Ben Lim,ketamine,1,Canada,2016-08-02,,,"Ben Lim, MD (University of Saskatchewan)",no,no,https://clinicaltrials.gov/study/NCT02752477
NCT01890707,Intravenous Sedation Versus General Anesthesia in Patients Undergoing Minor Gynecologic Surgery,anesthesia_analgesia,Surgery; Anesthesia; Pain,TERMINATED,INTERVENTIONAL,NA,Northwestern University,ketamine,1,United States,2012-10-19,,,"Shireen Ahmad, M.D. (Northwestern University)",yes,no,https://clinicaltrials.gov/study/NCT01890707
NCT01680172,Oral Ketamine in the Treatment of Depression and Anxiety in Patients With Cancer,psychiatric,Cancer; Depression; Anxiety,TERMINATED,INTERVENTIONAL,PHASE2,Mayo Clinic,ketamine,2,United States,2012-08,,,"Robert P. Bright, MD (Mayo Clinic)",yes,no,https://clinicaltrials.gov/study/NCT01680172
NCT04700592,A Comparison of Gabapentin and Ketamine in Acute and Chronic Pain After Inguinal Hernia Repair,other,Chronic Pain Following Surgical Procedure for Cancer,COMPLETED,INTERVENTIONAL,NA,University Tunis El Manar,ketamine,1,Tunisia,2020-10-02,,,"mechaal benali, PROFESSOR (university manar Tunis tunisia)",no,no,https://clinicaltrials.gov/study/NCT04700592
NCT05004519,Benefits of Opioid Free Anesthesia on Morphine Consumption in Gastric Bypass,anesthesia_analgesia,"Analgesics, Opioid",COMPLETED,INTERVENTIONAL,NA,matthieu clanet,ketamine,1,Belgium,2021-10-05,,,matthieu Clanet (Chirec),no,no,https://clinicaltrials.gov/study/NCT05004519
NCT03389022,Ketamine for Postoperative Pain in Bariatric Surgery,anesthesia_analgesia,"Pain, Postoperative; Bariatric Surgery Candidate",UNKNOWN,INTERVENTIONAL,PHASE4,Lithuanian University of Health Sciences,ketamine,0,,2015-07-22,,,"Aurika Karbonskienė, MDPhDAssProf (Lithuanian University of Health Sciences)",no,no,https://clinicaltrials.gov/study/NCT03389022
NCT05950555,The Effects of Two Anesthetic Drugs on Some Enzyme Levels in Patients Undergoing Lower Extremity Surgery,anesthesia_analgesia,Malondialdehyde; Heme Oxygenase; C-Reactive Protein,COMPLETED,INTERVENTIONAL,NA,Ataturk University,ketamine,1,Turkey (Türkiye),2021-12-30,,,İrfan Uç (Research Assistant),no,no,https://clinicaltrials.gov/study/NCT05950555
NCT06816433,Department of Defense PTSD Adaptive Platform Trial - Intervention D - SLS-002,psychiatric,Post Traumatic Stress Disorder,SUSPENDED,INTERVENTIONAL,PHASE2,Global Coalition for Adaptive Research,ketamine,9,United States,2028-05,,,,no,,https://clinicaltrials.gov/study/NCT06816433
NCT00588952,Ketamine/Placebo Family History Positive Study,other,Alcoholism,COMPLETED,INTERVENTIONAL,NA,Yale University,ketamine,1,United States,2001-03,,,"Ismene L. Petrakis, MD (Yale University)",yes,,https://clinicaltrials.gov/study/NCT00588952
NCT06007378,Optimizing Postoperative Pain Control After Laparoscopic Colorectal Surgery,anesthesia_analgesia,Postoperative Pain,COMPLETED,INTERVENTIONAL,NA,Ain Shams University,ketamine,1,Egypt,2023-09-05,,,,no,,https://clinicaltrials.gov/study/NCT06007378
NCT07845643,Dexmedetomidine Versus Ketamine in TAP Block for Postoperative Analgesia After Total Abdominal Hysterectomy,anesthesia_analgesia,Postoperative Pain; Total Abdominal Hysterectomy,NOT_YET_RECRUITING,INTERVENTIONAL,PHASE4,Bangladesh Medical University,ketamine,1,Bangladesh,2026-10-01,"Kazi Mahzabin Arin, MD",+8801754057689,Md Shafiqul M Islam (Bangladesh Medical University),no,no,https://clinicaltrials.gov/study/NCT07845643
NCT04701008,Efficacy of Ketamine in Post Anesthesia Recovery Room,anesthesia_analgesia,"Pain, Postoperative; Ketamine Adverse Reaction; Pain, Refractory; Pain, Intractable; Pain, Acute",COMPLETED,OBSERVATIONAL,,University of Alberta,ketamine,1,Canada,2020-09-01,,,,no,no,https://clinicaltrials.gov/study/NCT04701008
NCT04656886,Ketamine's Actions on Rumination Mechanisms as an Antidepressant,psychiatric,Remission in Depression,COMPLETED,INTERVENTIONAL,NA,King's College London,ketamine,0,,2014-09,,,,no,yes,https://clinicaltrials.gov/study/NCT04656886
NCT05485480,Nociception Level During Opioid-sparing Anaesthesia Versus Conventional Opioid-based Anaesthesia,anesthesia_analgesia,Analgesia,COMPLETED,INTERVENTIONAL,NA,"University Hospital, Basel, Switzerland",ketamine,1,Switzerland,2022-11-17,,,"Thierry Girard, Prof. Dr. med. (Department of Anaesthesiology, University Hospital Basel); Oliver Bandschapp, PD Dr. med. (Department of Anaesthesiology, University Hospital Basel)",no,,https://clinicaltrials.gov/study/NCT05485480
NCT03747094,Sedation of Morbidly Obese for Balloon Insertion,anesthesia_analgesia,Morbid Obesity,UNKNOWN,INTERVENTIONAL,NA,Mansoura University,ketamine,1,Egypt,2018-12-01,,,,no,undecided,https://clinicaltrials.gov/study/NCT03747094
NCT05970380,Effect of Erector Spinae Plane Block in Patients Scheduled for Kyphoplasty,other,Erector Spinae Plane Block,COMPLETED,OBSERVATIONAL,,Bozyaka Training and Research Hospital,ketamine,1,Turkey (Türkiye),2023-07-25,,,"Halide H Şahinkaya, MD (Izmir Bozyaka Training and Research Hospital); Alper Tabanlı, MD (Izmir Bozyaka Training and Research Hospital)",no,,https://clinicaltrials.gov/study/NCT05970380
NCT05565664,Ketamine Versus Magnesium as Analgesic Adjuvants in Pediatric Adenotonsillectomy,anesthesia_analgesia,"Post Operative Pain, Acute",COMPLETED,INTERVENTIONAL,PHASE4,Cairo University,ketamine,1,Egypt,2022-11-01,,,"Jehan Elkholy, M.D. (Cairo University); Eman Fouad Ali, M.D. (Cairo University)",no,,https://clinicaltrials.gov/study/NCT05565664
NCT03355716,Post-operative Pain Relief in Laparoscopic Cholecystectomy,anesthesia_analgesia,Postoperative Pain,UNKNOWN,INTERVENTIONAL,NA,Assiut University,ketamine,0,,2018-01,Mohammed Ahmed Mahmoud,0108834312,,no,,https://clinicaltrials.gov/study/NCT03355716
NCT03921034,IPACK Nerve Block for Total Knee Arthroplasty,anesthesia_analgesia,Arthropathy of Knee; Anesthesia,COMPLETED,INTERVENTIONAL,PHASE4,Ochsner Health System,ketamine,0,,2016-11-17,,,"Matthew Patterson, MD (Ochsner)",no,no,https://clinicaltrials.gov/study/NCT03921034
NCT02570230,Ketamine Combination With Spinal Morphine for Post Thoracic Surgery Pain : A Randomized Control Study,anesthesia_analgesia,Pain; Postoperative Period,COMPLETED,INTERVENTIONAL,PHASE4,Mahidol University,ketamine,1,Thailand,2017-10-01,,,"Sirilak Suksompong, MD (Mahidol University)",no,no,https://clinicaltrials.gov/study/NCT02570230
NCT02761330,Cognitive Recovery After Electroconvulsive Therapy and General Anesthesia,anesthesia_analgesia,Depression; Delirium; Seizures; Cognitive Disorders,COMPLETED,INTERVENTIONAL,NA,Washington University School of Medicine,ketamine,1,United States,2016-04,,,,yes,no,https://clinicaltrials.gov/study/NCT02761330
NCT03427736,Anesthetics and Analgesics in Children,anesthesia_analgesia,Anesthesia; Pain,RECRUITING,OBSERVATIONAL,,Chi Dang Hornik,ketamine,13,Canada; United States,2018-12-13,"Kady-Ann Steen-Burrell, PhD",919-530-9711,"Chi Hornik, PharmD (Duke Clinical Research Institute)",no,yes,https://clinicaltrials.gov/study/NCT03427736
NCT05737693,Enhancing Week-long Psychological Treatment for PTSD With Ketamine,psychiatric,Posttraumatic Stress Disorder,ACTIVE_NOT_RECRUITING,INTERVENTIONAL,PHASE2,Yale University,ketamine,2,Israel; United States,2023-08-21,,,"Ilan Harpaz-Rotem, PhD ABPP (Yale University)",no,,https://clinicaltrials.gov/study/NCT05737693
NCT06212401,Dexmedetomidine Versus Ketofol for Moderate Sedation in Endoscopic Retrograde Cholangiopancreatography,anesthesia_analgesia,Sedation,COMPLETED,INTERVENTIONAL,PHASE4,Sindh Institute of Urology and Transplantation,ketamine,1,Pakistan,2021-12-01,,,"Syed M Abbas, FCPS (Sindh Institute of Urology and Transplantation)",no,no,https://clinicaltrials.gov/study/NCT06212401
NCT00441792,The Effect of Etomidate on Patient Outcomes After Single Bolus Doses,other,Sepsis; Trauma,COMPLETED,INTERVENTIONAL,NA,Advocate Hospital System,ketamine,1,United States,2007-10,,,"Erik B Kulstad, MD, MS (advocate christ medical center)",yes,,https://clinicaltrials.gov/study/NCT00441792
NCT05796232,Pharmacogenetics of Ketamine in Children,other,Procedural Pain,UNKNOWN,OBSERVATIONAL,,IRCCS Burlo Garofolo,ketamine,1,Italy,2020-06-26,"Egidio Barbi, MD",+390403785251,"Egidio Barbi, MD (IRCCS materno infantile Burlo Garofolo)",no,undecided,https://clinicaltrials.gov/study/NCT05796232
NCT05864053,"(2R,6R)-Hydroxynorketamine for the Treatment of Neuropathic Pain",other,"Pain, Neuropathic",RECRUITING,INTERVENTIONAL,PHASE1|PHASE2,Rush University Medical Center,ketamine,1,United States,2024-09-19,"Robert J McCarthy, Pharm D",3125630448,"Asokumar Buvanendran, MD (Rush University Medical Center)",no,yes,https://clinicaltrials.gov/study/NCT05864053
NCT04116528,Opiate Suicide Study in Patients With Major Depression,psychiatric,Major Depressive Disorder,COMPLETED,INTERVENTIONAL,PHASE3,Stanford University,ketamine,1,United States,2020-08-01,,,Alan F. Schatzberg (Stanford University),yes,,https://clinicaltrials.gov/study/NCT04116528
NCT06405607,Psilocybin or Ketamine for Alcohol Use Disorder: An Active Comparator Trial,psychiatric,Alcohol Use Disorder; Alcohol Dependence; Alcohol Abuse,RECRUITING,INTERVENTIONAL,PHASE2,University of Iowa,"ketamine,psilocybin",1,United States,2025-06-12,"Lindsay E Golden, BS",319-384-5243,"Peggy C Nopoulos, MD (University of Iowa)",no,,https://clinicaltrials.gov/study/NCT06405607
NCT05451095,A Study in Healthy Men to Test Whether BI 474121 Can Reverse the Memory Problems Caused by Ketamine,other,Healthy,WITHDRAWN,INTERVENTIONAL,PHASE1,Boehringer Ingelheim,ketamine,0,,2022-11-07,,,,no,no,https://clinicaltrials.gov/study/NCT05451095
NCT05803551,A Study of Ketamine Infusions to Treat Clinically-depressed ICU Patients,psychiatric,Depression,TERMINATED,INTERVENTIONAL,PHASE2,Mayo Clinic,ketamine,1,United States,2025-07-07,,,"Devang Sanghavi, MBBS, MD (Mayo Clinic)",no,no,https://clinicaltrials.gov/study/NCT05803551
NCT06013345,COnventional Vs. Optimised PERiprocedural Analgosedation Vs. Total IntraVEnous Anaesthesia for Pulsed-Field Ablation (COOPERATIVE-PFA),anesthesia_analgesia,Atrial Fibrillation,COMPLETED,INTERVENTIONAL,PHASE3,"Charles University, Czech Republic",ketamine,1,Czechia,2023-10-25,,,,no,,https://clinicaltrials.gov/study/NCT06013345
NCT06663293,Comparison of High Flow vs Standard Nasal Cannula in Children With Burns Under Sedoanalgesia,anesthesia_analgesia,Burns,COMPLETED,INTERVENTIONAL,NA,Zeliha Alicikus,ketamine,1,Turkey (Türkiye),2022-03-10,,,,no,no,https://clinicaltrials.gov/study/NCT06663293
NCT01017393,Preemptive Low-dose Epidural Ketamine for Preventing Chronic Post-thoracotomy Pain,anesthesia_analgesia,Chronic Post-thoracotomy Pain,COMPLETED,INTERVENTIONAL,NA,Seoul National University Hospital,ketamine,1,South Korea,2004-04,,,,no,,https://clinicaltrials.gov/study/NCT01017393
NCT04032301,Repeated Ketamine Infusions for Comorbid PTSD and MDD in Veterans,psychiatric,Post-Traumatic Stress Disorders; Major Depressive Disorder,COMPLETED,INTERVENTIONAL,PHASE1,University of Minnesota,ketamine,1,United States,2019-09-30,,,"Cristina S Albott, MD, MA (Minneapolis Veterans Affairs Medical Center)",no,,https://clinicaltrials.gov/study/NCT04032301
NCT04669665,A Study of SLS-002 (Intranasal Racemic Ketamine) in Adults With Major Depressive Disorder at Imminent Risk of Suicide,psychiatric,"Depressive Disorder, Major; Suicidal",COMPLETED,INTERVENTIONAL,PHASE2,"Seelos Therapeutics, Inc.",ketamine,21,United States,2020-12-17,,,,no,yes,https://clinicaltrials.gov/study/NCT04669665
NCT06378528,Ketamine-assisted Psychotherapy for Adolescent PTSD (KAP),psychiatric,Posttraumatic Stress Disorder,SUSPENDED,INTERVENTIONAL,EARLY_PHASE1,"University of Wisconsin, Madison",ketamine,1,United States,2026-09,,,"Christopher Nicholas, PhD (University of Wisconsin, Madison)",no,no,https://clinicaltrials.gov/study/NCT06378528
NCT03792672,A Study to Evaluate Central Nervous System (CNS) Pharmacodynamic Activity of TAK-653 in Healthy Participants Using Transcranial Magnetic Stimulation (TMS),other,Healthy Volunteers,COMPLETED,INTERVENTIONAL,PHASE1,Neurocrine Biosciences,ketamine,1,Netherlands,2019-02-11,,,"Medical Director (Millennium Pharmaceuticals, Inc.)",yes,yes,https://clinicaltrials.gov/study/NCT03792672
NCT05327699,Glutamatergic Adaptation to Stress as a Mechanism for Anhedonia and Treatment Response With Ketamine,other,Major Depressive Disorder,RECRUITING,INTERVENTIONAL,EARLY_PHASE1,Emory University,ketamine,1,United States,2022-11-08,"Michael Treadway, PhD",(404) 727-7541,"Michael Treadway, PhD (Emory University)",no,yes,https://clinicaltrials.gov/study/NCT05327699
NCT01130909,"A Blinded, Four-Way Crossover in Healthy Subjects to Assess EEG After Administration of Ketamine, Placebo and AZD6765",other,Healthy,TERMINATED,INTERVENTIONAL,PHASE1,AstraZeneca,ketamine,1,France,2010-05,,,"Albena Patroneva, MD (AstraZeneca); Francine Santoro (Forenap)",no,,https://clinicaltrials.gov/study/NCT01130909
NCT03274453,A Comparison of Ketamine Infusion Versus Placebo in Opioid Tolerant and Opioid Naive Patients After Spinal Fusion,anesthesia_analgesia,Spinal Fusion,COMPLETED,INTERVENTIONAL,PHASE2,NYU Langone Health,ketamine,1,United States,2012-11-01,,,"Kirsten Boenigk, MD ()",yes,,https://clinicaltrials.gov/study/NCT03274453
NCT01365195,Effect of Ketamine on Postoperative Clinical Outcomes,anesthesia_analgesia,Colorectal Surgery,TERMINATED,INTERVENTIONAL,PHASE4,Cedars-Sinai Medical Center,ketamine,1,United States,2011-05,,,"Roya Yumul, MD PhD (Cedars-Sinai Medical Center); Roya Yumul, MD., PhD (Cedars-Sinai Medical Center)",yes,,https://clinicaltrials.gov/study/NCT01365195
NCT00553839,Pharmacokinetics of Ketamine in Infants and Children,other,The Pk of IV Ketamine in Children With Heart Disease,COMPLETED,INTERVENTIONAL,NA,Stanford University,ketamine,2,United States,2007-07,,,"Chandra Ramamoorthy, MBBS, FRCA (Stanford University)",yes,,https://clinicaltrials.gov/study/NCT00553839
NCT07099534,Ketamine Infusion for Symptomatic Improvement in Severe Borderline Personality Disorder,other,Infusion of Ketamine in Severe Borderline Personality Disorder; Borderline Personality Disorder (BPD),NOT_YET_RECRUITING,INTERVENTIONAL,PHASE2,"University Hospital, Toulouse",ketamine,1,France,2026-09-01,Gaël Galliot,+33 (0)5 34 55 76 51,,no,no,https://clinicaltrials.gov/study/NCT07099534
NCT02424591,A Comparison of Intra-op Ketamine vs Placebo in Patients Having Spinal Fusion,anesthesia_analgesia,Postoperative Pain,COMPLETED,INTERVENTIONAL,PHASE4,NYU Langone Health,ketamine,1,United States,2014-08,,,"John Ard, MD (NYU School of Medicine)",yes,yes,https://clinicaltrials.gov/study/NCT02424591
NCT01296347,Low Dose Peri-operative IV Ketamine for Chronic Post-surgery Pain Prevention,anesthesia_analgesia,Chronic Postoperative Pain,COMPLETED,INTERVENTIONAL,PHASE4,Imperial College Healthcare NHS Trust,ketamine,1,United Kingdom,2011-04,,,"Gillian M Chumbley, BSc, PhD (Imperial Healthcare NHS Trust)",yes,no,https://clinicaltrials.gov/study/NCT01296347
NCT02521415,IN Sub-Dissociative Ketamine vs IN Fentanyl,other,Bone Fracture,COMPLETED,INTERVENTIONAL,PHASE2,Wake Forest University Health Sciences,ketamine,1,United States,2015-12,,,"Stacy Reynolds, MD (Carolinas Medical Center)",yes,,https://clinicaltrials.gov/study/NCT02521415
NCT05243940,Opioid-free Anesthesia in Thyroidectomies,anesthesia_analgesia,"Pain, Post Operative; Pain, Acute; Pain, Chronic; Pain, Neuropathic; Pain, Nociceptive; Ketamine; Dexmedetomidine; Lidocaine; Fentanyl; Analgesia; Analgesics; Analgesics Non-narcotic",UNKNOWN,INTERVENTIONAL,NA,Aretaieion University Hospital,ketamine,1,Greece,2022-03-07,"KASSIANI THEODORAKI, MD, PhD, DESA",+306974634162,"KASSIANI THEODORAKI, MD, PhD, DESA (Aretaieion University Hospital, National and Kapodistrian University of Athens, Greece)",no,no,https://clinicaltrials.gov/study/NCT05243940
NCT06317636,Propofol-Enhanced Assessment of Ketamine for Chronic Pain and Depression,psychiatric,Chronic Pain; Depression,ACTIVE_NOT_RECRUITING,INTERVENTIONAL,PHASE4,Stanford University,ketamine,1,United States,2025-01-28,,,"Theresa Lii, MD, MS (Stanford University)",no,yes,https://clinicaltrials.gov/study/NCT06317636
NCT03290495,Ketamine Effect on Isoflurane Anesthesia,anesthesia_analgesia,Post-anesthesia Recovery,COMPLETED,INTERVENTIONAL,PHASE4,Minia University,ketamine,1,Egypt,2017-09-30,,,"Mamdouh H Hassan, MD (Minia faculty of Medicine. Minia university. Egypt)",no,undecided,https://clinicaltrials.gov/study/NCT03290495
NCT02766192,TIMBER Psychotherapy and Ketamine Single Infusion in Chronic PTSD,psychiatric,PTSD,UNKNOWN,INTERVENTIONAL,NA,The Cooper Health System,ketamine,1,United States,2013-08,"Jean Smith, PhD",856-757-7814,"Basant Pradhan, MD (Cooper Health System)",no,undecided,https://clinicaltrials.gov/study/NCT02766192
NCT03521167,Multimodal Analgesia Versus Traditional Opiate Based Analgesia,anesthesia_analgesia,Cardiac Surgery,UNKNOWN,INTERVENTIONAL,NA,Shanghai Zhongshan Hospital,ketamine,0,,2018-05-01,"Kefang Guo, PHD",+86-13817706936,"Lin Jin, PHD (Fudan University)",no,,https://clinicaltrials.gov/study/NCT03521167
NCT04081545,Effect of Opioid Free Anesthetic on Post-Operative Opioid Consumption After Laparoscopic Bariatric Surgery,anesthesia_analgesia,"Opioid Use, Unspecified; Bariatric Surgery Candidate; Anesthesia",COMPLETED,INTERVENTIONAL,PHASE3,Christine Oryhan,ketamine,1,United States,2019-12-24,,,"Christine Oryhan, MD (Virginia Mason Medical Center)",yes,no,https://clinicaltrials.gov/study/NCT04081545
NCT06963294,Ketamine and Dexmedetomidine for Delirium in Joint Arthroplasty,anesthesia_analgesia,Postoperative Delirium; Postoperative Cognitive Dysfunction,NOT_YET_RECRUITING,INTERVENTIONAL,NA,Istinye University,ketamine,1,Turkey (Türkiye),2026-05-05,ilke dolgun,+905555485632,,no,no,https://clinicaltrials.gov/study/NCT06963294
NCT03344393,Effect of Intraoperative IV Ketamine on Postoperative Morphine Consumption During Intestinal Surgery,anesthesia_analgesia,Postoperative Analgesia,UNKNOWN,INTERVENTIONAL,NA,Assiut University,ketamine,0,,2017-12-01,"mohamed aly, MD",00201062011126,,no,no,https://clinicaltrials.gov/study/NCT03344393
NCT07197684,Ultrasound Guided Pecs Block and Ketamine Infusion for Preventing Chronic Pain in Patients Undergoing Breast Cancer Surgery,anesthesia_analgesia,"Breast Cancer; Pain, Chronic; Post Surgical Pain",NOT_YET_RECRUITING,INTERVENTIONAL,NA,Aga Khan University,ketamine,0,,2026-03-16,Ali Sarfraz Siddiqui,+92 34864397,,no,no,https://clinicaltrials.gov/study/NCT07197684
NCT06538285,Ketamine-Assisted Recovery for Methamphetamine Use Disorder & HIV,other,Methamphetamine Use Disorder,COMPLETED,INTERVENTIONAL,PHASE2,"Nicky Mehtani, MD, MPH",ketamine,1,United States,2025-03-04,,,"Nicky Mehtani, MD MPH (University of California, San Francisco)",no,no,https://clinicaltrials.gov/study/NCT06538285
NCT02256358,Comparison of Effects of Intravenous Midazolam and Ketamine on Emergence Agitation,anesthesia_analgesia,Psychomotor Agitation,COMPLETED,INTERVENTIONAL,NA,Inje University,ketamine,0,,2013-01,,,"Kihwa Lee, MD (Haeundae paik hospital, inje university)",yes,,https://clinicaltrials.gov/study/NCT02256358
NCT05756621,Dual Anti-glutamate Therapy in Super-refractory Status Epilepticus After Cardiac Arrest,other,Status Epilepticus; Cardiac Arrest,COMPLETED,OBSERVATIONAL,,University of Milano Bicocca,ketamine,10,Italy,2022-01-15,,,"Simone Beretta, MD, PhD (University of Milano Bicocca); Matteo Pozzi, MD (Fondazione IRCCS Gerardo dei Tintori Monza)",no,undecided,https://clinicaltrials.gov/study/NCT05756621
NCT07504601,"Investigating the Analgesic Potential of (2R,6R)-HNK in Acute Pain in Healthy Volunteers",psychiatric,Healthy Volunteers,NOT_YET_RECRUITING,INTERVENTIONAL,PHASE2,National Center for Complementary and Integrative Health (NCCIH),ketamine,1,United States,2026-10-07,Xue S Davis,(301) 827-8646,"Lauren Y Atlas, Ph.D. (National Center for Complementary and Integrative Health (NCCIH))",no,yes,https://clinicaltrials.gov/study/NCT07504601
NCT02839928,Nasal Ketamine for Minor Procedures in Children,other,Pain,UNKNOWN,INTERVENTIONAL,NA,Kaplan Medical Center,ketamine,0,,2016-07,Eric Scheier,4103586230,"Eric Scheier, MD (Physician, pediatric emergency department)",no,no,https://clinicaltrials.gov/study/NCT02839928
NCT06707532,The Potential Protective Effect of Using Muscle Relaxants During Electroporation Ablation (PFA),other,"Kidney Failure, Acute; Myopathy; Drugs; Heart Arrhythmia; Succinylcholine Sensitivity; Muscle Relaxation; General Anesthetic Drug Adverse Reaction; Projection",RECRUITING,INTERVENTIONAL,NA,"4th Military Clinical Hospital with Polyclinic, Poland",ketamine,1,Poland,2024-08-01,"Marek Szamborski, MD",698-448-639,"Marek Szamborski, MD (Senior Assistant)",no,,https://clinicaltrials.gov/study/NCT06707532
NCT04144153,Opioid Free Anesthesia and Bariatric Surgery,anesthesia_analgesia,Postoperative Quality of Recovery,COMPLETED,INTERVENTIONAL,PHASE4,Northwell Health,ketamine,1,United States,2021-08-09,,,"Judith Aronsohn, MD (Northwell Health)",no,no,https://clinicaltrials.gov/study/NCT04144153
NCT05997134,Three Regimens of Ketamine Infusion in Complex Regional Pain Syndrome,other,Ketamine Infusion; Complex Regional Pain Syndromes,UNKNOWN,INTERVENTIONAL,PHASE4,Tanta University,ketamine,1,Egypt,2023-08-30,,,,no,yes,https://clinicaltrials.gov/study/NCT05997134
NCT03525912,Neuropsychiatric and Cardiovascular Side Effects in Ketamine Analgesic Infusions,psychiatric,"Pain, Postoperative; Ketamine Adverse Reaction",COMPLETED,INTERVENTIONAL,NA,Universidad de Antioquia,ketamine,1,Colombia,2017-07-01,,,"Adriana M Cadavid, MD (Anesthesiology professor)",no,no,https://clinicaltrials.gov/study/NCT03525912
NCT04091971,Ketamine Treatment Effects on Synaptic Plasticity in Depression,psychiatric,Major Depressive Disorder,COMPLETED,INTERVENTIONAL,PHASE4,New York State Psychiatric Institute,ketamine,1,United States,2020-10-09,,,"Jeffrey Miller, MD (New York State Psychiatric Institute)",yes,yes,https://clinicaltrials.gov/study/NCT04091971
NCT01794975,Changes in Striatal [11C]ORM-13070 Binding Elicited by Changing Levels of Endogenous Noradrenaline,other,Changes in Striatal [11C]ORM-13070 Binding.,COMPLETED,INTERVENTIONAL,PHASE1,University of Turku,ketamine,1,Finland,2012-08,,,"Juha Rinne, PhD (Turku PET Centre)",no,,https://clinicaltrials.gov/study/NCT01794975
NCT02463929,Dyphenhidramine Effect on Prevention of Sevoflurane Induced Post Anesthesia Agitation in Pediatric,anesthesia_analgesia,Specified Sedative; Hypnotic,COMPLETED,INTERVENTIONAL,PHASE4,Universitas Diponegoro,ketamine,0,,2014-04,,,"Johan Mr Arifin, dr (Universitas Diponegoro)",no,,https://clinicaltrials.gov/study/NCT02463929
NCT00224588,KETOR: Effects of Peri Operative Administration of Ketamine on Long Term Post Thoracotomy Pain,other,Ketamine; Chronic Post Thoracotomy Pain; Thoracotomy; Pain; Neuralgia,COMPLETED,INTERVENTIONAL,PHASE3,Assistance Publique - Hôpitaux de Paris,ketamine,1,France,2003-01,,,"Thierry GUENOUN, MD (Assistance Publique - Hôpitaux de Paris)",no,,https://clinicaltrials.gov/study/NCT00224588
NCT07573969,Adding Dexmedetomidine Versus Ketamine to Bupivacaine in Fluoroscopy Guided Caudal Analgesia for Lumbosacral Surgeries,anesthesia_analgesia,Perioperative Analgesia,RECRUITING,INTERVENTIONAL,PHASE3,Ain Shams University,ketamine,1,Egypt,2026-05,"Salma Ayman Abdulazeem, MSc",+201285665828,,no,undecided,https://clinicaltrials.gov/study/NCT07573969
NCT03502551,ED Treatment of Suicidal Patients With Ketamine Infusion,psychiatric,Suicide; Suicidal Ideation,WITHDRAWN,INTERVENTIONAL,PHASE2,"University of California, Davis",ketamine,1,United States,2019-04-01,,,"Aimee Moulin, MD (University of California, Davis)",no,no,https://clinicaltrials.gov/study/NCT03502551
NCT06066879,Pre-Operative Ketamine Infusion for Post Operative Pain Control After Revision Spinal Surgery,anesthesia_analgesia,Revision Spine Surgery; Fusion of Spine; Cervical Fusion; Lumbar Fusion,UNKNOWN,INTERVENTIONAL,PHASE4,AXIS Spine Center- a division of Northwest Specialty Hospital,ketamine,1,United States,2023-09-18,"Elisa Maples, BS",2086640290,"Jessica Jameson, MD (division of NSWH)",no,undecided,https://clinicaltrials.gov/study/NCT06066879
NCT02541396,A Study Of The Effectiveness Of Wafermine Alone And In Combination With Opioids In Subjects Undergoing Bunionectomy,other,Acute Pain,COMPLETED,INTERVENTIONAL,PHASE2,iX Biopharma Ltd.,ketamine,1,United States,2015-10,,,,no,,https://clinicaltrials.gov/study/NCT02541396
NCT04876066,Use of Transmucosal Ketamine in Post Stroke Depression,psychiatric,Post-stroke Depression,UNKNOWN,INTERVENTIONAL,PHASE1,West Virginia University,ketamine,1,United States,2020-11-30,Amelia Adcock,(304) 293-3527,,no,,https://clinicaltrials.gov/study/NCT04876066
NCT07705022,Assessing Covert Consciousness During Dexmedetomidine and Ketamine Sedation: An fMRI Study,psychiatric,Healthy; Covert Consciousness,ENROLLING_BY_INVITATION,INTERVENTIONAL,PHASE2,University of Michigan,ketamine,1,United States,2026-08-07,,,"Zirui Huang, PhD (University of Michigan)",no,yes,https://clinicaltrials.gov/study/NCT07705022
NCT05752110,Effects of Subanesthetic Dose of Ketamine Given on Postoperative Mood in Patients Undergoing Fractional Curettage,psychiatric,Ketamine; Minor Surgical Procedure; Total Mood Score; Woman,COMPLETED,INTERVENTIONAL,PHASE4,Istanbul Training and Research Hospital,ketamine,2,Turkey (Türkiye),2022-04-01,,,"Mehmet TOPTAS, Ass.Prof.Dr (Istanbul Training and Research Hospital)",no,no,https://clinicaltrials.gov/study/NCT05752110
NCT06521697,Effects of Minimal-Flow Sevoflurane and Multimodal Analgesia in Head and Neck Cancer Surgery,anesthesia_analgesia,Head and Neck Cancer; Anesthesia; Renal Protection; Acute Kidney Injury; Multimodal Analgesia,UNKNOWN,INTERVENTIONAL,PHASE4,National Taiwan University Hospital,ketamine,0,,2024-08,"Ming-Hui Hung, MD",+886-972653392,"Ming-Hui Hung, MD (National Taiwan University Hosital)",no,,https://clinicaltrials.gov/study/NCT06521697
NCT07385352,Caudal Dexmedetomidine vs Ketamine for Postoperative Analgesia in Pediatric DDH Surgery,anesthesia_analgesia,Developmental Dysplasia of the Hip,NOT_YET_RECRUITING,INTERVENTIONAL,NA,Assiut University,ketamine,1,Egypt,2026-03-01,Abdelmon,+201116251563,"Esraa Abdelmonem, MSc (Assiut University)",no,yes,https://clinicaltrials.gov/study/NCT07385352
NCT04429685,The Effects of Low Dose Ketamine on Cardiovascular Function,other,Healthy,TERMINATED,INTERVENTIONAL,PHASE1,University of Texas Southwestern Medical Center,ketamine,1,United States,2020-11-01,,,,no,undecided,https://clinicaltrials.gov/study/NCT04429685
NCT02282891,"Compare the Effect of Propofol vs. ""Ketofol"" on Hemodynamic Stability During Induction of General Anesthesia",anesthesia_analgesia,"Patients With ""ASA 3"" Designation",WITHDRAWN,INTERVENTIONAL,PHASE2,Yale University,ketamine,1,United States,2015-01,,,"Jamel P Ortoleva, MD (Yale University); Jean Charchaflieh, MD,MPH,DrPH (Yale University)",no,,https://clinicaltrials.gov/study/NCT02282891
NCT01250418,SNAP VS BIS(OAA/S) Scale During a Sedation Regimen With and Without Ketamine,anesthesia_analgesia,Pain,TERMINATED,INTERVENTIONAL,NA,Northwestern University,ketamine,1,United States,2010-08,,,"Gildasio DeOliveira, MD (Northwestern University)",yes,,https://clinicaltrials.gov/study/NCT01250418
NCT03647579,Dexmedetomidine Versus Midazolam Added to Ketamine in Pediatric Patients Undergoing Bone Marrow Aspiration and Biopsy,other,Procedural Sedation and Analgesia During Bone Marrow Aspiration and Biopsy,COMPLETED,INTERVENTIONAL,NA,Assiut University,ketamine,1,Egypt,2018-08-30,,,,no,,https://clinicaltrials.gov/study/NCT03647579
NCT05218161,Hemodynamic Effect of Dexmedetomidine Alone With Dexmedetomidine Plus Ketamine Combination in CABG,other,Hemodynamic Instability,UNKNOWN,INTERVENTIONAL,NA,Chaudhry Pervaiz Elahi Institute of Cardiology,ketamine,1,Pakistan,2021-01-01,,,"Dr Shumaila Rai, FCPS (Chaudhry Pervaiz Elahi Institute of Cardiology)",no,no,https://clinicaltrials.gov/study/NCT05218161
NCT07103720,"The Nonirritating Concentrations of Midazolam, Ketamine, and Ondansetron",other,Allergy,COMPLETED,INTERVENTIONAL,PHASE4,Mayo Clinic,ketamine,1,United States,2025-11-05,,,"Alexei Gonzalez Estrada, MD (Mayo Clinic)",no,no,https://clinicaltrials.gov/study/NCT07103720
NCT02105415,"Ketamine / Propofol Admixture ""Ketofol"" at Induction in the Critically Ill Against Etomidate: KEEP PACE Trial",other,Critical Illness,COMPLETED,INTERVENTIONAL,PHASE2|PHASE3,Mayo Clinic,ketamine,1,United States,2014-04,,,"Nathan J Smischney, MD (Mayo Clinic)",yes,,https://clinicaltrials.gov/study/NCT02105415
NCT01887990,Treatment of Suicidal Ideation With Intravenous Ketamine Infusion,psychiatric,Depression; Suicidal Ideation,COMPLETED,INTERVENTIONAL,NA,University of Alabama at Birmingham,ketamine,1,United States,2012-05,,,"Cheryl B McCullumsmith, MD PhD (University of Alabama at Birmingham)",yes,,https://clinicaltrials.gov/study/NCT01887990
NCT02571491,Comparison of the Efficacy of Ketamine in Pediatric Patients With Idiopathic Scoliosis After Surgery,anesthesia_analgesia,Progressive Infantile Idiopathic Scoliosis,COMPLETED,INTERVENTIONAL,PHASE2,Fundació Sant Joan de Déu,ketamine,1,Spain,2012-01,,,"Marina Perelló Riera, MD (Hospital Sant Joan de Déu Servicio de Anestesiología, Reanimación y Tratamiento del Dolor)",no,,https://clinicaltrials.gov/study/NCT02571491
NCT02106325,Ketamine as a Rapidly-Acting Antidepressant in Depressed Emergency Department Patients,psychiatric,Depression,COMPLETED,INTERVENTIONAL,PHASE2,NYU Langone Health,ketamine,2,United States,2013-12,,,"Stephen Ross, MD (NYU Langone Health); K. Casey Paleos, MD (New York Unversity School of Medicine)",yes,,https://clinicaltrials.gov/study/NCT02106325
NCT06077487,Ketamine-assisted Therapy for Advanced GI Cancer,other,"Pancreatic Ductal Adenocarcinoma; Pain, Acute; Gastrointestinal Cancers; Demoralization",TERMINATED,INTERVENTIONAL,PHASE4,"Brian Anderson, MD",ketamine,1,United States,2024-05-17,,,"Brian T Anderson, MD (University of California, San Francisco)",yes,no,https://clinicaltrials.gov/study/NCT06077487
NCT04622904,Lidocaine and Magnesium and Ketamine in Gynecological Surgery,anesthesia_analgesia,"Pain, Postoperative; Pain, Acute; Pain, Chronic; Pain, Neuropathic; Lidocaine; Ketamine; Magnesium; Central Nervous System Depressants; Analgesics; Neurotransmitter Agents; Analgesics, Non-narcotic",UNKNOWN,INTERVENTIONAL,NA,Aretaieion University Hospital,ketamine,1,Greece,2020-11-14,"Kassiani Theodoraki, PhD, DESA",+306974634162,"Kassiani Theodoraki, PhD, DESA (Aretaieion University Hospital)",no,no,https://clinicaltrials.gov/study/NCT04622904
NCT03088384,Ketamine Infusion Therapy for PTSD in Combat Veterans,psychiatric,"Stress Disorders, Post-Traumatic",COMPLETED,OBSERVATIONAL,,Klarisana Physician Services PLLC,ketamine,1,United States,2016-11-28,,,,no,no,https://clinicaltrials.gov/study/NCT03088384
NCT03367533,"Alpha-Amino-3-Hydroxy-5-Methyl-4- Isoxazole Propionic Acid Receptor Components of the Anti-Depressant Ketamine Response, Pilot Trial",psychiatric,"Depressive Disorder, Major; Post Traumatic Stress Disorder; Bipolar Disorder",COMPLETED,INTERVENTIONAL,PHASE1,Yale University,ketamine,1,United States,2018-11-29,,,"John Krystal, MD (Yale University)",no,no,https://clinicaltrials.gov/study/NCT03367533
NCT00587665,Low Dose Ketamine as an Adjunct to Fentanyl in Outpatient Tonsillectomy,anesthesia_analgesia,Pain,COMPLETED,INTERVENTIONAL,NA,Mayo Clinic,ketamine,1,United States,2006-08,,,"Gregory Schears, md (Mayo Clinic, Rochester, MN)",no,,https://clinicaltrials.gov/study/NCT00587665
NCT04123652,Ambulatory Infusions of Lidocaine and Ketamine for Management of Chronic Pain,other,Chronic Neuropathic Pain and Fibromyalgia,COMPLETED,INTERVENTIONAL,PHASE4,Allevio Pain Management Clinic,ketamine,1,Canada,2017-11-05,,,"Ramin Safakish, MD.FRCPC (Allevio Pain Management Clinic)",no,,https://clinicaltrials.gov/study/NCT04123652
NCT07009158,Ketamine Assisted Psychotherapy for Treating Comorbid Chronic Pain and PTSD,psychiatric,Chronic Pain; Posttraumatic Stress Disorder (PTSD),RECRUITING,INTERVENTIONAL,PHASE1|PHASE2,Dr. Yuliya Knyahnytska,ketamine,1,Canada,2026-03-31,"Etienne J Bisson, PhD",16135443400,,no,undecided,https://clinicaltrials.gov/study/NCT07009158
NCT05103319,Simultaneous Application of Ketamine and Lidocaine During an Ambulatory Infusion Therapy as a Treatment Option in Refractory Chronic Pain Conditions,other,Chronic Pain,COMPLETED,OBSERVATIONAL,,"University Hospital, Basel, Switzerland",ketamine,1,Switzerland,2021-09-07,,,"Tobias Schneider, Dr. med. (Department of Anesthesiology University of Basel (USB))",no,,https://clinicaltrials.gov/study/NCT05103319
NCT02418195,"miRNAs, Suicide, and Ketamine - Plasma Exosomal microRNAs as Novel Biomarkers for Suicidality and Treatment Outcome",psychiatric,Major Depressive Disorder,COMPLETED,INTERVENTIONAL,PHASE2,University of Alabama at Birmingham,ketamine,1,United States,2015-04-20,,,"Yogesh Dwivedi, Ph.D. (University of Alabama at Birmingham); Richard C Shelton, M.D. (University of Alabama at Birmingham)",yes,,https://clinicaltrials.gov/study/NCT02418195
NCT02522377,Administration of Subanesthetic Dose of Ketamine and Electroconvulsive Treatment for Treatment Resistant Depression,psychiatric,Treatment Resistant Depression; Major Depressive Disorder; Severe Depression,COMPLETED,INTERVENTIONAL,NA,The Cleveland Clinic,ketamine,1,United States,2015-08,,,"Murat Altinay, MD (The Cleveland Clinic)",yes,undecided,https://clinicaltrials.gov/study/NCT02522377
NCT04238039,Ketamine Long Therm Follow Up Study,other,Followin Ketamine Treatment,UNKNOWN,OBSERVATIONAL,,The Chaim Sheba Medical Center,ketamine,1,Israel,2019-12-14,,,,no,,https://clinicaltrials.gov/study/NCT04238039
NCT06750939,The Impact of Propofol and Ketamine on Cardiovascular Collapse During Induction for Intubation,anesthesia_analgesia,Cardiovascular Collapse; Intubation Complication; Anaesthetic Complication Cardiac,RECRUITING,OBSERVATIONAL,,Kocaeli City Hospital,ketamine,1,Turkey (Türkiye),2024-07-15,"Ömer Emgin, MD",+90 262 225 27 00,,no,no,https://clinicaltrials.gov/study/NCT06750939
NCT02882711,The UTHealth Ketamine Project,other,Treatment Resistant Depression; Major Depressive Disorder; Bipolar Disorder,TERMINATED,INTERVENTIONAL,PHASE2,"The University of Texas Health Science Center, Houston",ketamine,1,United States,2016-11-07,,,"Salih Selek, MD (The University of Texas Health Science Center, Houston)",yes,,https://clinicaltrials.gov/study/NCT02882711
NCT06380244,Opioid-free Anesthesia as an Alternative to General Anesthesia in Abdominal Surgery,anesthesia_analgesia,"Analgesics, Opioid; Anesthesia, Endotracheal; Anesthesia, General",RECRUITING,INTERVENTIONAL,NA,Jagiellonian University,ketamine,1,Poland,2024-04-29,,,,no,yes,https://clinicaltrials.gov/study/NCT06380244
NCT05176119,Nalbuphine Versus Ketamine for Prevention of Emergence Agitation After Sevoflurane in Children Undergoing Tonsillectomy,anesthesia_analgesia,Pediatric ALL; Pediatric Anesthesia,COMPLETED,INTERVENTIONAL,PHASE4,Ain Shams University,ketamine,1,Egypt,2021-03-25,,,,no,no,https://clinicaltrials.gov/study/NCT05176119
NCT03813121,The Effects of Sedatives on Tobacco Use Disorder,anesthesia_analgesia,Tobacco Use Disorder,COMPLETED,INTERVENTIONAL,PHASE1|PHASE2,Wake Forest University Health Sciences,ketamine,1,United States,2019-06-01,,,"Merideth Addicott, PhD (University of Arkansas)",yes,no,https://clinicaltrials.gov/study/NCT03813121
NCT03113968,ELEKT-D: Electroconvulsive Therapy (ECT) vs. Ketamine in Patients With Treatment Resistant Depression (TRD),psychiatric,Treatment Resistant Depression; Electroconvulsive Therapy; ECT; Ketamine; Psychiatric Disorder; Depression; Major Depressive Disorder; Major Depressive Episode; Unipolar Depression,COMPLETED,INTERVENTIONAL,PHASE2|PHASE3,Bo Hu,ketamine,5,United States,2017-04-07,,,"Amit Anand, MD (The Cleveland Clinic)",yes,no,https://clinicaltrials.gov/study/NCT03113968
NCT06668571,Intravenous Ketamine for Treatment-Resistant Depression,psychiatric,"Depressive Disorder, Treatment-Resistant; Treatment Resistant Depression (TRD)",RECRUITING,INTERVENTIONAL,PHASE2,Mayo Clinic,ketamine,1,United States,2025-02-10,Nicole Reinicke,507-422-1835,"Balwinder Singh, M.D., M.S. (Mayo Clinic)",no,yes,https://clinicaltrials.gov/study/NCT06668571
NCT07235514,Anesthesia Management in Endovascular Therapy for Ischemic Stroke - 2,anesthesia_analgesia,Ischemic Stroke; Anterior Cerebral Circulation; General Anesthesia; Procedural Sedation; Thrombectomy,RECRUITING,INTERVENTIONAL,NA,"University Hospital, Clermont-Ferrand",ketamine,16,France,2026-03-24,Lise Laclautre,334.73.754.963,"Russell CHABANNE (University Hospital, Clermont-Ferrand)",no,yes,https://clinicaltrials.gov/study/NCT07235514
NCT05487885,"Anhedonia, Development, and Emotions: Phenotyping and Therapeutics",other,Depression; Anhedonia,COMPLETED,INTERVENTIONAL,PHASE4,Erika Forbes,ketamine,1,United States,2022-07-22,,,"Erika E Forbes, PhD (University of Pittsburgh)",yes,no,https://clinicaltrials.gov/study/NCT05487885
NCT06297915,Infusion Treatments of Chronic Peripheral Neuropathic Pain,other,Neuropathic Pain,COMPLETED,OBSERVATIONAL,,Hacettepe University,ketamine,1,Turkey (Türkiye),2022-05-17,,,"Gokhan Sucu, MD (HACETTEPE UNIVERSİTY)",no,,https://clinicaltrials.gov/study/NCT06297915
NCT06774274,Analgesic Efficacy of Intravenous Ketamine as a Continuous Infusion vs PCA in the Management of Acute Postoperative Pain in Major Orthopedic Surgery.,anesthesia_analgesia,"Pain, Postoperative; Opioid Use; Major Surgery",RECRUITING,INTERVENTIONAL,PHASE4,Universidad de Antioquia,ketamine,1,Colombia,2025-03-01,"Fabian D Casas, Professor",+57 (604) 300574882,"Fabian D Casas, Professor (Universidad de Antioquia)",no,no,https://clinicaltrials.gov/study/NCT06774274
NCT05855876,Reversal of Battle-Related Aging (ROBRA) in a Special Operations Forces Cohort,other,Post-Traumatic Stress Disorder; Traumatic Brain Injury,UNKNOWN,OBSERVATIONAL,,Stella Center,ketamine,1,United States,2023-07-05,,,"Eugene Lipov, MD (Stella Center)",no,,https://clinicaltrials.gov/study/NCT05855876
NCT00709436,Safety and Efficacy of Repeated Doses of PMI-150 (Intranasal Ketamine) in Acute Post-operative Pain Following Orthopedic Surgery,anesthesia_analgesia,"Pain, Postoperative",COMPLETED,INTERVENTIONAL,PHASE3,"Hospira, now a wholly owned subsidiary of Pfizer",ketamine,16,United States,2008-06,,,Javelin Pharmaceuticals (Javelin Pharmaceuticals),no,,https://clinicaltrials.gov/study/NCT00709436
NCT01339065,The Effect of Ketamine on Production of Inflammatory Markers in Post Operative Patients in Mulago Hospital,other,Post Operative Inflammatory Marker Levels,UNKNOWN,INTERVENTIONAL,PHASE4,Makerere University,ketamine,1,Uganda,2011-04,,,,no,,https://clinicaltrials.gov/study/NCT01339065
NCT06946212,Dexmedetomidine Versus Ketamine-midazolam Sedation in Awake Fiberoptic Intubation in Suspected Difficult Airway,anesthesia_analgesia,Awake Fiberoptic Intubation,COMPLETED,INTERVENTIONAL,PHASE4,Zagazig University,ketamine,1,Egypt,2023-05-15,,,,no,yes,https://clinicaltrials.gov/study/NCT06946212
NCT07365800,The MDK Study: Using a Combination of Methadone-dexmedetomidine-ketamine for Postoperative Pain Control in Patients Undergoing Complex Spine Surgeries.,anesthesia_analgesia,Spine Surgery,ENROLLING_BY_INVITATION,INTERVENTIONAL,PHASE4,University of Missouri-Columbia,ketamine,1,United States,2026-04-24,,,,no,no,https://clinicaltrials.gov/study/NCT07365800
NCT04814381,Ketamine + Magnesium for Chronic Cluster Headache (KETALGIA),other,Refractory Chronic Cluster Headache,COMPLETED,INTERVENTIONAL,PHASE4,"University Hospital, Clermont-Ferrand",ketamine,14,France,2021-09-15,,,"Xavier MOISSET (University Hospital, Clermont-Ferrand)",no,,https://clinicaltrials.gov/study/NCT04814381
NCT03133780,Sedation During Spinal Anesthesia,anesthesia_analgesia,Sedation During Spinal Anesthesia,COMPLETED,INTERVENTIONAL,PHASE2,Assiut University,ketamine,1,Egypt,2018-07-14,,,"Seham M Moeen, MD (Assiut Univerisity)",no,,https://clinicaltrials.gov/study/NCT03133780
NCT00798083,Neuropathic Pain Caused by Radiation Therapy,other,Neuropathic Pain Secondary to Radiation Therapy,COMPLETED,INTERVENTIONAL,PHASE3,British Columbia Cancer Agency,ketamine,1,Canada,2008-04,,,"Isabella Uzaraga, MD (BC Cancer Agency - Vancouver Island Centre)",no,,https://clinicaltrials.gov/study/NCT00798083
NCT04101474,Role Of Ketamine in Treatment-Resistant Major Depressive Disorder And Its Effect on Suicidality,psychiatric,Treatment Resistant Depression,COMPLETED,INTERVENTIONAL,NA,Assiut University,ketamine,1,Egypt,2020-09-01,,,,no,,https://clinicaltrials.gov/study/NCT04101474
NCT01736020,Developing Anesthesia as Post Traumatic Stress Disorder (PTSD) Therapy,psychiatric,Healthy,UNKNOWN,INTERVENTIONAL,PHASE1,Southern California Institute for Research and Education,ketamine,1,United States,2009-09,,,"Michael T Alkire, MD (University of California, Irvine and Long Beach VA Medical Center)",no,,https://clinicaltrials.gov/study/NCT01736020
NCT01969227,The Effects of Ketamine on Respiratory Stimulation and Transpulmonary Pressures,other,Mechanical Ventilation; Airway Patency; Respiratory Depression,COMPLETED,INTERVENTIONAL,NA,Massachusetts General Hospital,ketamine,2,United States,2014-01,,,"Lorenzo Berra, MD (Massachusetts General Hospital); Matthias Eikermann, MD, PhD (Beth Israel Deaconess Medical Center)",yes,,https://clinicaltrials.gov/study/NCT01969227
NCT06736496,Comparative Study of Opioid-Free Anesthesia Versus Opioid Anesthesia in Patients Undergoing Laparoscopic Cholecystectomy,anesthesia_analgesia,Laparoscopic Cholecystectomy,NOT_YET_RECRUITING,INTERVENTIONAL,PHASE4,Assiut University,ketamine,0,,2025-01-01,"Mahmoud Ahmed Mokhtar Mohamed, resident doctor",+201070099391,,no,undecided,https://clinicaltrials.gov/study/NCT06736496
NCT04082858,Ketamine Interleaved With Electroconvulsive Therapy for Depression,psychiatric,Depression,TERMINATED,INTERVENTIONAL,PHASE1,"St Patrick's Hospital, Ireland",ketamine,1,Ireland,2020-01-06,,,"Declan McLoughlin, PhD (St Patrick's Hospital)",no,no,https://clinicaltrials.gov/study/NCT04082858
NCT06525584,Ketamine Infusion as a Method of Cerebral Protection in Children,other,Brain Injuries,RECRUITING,INTERVENTIONAL,NA,Kemerovo State Medical University,ketamine,1,Russia,2023-11-05,,,,no,no,https://clinicaltrials.gov/study/NCT06525584
NCT04525274,Intraperitoneal Dexmedetomidine Versus Ketamine With Bupivacaine For Postoperative Analgesia,anesthesia_analgesia,Obesity,COMPLETED,INTERVENTIONAL,NA,Zagazig University,ketamine,1,Egypt,2021-10-01,,,,no,yes,https://clinicaltrials.gov/study/NCT04525274
NCT07845305,INtubation With Sedation Only to Preserve Independent Respiratory Effort Trial,anesthesia_analgesia,Acute Respiratory Failure,ENROLLING_BY_INVITATION,INTERVENTIONAL,NA,Vanderbilt University Medical Center,ketamine,1,United States,2026-09-28,,,"Stephanie C DeMasi, MD, MS (Vanderbilt University Medical Center); Jonathan D. Casey, MD, MSc (Vanderbilt University Medical Center)",no,yes,https://clinicaltrials.gov/study/NCT07845305
NCT02624596,Understanding How Ketamine Brings About Rapid Improvement in OCD,psychiatric,Obsessive-Compulsive Disorder,COMPLETED,INTERVENTIONAL,PHASE2,Stanford University,ketamine,1,United States,2016-08-16,,,"Carolyn I Rodriguez, MD, PhD (Stanford University)",no,,https://clinicaltrials.gov/study/NCT02624596
NCT06464146,Pain Reduction for Limb Injuries in Pediatric Emergency Departments: Intranasal Fentanyl or Intranasal Ketamine vs Oral Morphine,other,Limb Injury,RECRUITING,INTERVENTIONAL,PHASE3,Assistance Publique - Hôpitaux de Paris,ketamine,5,France,2025-02-26,"Hélène CHAPPUY, MD, PhD",+33 1 44 49 41 26,"Hélène CHAPPUY, MD, PhD (Assistance Publique - Hôpitaux de Paris)",no,no,https://clinicaltrials.gov/study/NCT06464146
NCT02916927,Intravenous Sub-dissociative Dose Ketamine Injection Versus Infusion for Analgesia in the Emergency Department,anesthesia_analgesia,Pain,COMPLETED,INTERVENTIONAL,PHASE4,Alameda Health System,ketamine,1,United States,2016-09,,,,yes,undecided,https://clinicaltrials.gov/study/NCT02916927
NCT01755169,Ketamine in Chronic Kid's (KiCK) Pain,other,Chronic Pain,TERMINATED,INTERVENTIONAL,PHASE2,Medical University of South Carolina,ketamine,1,United States,2013-01,,,"Amy-Lee Bredlau, MD (Medical University of South Carolina)",yes,no,https://clinicaltrials.gov/study/NCT01755169
NCT06473896,Effect of Ketalar or Dexmedetomidine on Increased Sensitivity to Pain Following Treatment With Remifentanil,other,Cholecystectomy,UNKNOWN,INTERVENTIONAL,NA,Assaf-Harofeh Medical Center,ketamine,1,Israel,2024-04-18,"Sara Bar Yehuda, PhD",972528981004,"Sara Bar Yehuda, PhD (Shamir (Asaf Harofe) medical center)",no,undecided,https://clinicaltrials.gov/study/NCT06473896
NCT02145169,"Inhaled Nitrous Oxide for the Prevention of Emergence Reaction During Ketamine Administration in Adults, a Pilot Study",other,Emergence Reaction; Procedural Sedation,COMPLETED,INTERVENTIONAL,NA,Albert Einstein Healthcare Network,ketamine,1,United States,2013-10,,,"Paul Dominici, MD (Albert Einstein Healthcare Network)",yes,no,https://clinicaltrials.gov/study/NCT02145169
NCT07246447,Ketodex Versus Opioid Based Anesthesia in Obese Patients Undergoing Laparoscopic Sleeve Gastrectomy.,anesthesia_analgesia,Morbid Obesity,ACTIVE_NOT_RECRUITING,INTERVENTIONAL,NA,Cairo University,ketamine,1,Egypt,2025-11-11,,,,no,,https://clinicaltrials.gov/study/NCT07246447
NCT01667926,Ketamine Versus Placebo for Treatment Resistant Major Depressive Disorder,psychiatric,Major Depressive Disorder,COMPLETED,INTERVENTIONAL,NA,Massachusetts General Hospital,ketamine,1,United States,2013-01,,,"Cristina Cusin, M.D. (MGH Department of Psychiatry)",yes,,https://clinicaltrials.gov/study/NCT01667926
NCT02591017,Comparison of Oral Morphine Versus Nasal Ketamine Spray With Chitosan in Cancer Pain Outpatients,other,Cancer: Breakthrough Pain; Cancer: Extreme Pain on Movement,TERMINATED,INTERVENTIONAL,PHASE3,"University Hospital, Basel, Switzerland",ketamine,1,Switzerland,2015-02,,,"Wilhelm Ruppen, PD Dr. med. (Pain Relief Unit and Anaesthesiology, University Hospital Basel, Switzerland)",no,,https://clinicaltrials.gov/study/NCT02591017
NCT04134052,Ketamine vs Midazolam on Cognitive Function in Elderly in Elective Surgery Three-Months Postoperatively (ketaminvsMDZ),anesthesia_analgesia,Cognitive Dysfunction,UNKNOWN,INTERVENTIONAL,PHASE3,Universidad de Colima,ketamine,1,Mexico,2021-01-24,"karina Espinoza-Mejia, Msc",52-1 312-1164758,"Oscar-Alberto Newton-Sanchez, Phd (Universidad de Colima); Fabian Rojas-Larios, Phd (Universidad de Colima)",no,no,https://clinicaltrials.gov/study/NCT04134052
NCT07066306,Effects of Local Ketamine in Orthognathic Procedures,other,"Dentofacial Deformities; Analgesia; Vomiting, Postoperative; Nausea, Postoperative",ACTIVE_NOT_RECRUITING,INTERVENTIONAL,NA,Bezmialem Vakif University,ketamine,1,Turkey (Türkiye),2025-06-21,,,,no,,https://clinicaltrials.gov/study/NCT07066306
NCT03448068,Perioperative Ketamine for Pain With Gastric Bypass,anesthesia_analgesia,Laparoscopic Gastric Bypass Surgery; Ketamine,COMPLETED,INTERVENTIONAL,PHASE2,Mayo Clinic,ketamine,1,United States,2018-04-16,,,"Andrew W Gorlin, M.D. (Mayo Clinic)",yes,,https://clinicaltrials.gov/study/NCT03448068
NCT05051449,Ketamine for OUD and Comorbid Depression (OUDCD),psychiatric,Opioid Use Disorder; Depressive Disorder,TERMINATED,INTERVENTIONAL,PHASE1,"University of Maryland, Baltimore",ketamine,1,United States,2022-04-04,,,"Annabelle Belcher, PhD (University of Maryland, Baltimore)",no,no,https://clinicaltrials.gov/study/NCT05051449
NCT04483258,Sevoflurane Insufflation vs Intravenous Sedation for Radiotherapy in Pediatric Patients,anesthesia_analgesia,Pediatric Sedation; Radiotherapy; Inhalation Anesthesia,UNKNOWN,INTERVENTIONAL,NA,Ankara City Hospital Bilkent,ketamine,1,Turkey (Türkiye),2020-07-05,İsmail Aytac,05056340369,İsmail Aytac (Ankara City Hospital Anesthesiology Department),no,no,https://clinicaltrials.gov/study/NCT04483258
NCT06868589,Reducing Pain With Methadone and Ketamine in Liver Transplant,other,Liver Transplantation,COMPLETED,INTERVENTIONAL,PHASE4,Lahey Clinic,ketamine,2,United States,2025-06-30,,,"Ryan Nazemian, MD, PhD (Lahey Clinic, Department of Anesthesiology, Perioperative and Pain Medicine)",no,no,https://clinicaltrials.gov/study/NCT06868589
NCT04462094,"Comparison of CRP Levels, Neutrophil Count, and Clinical Outcomes of Low Dose Ketamine Between at Anesthesia Induction and at the End of Surgery in Patients Undergo Elective Laparotomy",anesthesia_analgesia,General Anesthesia; Laparotomy; Inflammation,COMPLETED,INTERVENTIONAL,NA,Udayana University,ketamine,1,Indonesia,2020-07-27,,,"Tjokorda GA Senapathi, Dr (Udayana University); Christopher Ryalino, Dr (Udayana University)",no,no,https://clinicaltrials.gov/study/NCT04462094
NCT02134951,Biomarker Assessment of Glutamatergic Target Engagement,other,Healthy Controls,COMPLETED,INTERVENTIONAL,PHASE4,New York State Psychiatric Institute,ketamine,3,United States,2014-05,,,"Jeffrey A Lieberman, MD (New York State Psychiatric Institute)",yes,,https://clinicaltrials.gov/study/NCT02134951
NCT06237569,Dose Low Dose Ketamine in Casesarian,other,Postoperative Pain; Postpartum Depression,UNKNOWN,OBSERVATIONAL,,Inonu University,ketamine,1,Turkey (Türkiye),2024-06-01,"DUYGU DEMIROZ, dr",+905319504421,DUYGU DEMIROZ (Inonu University),no,undecided,https://clinicaltrials.gov/study/NCT06237569
NCT04695405,Pharmacogenetics Associated With IV Ketamine,other,Treatment Resistant Depression,COMPLETED,OBSERVATIONAL,,Brain and Cognition Discovery Foundation,ketamine,1,Canada,2021-01-21,,,"Joshua D Rosenblat, MD, MSc (Canadian Rapid Treatment Center of Excellence)",no,no,https://clinicaltrials.gov/study/NCT04695405
NCT03889756,Ketamine for Severe Adolescent Depression: Intermediate-term Safety and Efficacy,psychiatric,Major Depressive Disorder,TERMINATED,INTERVENTIONAL,PHASE2|PHASE3,Yale University,ketamine,1,United States,2019-07-17,,,"Michael H. Bloch, MD (Yale University); Jennifer Dwyer, MD (Yale University)",yes,,https://clinicaltrials.gov/study/NCT03889756
NCT04704622,"Comparison Between Dexmeditomidine, Midazolam and Ketamine as a Sedative to Help Cannula Insertion in Pediatric Patient",anesthesia_analgesia,Cannula Site Pain,COMPLETED,INTERVENTIONAL,PHASE2|PHASE3,Ain Shams University,ketamine,1,Egypt,2021-01-01,,,"Rasha G Abusinna, MD (Ain Shams University)",no,no,https://clinicaltrials.gov/study/NCT04704622
NCT01700829,Ketamine in the Treatment of Suicidal Depression,psychiatric,Major Depressive Disorder; Suicidal Ideation,COMPLETED,INTERVENTIONAL,PHASE4,New York State Psychiatric Institute,ketamine,1,United States,2012-06,,,"Michael F. Grunebaum, M.D. (Columbia University/New York State Psychiatric Institute)",yes,,https://clinicaltrials.gov/study/NCT01700829
NCT05097261,Ketamine in Acute Brain Injury Patients.,other,"Brain Injuries, Traumatic",UNKNOWN,INTERVENTIONAL,PHASE4,"Geert Meyfroidt, MD, PhD",ketamine,8,Belgium,2021-09-06,"Liese Mebis, PhD",003216343125,"Geert Meyfroidt, MD PhD (Associate Professor of Medicine)",no,no,https://clinicaltrials.gov/study/NCT05097261
NCT04861051,Understanding Ketamine's Dissociative Effects (KD Study),other,Epilepsy,RECRUITING,INTERVENTIONAL,PHASE1,Stanford University,ketamine,1,United States,2021-07-26,Arjay Cordero,650-580-9000,"Karl Deisseroth, MD, PhD (Stanford University)",no,,https://clinicaltrials.gov/study/NCT04861051
NCT02165488,"Frequent Ketamine Use and Gastrointestinal, Liver and Biliary Sequelae",other,Gastritis; Peptic Ulcer Disease; Cholangiopathy; Liver Fibrosis,COMPLETED,OBSERVATIONAL,,The University of Hong Kong,ketamine,1,Hong Kong,2014-06,,,,no,,https://clinicaltrials.gov/study/NCT02165488
NCT06458842,Postoperative Pain Protocol Limiting Narcotics for Laparoscopic Hand-assisted Donor Nephrectomy,anesthesia_analgesia,Narcotic Use; Renal Transplant Donor of Left Kidney,TERMINATED,INTERVENTIONAL,NA,Stony Brook University,ketamine,0,,2014-05-23,,,"Frank Darras, MD (Stony Brook Medicine - Department of Urology)",no,no,https://clinicaltrials.gov/study/NCT06458842
NCT06806475,Sustained Ketamine Effectiveness for Suicidal Ideation,psychiatric,Depression - Major Depressive Disorder; Suicide,COMPLETED,OBSERVATIONAL,,"University Hospital, Montpellier",ketamine,1,France,2023-12-01,,,"Emilie OLIE, MD PhD (University Hospital, Montpellier)",no,no,https://clinicaltrials.gov/study/NCT06806475
NCT06373627,Procedural Pain Management by Multimodal Sedation Analgesia Combining Hypnosis in Children With Congenital Heart Disease,anesthesia_analgesia,Procedural Pain; Congenital Heart Disease; Heart Surgery; Hypnosis,UNKNOWN,INTERVENTIONAL,NA,Fondation Hôpital Saint-Joseph,ketamine,0,,2024-05-02,Marie GERARD,0672510756,Edouard CHAMBON (Fondation Hôpital Saint-Joseph),no,no,https://clinicaltrials.gov/study/NCT06373627
NCT07059429,Ketamine Administration for Postoperative Pain Management in Patients Undergoing Knee Arthroplasty,anesthesia_analgesia,Knee Arthroplasty; Postoperative Pain; Pain Management; Analgesia; Opioid Use; Ketamine,COMPLETED,INTERVENTIONAL,NA,"State Budgetary Healthcare Institution, National Medical Surgical Center N.A. N.I. Pirogov, Ministry of Health of Russia",ketamine,1,Russia,2025-07-01,,,"Boris Teplykh, MD (Pirogov National Medical Surgical Center); Ivan Shcheparev, MD, PhD (Pirogov National Medical Surgical Center)",yes,yes,https://clinicaltrials.gov/study/NCT07059429
NCT03473431,Effect of Ketamine in Depressive Symptoms of Elderly Patients With Visual Impairment.,psychiatric,Depression in Old Age; Ketamine,COMPLETED,INTERVENTIONAL,NA,Instituto Mexicano del Seguro Social,ketamine,1,Mexico,2018-04-15,,,"DULCE RASCON MARTINEZ, M.D (imss)",no,,https://clinicaltrials.gov/study/NCT03473431
NCT05386069,Does a Non-Opioid Multimodal Pain (NOMO) Protocol Decrease Narcotic Use,other,Opioid Use,COMPLETED,INTERVENTIONAL,PHASE3,Prisma Health-Upstate,ketamine,1,United States,2019-11-15,,,"Hema Brazell, MD (Prisma Health)",yes,no,https://clinicaltrials.gov/study/NCT05386069
NCT04266288,Effectiveness of Ketamine for Depression and Suicidal Ideation in the Emergency Department,psychiatric,Depression; Depression Severe; Depression Acute; Depression and Suicide; Suicidal Ideation,COMPLETED,INTERVENTIONAL,PHASE4,MercyOne Des Moines Medical Center,ketamine,1,United States,2019-10-18,,,"Kathryn Bress, PharmD (MercyOne Des Moines Medical Center); Adnan Iqbal, MD (MercyOne Des Moines Medical Center)",no,no,https://clinicaltrials.gov/study/NCT04266288
NCT01519154,Sedation MRI - Propofol Versus Propofol-Ketamin in Children,anesthesia_analgesia,Sedation,COMPLETED,INTERVENTIONAL,PHASE3,Achim Schmitz,ketamine,1,Switzerland,2018-02-09,,,"Achim J Schmitz, MD (University Children's Hospital, Zurich)",no,,https://clinicaltrials.gov/study/NCT01519154
NCT02571153,Low Doses of Ketamine and Postoperative Quality of Recovery,anesthesia_analgesia,Postoperative Pain; Postoperative Nausea and Vomiting,COMPLETED,INTERVENTIONAL,PHASE4,Pontificia Universidade Catolica de Sao Paulo,ketamine,1,Brazil,2015-09,,,"Eduardo T Moro, PhD (School of Medical and Health Sciences, Pontificial Catholic University of São Paulo - PUCSP)",yes,,https://clinicaltrials.gov/study/NCT02571153
NCT03264430,Adding Ketamine to Low Dose Bupivacaine in Saddle Block for Perianal Surgery,anesthesia_analgesia,Perianal Fistula; Hemorrhoids,UNKNOWN,INTERVENTIONAL,EARLY_PHASE1,Esam Eldin Mohamed Abdalla,ketamine,0,,2017-01-01,,,,no,no,https://clinicaltrials.gov/study/NCT03264430
NCT03909594,Bubiket Study: Ultrasound Guided Fascia Iliaca Nerve Block With Bupivacaine and Adjuvant Ketamine vs. Bupivacaine Alone,anesthesia_analgesia,"Pain, Musculoskeletal",WITHDRAWN,INTERVENTIONAL,PHASE4,Antonios Likourezos,ketamine,1,United States,2022-01-01,,,"Sergey Motov, MD (Maimonides Medical Center)",no,no,https://clinicaltrials.gov/study/NCT03909594
NCT03485339,Substance Misuse To Psychosis for Ketamine (SToP-K),psychiatric,Ketamine Abuse; Psychotic Disorders; Substance Use Disorders; Schizophrenia; Genetic Predisposition,COMPLETED,OBSERVATIONAL,,The University of Hong Kong,ketamine,2,Hong Kong,2018-06-12,,,"albert KK Chung, MBBS(HK) (The University of Hong Kong)",no,,https://clinicaltrials.gov/study/NCT03485339
NCT05639322,Psychotherapy for Ketamine's Enhanced Durability in Chronic Neuropathic Pain: A Randomized Controlled Pilot Trial,other,Neuropathic Pain,COMPLETED,INTERVENTIONAL,PHASE4,Unity Health Toronto,ketamine,1,Canada,2023-10-12,,,,no,no,https://clinicaltrials.gov/study/NCT05639322
NCT06490731,Effects of Dexmedetomidine Versus Ketamine on Inflammatory Response and Hemodynamic in Patients,other,Haemodynamic Rebound,RECRUITING,INTERVENTIONAL,PHASE1|PHASE2,New Valley University,ketamine,1,Egypt,2026-04-01,"Ahmed Ismail ABDEL sabour, MD",01097845491,"Ahmed Ismail Abdel Sabour, MD (NewValley University)",no,,https://clinicaltrials.gov/study/NCT06490731
NCT07805928,"Prospective Feasibility, Analgesic Effectiveness, and Safety Study of a Visual Analog Scale-Guided Multimodal Pain Algorithm After Posterior Rib Remodeling With Osteosynthesis",anesthesia_analgesia,Acute Postoperative Pain; Chest Wall Surgery,RECRUITING,OBSERVATIONAL,,Research Inc,ketamine,1,Colombia,2024-01-01,"Hugo Aguilar, MD, Plastic surgeon",+57 301 6918526,"Hugo Aguilar, MD, plastic surgery ()",no,no,https://clinicaltrials.gov/study/NCT07805928
NCT05923775,"Pain and Trismus Control in Third Molar Surgery: Ibuprofen, Ketamine, and Their Combination",anesthesia_analgesia,"Molar, Third",UNKNOWN,INTERVENTIONAL,NA,Cihan Topan,ketamine,1,Turkey (Türkiye),2023-03-01,"Cihan Topan, Doctor",05556456587,,no,no,https://clinicaltrials.gov/study/NCT05923775
NCT02657031,The CHECK Trial: A Comparison of Headache Treatment in the ED: Compazine Versus Ketamine,other,Headache,COMPLETED,INTERVENTIONAL,PHASE4,University Medical Center of Southern Nevada,ketamine,1,United States,2016-03-17,,,"Joseph A Zitek, MD (Unviersity of Nevada School of Medicine)",yes,no,https://clinicaltrials.gov/study/NCT02657031
NCT03236805,Intravenous Subdissociative-dose Ketamine Versus Morphine for Prehospital Analgesia,anesthesia_analgesia,Pain Management,TERMINATED,INTERVENTIONAL,PHASE3,Nantes University Hospital,ketamine,12,France,2017-11-23,,,"Joel JENVRIN, Doctor (Nantes University Hospital)",no,no,https://clinicaltrials.gov/study/NCT03236805
NCT02497066,Efficacy Study Comparing Compounded Topical Pain Creams vs. Placebo for Treating Pain Symptoms,other,Pain,COMPLETED,INTERVENTIONAL,PHASE3,Walter Reed National Military Medical Center,ketamine,0,,2015-08-05,,,"Robert E Brutcher, PharmD,Ph.D. (WRNMMC)",no,,https://clinicaltrials.gov/study/NCT02497066
NCT01558063,Ketamine in the Treatment of Depression,psychiatric,Major Depressive Disorder,COMPLETED,INTERVENTIONAL,PHASE2,Columbia University,ketamine,1,United States,2012-02,,,"Michael F. Grunebaum, M.D. (Columbia University)",yes,no,https://clinicaltrials.gov/study/NCT01558063
NCT07190612,"Efficacy of Propofol Combination With Either Ketamine, Dexmedetomidine or Midazolam for Sedation During Upper Gastrointestinal Endoscopic Procedures",anesthesia_analgesia,Upper Gastrointestinal Endoscopy; Anesthesia,COMPLETED,INTERVENTIONAL,PHASE4,Ain Shams University,ketamine,1,Egypt,2024-12-12,,,"Hazem Mohammad, Msc. (AinShams University)",no,no,https://clinicaltrials.gov/study/NCT07190612
NCT07138781,Ketamine as an Adjuvant in External Oblique Intercostal Plane Block for Post Thoracotomy Pain,other,Ketamine; Adjuvant; External Oblique Intercostal Plane Block; Thoracotomy; Pain,COMPLETED,INTERVENTIONAL,NA,Tanta University,ketamine,1,Egypt,2025-08-23,,,,no,yes,https://clinicaltrials.gov/study/NCT07138781
NCT05962671,Opioid-sparing Versus Sevoflurane Anesthesia on Early Postoperative Hypoventilation in Laparoscopic Bariatric Surgery,anesthesia_analgesia,Anesthesia; Hypoventilation; Opioid Use; Bariatric Surgery,UNKNOWN,INTERVENTIONAL,PHASE4,Tanta University,ketamine,1,Egypt,2023-08-10,"Samah M Marie, MBBCh",+20 120 745 203,,no,yes,https://clinicaltrials.gov/study/NCT05962671
NCT03832309,Techniques to Reduce the Severity and Frequency of Emergent Reactions,other,Analgesia,TERMINATED,INTERVENTIONAL,NA,CHRISTUS Health,ketamine,1,United States,2017-11-21,,,"Paul Crapo, DO (CHRISTUS Health)",no,,https://clinicaltrials.gov/study/NCT03832309
NCT04850911,Reward Emotion Learning and Ketamine Study,other,Depression; Major Depressive Disorder; Treatment Resistant Depression,UNKNOWN,INTERVENTIONAL,NA,University of Oxford,ketamine,1,United Kingdom,2021-08-25,"Erdem Pulcu, PhD",01865613154,"Catherine Harmer, PhD (University of Oxford)",no,undecided,https://clinicaltrials.gov/study/NCT04850911
NCT07838909,Intraoperative Ketamine Versus Lidocaine Infusion on Postoperative Cognitive Dysfunction in Patients Undergoing Hip Surgery,anesthesia_analgesia,Ketamine; Cognitive; Dysfunction; Hip Surgeries,COMPLETED,INTERVENTIONAL,NA,Tanta University,ketamine,1,Egypt,2025-03-30,,,,no,yes,https://clinicaltrials.gov/study/NCT07838909
NCT07490457,Intraoperative Ketamine for Chronic Postoperative Pain After Open-Heart Surgery,anesthesia_analgesia,"Cardiac Anaesthesia; Chronic Pain; Post Operative Pain, Chronic; Post Operative Pain, Acute; Ketamine; Pain",NOT_YET_RECRUITING,INTERVENTIONAL,NA,Bursa City Hospital,ketamine,1,Turkey (Türkiye),2026-04-15,MUHAMMET ESAT DEMIREL,5426350983,MUHAMMET ESAT DEMIREL (Bursa City Hospital),no,no,https://clinicaltrials.gov/study/NCT07490457
NCT03632915,Pharmacokinetics of Antiepileptics in Patients on CRRT,other,Acute Kidney Injury; Renal Insufficiency; Renal Failure; Pharmacokinetics,COMPLETED,OBSERVATIONAL,,"University of Maryland, Baltimore",ketamine,1,United States,2017-11-20,,,"Neeraj Badjatia, MD (University of Maryland, College Park)",no,no,https://clinicaltrials.gov/study/NCT03632915
NCT02199678,A Study to Assess the Analgesic Properties of a Sublingual Wafer Formulation of Ketamine Following Third Molar Extraction,anesthesia_analgesia,Pain,COMPLETED,INTERVENTIONAL,PHASE2,"Lotus Clinical Research, LLC",ketamine,2,United States,2014-07,,,,no,,https://clinicaltrials.gov/study/NCT02199678
NCT06021717,PCA Ketamine-Morphine VS PCA Morphine as Post-Operative Analgesia in Colorectal Surgery,anesthesia_analgesia,Ketamine; Morphine,COMPLETED,INTERVENTIONAL,PHASE4,Universiti Kebangsaan Malaysia Medical Centre,ketamine,1,Malaysia,2018-04-05,,,"Chian Yong Liu, MMed (Anaes) (Universiti Kebangsaan Malaysia Medical Centre)",no,no,https://clinicaltrials.gov/study/NCT06021717
NCT07337135,Opioid-Free vs Opioid-Based Anesthesia in Bariatric Surgery,anesthesia_analgesia,Morbid Obesity; Postoperative Pain; Opioid Free Anesthesia; Bariatric Surgery,COMPLETED,INTERVENTIONAL,NA,Hospital dos Lusíadas,ketamine,1,Portugal,2023-10-02,,,"Emanuel J Almeida, MD (Hospital dos Lusíadas)",yes,no,https://clinicaltrials.gov/study/NCT07337135
NCT00726258,Association of Intravenous Ketamine With Thoracic Epidural Analgesia: Effects on Pain and Respiratory Function Following Thoracotomy.,anesthesia_analgesia,Thoracotomy,TERMINATED,INTERVENTIONAL,NA,Assistance Publique Hopitaux De Marseille,ketamine,1,France,2008-03,,,"Françoise GAILLAT, MD (Assistance Publique des Hôpitaux de Marseille)",no,,https://clinicaltrials.gov/study/NCT00726258
NCT03633058,A Study to Evaluate Ketamine for the Treatment of Rett Syndrome,other,Rett Syndrome,COMPLETED,INTERVENTIONAL,PHASE2,Rett Syndrome Research Trust,ketamine,7,United States,2019-03-12,,,"Jeffrey Neul, MD, PhD (Vanderbilt University Medical Center); Jana von Hehn, PhD (Rett Syndrome Research Trust)",yes,no,https://clinicaltrials.gov/study/NCT03633058
NCT07401914,Ketodex Versus Ketofol in Adolescent Gastrointestinal Endoscopy,anesthesia_analgesia,Procedural Sedation; Gastrointestinal Endoscopy,COMPLETED,OBSERVATIONAL,,Giresun University,ketamine,1,Turkey (Türkiye),2026-02-02,,,"Dilek YENİAY (Department of Anesthesiolgy, Giresun University)",no,no,https://clinicaltrials.gov/study/NCT07401914
NCT06227143,Anesthesia Depth During Opioid Free Anesthesia,anesthesia_analgesia,Opioid-free Anesthesia; Anesthesia Depth Monitoring,COMPLETED,OBSERVATIONAL,,Region Halland,ketamine,1,Sweden,2023-08-01,,,"Krister Mogianos, MD (Region Halland)",no,undecided,https://clinicaltrials.gov/study/NCT06227143
NCT02573714,Sub-dissociative Intranasal Ketamine for Pediatric Sickle Cell Pain Crises,other,Sickle Cell Disease,UNKNOWN,INTERVENTIONAL,NA,Cameroon Baptist Convention Health,ketamine,2,Cameroon; Tanzania,2015-12,"James R Young, MD",704-578-5078,"Ernest Nshom, MD (Cameroon Baptist Convention Health); Michael Runyon, MD (Carolinas Medical Center)",no,,https://clinicaltrials.gov/study/NCT02573714
NCT02417298,Ketamine Infusion for Acute Sickle Cell Crisis in the Emergency Department,other,Pain; Sickle Cell Disorder,TERMINATED,INTERVENTIONAL,NA,Billy Sin,ketamine,1,United States,2015-11,,,"Michael Hochberg, MD (The Brooklyn Hospital Center)",no,,https://clinicaltrials.gov/study/NCT02417298
NCT02219867,Ketamine Infusions for Major Depression Disorder,psychiatric,"Depressive Disorder, Major",UNKNOWN,INTERVENTIONAL,NA,Sheba Medical Center,ketamine,1,Israel,2014-08,,,,no,,https://clinicaltrials.gov/study/NCT02219867
NCT02675530,Parallel Effects of Schizophrenia and N-methyl-D-aspartate (NMDA) Antagonism,other,Schizophrenia,COMPLETED,INTERVENTIONAL,PHASE1,Yale University,ketamine,1,United States,2007-12,,,"Handan Gunduz-Bruce, M.D. (Yale Medical School)",no,,https://clinicaltrials.gov/study/NCT02675530
NCT03810547,Abdominoplasty Under Spinal Anesthesia,anesthesia_analgesia,Spinal Anesthesia Suitability for Abdominoplasty,COMPLETED,INTERVENTIONAL,NA,Ain Shams University,ketamine,1,Egypt,2017-01-30,,,,no,no,https://clinicaltrials.gov/study/NCT03810547
NCT02303847,Ultra-low Dose Oral Ketamine for Chronic Pain in the Primary Care Setting,other,Chronic Pain,UNKNOWN,INTERVENTIONAL,PHASE3,University of Washington,ketamine,1,United States,2014-11,,,"Lucinda Grande, MD (University of Washington Department of Family Medicine)",no,,https://clinicaltrials.gov/study/NCT02303847
NCT02234011,A Trial of Intranasal Ketamine for the Treatment of Obsessive-Compulsive Disorder,psychiatric,Obsessive-Compulsive Disorder,TERMINATED,INTERVENTIONAL,PHASE2,Mclean Hospital,ketamine,1,United States,2014-09,,,"Brian P Brennan, M.D. (Mclean Hospital)",yes,,https://clinicaltrials.gov/study/NCT02234011
NCT04712071,Ketamine in Veterans With Gulf War Illness,other,Gulf War Syndrome,TERMINATED,INTERVENTIONAL,EARLY_PHASE1,Baylor College of Medicine,ketamine,1,United States,2021-02-01,,,"Marijn Lijffijt, PhD (Baylor College of Medicine)",no,no,https://clinicaltrials.gov/study/NCT04712071
NCT06526078,Cognitive Training as an Adjunct to Ketamine in Real-world Clinics,other,Depression,RECRUITING,INTERVENTIONAL,NA,University of Pittsburgh,ketamine,3,United States,2024-11-12,"Rebecca B Price, PhD",412-383-2150,"Rebecca B Price, PhD (University of Pittsburgh)",no,yes,https://clinicaltrials.gov/study/NCT06526078
NCT06381063,Non-steroidal Anti-inflammatory in Cardiac Surgery,anesthesia_analgesia,Acute Postoperative Pain; Non-steroidal Anti-inflammatory Drugs; Cardiac Surgery; Pain Intensity; Multimodal Pain Management,RECRUITING,INTERVENTIONAL,PHASE3,"Centre Hospitalier Universitaire, Amiens",ketamine,1,France,2024-03-27,"Osama ABOU ARAB, Pr",03 22 08 78 36,,no,no,https://clinicaltrials.gov/study/NCT06381063
NCT02727998,Intensive 7-day Treatment for PTSD Combining Ketamine With Exposure Therapy,psychiatric,Posttraumatic Stress Disorder,TERMINATED,INTERVENTIONAL,PHASE2,Yale University,ketamine,1,United States,2015-12,,,"Ilan Harpaz-Rotem, PhD (Yale University)",yes,no,https://clinicaltrials.gov/study/NCT02727998
NCT03088306,Improving Pain and Reducing Opioid Use (IPaRO) in Lumbar Spine Surgery Patients,psychiatric,Lumbar Spinal Stenosis; Lumbar Spinal Instability; Lumbar Spine Degeneration,COMPLETED,INTERVENTIONAL,EARLY_PHASE1,Johns Hopkins University,ketamine,1,United States,2017-07-01,,,"Richard L Skolasky, ScD (Johns Hopkins University)",no,no,https://clinicaltrials.gov/study/NCT03088306
NCT04589208,Glutamatergic Mechanisms of Psychosis and Target Engagement (SA1),other,Healthy,ACTIVE_NOT_RECRUITING,INTERVENTIONAL,PHASE1|PHASE2,New York State Psychiatric Institute,ketamine,1,United States,2021-01-01,,,,no,yes,https://clinicaltrials.gov/study/NCT04589208
NCT05279898,Perioperative Multimodal General AnesTHesia Focusing on Specific CNS Targets in Patients Undergoing carDiac surgERies,anesthesia_analgesia,Postoperative Delirium; Hemodynamic Instability; Pain; Neurocognitive Dysfunction,COMPLETED,INTERVENTIONAL,NA,Beth Israel Deaconess Medical Center,ketamine,1,United States,2023-02-28,,,"Balachundhar Subramaniam, MD,MPH,FASA (Beth Israel Deaconess Medical Center)",yes,,https://clinicaltrials.gov/study/NCT05279898
NCT07665463,Quality of Recovery-15 After Opioid-free Versus Opioid-based General Anesthesia in Major Urological Surgery,anesthesia_analgesia,"Postoperative Recovery; Anesthesia, General; Analgesics, Opioid; Urologic Surgical Procedure",RECRUITING,INTERVENTIONAL,NA,Jagiellonian University,ketamine,1,Poland,2026-09-02,"Tomasz Skladzien, MD PHD",12 400 18 00,,no,yes,https://clinicaltrials.gov/study/NCT07665463
NCT05887258,Opioid-free Vs Traditional Balanced Anesthesia in Laparoscopic Colorectal Surgery,anesthesia_analgesia,Colorectal Surgery,COMPLETED,INTERVENTIONAL,PHASE3,Unai Ortega Mera,ketamine,1,Spain,2022-05-15,,,"Unai Ortega, MD (Osakidetza)",no,no,https://clinicaltrials.gov/study/NCT05887258
NCT02094898,Ketamine for Depression and Suicide Risk,psychiatric,Depression; Suicide,COMPLETED,INTERVENTIONAL,PHASE2,Mayo Clinic,ketamine,1,United States,2014-09,,,"William V Bobo, MD (Consultant - Psychiatry)",yes,undecided,https://clinicaltrials.gov/study/NCT02094898
NCT06813755,Pericapsular Nerve Group (PENG) Block on Pain During Participant Positioning for Spinal Anesthesia in Hip Fracture Surgery,anesthesia_analgesia,Femur Fracture; Hip Surgery,COMPLETED,OBSERVATIONAL,,Marmara University,ketamine,1,Turkey (Türkiye),2024-11-20,,,,no,undecided,https://clinicaltrials.gov/study/NCT06813755
NCT05294835,Ketamine and Epigenetic Aging,other,Depression; Post Traumatic Stress Disorder,UNKNOWN,INTERVENTIONAL,PHASE2,TruDiagnostic,ketamine,1,United States,2022-04-01,Jessica Klunder,(615) 278-6394,,no,,https://clinicaltrials.gov/study/NCT05294835
NCT03407404,Comparing Clinical Outcomes Between Ketamine-midazolam and Morphine-midazolam for Continous Sedation in ICU Patients.,anesthesia_analgesia,Critical Illness,TERMINATED,INTERVENTIONAL,PHASE2|PHASE3,Makerere University,ketamine,1,Uganda,2017-10-22,,,"Christine Namata, MBChB (Makerere University)",no,no,https://clinicaltrials.gov/study/NCT03407404
NCT07340008,"Analgosedation With Ketamine, Nalbuphine, or Dexmedetomidine for Suture Removal in Children After Cleft Surgery",anesthesia_analgesia,Orofacial Clefts; Cleft Lip and Palate; Alveolar Ridge Defect,RECRUITING,INTERVENTIONAL,NA,University Medical Centre Ljubljana,ketamine,1,Slovenia,2025-09-01,"Liljana Markova, MD, PhD",00 386 40 802 662,"Tadej P Dovšak, DDS, MD, PhD (University Medical Centre Ljubljana, Department of Maxillofacial and Oral Surgery)",no,no,https://clinicaltrials.gov/study/NCT07340008
NCT06630065,Study of the Neural Circuits Underlying the Negative Emotional Bias of Depressive Disorders and Their Response to Ketamine,psychiatric,Depressive Disorder,RECRUITING,INTERVENTIONAL,NA,Centre Hospitalier St Anne,ketamine,1,France,2023-03-13,"Chantal Henry, Pr",0145658452,"Chantal Henry, Pr (GHU Paris Psychiatry & Neurosciences)",no,,https://clinicaltrials.gov/study/NCT06630065
NCT06042816,Analgesic Efficacy of Free-opioid Anesthesia for Colorectal Surgery,anesthesia_analgesia,Colorectal Cancer,COMPLETED,INTERVENTIONAL,NA,Vietnam Military Medical University,ketamine,1,Vietnam,2019-12-30,,,"Kien T Nguyen, Ph.D (Center of Emergency, Critical Care Medicine and Clinical Toxicology, Military Hospital 103, Vietnam)",no,yes,https://clinicaltrials.gov/study/NCT06042816
NCT06068764,Etomidate Versus Propofol in CABG Surgery,anesthesia_analgesia,Coronary Artery Disease,UNKNOWN,INTERVENTIONAL,PHASE4,Hartford Hospital,ketamine,1,United States,2023-12-05,"Aseel Walker, MD",860-972-1778,"Joseph Hinchey, MD (Hartford Hospital)",no,no,https://clinicaltrials.gov/study/NCT06068764
NCT06871033,Ketamine Versus Neostigmine in Ultrasound-Guided Transversus Abdominis Plane Block in Caesarean Section,anesthesia_analgesia,Caesarian Section; Postoperative Pain,COMPLETED,INTERVENTIONAL,PHASE3,Alexandria University,ketamine,1,Egypt,2024-01-01,,,,no,,https://clinicaltrials.gov/study/NCT06871033
NCT06272461,Comparison of Intravenous Lidocaine vs Ketamine in Colorectal Surgery,anesthesia_analgesia,Colorectal (Colon or Rectal) Cancer; Inflammation,RECRUITING,INTERVENTIONAL,NA,University Tunis El Manar,ketamine,1,Tunisia,2023-10-01,"BEN ALI MECHAAL, Professor",72100533,"BEN ALI MECHAAL, Professor (university manar Tunis, Tunisia)",no,,https://clinicaltrials.gov/study/NCT06272461
NCT05004896,Ketamine for Treatment-Resistant Bipolar Disorder,psychiatric,Bipolar Disorder; Bipolar Depression; Bipolar I Disorder; Bipolar II Disorder,COMPLETED,INTERVENTIONAL,PHASE2,Joshua Rosenblat,ketamine,3,Canada,2022-07-04,,,"Joshua Rosenblat, MD, MSc (Toronto Western Hospital, Psychiatry)",no,no,https://clinicaltrials.gov/study/NCT05004896
NCT01504659,Intranasal Ketamine In the Treatment of Pediatric Bipolar Disorder,psychiatric,Bipolar Disorder,TERMINATED,INTERVENTIONAL,PHASE2|PHASE3,Juvenile Bipolar Research Foundation,ketamine,4,United States,2012-07,,,"Demitri Papolos, MD (Juvenile Bipolar Research Foundation)",no,,https://clinicaltrials.gov/study/NCT01504659
NCT05737459,Sedation and Postoperative Cognitive Functions,anesthesia_analgesia,Cognitive Impairment; Femoral Fractures,COMPLETED,OBSERVATIONAL,,Izmir Ataturk Training and Research Hospital,ketamine,1,Turkey (Türkiye),2022-05-01,,,"Derya A Yurtlu, M.D. (Izmir Katip Celebi University Atatürk Training and Research Hospital)",no,undecided,https://clinicaltrials.gov/study/NCT05737459
NCT00313378,Effects of Perioperative Systemic Ketamine on Development of Long-term Neuropathic Pain After Thoracotomy,anesthesia_analgesia,Partial Pneumonectomy Under Lateral or Posterolateral Thoracotomy.,COMPLETED,INTERVENTIONAL,PHASE3,"University Hospital, Clermont-Ferrand",ketamine,1,France,2004-04,,,"Christian Duale, Doctor (University Hospital, Clermont-Ferrand)",no,,https://clinicaltrials.gov/study/NCT00313378
NCT04220125,Preoperative Ketamine and Perioperative Depression,psychiatric,Depressive Disorder,WITHDRAWN,INTERVENTIONAL,PHASE4,Northwestern University,ketamine,0,,2022-09-01,,,"Charles Hogue, MD (Northwestern University)",no,no,https://clinicaltrials.gov/study/NCT04220125
NCT03141658,Effects of TS-134 on Ketamine-induced BOLD Signals in Healthy Subjects,other,Healthy Volunteers,COMPLETED,INTERVENTIONAL,PHASE1,Taisho Pharmaceutical R&D Inc.,ketamine,1,United States,2017-06-28,,,"Jeffrey A Lieberman, MD (New York State Psychiatric Institute)",no,no,https://clinicaltrials.gov/study/NCT03141658
NCT02037035,Examining The Effect Of Ketamine On Glutamate/Glutamine Cycling,other,Depression,COMPLETED,INTERVENTIONAL,EARLY_PHASE1,Yale University,ketamine,1,United States,2013-07,,,"Lynnette Averill, PhD (Yale University)",no,,https://clinicaltrials.gov/study/NCT02037035
NCT04706104,QT Measurement Techniques and Anesthesia Management,anesthesia_analgesia,Long QT Syndrome,COMPLETED,OBSERVATIONAL,,Ankara City Hospital Bilkent,ketamine,1,Turkey (Türkiye),2020-10-10,,,"Aslı Demir, Professor (Ankara City Hospital Bilkent)",no,,https://clinicaltrials.gov/study/NCT04706104
NCT07248358,The Efface of Ketamine vs. Magnesium Sulphate in the Management of Pain After Laparoscopic Cholecystectomy,anesthesia_analgesia,Laparoscopic Cholecystectomy Surgery; Postoperative Pain Management,COMPLETED,INTERVENTIONAL,PHASE1,Liaquat National Hospital & Medical College,ketamine,1,Pakistan,2023-06-15,,,"Ali Asgher, Mbbs, FCPS (Liaquat National Hospital)",no,no,https://clinicaltrials.gov/study/NCT07248358
NCT02037503,The Effect of Ketamine on Mechanises Underlying Suicidal Ideation and Drug-resistant Major Depression,psychiatric,Suicidal Ideation; Major Depressive Disorder; Healthy Participants,UNKNOWN,INTERVENTIONAL,PHASE3,Tel-Aviv Sourasky Medical Center,ketamine,1,Israel,2014-01,"Talma Hendler, MD",97236973953,,no,,https://clinicaltrials.gov/study/NCT02037503
NCT00961194,Oral Ketamine Administration in Patients With Peripheral Neuropathic Pain,other,Neuropathic Pain,COMPLETED,INTERVENTIONAL,PHASE2,"University Hospital, Toulouse",ketamine,1,France,2009-03,,,"Nathalie Cantagrel, MD (University Hospital, Toulouse)",no,,https://clinicaltrials.gov/study/NCT00961194
NCT04508894,Ketamine Versus Dexmedetomidine in Supraclavicular Brachial Plexus Block,other,Supraclavicular Brachial Plexus Block,COMPLETED,INTERVENTIONAL,NA,Minia University,ketamine,1,Egypt,2019-04-21,,,"Haidy S Mansour, MD (assistant professor of Anesthesia and Surgical Intensive Care)",no,,https://clinicaltrials.gov/study/NCT04508894
NCT07048873,Dexmedetomidine Versus Ketamine on Laryngeal Microsurgery,anesthesia_analgesia,Microlaryngeal Surgery,COMPLETED,INTERVENTIONAL,NA,Cairo University,ketamine,1,Egypt,2024-01-10,,,,no,no,https://clinicaltrials.gov/study/NCT07048873
NCT07824973,Ketamine Treatment for Treatment-Resistant Depression - the Role of Framing,psychiatric,Treatment Resistant Depression (TRD),NOT_YET_RECRUITING,INTERVENTIONAL,NA,Valdemar Landgren,ketamine,1,Sweden,2026-09,"Alexandra Leinonen, MD",+46706371348,,no,yes,https://clinicaltrials.gov/study/NCT07824973
NCT07826988,Adaptive Platform Trial for Pain Management in Sickle Cell Vaso-Occlusive Crisis,other,Sickle Cell Disease; Vaso-occlusive Crisis,NOT_YET_RECRUITING,INTERVENTIONAL,PHASE4,Assistance Publique - Hôpitaux de Paris,ketamine,0,,2026-10-01,Samia BALOUL,01 49 81 33 85,"Ségolène GENDREAU, MD, PhD (Assistance public Hôpitaux de Paris)",no,no,https://clinicaltrials.gov/study/NCT07826988
NCT03052673,Ketamine for Pain Relief in Bariatric Surgery,anesthesia_analgesia,Postoperative Pain,COMPLETED,INTERVENTIONAL,PHASE4,Sir Ganga Ram Hospital,ketamine,1,India,2017-02-20,,,"Haider Hussain, MBBS (Sir Ganga Ram Hospital, New Delhi, INDIA); Anil K Jain, MD (Sir Ganga Ram Hospital, New Delhi, INDIA)",no,no,https://clinicaltrials.gov/study/NCT03052673
NCT03896230,Ketamine for Pain in the Emergency Department,other,Acute Pain,TERMINATED,INTERVENTIONAL,PHASE4,Hackensack Meridian Health,ketamine,1,United States,2019-05-03,,,,yes,no,https://clinicaltrials.gov/study/NCT03896230
NCT07254936,Comparison of Pain Using CPOT Score With Ketamine vs. Dexmedetomidine in Post-Craniotomy ICU Patients,anesthesia_analgesia,Post-craniotomy Pain Management; Post-craniotomy; Pain Control in ICU; Ketamine vs Dexmedetomidine for Pain Relief,COMPLETED,INTERVENTIONAL,NA,Universitas Sumatera Utara,ketamine,1,Indonesia,2025-03-01,,,,no,,https://clinicaltrials.gov/study/NCT07254936
NCT02087202,Hyperalgesia and NMDA Receptor Antagonist,other,Pain,UNKNOWN,INTERVENTIONAL,NA,Seoul National University Bundang Hospital,ketamine,0,,2014-03,,,,no,,https://clinicaltrials.gov/study/NCT02087202
NCT06732089,Digital Interventions for Adults with Treatment-Resistant Depression: a Pilot Study,psychiatric,Major Depressive Disorder (MDD); Major Depressive Episode; Treatment-Resistant Major Depressive Disorder,RECRUITING,OBSERVATIONAL,,Unity Health Toronto,ketamine,1,Canada,2024-12-16,"Dr. Venkat Bhat, M.D., F.R.C.P.C.",416-360-4000,"Dr. Srihar Krishnan, Ph.D., Peng., F.C.A.E. (Toronto Metropolitan University); Dr. Wendy Lou, Ph.D. (Dalla Lana School of Public Health, University of Toronto)",no,no,https://clinicaltrials.gov/study/NCT06732089
NCT07680140,Biomarker-Guided Antidepressant Selection,psychiatric,Depression - Major Depressive Disorder; Treatment-resistant Depression (TRD); rTMS; Ketamine; fMRI,RECRUITING,INTERVENTIONAL,PHASE4,Weill Medical College of Cornell University,ketamine,1,United States,2026-08-10,"Research Coordinator, Interventional Psychiatry Program",646-962-2900,"Conor Liston, MD, PhD (Weill Medical College of Cornell University)",no,yes,https://clinicaltrials.gov/study/NCT07680140
NCT05752903,Dexmedetomidine-Propofol Versus Ketamine-Propofol for Sedation of CT Guided Bone Biopsy,anesthesia_analgesia,Sedation,COMPLETED,INTERVENTIONAL,PHASE4,"National Cancer Institute, Egypt",ketamine,1,Egypt,2023-03-04,,,"Ahmed Salah abdelgalil, MD (National Cancer Institute (NCI))",no,no,https://clinicaltrials.gov/study/NCT05752903
NCT01955070,Use of a Multimedia Presentation for Informed Consent,other,Improving Informed Consent Process,COMPLETED,INTERVENTIONAL,NA,Nationwide Children's Hospital,ketamine,1,United States,2011-05,,,"Sandra P Spencer, MD (Nationwide Childrens, Department of Emergency Medicine)",no,,https://clinicaltrials.gov/study/NCT01955070
NCT02205502,Lidocaine as Local Anesthetics in Children Under Ketamine Sedation,anesthesia_analgesia,Conscious Sedation Failure During Procedure; Analgesia; Anesthesia,UNKNOWN,INTERVENTIONAL,PHASE4,Seoul National University Hospital,ketamine,1,South Korea,2013-12,"Jin Hee Lee, Professor",+82-31-787-7575,"Jin Hee Lee, Professor (Seoul National University Bundang Hospital); Jin Hee Lee,, Professor (Seoul National University Bundang Hospital)",no,,https://clinicaltrials.gov/study/NCT02205502
NCT05444777,The Effect of Low Dose Ketamine on Narcotic Consumption in Patients Undergoing Laparoscopic Cholecystectomy,anesthesia_analgesia,Cholelithiasis,COMPLETED,INTERVENTIONAL,NA,Aga Khan University,ketamine,0,,2013-01-17,,,,no,no,https://clinicaltrials.gov/study/NCT05444777
NCT01507181,Ketamine For Suicidal Ideation,psychiatric,Suicidal Ideation,COMPLETED,INTERVENTIONAL,PHASE4,James Murrough,ketamine,1,United States,2012-01,,,"James Murrough, MD (Icahn School of Medicine at Mount Sinai)",yes,,https://clinicaltrials.gov/study/NCT01507181
NCT05095792,Effect of Ketamine on Neurological Activity as Measured by Electroencephalogram (EEG),other,Treatment-resistant Depression,TERMINATED,OBSERVATIONAL,,Entheon Biomedical Corp.,ketamine,1,United States,2021-11-09,,,"Steven Levine, MD (Heading Health)",no,no,https://clinicaltrials.gov/study/NCT05095792
NCT06001372,Ketamine-assisted Psychotherapy (KAP) for Patients With Existential Distress Associated With Non-operable GI Cancers,psychiatric,Gastrointestinal Cancer; Depression; Anxiety,TERMINATED,INTERVENTIONAL,EARLY_PHASE1,University of Utah,ketamine,1,United States,2023-10-13,,,"Benjamin Lewis, MD (Huntsman Cancer Institute)",yes,no,https://clinicaltrials.gov/study/NCT06001372
NCT03724019,Impact of the Use of Ketamine in Laparoscopic Surgery.,anesthesia_analgesia,Quality of Recovery,COMPLETED,INTERVENTIONAL,PHASE4,Universidade do Porto,ketamine,1,Portugal,2018-10-01,,,,no,,https://clinicaltrials.gov/study/NCT03724019
NCT03216941,Randomised Trial Ketiapine Olanzapine Fast Sedation Agitated Patients Emergency Ward,anesthesia_analgesia,Psychomotor Agitation; Psychiatric Disorder; Emergency Psychiatric; Tranquilizers,COMPLETED,INTERVENTIONAL,PHASE4,Universidad Nacional de Rosario,ketamine,1,Argentina,2015-01-01,,,,no,undecided,https://clinicaltrials.gov/study/NCT03216941
NCT00978757,The Effect of Ketamine on Interleukin-6 Synthesis in Hepatic Resections Requiring Temporary Porto-arterial Occlusion,other,Hepatectomy,COMPLETED,INTERVENTIONAL,PHASE4,Hospital Italiano de Buenos Aires,ketamine,1,Argentina,2001-06,,,"Francisco C Bonofiglio, MD PhD (Hospital Italiano of Buenos Aires, Argentina)",yes,,https://clinicaltrials.gov/study/NCT00978757
NCT03842800,Characterizing Clinical and Pharmacological Neuroimaging Biomarkers,other,Cognitive Impairment,COMPLETED,INTERVENTIONAL,EARLY_PHASE1,Yale University,ketamine,1,United States,2013-04-01,,,"Alan Anticevic, PhD (Yale University)",no,,https://clinicaltrials.gov/study/NCT03842800
NCT06414356,The Effect of Outpatient Ketamine Infusion on Chronic Neuropathic Pain and PTSD,psychiatric,Neuropathic Pain; PTSD,RECRUITING,INTERVENTIONAL,PHASE4,"Margaux M. Salas, PhD",ketamine,1,United States,2024-10-02,"Margaux M Salas, PhD",210-473-7447,,no,,https://clinicaltrials.gov/study/NCT06414356
NCT01557712,Estimate the Efficiency of the Association of an Injection of Ketamine and the Venlafaxine in the Severe Major Depressive Disorder for Six Weeks,psychiatric,Major Depressive Disorder,COMPLETED,INTERVENTIONAL,PHASE3,"University Hospital, Grenoble",ketamine,1,France,2012-03,,,,no,,https://clinicaltrials.gov/study/NCT01557712
NCT02826317,Neuropathic Evaluation of Postoperative Pain,anesthesia_analgesia,Neuropathic Pain Evaluation,COMPLETED,OBSERVATIONAL,,Rennes University Hospital,ketamine,1,France,2015-01,,,Hélène BELOEIL (Rennes University Hospital),no,no,https://clinicaltrials.gov/study/NCT02826317
NCT02402543,Pre-Emptive Analgesia in Ano-Rectal Surgery,anesthesia_analgesia,Hemorrhoids; Fissure in Ano; Rectal Fistula; Anal Condyloma,COMPLETED,INTERVENTIONAL,NA,University of Vermont,ketamine,2,United States,2014-06,,,,no,,https://clinicaltrials.gov/study/NCT02402543
NCT02430818,Comparing Ketamine and Morphine in the Treatment of Acute Fracture Pain,anesthesia_analgesia,Acute Pain; Fractures,TERMINATED,INTERVENTIONAL,NA,Washington University School of Medicine,ketamine,1,United States,2015-04,,,"Nicholas Musisca, MD (Physician)",yes,,https://clinicaltrials.gov/study/NCT02430818
NCT06021756,Phase I Open-label Study of Low-dose Ketamine Infusion Treatment in Levodopa-Induced Dyskinesia in Parkinson's Disease,other,Levodopa-Induced Dyskinesia; Parkinson's Disease,UNKNOWN,INTERVENTIONAL,PHASE1,University of Arizona,ketamine,1,United States,2019-07-28,,,Scott J Sherman (University of Arizona Health Sciences Center - Dep. of Neurology),no,no,https://clinicaltrials.gov/study/NCT06021756
NCT05341323,Peri Tonsillar Infiltration of Ketamine or Bupivacaine for Post Tonsillectomy Analgesia,anesthesia_analgesia,Post Operative Pain,COMPLETED,INTERVENTIONAL,PHASE4,Sohag University,ketamine,1,Egypt,2022-04-02,,,"Ibrahem Risk, Professor (Professor of ENT); Osama Elshrief, Professor (Dean of Faculty of Medicine)",no,,https://clinicaltrials.gov/study/NCT05341323
NCT07077031,Comparison of Two Magnesium Sulfate Protocols in Opioid-Free Anesthesia for Bariatric Surgery,anesthesia_analgesia,Postoperative Pain; Obesity; Bariatric Surgery; Opioid-free Anesthesia,COMPLETED,OBSERVATIONAL,,Hospital HM Nou Delfos,ketamine,1,Spain,2022-06-01,,,"Gregory Contreras-Pérez, Anesthesiologist (Hospital HM Nou Delfos)",no,no,https://clinicaltrials.gov/study/NCT07077031
NCT03475277,Stanford Regulating Circuits of the Brain Study- Ketamine,other,Healthy,COMPLETED,OBSERVATIONAL,,Stanford University,ketamine,1,United States,2019-08-19,,,"Leanne M Williams, PhD (Study PI)",no,no,https://clinicaltrials.gov/study/NCT03475277
NCT05870501,Synaptic Imaging and Network Activity in Treatment Resistant Depression,psychiatric,"Depressive Disorder; Depressive Disorder, Major; Depressive Disorder, Treatment-Resistant; Bipolar Disorder; Bipolar Disorder I; Bipolar Disorder II; Mood Disorders; Anhedonia",COMPLETED,INTERVENTIONAL,NA,King's College London,ketamine,1,United Kingdom,2021-10-20,,,"Mitul Mehta, PhD (King's College London)",no,no,https://clinicaltrials.gov/study/NCT05870501
NCT07273851,Comparison of Propofol and Ketofol as Induction Agents for Electroconvulsive Therapy,other,Major Depressive Disorder,COMPLETED,INTERVENTIONAL,NA,Fauji Foundation Hospital,ketamine,1,Pakistan,2025-07-01,,,,no,no,https://clinicaltrials.gov/study/NCT07273851
NCT07627906,Ketofol Versus Ketodex for POD Prophylaxis in Elderly Cancer Surgery,anesthesia_analgesia,Postoperative Delirium (POD),RECRUITING,INTERVENTIONAL,PHASE3,Cairo University,ketamine,1,Egypt,2026-07,"Abeer Ahmed, MD",+201005244590,,no,undecided,https://clinicaltrials.gov/study/NCT07627906
NCT04763343,Ketamine Treatment of Youth Suicide Attempters,psychiatric,"Suicide, Attempted",RECRUITING,INTERVENTIONAL,PHASE3,"Tatiana Falcone, MD",ketamine,1,United States,2022-06-27,"Christina Deisz, LISW-S",(440) 225-6193,"Tatiana Falcone, M.D. (The Cleveland Clinic)",no,,https://clinicaltrials.gov/study/NCT04763343
NCT03053830,Open Label Ketamine Treatment for Major Depressive Disorder in Veterans,psychiatric,Major Depressive Disorder,COMPLETED,INTERVENTIONAL,PHASE2,VA Connecticut Healthcare System,ketamine,1,United States,2017-01-31,,,,no,no,https://clinicaltrials.gov/study/NCT03053830
NCT03436121,Single-dose Ketamine for the Reduction of Pain and Depression in the Emergency Department,psychiatric,Acute Pain; Depression,WITHDRAWN,INTERVENTIONAL,PHASE2|PHASE3,Maria Pacella,ketamine,0,,2019-12,,,"Maria L Pacella, PhD (University of Pittsburgh)",no,undecided,https://clinicaltrials.gov/study/NCT03436121
NCT05975346,"Evaluation of the Efficacy of Preoperative Ketamine Nebulization on Postoperative Sore Throat Due to Tracheal Intubation for Adult Patients Under General Anesthesia, A Prospective Randomized Controlled Study",anesthesia_analgesia,Post Operative Sore Throat,UNKNOWN,OBSERVATIONAL,,Sohag University,ketamine,0,,2023-08,"Doaa A Abdellatif, resident",01119950167,,no,undecided,https://clinicaltrials.gov/study/NCT05975346
NCT00492388,Safety and Efficacy of PMI-150 (Intranasal Ketamine) for the Treatment of Breakthrough Pain in Cancer Patients,other,Pain; Cancer,TERMINATED,INTERVENTIONAL,PHASE3,"Hospira, now a wholly owned subsidiary of Pfizer",ketamine,1,United States,2007-06,,,"Zahid Bajwa, MD (Beth Israel Deaconess Medical Center)",no,,https://clinicaltrials.gov/study/NCT00492388
NCT02866071,Intranasal Ketamine as an Adjunct to Fentanyl for the Prehospital Treatment of Acute Traumatic Pain,psychiatric,Acute Traumatic Pain,ACTIVE_NOT_RECRUITING,INTERVENTIONAL,PHASE3,Jason McMullan,ketamine,1,United States,2017-10-03,,,,no,no,https://clinicaltrials.gov/study/NCT02866071
NCT03794362,Measuring Analgesic Interventions,anesthesia_analgesia,Pain,RECRUITING,OBSERVATIONAL,,Julia Finkel,ketamine,1,United States,2018-10-29,"Julia C Finkel, MD",2024764867,"Julia C Finkel, MD (Children's National Research Institute)",no,,https://clinicaltrials.gov/study/NCT03794362
NCT01900847,Ketamine and Morphine Versus Morphine Alone for the Treatment of Acute Pain in the Emergency Department,other,Acute Pain,TERMINATED,INTERVENTIONAL,NA,University of Arizona,ketamine,1,United States,2013-06-01,,,,yes,,https://clinicaltrials.gov/study/NCT01900847
NCT05019885,The Efficacy of a Subanesthetic Doses of IV Ketamine in the Treatment Drug Resistant Epilepsy,other,Drug Resistant Epilepsy; Medically Refractory Epilepsy; Refractory Epilepsy,COMPLETED,INTERVENTIONAL,PHASE2,Madeline Fields,ketamine,1,United States,2022-08-26,,,"Madeline Fields, MD (Icahn School of Medicine); Lara Marcuse, MD (Icahn School of Medicine)",no,no,https://clinicaltrials.gov/study/NCT05019885
NCT01951963,Sub-dissociative Ketamine for the Management of Acute Pediatric Pain,other,Pain,COMPLETED,INTERVENTIONAL,PHASE4,HealthPartners Institute,ketamine,1,United States,2012-12,,,"Aaron M Burnett, MD (Regions Hospital)",yes,no,https://clinicaltrials.gov/study/NCT01951963
NCT03764267,MAC vs TIVA Ambulatory Breast Augmentation,other,Breast Diseases,COMPLETED,INTERVENTIONAL,PHASE3,Ain Shams University,ketamine,0,,2014-01-01,,,,no,undecided,https://clinicaltrials.gov/study/NCT03764267
NCT02732132,A Comparison of the Sedation During Endoscopy in Children,anesthesia_analgesia,Failed Moderate Sedation During Procedure,COMPLETED,INTERVENTIONAL,PHASE4,Kanuni Sultan Suleyman Training and Research Hospital,ketamine,0,,2015-01,,,,no,no,https://clinicaltrials.gov/study/NCT02732132
NCT03779282,KETODEX for Emergence Delirium in Children Undergoing Outpatient Strabismus Surgery,anesthesia_analgesia,Emergence Delirium; Strabismus,COMPLETED,OBSERVATIONAL,,Ochsner Health System,ketamine,1,United States,2018-02-15,,,"Khaled Dajani, MD (Ochsner Health System)",no,no,https://clinicaltrials.gov/study/NCT03779282
NCT04928300,Low Dose Dexmedetomidine Versus Normal Saline in Multiple Fracture Ribs,anesthesia_analgesia,Rib Fractures,RECRUITING,INTERVENTIONAL,PHASE3,Assiut University,ketamine,1,Egypt,2021-06-12,"Omar Soliman, MD",01101266040,"Omar Soliman, MD (Assiut University)",no,undecided,https://clinicaltrials.gov/study/NCT04928300
NCT02403687,Prospective Analgesic Compound Efficacy (PACE) Study,anesthesia_analgesia,Arthritis; Tendonitis; Gout; Radiculopathy; Muscle Spasms; Synovitis; Migraine; Headache,COMPLETED,OBSERVATIONAL,,Express Specialty Pharmacy,ketamine,0,,2015-06,,,"Kate McLellan, PhD (KM Clinical, Inc.)",no,no,https://clinicaltrials.gov/study/NCT02403687
NCT07708740,Two Intravenous Doses of Ketamine in Reducing the Oculocardiac Reflex in Adult Patients Undergoing Ophthalmic Surgery,anesthesia_analgesia,Ketamine; Oculocardiac Reflex; Ophthalmic Surgery,RECRUITING,INTERVENTIONAL,NA,Cairo University,ketamine,1,Egypt,2026-07-01,"Hebatullah S Abdelhamid, MD",00201044512277,,no,yes,https://clinicaltrials.gov/study/NCT07708740
NCT06267638,Comparison of Postoperative Pain Score Between Perioperative Intravenous Ketamine and Placebo in Patients Undergoing Unilateral Total Knee Arthroplasty Under General Anesthesia,anesthesia_analgesia,Knee Osteoarthritis,UNKNOWN,INTERVENTIONAL,PHASE4,"Ministry of Health, Thailand",ketamine,1,Thailand,2024-01-22,Kanokwan Uthaiwan,66836999444,,no,,https://clinicaltrials.gov/study/NCT06267638
NCT02882035,Opioid Free Anesthesia: What About Patient Comfort?,anesthesia_analgesia,Anesthesia,COMPLETED,INTERVENTIONAL,PHASE4,Université Libre de Bruxelles,ketamine,1,Belgium,2014-09,,,,no,undecided,https://clinicaltrials.gov/study/NCT02882035
NCT06496750,Ketamine for Methamphetamine Use Disorder,other,Substance Use Disorders; Substance Use; Methamphetamine Abuse,ACTIVE_NOT_RECRUITING,INTERVENTIONAL,PHASE2,University of Texas Southwestern Medical Center,ketamine,5,United States,2024-09-11,,,"Madhukar Trivedi, MD (Professor (Tenured))",no,no,https://clinicaltrials.gov/study/NCT06496750
NCT07557576,Effect of Opioid-Free vs Opioid-Based Anesthesia on Postoperative Pain and Emergence Agitation in Children Undergoing Cleft Surgery,anesthesia_analgesia,"Cleft Lip Palate; Orofacial Cleft; Agitation, Emergence; Analgesia Assessment; Analgesia; Pediatric",RECRUITING,INTERVENTIONAL,NA,Iva Smiljanić,ketamine,1,Croatia,2024-05-16,"Iva SMILJANIĆ, MD, MSc",+385915406518,"Iva Smiljanic, MD, MSc (University Hospital Dubrava, Zagreb)",no,no,https://clinicaltrials.gov/study/NCT07557576
NCT04650074,Effectiveness of Ketamine Administered by Mesotherapy in Complex Regional Pain Syndrome Type 1 (CRPS1),other,Neuropathic Pain; Complex Regional Pain Syndrome Type 1,COMPLETED,INTERVENTIONAL,PHASE2|PHASE3,Hospices Civils de Lyon,ketamine,1,France,2021-11-05,,,,no,,https://clinicaltrials.gov/study/NCT04650074
NCT03679390,The Electroencephalogram and Clinical Effect of Ketamine,other,"Electroencephalogram; Consciousness, Loss of",TERMINATED,INTERVENTIONAL,NA,National Taiwan University Hospital,ketamine,1,Taiwan,2017-03-01,,,,no,undecided,https://clinicaltrials.gov/study/NCT03679390
NCT00520169,Absolute Bioavailability and Nasopharyngeal Absorption of Intranasal Ketamine,other,Healthy,COMPLETED,INTERVENTIONAL,PHASE1,Javelin Pharmaceuticals,ketamine,1,United States,2007-07,,,Javelin Pharmaceuticals (Javelin Pharmaceuticals),no,,https://clinicaltrials.gov/study/NCT00520169
NCT00721110,Lidocaine and Ketamine in Abdominal Surgery,anesthesia_analgesia,Abdominal Hysterectomy (& Wertheim),TERMINATED,INTERVENTIONAL,NA,The Cleveland Clinic,ketamine,1,United States,2008-07,,,"Martin Grady, MD (The Cleveland Clinic); Daniel I Sessler, MD (The Cleveland Clinic)",yes,no,https://clinicaltrials.gov/study/NCT00721110
NCT04467424,Recovery After Total Intravenous Anesthesia With Ketofol Versus Mixture of Ketofol and Lidocaine for Short Pediatric Surgery,anesthesia_analgesia,"Surgical Procedure, Unspecified",COMPLETED,INTERVENTIONAL,PHASE2,University Hospital of Split,ketamine,1,Croatia,2020-06-20,,,,yes,,https://clinicaltrials.gov/study/NCT04467424
NCT03415191,The Pre-Emptive Administration Of Ketamine for Controlling Post-thoracotomy Pain,other,Post Thoracotomy Pain,COMPLETED,INTERVENTIONAL,NA,University of Campania Luigi Vanvitelli,ketamine,1,Italy,2012-01-05,,,"Alfonso Fiorelli, MD, PhD (University of Campania Luigi Vanvitelli)",no,no,https://clinicaltrials.gov/study/NCT03415191
NCT03580980,Multimodal Analgesia in Major Abdominal Pediatric Cancer Surgeries,anesthesia_analgesia,"Pediatric Cancer; Pain, Postoperative",COMPLETED,INTERVENTIONAL,NA,"National Cancer Institute, Egypt",ketamine,1,Egypt,2015-04-01,,,"Ehab H Shaker, MD (National Cancer Institute- Cairo University)",no,undecided,https://clinicaltrials.gov/study/NCT03580980
NCT02363270,Ketamine: Comparison of IV Push vs. IV Drip,other,Pain,COMPLETED,INTERVENTIONAL,NA,Antonios Likourezos,ketamine,1,United States,2015-04-01,,,"Sergey Motov, MD (Maimonides Medical Center); John Marshall, MD (Maimonides Medical Center)",yes,undecided,https://clinicaltrials.gov/study/NCT02363270
NCT07801703,Behavioural Activation Therapy and Ketamine for Treatment-Resistant Depression,psychiatric,Treatment Resistant Depression; Major Depressive Disorder (MDD),NOT_YET_RECRUITING,INTERVENTIONAL,PHASE2|PHASE3,The Royal's Institute of Mental Health Research,ketamine,1,Canada,2026-09,Research Coordinator,613-722-6521,"Jeanne Talbot, MD, PhD (The University of Ottawa Institute of Mental Health Research (IMHR) at The Royal); Jennifer Phillips, PhD (The University of Ottawa Institute of Mental Health Research (IMHR) at The Royal)",no,yes,https://clinicaltrials.gov/study/NCT07801703
NCT02884440,Transverse Abdominis Plane Block for Anterior Approach Spine Surgery,anesthesia_analgesia,Spine Surgery; Low Back Pain; Spondylolisthesis,COMPLETED,INTERVENTIONAL,PHASE2,Rennes University Hospital,ketamine,1,France,2016-11-07,,,,no,no,https://clinicaltrials.gov/study/NCT02884440
NCT03973268,Mechanism of Action Underlying Ketamine's Antidepressant Effects: The AMPA Throughput Theory in Patients With Treatment-Resistant Major Depression,psychiatric,Depression; Major Depressive Disorder; Major Depression,RECRUITING,INTERVENTIONAL,PHASE1,National Institute of Mental Health (NIMH),ketamine,1,United States,2020-01-21,Yamila I Carmona,(301) 256-8971,"Carlos A Zarate, M.D. (National Institute of Mental Health (NIMH))",no,yes,https://clinicaltrials.gov/study/NCT03973268
NCT00451724,Intranasal Ketamine for Procedural Sedation in Pediatric Laceration Repair,anesthesia_analgesia,Laceration,COMPLETED,INTERVENTIONAL,PHASE2,Rhode Island Hospital,ketamine,1,United States,2007-05,,,"James G Linakis, PhD, MD (Rhode Island Hospital)",no,,https://clinicaltrials.gov/study/NCT00451724
NCT04205890,Intravenous Ketamine Effects on Functional Neuroanatomy,other,Depression,WITHDRAWN,INTERVENTIONAL,PHASE1,Neurological Associates of West Los Angeles,ketamine,1,United States,2020-05-02,,,"Sheldon Jordan, MD (The Neurological Associates of West Los Angeles); Taylor Kuhn, PhD (The Neurological Associates of West Los Angeles)",no,no,https://clinicaltrials.gov/study/NCT04205890
NCT01070108,Escalating Ketamine Doses and Pre-emption,other,Postoperative Pain Management,COMPLETED,INTERVENTIONAL,NA,Tel-Aviv Sourasky Medical Center,ketamine,1,Israel,2007-01,,,,no,,https://clinicaltrials.gov/study/NCT01070108
NCT02990884,Pediatric Ilioinguinal / Iliohyogogastric Nerve Block,anesthesia_analgesia,Intra-operative Anesthesia and Analgesia Effects,UNKNOWN,INTERVENTIONAL,NA,Erzincan University,ketamine,0,,2016-12,,,ilke kupeli (Erzincan University),no,no,https://clinicaltrials.gov/study/NCT02990884
NCT05308355,Opioid-free Anesthesia and Thoracoscopy Surgery,anesthesia_analgesia,Opioid Free Anesthesia; Thoracic Surgery,COMPLETED,OBSERVATIONAL,,Nantes University Hospital,ketamine,1,France,2022-04-04,,,"Julien CADIET, PH (Nantes University Hospital)",no,no,https://clinicaltrials.gov/study/NCT05308355
NCT02078817,Ketamine in Adolescents With Treatment-Resistant Depression,psychiatric,Major Depressive Disorder,COMPLETED,INTERVENTIONAL,PHASE2,University of Minnesota,ketamine,1,United States,2014-09,,,,yes,,https://clinicaltrials.gov/study/NCT02078817
NCT03960658,Ketamine and Prolonged Exposure in PTSD,psychiatric,Post-traumatic Stress Disorder,COMPLETED,INTERVENTIONAL,PHASE1|PHASE2,Minneapolis Veterans Affairs Medical Center,ketamine,1,United States,2019-04-03,,,"Paulo R Shiroma, MD (Minneapolis Veterans Affairs Medical Center)",yes,no,https://clinicaltrials.gov/study/NCT03960658
NCT01211158,Ketofol vs Propofol for Emergency Department Procedural Sedation and Analgesia,anesthesia_analgesia,Emergency Department Procedural Sedation; Fracture Reduction; Abscess Incision and Drainage; Electrical Cardioversion,COMPLETED,INTERVENTIONAL,PHASE3,Lions Gate Hospital,ketamine,1,Canada,2010-12,,,"Gary Andolfatto, MD (Lions Gate Hospital, University of British Columbia Department of Emergency Medicine)",no,,https://clinicaltrials.gov/study/NCT01211158
NCT04955158,Dexmedetpmidine Versus Ketamine for Postoperative Sore Throat in Sinus Surgery,anesthesia_analgesia,Sore Throat,COMPLETED,INTERVENTIONAL,PHASE3,Assiut University,ketamine,1,Egypt,2021-08-19,,,"Omar Soliman, MD (Omar makram)",no,undecided,https://clinicaltrials.gov/study/NCT04955158
NCT05049343,"Study of SAGE-904 Using a Ketamine Challenge to Evaluate Electrophysiology, Safety, Tolerability, and Pharmacokinetics in Healthy Participants",other,Healthy Volunteer,COMPLETED,INTERVENTIONAL,PHASE1,"Supernus Pharmaceuticals, Inc.",ketamine,1,United States,2021-09-21,,,,no,no,https://clinicaltrials.gov/study/NCT05049343
NCT05071352,Adjuvant Continuous Infusion of Nefopam Versus Standard of Care in Mechanically Ventilated Critically Ill Patients: Randomized Double-blind Controlled Study,other,Analgesia; Critical Illness; Mechanical Ventilation; Sedation,COMPLETED,INTERVENTIONAL,PHASE3,Cairo University,ketamine,1,Egypt,2021-10-01,,,"Mohammed Gamal Abdelraouf Amer, Pharm D (Cairo University)",no,no,https://clinicaltrials.gov/study/NCT05071352
NCT04906915,Effect of Ketamine Assisted Analgesia on Oxygen Supply and Oxygen Consumption in Patients After Cardiac Surgery,anesthesia_analgesia,Intensive Care Unit,UNKNOWN,INTERVENTIONAL,NA,First People's Hospital of Chenzhou,ketamine,1,China,2021-05-08,Mei XM Mei,86-17742594539,"Dixian DX Luo, MS (Chenzhou First People Hospital)",no,,https://clinicaltrials.gov/study/NCT04906915
NCT00146926,Comparison of Three Different Strategies to Prevent Propofol Induced Pain During Infusion,other,Induction of Total Intravenous General Anesthesia,UNKNOWN,INTERVENTIONAL,PHASE3,Hospices Civils de Lyon,ketamine,1,France,2005-09,,,"Vincent PIRIOU, MD (Hospices Civils de Lyon)",no,,https://clinicaltrials.gov/study/NCT00146926
NCT03120234,Comparison of Opioid Based and Opioid Free Anaesthesia in Transsphenoidal Surgery,anesthesia_analgesia,Opioid Free Anaesthesia,COMPLETED,INTERVENTIONAL,NA,"Post Graduate Institute of Medical Education and Research, Chandigarh",ketamine,1,India,2017-01,,,"AYYAWAR HAREESH, MBBS (Post Graduate Institute of Medical Education and Research, Chandigarh)",no,undecided,https://clinicaltrials.gov/study/NCT03120234
NCT02450214,Intraoperative Ketamine and Magnesium Therapy for Control of Postoperative Pain After a Liposuction and Lipoabdominoplasty,anesthesia_analgesia,"Pain, Postoperative",COMPLETED,INTERVENTIONAL,NA,University of Chile,ketamine,1,Chile,2015-06,,,,no,,https://clinicaltrials.gov/study/NCT02450214
NCT07380763,Comparison of Peri-intubation Oxygenation Values and Complications in Patients Intubated With the Delayed Versus Rapid Sequence Intubation Protocols,anesthesia_analgesia,"Delayed Sequence Intubation; Rapid Sequence Induction and Intubation; Intubation; Intubation Complications; Intubation, Endotracheal",RECRUITING,INTERVENTIONAL,NA,Kanuni Sultan Suleyman Training and Research Hospital,ketamine,4,Turkey (Türkiye),2025-10-29,"Utku Murat Kalafat, Associate Professor",+90-507-262-74-04,,no,yes,https://clinicaltrials.gov/study/NCT07380763
NCT05200806,A Prospective Pilot Study of a Non-Narcotic Post-Operative Course After Colectomy,anesthesia_analgesia,Analgesia; Post-Operative Pain; Breakthrough Pain; Colectomy,UNKNOWN,INTERVENTIONAL,PHASE4,University of Vermont,ketamine,1,United States,2022-02-07,"Ethan D Jones, MPH",8026569437,"Peter Cataldo, MD (University of Vermont Medical Center)",no,no,https://clinicaltrials.gov/study/NCT05200806
NCT05727098,Dexmedetomedine and Ketamine in Erector Spinae Block for Postoperative Analgesia Following Mastectomy.,anesthesia_analgesia,Breast Cancer,COMPLETED,INTERVENTIONAL,PHASE2|PHASE3,"National Cancer Institute, Egypt",ketamine,1,Egypt,2023-01-01,,,"Ehab H Shaker, MD (National Cancer Institute (NCI))",no,no,https://clinicaltrials.gov/study/NCT05727098
NCT07414706,Intravenous Lidocaine Plus Port-Site Ropivacaine for Recovery After Laparoscopic Surgery,anesthesia_analgesia,Intravenous Lidocaine; Laparoscopic Surgery; Post Operative Recovery; Local Anaesthetic Systemic Toxicity,NOT_YET_RECRUITING,INTERVENTIONAL,PHASE3,"Centre Hospitalier Universitaire, Amiens",ketamine,1,France,2026-03,"Ottilie Trocheris - Fumery, MD",33+322089108,,no,no,https://clinicaltrials.gov/study/NCT07414706
NCT02258204,Ketamine for Thrombolysis in Acute Ischemic Stroke,other,Stroke,UNKNOWN,INTERVENTIONAL,PHASE1|PHASE2,"University Hospital, Caen",ketamine,1,France,2015-03,,,,no,,https://clinicaltrials.gov/study/NCT02258204
NCT02652507,Dexmedetomidine and Ketamine in MRI,other,Magnetic Resonance Imaging,COMPLETED,INTERVENTIONAL,PHASE1,"Children's Hospital Medical Center, Cincinnati",ketamine,1,United States,2016-06,,,"Mohamed Mahmoud, MD (Children's Hospital Medical Center, Cincinnati)",no,,https://clinicaltrials.gov/study/NCT02652507
NCT05786833,Dexmedetomidine vs Ketofol on Delirium in Children Undergoing Congenital Inguinal Hernia Repair,other,Dexmedetomidine; Ketofol; Delirium; Hernia,UNKNOWN,INTERVENTIONAL,NA,Tanta University,ketamine,1,Egypt,2023-03-20,"Nada M Shaheen, Master",+201006151953,,no,yes,https://clinicaltrials.gov/study/NCT05786833
NCT03643796,Narcotic Free TIVA and Incidence of Unacceptable Movements Under Anesthesia During ACDF Surgery,anesthesia_analgesia,Anterior Cervical Discectomy and Fusion (ACDF),COMPLETED,INTERVENTIONAL,PHASE4,University of Arkansas,ketamine,1,United States,2018-07-15,,,"Mohamed Abdeldayem, MD (University of Arkansas)",yes,undecided,https://clinicaltrials.gov/study/NCT03643796
NCT00304850,Polyamine-free Diet to Prevent Post Surgery Hyperalgesia,anesthesia_analgesia,Breast Cancer; Surgery,COMPLETED,INTERVENTIONAL,PHASE2,"University Hospital, Bordeaux",ketamine,5,France,2006-03,,,"Pierre MAURETTE, Pr (DAR 3 -Pellegrin hospital-33076 Bordeaux - France); Genevieve CHENE, Pr (University hospital - 33076 Bordeaux - France)",no,,https://clinicaltrials.gov/study/NCT00304850
NCT02950233,Preventing pAIn With NMDA Antagonists - Steroids in Thoracoscopic lObectomy Procedures (PAIN-STOP) Pilot Trial,other,"Pain, Postoperative",TERMINATED,INTERVENTIONAL,PHASE3,Population Health Research Institute,ketamine,2,Canada; United States,2017-05-04,,,"PJ Devereaux, MD, PhD (McMaster University)",no,no,https://clinicaltrials.gov/study/NCT02950233
NCT05172739,Opioid Free Anaesthesia-Analgesia Strategy on Surgical Stress and Immunomodulation in Elective VATS-Lobectomy for NSCLC,anesthesia_analgesia,"Systemic Inflammatory Response Syndrome; Postoperative Pain, Acute; Postoperative Pain, Chronic; Infections Postoperative; Opioid Use; Anesthesia; Non-small Cell Lung Cancer",RECRUITING,INTERVENTIONAL,PHASE4,University of Crete,ketamine,1,Greece,2021-10-01,"Periklis Vasilos, MD",00306978702023,"Vasileia Nyktari, MD, PhD (University of Crete, Medical school)",no,no,https://clinicaltrials.gov/study/NCT05172739
NCT06575075,Pilot Study of RR-HNK in OCD,psychiatric,Obsessive-Compulsive Disorder,RECRUITING,INTERVENTIONAL,PHASE1|PHASE2,Carolyn Rodriguez,ketamine,1,United States,2026-01-23,"Alessa Gaeta, BA",650-723-4095,"Carolyn Rodriguez, MD, PhD (Stanford University)",no,no,https://clinicaltrials.gov/study/NCT06575075
NCT06969937,Ketamine and Neurofeedback as Combined Therapeutic Interventions to Target Glutamatergic Neurotransmission in Alcohol Use Disorder,psychiatric,Alcohol Abuse/Dependence; Alcohol Use Disorder (AUD); Alcoholism,RECRUITING,INTERVENTIONAL,PHASE2,Dr. med. Marcus Herdener,ketamine,1,Switzerland,2025-06-01,"Marcus Herdener, PD Dr. med.",+41583845810,,no,yes,https://clinicaltrials.gov/study/NCT06969937
NCT03631875,Co-induction Ketamine-propofol: Effects on Laryngeal Mask Airway Insertion Conditions in Children,other,Anesthesia Intubation Complication,COMPLETED,INTERVENTIONAL,PHASE4,"University Hospital, Mahdia",ketamine,1,Tunisia,2019-05-01,,,"ali majdoub, professor (Ministery of Health)",no,no,https://clinicaltrials.gov/study/NCT03631875
NCT02442739,Ketamine for Preventing Depression in Patients Undergoing Treatment for Pancreatic or Head and Neck Cancers,psychiatric,Head and Neck Cancer; Pancreatic Cancer; Depression,WITHDRAWN,INTERVENTIONAL,EARLY_PHASE1,Cedars-Sinai Medical Center,ketamine,1,United States,2016-08-15,,,"Scott Irwin, MD, PhD (Cedars-Sinal Medical Center)",no,,https://clinicaltrials.gov/study/NCT02442739
NCT02313337,The Comparison of Different Administration Routes of Pediatric Premedication,other,Anesthesia,UNKNOWN,INTERVENTIONAL,PHASE4,Second Affiliated Hospital of Xi'an Jiaotong University,ketamine,0,,2014-12,,,NIU XIAOLI (The second affiliated hospital of xi 'an jiaotong university),no,,https://clinicaltrials.gov/study/NCT02313337
NCT03095222,Exploring the Safety and Efficacy of Low-dose Ketamine Infusions for Pain Control in Acute Burn Injury,other,Pain,WITHDRAWN,INTERVENTIONAL,PHASE4,University of Kansas Medical Center,ketamine,1,United States,2017-04-01,,,"Andrea Nicol, MD (University of Kansas Medical Center)",no,,https://clinicaltrials.gov/study/NCT03095222
NCT06429657,Ketamine for Sedation in Severe Traumatic Brain Injury,psychiatric,"Severe Traumatic Brain Injury; Intracranial Hypertension; Intracranial Hemorrhage, Hypertensive",SUSPENDED,INTERVENTIONAL,PHASE4,Henry M. Jackson Foundation for the Advancement of Military Medicine,ketamine,1,United States,2024-09-23,,,"Bradley Dengler, MD (Uniformed Services University of the Health Sciences)",no,no,https://clinicaltrials.gov/study/NCT06429657
NCT06111339,Ketamine for OUD and Suicidal Ideation in the ED,psychiatric,Opioid Use Disorder; Suicidal Ideation,TERMINATED,INTERVENTIONAL,PHASE2,Brigham and Women's Hospital,ketamine,1,United States,2024-06-14,,,,no,,https://clinicaltrials.gov/study/NCT06111339
NCT03793075,Ketamine Versus Propofol Effect on the Immune-mediatory Response for Abdominal Surgery,anesthesia_analgesia,Major Abdominal Surgery,UNKNOWN,INTERVENTIONAL,NA,Mansoura University Hospital,ketamine,0,,2019-01-10,"Reem Abdelraouf, lecturer",01006151100,"Reem Abdelraouf, lecturer (Mansoura University)",no,,https://clinicaltrials.gov/study/NCT03793075
NCT05906121,Lidocaine and Ketamine Levels in Plasma After Simultaneous Lidocaine/Ketamine Infusions,other,Chronic Pain,COMPLETED,OBSERVATIONAL,,"University Hospital, Basel, Switzerland",ketamine,1,Switzerland,2023-05-16,,,"Wilhelm Ruppen, Prof. (Department of Anaesthesiology, University Hospital of Basel (USB))",no,,https://clinicaltrials.gov/study/NCT05906121
NCT02651792,Ketamine- Propofol Versus Pethidine- Propofol in ERCP,other,Sedation in ERCP,COMPLETED,INTERVENTIONAL,PHASE2,Assiut University,ketamine,1,Egypt,2015-01,,,"Mostafa S Abbas, MD (Assiut University)",no,,https://clinicaltrials.gov/study/NCT02651792
NCT07520487,Effect of Intravenous Ketamine Combined With Spinal Anesthesia on Sensory Block Duration Compared to Spinal Anesthesia Alone in Lower Limb Surgeries in Geriatrics.,anesthesia_analgesia,IV Ketamine With Spinal Block,RECRUITING,INTERVENTIONAL,NA,Cairo University,ketamine,1,Egypt,2026-04-25,,,,no,,https://clinicaltrials.gov/study/NCT07520487
NCT01880593,Ketamine Plus Lithium in Treatment-Resistant Depression,psychiatric,Depression,COMPLETED,INTERVENTIONAL,PHASE2,Icahn School of Medicine at Mount Sinai,ketamine,1,United States,2013-07,,,"James W Murrough, MD (Icahn School of Medicine at Mount Sinai)",yes,,https://clinicaltrials.gov/study/NCT01880593
NCT07787858,Effect of Opioid-Free Versus Opioid-Based Anesthesia in Discectomy Surgery,anesthesia_analgesia,Postoperative Pain Intensity,COMPLETED,INTERVENTIONAL,NA,Zagazig University,ketamine,1,Egypt,2026-01-15,,,"Dr Asmaa Mohamed Galal Eldin, Assist Prof (faculty of medicine zagazig university)",no,yes,https://clinicaltrials.gov/study/NCT07787858
NCT03146806,Intranasal (NAS) Ketamine for Cancer Pain,other,Cancer; Pain,COMPLETED,INTERVENTIONAL,PHASE1|PHASE2,Emory University,ketamine,1,United States,2017-07-25,,,"Vinita Singh, MD (Emory University)",yes,no,https://clinicaltrials.gov/study/NCT03146806
NCT01749098,A Study To Examine The Effects Of PF-04958242 On Ketamine-Induced Cognitive Impairment In Healthy Volunteers,psychiatric,Schizophrenia,COMPLETED,INTERVENTIONAL,PHASE1,Biogen,ketamine,2,United States,2012-12,,,Medical Director (Biogen),no,,https://clinicaltrials.gov/study/NCT01749098
NCT03831854,Lamotrigine in Reducing Psychologic Side-Effect of Perioperative Ketamine,anesthesia_analgesia,Reducing Psychological Side Effects of Ketamine,COMPLETED,INTERVENTIONAL,PHASE3,The Cleveland Clinic,ketamine,1,United States,2019-01-24,,,,yes,no,https://clinicaltrials.gov/study/NCT03831854
NCT02430272,Anticholinergic Premedication Induced Fever in Pediatric Ambulatory Anesthesia With Ketamine,anesthesia_analgesia,Fever,COMPLETED,INTERVENTIONAL,NA,Inje University,ketamine,1,South Korea,2014-05,,,"Won Joo Choe, M.D. Ph.D (Inje Univ.)",no,,https://clinicaltrials.gov/study/NCT02430272
NCT02493231,Effect of Intraoperative Nefopam on Acute Pain After Remifentanil Based Anesthesia,anesthesia_analgesia,Cholecystitis,UNKNOWN,INTERVENTIONAL,PHASE4,Hallym University Kangnam Sacred Heart Hospital,ketamine,1,South Korea,2015-03,Mi hyun Lee,+82-02-829-5230,,no,,https://clinicaltrials.gov/study/NCT02493231
NCT07433231,Magnesium Sulfate Versus Other Anesthesia Drugs to Reduce Agitation After Adenotonsillectomy in Pediatric Patients,anesthesia_analgesia,Anesthesia Emergence Delirium; Adenotonsillar Hypertrophy,COMPLETED,INTERVENTIONAL,NA,Ayfer Kaya Gök,ketamine,1,Turkey (Türkiye),2023-11-01,,,Ayfer Kaya Gök (gaziosmanpaşa training and research hospital md),no,no,https://clinicaltrials.gov/study/NCT07433231
NCT02673372,Geriatric Ketamine for Pain Management Study,other,Pain,COMPLETED,INTERVENTIONAL,PHASE4,Antonios Likourezos,ketamine,1,United States,2016-04,,,"Sergey Motov, MD (Maimonides Medical Center)",yes,no,https://clinicaltrials.gov/study/NCT02673372
NCT05663801,Magnesium Sulphate Versus Ketamine as an Adjuvant to Bupivacaine in Pectoral Nerve Block During Mastectomy,anesthesia_analgesia,Cancer; Breast,COMPLETED,INTERVENTIONAL,PHASE2,Beni-Suef University,ketamine,1,Egypt,2022-12-01,,,"Doaa M Khalil, lecturer (Research Ethical Committee,faculty of medicine Beni-Suef university)",no,yes,https://clinicaltrials.gov/study/NCT05663801
NCT01997801,Ketamine in Robot-assisted Thyroidectomy,other,Thyroid; Acute Pain; Chronic Pain,UNKNOWN,INTERVENTIONAL,NA,Seoul National University Hospital,ketamine,1,South Korea,2013-12,"Hee-Pyoung Park, PhD",+82-10-2971-7647,"Hee-Pyoung Park, PhD (Seoul National University of Hospital)",no,,https://clinicaltrials.gov/study/NCT01997801
NCT05661669,Ketamine for the Treatment for Alcohol Use Disorder in the ED,psychiatric,Alcohol Use Disorder,WITHDRAWN,INTERVENTIONAL,PHASE2,Brigham and Women's Hospital,ketamine,1,United States,2023-09-01,,,,no,,https://clinicaltrials.gov/study/NCT05661669
NCT05522127,Restritive and Liberal Fluid Management and Colonoscopy,anesthesia_analgesia,Intravenous Infusions; Colonoscopy; Sedoanalgesia,UNKNOWN,INTERVENTIONAL,NA,Baskent University,ketamine,1,Turkey (Türkiye),2022-10-11,Yonca Özvardar Pekcan,+902322411000,Yonca Özvardar Pekcan (Baskent University),no,no,https://clinicaltrials.gov/study/NCT05522127
NCT04275661,Ketamine Versus Magnesium Sulphate as Adjuvants for ESPB in Breast Cancer Surgery,anesthesia_analgesia,Analgesia; Breast Cancer,COMPLETED,INTERVENTIONAL,PHASE2,Assiut University,ketamine,1,Egypt,2020-08-01,,,khaled fares (Assiut University); hamdy abbas (Assiut University),no,,https://clinicaltrials.gov/study/NCT04275661
NCT02514122,Subcutaneous Ketamine for Postoperative Pain Relief in Rwanda,anesthesia_analgesia,Post Operative Pain; Pain,COMPLETED,INTERVENTIONAL,PHASE2|PHASE3,University of Saskatchewan,ketamine,1,Rwanda,2015-06,,,"William Mckay, MD (University of Saskatchewan)",yes,no,https://clinicaltrials.gov/study/NCT02514122
NCT03513822,Ketamine's Efficiency in the Treatment of Chronic Pain: Kynurenin Pathway,other,Neuralgia; Chronic Pain; Inflammation,UNKNOWN,INTERVENTIONAL,PHASE3,Redar,ketamine,1,France,2018-02-16,"Cyril QUEMENEUR, Resident",0033681193981,"Didier Bouhassira, Md, PhD (INSERM U987)",no,no,https://clinicaltrials.gov/study/NCT03513822
NCT04485702,Phase 1 Bioavailability Study of MELT-100 (Midazolam and Ketamine Sublingual) and IV Midazolam or Ketamine,other,Healthy Volunteers,COMPLETED,INTERVENTIONAL,PHASE1,Melt Pharmaceuticals,ketamine,1,United States,2020-07-20,,,"Cynthia Zamora, MD (Worldwide Clinical Trials)",no,no,https://clinicaltrials.gov/study/NCT04485702
NCT01100255,Pilot Study of Ketamine in Adults With Obsessive-Compulsive Disorder (OCD),psychiatric,Obsessive-Compulsive Disorder,COMPLETED,INTERVENTIONAL,PHASE2,New York State Psychiatric Institute,ketamine,1,United States,2010-04,,,"Carolyn I. Rodriguez, M.D., Ph.D. (Columbia-NYSPI-RFMH)",yes,no,https://clinicaltrials.gov/study/NCT01100255
NCT01997515,"Ketamine Effect After Laparoscopic Gastric Reduction: A Randomized, Double-Blinded, Placebo Controlled Study",anesthesia_analgesia,Pain; Obesity; Hypoxia,COMPLETED,INTERVENTIONAL,PHASE4,Northwestern University,ketamine,1,United States,2013-11,,,"Meltem Yilmaz, MD (Northwestern University)",yes,no,https://clinicaltrials.gov/study/NCT01997515
NCT06402955,Imaging Depression in Parkinson's Disease,psychiatric,Parkinson's Disease; Major Depressive Disorder,RECRUITING,INTERVENTIONAL,PHASE2,Yale University,ketamine,1,United States,2024-09-01,Sophie Holmes,2036854066,,no,undecided,https://clinicaltrials.gov/study/NCT06402955
NCT02659085,Ketamine as an Alternative Treatment to ECT in Major Depressive Disorder,psychiatric,"Depressive Disorder, Major",COMPLETED,INTERVENTIONAL,PHASE2|PHASE3,Pouya Movahed Rad,ketamine,1,Sweden,2015-02,,,"Pouya Movahed Rad, MD, PhD (Dept of Clinical Sciences Lund, Faculty of Medicine Lund University, Sweden)",no,undecided,https://clinicaltrials.gov/study/NCT02659085
NCT07536633,Investigation of the Anti-inflammatory Effect of Ketamine in Cardiac Surgery,anesthesia_analgesia,Cardiac Surgery,COMPLETED,INTERVENTIONAL,PHASE4,Konya City Hospital,ketamine,1,Turkey (Türkiye),2022-10-30,,,Turgay Atay (Konya City Hospital); gamze sarkılar (Necmettin Erbakan University Meram Faculty of Medicine Hospital),no,yes,https://clinicaltrials.gov/study/NCT07536633
NCT06330038,Anesthesia and Non-small Cell Lung Cancer Recurrence,anesthesia_analgesia,Non-small Cell Lung Cancer; Surgery; Anesthesia,RECRUITING,INTERVENTIONAL,PHASE4,Samsung Medical Center,ketamine,1,South Korea,2024-08-05,"Jeayoun Kim, MD",8234106590,"Hyun Joo Ahn (Department of Anesthesiology and Pain Medicine, Samsung Medical Center)",no,yes,https://clinicaltrials.gov/study/NCT06330038
NCT02065947,Three-level Injection Paravertebral Block vs General Anesthesia in Mastectomy,anesthesia_analgesia,Radical Mastectomy,COMPLETED,INTERVENTIONAL,PHASE1|PHASE2,Ramathibodi Hospital,ketamine,1,Thailand,2013-10,,,"Benno von Bormann, MD (Mahidol University Bangkok)",no,,https://clinicaltrials.gov/study/NCT02065947
NCT04022226,EEG Characteristics in ECT,other,Electroconvulsive Therapy; Direct Current Electroencephalogram; Ketamine; Spreadind Depression,COMPLETED,INTERVENTIONAL,EARLY_PHASE1,University of New Mexico,ketamine,1,United States,2019-10-01,,,,yes,yes,https://clinicaltrials.gov/study/NCT04022226
NCT00504725,Ketamine In Thoracic Surgery (KITS) Trial,anesthesia_analgesia,Lung Cancer,COMPLETED,INTERVENTIONAL,PHASE2,Duke University,ketamine,1,United States,2007-07,,,"Andy Shaw, M. D. (Duke University)",yes,,https://clinicaltrials.gov/study/NCT00504725
NCT05137938,Intranasal Ketamine in Ultra-REsistant Depression (SURE-ECT Non Responders),psychiatric,Depression,COMPLETED,INTERVENTIONAL,NA,Centre for Addiction and Mental Health,ketamine,1,Canada,2021-10-25,,,"Yuliya Knyahnytska, MD, PhD (Centre for Addiction and Mental Health)",no,,https://clinicaltrials.gov/study/NCT05137938
NCT05505630,The Effects of Sedatives on Tobacco Use Disorder Version 2,anesthesia_analgesia,Tobacco Smoking,COMPLETED,INTERVENTIONAL,EARLY_PHASE1,Wake Forest University Health Sciences,ketamine,1,United States,2023-01-31,,,"Merideth A Addicott, MD (Wake Forest University Health Sciences)",no,no,https://clinicaltrials.gov/study/NCT05505630
NCT00768430,Optimization of IV Ketamine for Treatment Resistant Depression,psychiatric,Major Depressive Disorder (MDD); Treatment Resistant Depression (TRD),COMPLETED,INTERVENTIONAL,PHASE2,Baylor College of Medicine,ketamine,2,United States,2008-11,,,"Sanjay J. Mathew, MD (Baylor College of Medicine); Dan V Iosifescu, MD,M.Sc. (Icahn School of Medicine at Mount Sinai)",yes,,https://clinicaltrials.gov/study/NCT00768430
NCT05288764,Effect of Ketamine on BIS Values,other,Anesthesia Brain Monitoring; Ketamine,COMPLETED,OBSERVATIONAL,,University of Padova,ketamine,1,Italy,2022-03-31,,,,no,,https://clinicaltrials.gov/study/NCT05288764
NCT00232492,Ketamine on Acute Pain in Females and Males,other,"Mouth and Tooth Diseases; Tooth, Impacted",COMPLETED,INTERVENTIONAL,PHASE4,Ullevaal University Hospital,ketamine,1,Norway,2005-01,,,"Lasse A Skoglund, DDS, PhD (Section of Dental Pharmacology and Pharmacotherapy, Faculty of Dentistry, POB 1119 Blindern, University of Oslo, N-0317 Oslo, Norway); Olav Hustveit, MD (Section of Dental Pharmacology and Pharmacotherapy, Faculty of Dentistry, POB 1119 Blindern, University of Oslo, N-0317 Oslo, Norway)",no,,https://clinicaltrials.gov/study/NCT00232492
NCT06231992,Opioid Free Anaesthesia Versus Opioid Based Anesthesia for Laparscopic Cholecystectomy,anesthesia_analgesia,Opioid Use,UNKNOWN,INTERVENTIONAL,NA,Al-Azhar University,ketamine,0,,2024-01-31,,,,no,no,https://clinicaltrials.gov/study/NCT06231992
NCT02611921,Study of Intranasal Ketamine for Social Impairment in Autism Spectrum Disorder,other,Autism Spectrum Disorder,COMPLETED,INTERVENTIONAL,PHASE1,"Children's Hospital Medical Center, Cincinnati",ketamine,1,United States,2015-12-22,,,"Logan K Wink, MD (Children's Hospital Medical Center, Cincinnati)",no,no,https://clinicaltrials.gov/study/NCT02611921
NCT02579928,Ketamine Infusion for Adolescent Depression and Anxiety,psychiatric,Major Depressive Disorder; Anxiety Disorder,COMPLETED,INTERVENTIONAL,PHASE4,Yale University,ketamine,2,United States,2015-10,,,"Michael H. Bloch, MD MS (Yale University)",yes,,https://clinicaltrials.gov/study/NCT02579928
NCT07248332,The Efface of Lidocaine vs. Magnesium Sulphate in the Management of Pain After Laparoscopic Cholecystectomy,anesthesia_analgesia,Laparoscopic Cholecystectomy Surgery; Postoperative Pain Management,COMPLETED,INTERVENTIONAL,PHASE1,Liaquat National Hospital & Medical College,ketamine,1,Pakistan,2024-01-18,,,"Mustafa Hussain Imam, MBBS (Liaquat National Hospital); Ali Asgher, Mbbs, FCPS (Liaquat National Hospital)",no,no,https://clinicaltrials.gov/study/NCT07248332
NCT02515422,Subcutaneous Wound Infiltration of Ketamine or Bupivacaine Pain Perception After Cesarean Section,anesthesia_analgesia,Postoperative Pain,COMPLETED,INTERVENTIONAL,PHASE1,Huseyin Aksoy,ketamine,1,Turkey (Türkiye),2014-06,,,,no,,https://clinicaltrials.gov/study/NCT02515422
NCT07330375,Effect of Intravenous Dexmedetomidine and Ketamine on Post-Operative Analgesia,anesthesia_analgesia,Postoperative Analgesia; Postoperative Pain Management,NOT_YET_RECRUITING,INTERVENTIONAL,PHASE3,Zagazig University,ketamine,0,,2026-01-20,"Abdelrahman Elsayed Amer, Resident of Anesthesia",00201024172506,,no,yes,https://clinicaltrials.gov/study/NCT07330375
NCT03349216,Bier's Block Versus Systemic Analgesia,anesthesia_analgesia,Distal Radius Fracture,UNKNOWN,INTERVENTIONAL,PHASE2,Isfahan University of Medical Sciences,ketamine,1,Iran,2017-10-20,,,"Mehdi Nasr Isfahani, M.D. (Isfahan University of Medical Sciences)",no,undecided,https://clinicaltrials.gov/study/NCT03349216
NCT03248648,Efficacy of Intra-articular Neostigmine Versus Ketamine for Postoperative Analgesia in Arthroscopic Knee Surgery,anesthesia_analgesia,Postoperative Pain,COMPLETED,INTERVENTIONAL,PHASE2|PHASE3,Assiut University,ketamine,1,Egypt,2017-03-01,,,"Abualauon Elbiplaoy, lectural of anesthesia (Assiut University)",no,undecided,https://clinicaltrials.gov/study/NCT03248648
NCT05809609,Glutamate Emotion Memory Study,other,Treatment Resistant Depression; Depression; Major Depressive Disorder,UNKNOWN,INTERVENTIONAL,NA,University of Oxford,ketamine,1,United Kingdom,2022-07-01,"Sara Costi, MD",01865 618303,"Catherine Harmer, DPhil (University of Oxford)",no,,https://clinicaltrials.gov/study/NCT05809609
NCT05615948,Oral Aspirin + Ketamine as Adjunct to Oral Antidepressant Therapy for Depression,psychiatric,"Treatment Resistant Depression; Major Depressive Disorder; Analgesia; Ketamine; Peripheral Nervous System Agents; Central Nervous System Depressants; Neurotransmitter Agents; Anti-Inflammatory Agents; Physiological Effects of Drugs; Sensory System Agents; Analgesics, Non-Narcotic; Anti-Inflammatory Agents, Non-Steroidal; Depressive Symptoms",COMPLETED,INTERVENTIONAL,PHASE4,"Theresa Jacob, PhD, MPH",ketamine,1,United States,2022-12-06,,,"Theresa Jacob, PhD, MPH (Maimonides Medical Center)",no,,https://clinicaltrials.gov/study/NCT05615948
NCT03458143,Respiratory Depression During an Analgosedation Combining Remifentanil and Ketamine in TCI for Oocyte Retrieval,psychiatric,"Oocyte Retrieval; Sedation, Conscious; Ventilatory Depression",UNKNOWN,OBSERVATIONAL,,Erasme University Hospital,ketamine,1,Belgium,2018-02-12,"barvais luc, MD PhD",+3225553919,"Peres-Bota Iulia, student (Erasme University Hospital); Barvais Luc, MDPhD (Erasme University Hospital)",no,,https://clinicaltrials.gov/study/NCT03458143
NCT07558044,Ketamine Gargle for Pain After Pediatric Tonsillectomy,anesthesia_analgesia,Postoperative Pain; Tonsillectomy; Adenotonsillectomy,COMPLETED,INTERVENTIONAL,PHASE4,Hospital Universitario de Caracas,ketamine,1,Venezuela,2024-01-10,,,,no,undecided,https://clinicaltrials.gov/study/NCT07558044
NCT07164677,Serratus Posterior Superior Plane Block for Postoperative Pain in Cardiac Surgery,anesthesia_analgesia,"Cardiac Surgery; Post Operative Pain, Acute",RECRUITING,INTERVENTIONAL,NA,Ondokuz Mayıs University,ketamine,1,Turkey (Türkiye),2025-09-13,Burhan Dost,05327042493,"Burhan Dost (Ondokuz Mayis University, Samsun, Atakum 55139)",no,,https://clinicaltrials.gov/study/NCT07164677
NCT01870219,Effects of Sevoflurane and Ketamine on QT in Electroconvulsive Therapy,other,Major Depression; Electroconvulsive Therapy,COMPLETED,INTERVENTIONAL,PHASE4,Inonu University,ketamine,1,Turkey (Türkiye),2012-02,,,"Feray Erdil, MD (Associated Prof Dr)",no,,https://clinicaltrials.gov/study/NCT01870219
NCT01146145,"Efficacity, Safety and Cost of Intravenous Morphine Titration Alone or Combined to Ketamine",other,Postoperative Pain,COMPLETED,INTERVENTIONAL,NA,Assistance Publique - Hôpitaux de Paris,ketamine,1,France,2003-05,,,Hawa Keita (Assistance Publique - Hôpitaux de Paris),no,,https://clinicaltrials.gov/study/NCT01146145
NCT05768477,Different Treatments in Chronic Pain Patients.,other,Chronic Pain; Nociplastic Pain,RECRUITING,OBSERVATIONAL,,University Ghent,ketamine,1,Belgium,2023-04-06,"Jessica Van Oosterwijck, Professor",+32 9 332 69 19,"Jessica Van Oosterwijck (Department of Rehabilitation Sciences, Faculty of Health Sciences, Ghent University, Belgium)",no,yes,https://clinicaltrials.gov/study/NCT05768477
NCT04061330,Comparison of Low-dose Ketamine to Opioids in the Management of Acute Pain in Patients Presenting to the Emergency Department With Long Bone Fractures,anesthesia_analgesia,"Pain, Acute",WITHDRAWN,INTERVENTIONAL,PHASE2,"The University of Texas Health Science Center, Houston",ketamine,1,United States,2022-01-01,,,"Paulina Sergot, MD (The University of Texas Health Science Center, Houston)",no,no,https://clinicaltrials.gov/study/NCT04061330
NCT06608277,"Ketamine, SGB and Combination Treatment for TBI-associated Headache or PTSD",psychiatric,Posttraumatic Headache; Posttraumatic Stress Disorder,RECRUITING,INTERVENTIONAL,PHASE2,Northwestern University,ketamine,3,United States,2025-07-02,"Jordan Wood, BS",312-695-0915,"Steven Cohen, MD (Northwestern University)",no,,https://clinicaltrials.gov/study/NCT06608277
NCT05247177,Multimodal GA for Lumbar Spine Surgery,anesthesia_analgesia,Lumbar Spine Fusion Surgery,COMPLETED,INTERVENTIONAL,NA,National Taiwan University Hospital,ketamine,1,Taiwan,2022-03-14,,,"Chun-Yu Wu, MD (National Taiwan University Hospital)",no,,https://clinicaltrials.gov/study/NCT05247177
NCT04150757,Intranasal Ketamine for Pain Control in Patients with Sickle Cell Disease and Vaso-occlusive Episode (VOE) in the PED,other,Sickle Cell Disease; Vaso-Occlusive Pain Episode in Sickle Cell Disease; Vaso-occlusive Crisis; Ketamine; Intranasal Ketamine; Analgesia,TERMINATED,INTERVENTIONAL,PHASE3,Abigail Nixon,ketamine,2,United States,2019-12-19,,,,no,no,https://clinicaltrials.gov/study/NCT04150757
NCT01309581,Use of Ketamine to Enhance Electroconvulsive Therapy (ECT) in Depression,psychiatric,Major Depression; Bipolar Depression,TERMINATED,INTERVENTIONAL,NA,James Murrough,ketamine,1,United States,2010-04,,,"James W Murrough, MD (Icahn School of Medicine at Mount Sinai)",yes,,https://clinicaltrials.gov/study/NCT01309581
NCT04576637,Neurophysiological Monitoring and Videolaryngoscopy,other,Postsynaptic Potential Summation,UNKNOWN,INTERVENTIONAL,NA,Rabin Medical Center,ketamine,1,Israel,2020-10-21,Leonid Eidelman,97239376850,Leonid O Eidelman (Rabin Medical Center),no,undecided,https://clinicaltrials.gov/study/NCT04576637
NCT04285528,Sedation and Analgesia Using PFK Versus General Anesthesia in Urological Procedures,anesthesia_analgesia,Anesthesia; Urologic Diseases,COMPLETED,INTERVENTIONAL,NA,University of Jordan,ketamine,1,Jordan,2019-04-17,,,,no,no,https://clinicaltrials.gov/study/NCT04285528
NCT06031883,Efficacy of Adding Low Dose Ketamine or Fentanyl to Propofol-dexmedetomidine as Total Intravenous Anesthesia,anesthesia_analgesia,Patients Undergoing Elective Craniotomy,COMPLETED,INTERVENTIONAL,PHASE1|PHASE2,Minia University,ketamine,1,Egypt,2023-02-01,,,,no,no,https://clinicaltrials.gov/study/NCT06031883
NCT03781635,"Comparison of BIS Index Variations: Bolus Versus Infusion Ketamine, and Impact on the Anesthesia Gas Consumption",anesthesia_analgesia,"Bolus Versus Infusion Ketamine, Anesthesia Gas Consumption",COMPLETED,INTERVENTIONAL,PHASE4,Ciusss de L'Est de l'Île de Montréal,ketamine,1,Canada,2018-09-25,,,"Philippe PR Richebé, MD PhD (CIUSSS Est de l'ile de Montreal)",no,,https://clinicaltrials.gov/study/NCT03781635
NCT01500018,Study in Healthy Recreational Polydrug Users to Measure the Abuse Potential of TC-5214,other,Drug Abuse; Healthy,WITHDRAWN,INTERVENTIONAL,PHASE1,AstraZeneca,ketamine,0,,2012-01,,,"Hans A Eriksson, MD (AstraZeneca Kvzmbergagatan 12, 15185,Sodertalje, Sweden); Pierre Geoffroy, MDCM, MSC, FCFP (Syneos Health)",no,,https://clinicaltrials.gov/study/NCT01500018
NCT01548703,A Multiple Ascending Dose Study of BCI-838 in Healthy Volunteers,psychiatric,Healthy,COMPLETED,INTERVENTIONAL,PHASE1,BrainCells Inc.,ketamine,1,Netherlands,2012-02,,,"Salah Hadi, MD (PRA Health Sciences)",no,,https://clinicaltrials.gov/study/NCT01548703
NCT02651324,Efficacy of Ketamine for Improvement in Postoperative Pain Control After Spinal Fusion for Idiopathic Scoliosis,anesthesia_analgesia,Idiopathic Scoliosis; Post-operative Pain,COMPLETED,INTERVENTIONAL,PHASE4,Albany Medical College,ketamine,1,United States,2013-05,,,"Farzana Afroze, MD (Albany Medical College)",yes,,https://clinicaltrials.gov/study/NCT02651324
NCT07095842,Prehospital Early Administration of Ketamine for Status Epilepticus in Epileptic Kids (PEAK-SEEK),other,Convulsive Status EPILEPTICUS,RECRUITING,INTERVENTIONAL,PHASE2|PHASE3,Sohag University,ketamine,1,Egypt,2025-08-03,Elsayed Abdelkreem,1114232126,,no,no,https://clinicaltrials.gov/study/NCT07095842
NCT03336541,Low-dose Ketamine and Postpartum Depression in Parturients With Prenatal Depression,psychiatric,Perinatal Depression; Ketamine; Cesarean Delivery; Postpartum Depression,COMPLETED,INTERVENTIONAL,PHASE4,Peking University First Hospital,ketamine,1,China,2017-11-23,,,"Dong-Xin Wang, MD, PhD (Peking University First Hospital)",no,no,https://clinicaltrials.gov/study/NCT03336541
NCT07810023,Intramuscular Ketamine for Suicidal Patients in the Evanston Hospital Emergency Department for Suicidal Distress,psychiatric,Suicidal; Suicidal Ideation; Suicidal Ideation and Behavior; Depression / Major Depressive Disorder,ENROLLING_BY_INVITATION,INTERVENTIONAL,NA,Endeavor Health,ketamine,1,United States,2026-09-10,,,,no,,https://clinicaltrials.gov/study/NCT07810023
NCT04730596,Cognitive Dysfunction After Cataract Surgery,anesthesia_analgesia,POCD - Postoperative Cognitive Dysfunction,COMPLETED,INTERVENTIONAL,NA,Tanta University,ketamine,1,Egypt,2021-02-01,,,"Mohamed Oreby, M.D (Tanta University)",no,yes,https://clinicaltrials.gov/study/NCT04730596
NCT07427446,Dexmedetomidine-Midazolam vs. Ketamine-Midazolam on Emergence Delirium,anesthesia_analgesia,Emergence Delirium,RECRUITING,INTERVENTIONAL,PHASE4,Kasr El Aini Hospital,ketamine,1,Egypt,2026-02-01,"Ahmed Elhaddad, Ass.prof.",01224042847,"Ahmed Elhaddad, Ass.prof. (Faculty of medicins,Cairo university)",no,no,https://clinicaltrials.gov/study/NCT07427446
NCT02360280,Efficacy of Repeated Ketamine Infusions for Treatment-resistant Depression,psychiatric,Treatment-resistant Depression,COMPLETED,INTERVENTIONAL,PHASE2,VA Office of Research and Development,ketamine,1,United States,2015-04-01,,,"Paulo R Shiroma, MD (Minneapolis VA Health Care System, Minneapolis, MN)",yes,no,https://clinicaltrials.gov/study/NCT02360280
NCT06566326,Oropharyngeoesophageal Topical Anesthesia Versus Propofol - Ketamine Sedation for Upper Gastrointestinal Endoscopy,anesthesia_analgesia,Upper Gastrointestinal Endoscopy; Topical Anesthesia; Intravenous Sedation,COMPLETED,INTERVENTIONAL,NA,Zagazig University,ketamine,1,Egypt,2023-01-01,,,"Osama A Nofal, MD (Zagazig University); Rania A Kamel, MD (Zagazig University)",no,no,https://clinicaltrials.gov/study/NCT06566326
NCT03743974,Analgesic Efficacy of US-Guided Interscalene Block Versus Supraclavicular Block for Ambulatory Arthroscopic Rotator Cuff Repair,anesthesia_analgesia,Shoulder Lesions,COMPLETED,INTERVENTIONAL,NA,GCS Ramsay Santé pour l'Enseignement et la Recherche,ketamine,0,,2016-10-03,,,,no,no,https://clinicaltrials.gov/study/NCT03743974
NCT04144933,Effect of Multimodal Opioid-free Anesthesia on Return of Bowel Function in Laparoscopic Colorectal Surgery,anesthesia_analgesia,"Anesthesia; General Anesthesia; Analgesics, Opioid; Opioid Free Anesthesia; Postoperative Ileus; Colorectal Surgery; Laparoscopic Surgery; Analgesia; Dexmedetomidine; Lidocaine; Ketamine",UNKNOWN,INTERVENTIONAL,PHASE3,University of Saskatchewan,ketamine,1,Canada,2021-05-15,"Jonathan Gamble, MD",306-655-1183,,no,no,https://clinicaltrials.gov/study/NCT04144933
NCT06559826,Ketamine-Assisted Psychotherapy (KAP) Compared to Ketamine Alone for the Treatment of Depression,psychiatric,Major Depressive Disorder,RECRUITING,INTERVENTIONAL,PHASE2,Icahn School of Medicine at Mount Sinai,ketamine,1,United States,2025-01-10,"Rachel Fremont, MD, PhD",212-241-6539,"James Murrough, MD, PhD (Icahn School of Medicine at Mount Sinai)",no,no,https://clinicaltrials.gov/study/NCT06559826
NCT06069843,Single-dose Ketamine Treatment to Improve Depression in Mild Cognitive Impairment,psychiatric,Depression; Mild Cognitive Impairment,ACTIVE_NOT_RECRUITING,INTERVENTIONAL,PHASE2,Icahn School of Medicine at Mount Sinai,ketamine,1,United States,2024-11-01,,,"Rachel Fremont, MD, PhD (Icahn School of Medicine at Mount Sinai)",no,yes,https://clinicaltrials.gov/study/NCT06069843
NCT02752724,Ketamine Anesthesia for Improvement of Depression in ECT,psychiatric,Major Depressive Disorder,COMPLETED,INTERVENTIONAL,NA,VA Puget Sound Health Care System,ketamine,1,United States,2016-03,,,"Anna Borisovskaya, MD (Puget Sound VA Medical Center, Dept of Psychiatry); Irene Rozet, MD (Puget Sound VA Medical Center, Dept of Anesthesiology)",no,no,https://clinicaltrials.gov/study/NCT02752724
NCT01938079,Pharmacokinetic Alterations During ECMO,other,Acute Respiratory Failure,COMPLETED,INTERVENTIONAL,NA,Columbia University,ketamine,1,United States,2013-09,,,"Daniel Brodie, MD (Columbia University)",yes,no,https://clinicaltrials.gov/study/NCT01938079
NCT00419003,Research Study for Major Depressive Disorder: Investigation of Glutamate Medications,psychiatric,Major Depression,COMPLETED,INTERVENTIONAL,PHASE4,Baylor College of Medicine,ketamine,1,United States,2006-12,,,"Sanjay Mathew, MD (Baylor College of Medicine)",yes,no,https://clinicaltrials.gov/study/NCT00419003
NCT03000413,Ketamine Efficacy for Acute Severe Bronchospasm in ICU: MACANUDO Trial,other,Critical Illness; Asthma; Bronchospasm,COMPLETED,INTERVENTIONAL,PHASE2|PHASE3,Hospital Nossa Senhora da Conceicao,ketamine,1,Brazil,2015-06-04,,,,no,,https://clinicaltrials.gov/study/NCT03000413
NCT01613820,Ketamine and Scopolamine Infusions for Treatment-resistant Major Depressive Disorder,psychiatric,Major Depressive Disorder,WITHDRAWN,INTERVENTIONAL,NA,Massachusetts General Hospital,ketamine,1,United States,2015-09,,,"Cristina Cusin, M.D. (MGH Department of Psychiatry)",no,,https://clinicaltrials.gov/study/NCT01613820
NCT03469089,Touchscreen-based Cognitive Tests in Healthy Volunteers,psychiatric,Cognitive Symptom; Schizophrenia,UNKNOWN,INTERVENTIONAL,PHASE1,University of Eastern Finland,ketamine,1,Finland,2018-03-12,,,"Markus M Forsberg, PhD (University of Eastern Finland)",no,undecided,https://clinicaltrials.gov/study/NCT03469089
NCT02562820,An Exploratory Trial of Ketamine for the Treatment of Rett Syndrome,other,Rett Syndrome,TERMINATED,INTERVENTIONAL,PHASE1,The Cleveland Clinic,ketamine,1,United States,2015-11,,,"Daniel Sessler, MD (The Cleveland Clinic)",no,,https://clinicaltrials.gov/study/NCT02562820
NCT06179485,Effect of Ketamine and Etomidate During RSI on Long Term Outcomes,other,Post-Traumatic Stress Disorder; Acute Respiratory Failure,ENROLLING_BY_INVITATION,OBSERVATIONAL,,Vanderbilt University Medical Center,ketamine,6,United States,2022-04-06,,,,no,yes,https://clinicaltrials.gov/study/NCT06179485
NCT05625555,Predictors of Intravenous Ketamine Response in TRD,other,Treatment Resistant Depression; Major Depressive Disorder; Bipolar Disorder,ACTIVE_NOT_RECRUITING,INTERVENTIONAL,PHASE3,Abraham Nunes,ketamine,1,Canada,2024-01-19,,,"Abraham Nunes, MD PhD MBA FRCPC (Nova Scotia Health Authority)",no,undecided,https://clinicaltrials.gov/study/NCT05625555
NCT06431178,General Anesthesia Versus Sedation By Dexmedetomidine and Ketamine With Local Infiltration for Percutaneous Transcatheter Closure of Atrial Septal Defect in Pediatric Patients,anesthesia_analgesia,General Anesthesia; Dexmedetomidine; Ketamine; Local Infiltration; Atrial Septal Defect,COMPLETED,INTERVENTIONAL,NA,Tanta University,ketamine,1,Egypt,2024-05-01,,,,no,yes,https://clinicaltrials.gov/study/NCT06431178
NCT06966518,Intraoperative Combination of Ketamine and Magnesium Sulfate Infusions on Postoperative Analgesia in Open Rhinoplasty,anesthesia_analgesia,Intraoperative; Ketamine; Magnesium Sulfate; Postoperative Analgesia; Rhinoplasty,RECRUITING,INTERVENTIONAL,NA,Ain Shams University,ketamine,1,Egypt,2025-05-12,"Sarah A Afifi, MD",0501035864,,no,yes,https://clinicaltrials.gov/study/NCT06966518
NCT01827020,Effect of Ketamine Addition to Lidocaine in Rhinoplasty,other,"Nose Deformities, Acquired",COMPLETED,INTERVENTIONAL,PHASE4,Inonu University,ketamine,1,Turkey (Türkiye),2013-01,,,"Mukadder Sanli, MD (Turgut Ozal Medical Center)",no,,https://clinicaltrials.gov/study/NCT01827020
NCT01158820,Alternative Sedation During Bronchoscopy,anesthesia_analgesia,Sedation,COMPLETED,INTERVENTIONAL,PHASE4,University of Pennsylvania,ketamine,1,United States,2010-06,,,"Jeff E Mandel, MD MS (University of Pennsylvania)",yes,,https://clinicaltrials.gov/study/NCT01158820
NCT06994559,Music as an Adjunct to Ketamine Therapy for Chronic Pain,other,Chronic Pain; Chronic Noncancer Pain,RECRUITING,INTERVENTIONAL,NA,McGill University,ketamine,1,Canada,2025-06-01,"Mark A Ware, MD",1-5149348222,"Mark A Ware, MD (McGill University Health Centre/Research Institute of the McGill University Health Centre); Mathieu Roy, PhD (McGill University)",no,yes,https://clinicaltrials.gov/study/NCT06994559
NCT03414879,Ketamine Versus Lidocaine Nebulization for Awake Fiberoptic Intubation,anesthesia_analgesia,Anesthesia,COMPLETED,INTERVENTIONAL,PHASE4,Ain Shams University,ketamine,1,Egypt,2018-01-15,,,,no,no,https://clinicaltrials.gov/study/NCT03414879
NCT05690503,Glutamatergic Modulation as a Treatment for Depressive Symptoms Among Patients With Post-acute Sequelae of COVID (PASC): A Pilot Trial,psychiatric,Post-acute Sequelae of COVID-19; Depressive Symptoms; Cognitive Dysfunction,ACTIVE_NOT_RECRUITING,INTERVENTIONAL,PHASE2,New York State Psychiatric Institute,ketamine,1,United States,2023-03-20,,,"Saleena Subaiya, MD (New York State Psychiatric Institute); Elias Dakwar, MD (New York State Psychiatric Institute)",no,,https://clinicaltrials.gov/study/NCT05690503
NCT04928703,Effects of Ketamine on ERP/EEG Measures in Healthy Volunteers,psychiatric,Healthy,COMPLETED,INTERVENTIONAL,EARLY_PHASE1,ERP Biomarker Qualification Consortium,ketamine,1,United States,2022-05-26,,,"Marco Cecchi, PhD (The ERP Biomarker Qualification Consortium)",no,,https://clinicaltrials.gov/study/NCT04928703
NCT02655380,Remifentanil Requirement for Acceptable Intubating Condition,anesthesia_analgesia,Intubating Condition,COMPLETED,INTERVENTIONAL,PHASE4,Ajou University School of Medicine,ketamine,1,South Korea,2017-06-19,,,"yun jeong chae, Ph.D (Ajou University School of Medicine)",no,,https://clinicaltrials.gov/study/NCT02655380
NCT06185127,Dexmedetomidine-ketamine Combination Versus Fentanyl-midazolam During Bronchoscopy,other,Lung Diseases; Diagnosis; Anesthesia,COMPLETED,INTERVENTIONAL,PHASE3,University of Patras,ketamine,1,Greece,2019-09-01,,,"Sotirios Fouzas, MD, PhD (University of Patras)",no,no,https://clinicaltrials.gov/study/NCT06185127
NCT02989597,Intraoperative Methadone Administration for Improved Pain Control in Spinal Fusion Patients,anesthesia_analgesia,"Pain, Postoperative",TERMINATED,INTERVENTIONAL,PHASE4,Montefiore Medical Center,ketamine,1,United States,2017-07-29,,,"Andrew J Kobets, MD, MHS (Department of Neurological Surgery, Albert Einstein School of Medicine/Montefiore Medical Center); Merritt D Kinon, MD (Department of Neurological Surgery, Albert Einstein School of Medicine/Montefiore Medical Center)",yes,,https://clinicaltrials.gov/study/NCT02989597
NCT02974010,Sequential Therapy for the Treatment of Severe Bipolar Depression.,psychiatric,"Bipolar Depression; Suicidal Ideas; Suicidal Ideation; Suicide, Attempted",COMPLETED,INTERVENTIONAL,PHASE2,"NeuroRx, Inc.",ketamine,4,United States,2018-01-15,,,"Andrew Nierenberg, MD (Massachusetts General Hospital); Daniel C Javitt, MD (NeuroRx, Inc.)",yes,no,https://clinicaltrials.gov/study/NCT02974010
NCT06781697,InTRavenous kEtAmine and immerSive virtUal Reality to Treat dEpression,psychiatric,Treatment Resistant Depression,RECRUITING,INTERVENTIONAL,PHASE3,Sunnybrook Health Sciences Centre,ketamine,1,Canada,2026-05-03,"Fahad Alam, MD",416-480-4864,,no,yes,https://clinicaltrials.gov/study/NCT06781697
NCT06070090,Tapping in Together: A Pilot Study on Group Acupuncture for Ketamine Experience Integration,other,Acupuncture,COMPLETED,INTERVENTIONAL,NA,Academy of Oriental Medicine Austin,ketamine,1,United States,2023-10-09,,,"William Morris, PhD, DAOM (Academy of Oriental Medicine Austin)",no,no,https://clinicaltrials.gov/study/NCT06070090
NCT02924090,Hyperventilation Combined With Etomidate or Ketamine Anesthesia in ECT Treatment of Major Depression,psychiatric,Depression,UNKNOWN,INTERVENTIONAL,PHASE4,University of Manitoba,ketamine,1,Canada,2016-09,"Ian McIntyre, MD, MSc",204 787-1414,"Ian McIntyre, MD, MSc (University of Manitoba); Michael Harrington, MD (University of Manitoba)",no,no,https://clinicaltrials.gov/study/NCT02924090
NCT04621110,Intranasal Versus Intravenous Drug in Painful Procedure for Outpatient Oncologic Participants,other,Pediatric Cancer; Analgesia; Procedural Pain,UNKNOWN,INTERVENTIONAL,PHASE3,University of Sao Paulo General Hospital,ketamine,1,Brazil,2021-06-01,"Clarissa A Archanjo, M.D.",+5511964593842,,no,no,https://clinicaltrials.gov/study/NCT04621110
NCT05193318,KAP for Depression in Abstinent Opioid Users,psychiatric,"Opioid Use Disorder, Severe, in Sustained Remission; Opioid Use Disorder, Severe, in Early Remission; Major Depressive Disorder",TERMINATED,INTERVENTIONAL,PHASE2,Medical University of South Carolina,ketamine,1,United States,2022-01-13,,,"Eric T Dobson, MD (Medical University of South Carolina)",yes,,https://clinicaltrials.gov/study/NCT05193318
NCT01544725,Ketamine-propofol Versus Ketamine Alone for Procedural Sedation in Adults,anesthesia_analgesia,Fracture; Dislocation,COMPLETED,INTERVENTIONAL,PHASE4,Centre Hospitalier Universitaire de Nice,ketamine,1,France,2012-04,,,"Fabien LEMOEL, MD (CHU de Nice, FRANCE); Jacques LEVRAUT, PD, MD (CHU de Nice, FRANCE)",no,,https://clinicaltrials.gov/study/NCT01544725
NCT02206776,Randomized Controlled Trial of Intranasal Ketamine vs. Intranasal Midazolam in Individuals With OCD,psychiatric,Obsessive-Compulsive Disorder,TERMINATED,INTERVENTIONAL,PHASE2,New York State Psychiatric Institute,ketamine,1,United States,2014-09,,,"Carolyn I Rodriguez, M.D., Ph.D. (Stanford University)",yes,no,https://clinicaltrials.gov/study/NCT02206776
NCT03104140,Ketamine Versus Low Dose Thiopental for Induction of Anesthesia in Septic Shock,anesthesia_analgesia,Septic Shock,COMPLETED,INTERVENTIONAL,PHASE3,Cairo University,ketamine,1,Egypt,2017-04-12,,,"Ahmed Mukhtar, Professor (Head of research committee section in anesthesia department)",no,no,https://clinicaltrials.gov/study/NCT03104140
NCT04977674,Glutamate and Opioid Mechanisms of Antidepressant Response to Ketamine,psychiatric,"Depressive Disorder, Treatment-Resistant",COMPLETED,INTERVENTIONAL,EARLY_PHASE1,King's College London,ketamine,1,United Kingdom,2021-09-27,,,,no,no,https://clinicaltrials.gov/study/NCT04977674
NCT05168735,Ketamine + Mindfulness for Depression,psychiatric,"Depression, Unipolar",COMPLETED,INTERVENTIONAL,PHASE1|PHASE2,Rebecca Price,ketamine,1,United States,2022-02-01,,,"Rebecca Price, PhD (University of Pittsburgh)",yes,no,https://clinicaltrials.gov/study/NCT05168735
NCT03806374,Is it Possible to Replace Fentanyl in Anesthesia for Minor Procedures?,anesthesia_analgesia,Anesthesia,COMPLETED,INTERVENTIONAL,NA,Ain Shams University,ketamine,1,Egypt,2018-01-02,,,,no,no,https://clinicaltrials.gov/study/NCT03806374
NCT05379179,Ketamine Pilot Study,other,Rattlesnake Envenomation,TERMINATED,INTERVENTIONAL,PHASE4,Meghan Spyres,ketamine,1,United States,2022-06-20,,,"Meghan Spyres, MD (University of Arizona)",yes,no,https://clinicaltrials.gov/study/NCT05379179
NCT05940324,Examining Mu Opioid Mechanisms of Ketamine's Rapid Effects in OCD (MKET2),psychiatric,Obsessive-Compulsive Disorder,RECRUITING,INTERVENTIONAL,PHASE2,Stanford University,ketamine,1,United States,2024-02-24,"Pavithra Mukunda, MS",6504972578,,no,no,https://clinicaltrials.gov/study/NCT05940324
NCT05401227,Glutamatergic Mechanisms: Aim2,other,Healthy,RECRUITING,INTERVENTIONAL,PHASE1,New York State Psychiatric Institute,ketamine,1,United States,2022-10-15,Joshua Kantrowitz,6467748477,"Joshua Kantrowitz, MD (NYSPI)",no,yes,https://clinicaltrials.gov/study/NCT05401227
NCT05671913,Scheduled Intranasal Ketamine,other,Pain; Trauma,WITHDRAWN,INTERVENTIONAL,EARLY_PHASE1,Sanford Health,ketamine,0,,2023-01-01,,,,no,no,https://clinicaltrials.gov/study/NCT05671913
NCT06408974,Comparison Between Ketamine Intrathecal and iv Dexamethasone for Post Cesarean Analgesia,anesthesia_analgesia,Post Cesarean Analgesia,UNKNOWN,INTERVENTIONAL,PHASE4,Assiut University,ketamine,0,,2024-12-01,"rokaya ma khalifa, resident",01013940535,"nagwa mo ibraheem, prof (assuit study)",no,,https://clinicaltrials.gov/study/NCT06408974
NCT05133518,A Study of MELT-300 (Midazolam and Ketamine Sublingual Tablets) for Sedation and Intraoperative Ocular Analgesia in Participants Undergoing Cataract Extraction With Lens Replacement (CELR),anesthesia_analgesia,Cataract,COMPLETED,INTERVENTIONAL,PHASE2,Melt Pharmaceuticals,ketamine,3,United States,2021-07-20,,,,no,no,https://clinicaltrials.gov/study/NCT05133518
NCT00471445,Topical Amitriptyline and Ketamine Cream in Treating Peripheral Neuropathy Caused by Chemotherapy in Cancer Patients,other,"Neurotoxicity; Pain; Peripheral Neuropathy; Unspecified Adult Solid Tumor, Protocol Specific",COMPLETED,INTERVENTIONAL,PHASE3,Gary Morrow,ketamine,17,United States,2007-10,,,"Supriya Mohile, MD (James P. Wilmot Cancer Center)",yes,,https://clinicaltrials.gov/study/NCT00471445
NCT02113150,A Comparison of the Effects of Ketamine and Remifentanil on Serum Cystatin-c Levels in CABG Surgery,anesthesia_analgesia,Coronary Artery Disease,COMPLETED,INTERVENTIONAL,PHASE4,Turkiye Yuksek Ihtisas Education and Research Hospital,ketamine,2,Turkey (Türkiye),2013-05,,,Aslı Demir (Turkey Yuksek Ihtisas Education and Research Hospital),no,,https://clinicaltrials.gov/study/NCT02113150
NCT01140620,Effects of Ketamine and Risperidone on Cognition,other,Healthy Volunteers; Schizophrenia,COMPLETED,INTERVENTIONAL,PHASE4,University of Manchester,ketamine,3,United Kingdom,2010-06,,,Professor Bill Deakin (University of Manchester),no,no,https://clinicaltrials.gov/study/NCT01140620
NCT06982625,Supra Inguinal Fascia Iliaca Block as Rescue Analgesia Following Total Hip Arthroplasty,anesthesia_analgesia,"Hip Arthroplasty, Total; Post Operative Pain, Acute; Nerve Block",RECRUITING,INTERVENTIONAL,NA,Institut Mutualiste Montsouris,ketamine,1,France,2025-09-22,Chahrazad Bey Boumezrag,+33 156616983,"Abderrahmen BARGAOUI, MD (Institut Mutualiste Montsouris)",no,no,https://clinicaltrials.gov/study/NCT06982625
NCT05149586,Impact of Low Dose Ketamine Infusion in Septic Patient on Non-invasive Estimators of ICP,other,Intracranial Pressure Changes,COMPLETED,OBSERVATIONAL,,Zagazig University,ketamine,1,Egypt,2021-12-10,,,,no,undecided,https://clinicaltrials.gov/study/NCT05149586
NCT07194694,Dexmedetomidine vs Ketamine as Adjuvants to Bupivacaine in Transversus Abdominus Plane Block in Inguinal Hernioplasty,other,Postoperative Pain Relief,COMPLETED,INTERVENTIONAL,PHASE3,Ain Shams University,ketamine,1,Egypt,2025-10-22,,,,no,no,https://clinicaltrials.gov/study/NCT07194694
NCT01017237,Dexmedetomidine Sedation With Third Molar Surgery,anesthesia_analgesia,Anesthesia,TERMINATED,INTERVENTIONAL,PHASE4,"University of North Carolina, Chapel Hill",ketamine,1,United States,2009-07,,,"Jay A Anderson, DDS, MD (UNC Chapel Hill)",yes,,https://clinicaltrials.gov/study/NCT01017237
NCT00486902,Does a Single Intravenous Dose of Ketamine Reduce the Need for Supplemental Opioids in Post-Cesarean Section Patients?,psychiatric,"Ketamine Adverse Reaction; Effects of; Anesthesia, Spinal and Epidural, in Pregnancy; Complication of Labor and/or Delivery",COMPLETED,INTERVENTIONAL,NA,Northwestern University,ketamine,1,United States,2006-07,,,"Cynthia A Wong, M.D. (Northwestern University)",yes,,https://clinicaltrials.gov/study/NCT00486902
NCT07001605,Erector Spinae Block Vs Ketamine-based Multimodal Analgesia Protocol in Lumber Decompressive Surgery,anesthesia_analgesia,Spinal Decompression; Analgesia; Erector Spinae Plane Block; Ketamine,COMPLETED,INTERVENTIONAL,NA,Kasr El Aini Hospital,ketamine,1,Egypt,2025-06-20,,,,no,no,https://clinicaltrials.gov/study/NCT07001605
NCT01988922,CYP2B6 Polymorphisms in Ketamine,other,Healthy Volunteers,COMPLETED,INTERVENTIONAL,NA,Washington University School of Medicine,ketamine,1,United States,2013-11,,,"Lesley Rao, MD (Washington University School of Medicine)",yes,,https://clinicaltrials.gov/study/NCT01988922
NCT00329394,Systemic Ketamine for the Improvement of Post-Operative Analgesia at the Alcohol-Dependent Patient,psychiatric,Alcoholic Patient; Carcinological Surgery ORL,SUSPENDED,INTERVENTIONAL,PHASE3,"University Hospital, Clermont-Ferrand",ketamine,1,France,2006-04,,,"Nicolas Rascol, Dr (University Hospital, Clermont-Ferrand)",no,,https://clinicaltrials.gov/study/NCT00329394
NCT01386229,A Comparison of Etomidate and Ketamine for Anesthesia Induction in Coronary Artery Bypass Graft Surgery,anesthesia_analgesia,Coronary Artery Bypass Surgery,UNKNOWN,INTERVENTIONAL,PHASE4,Baskent University,ketamine,1,Turkey (Türkiye),2011-03,Özgür Kömürcü,+90 312 215 99 41,"Özgür Kömürcü (Baskent University, Faculty of Medicine)",no,,https://clinicaltrials.gov/study/NCT01386229
NCT04149340,Comparison of Two Sedation Versus Placebo Techniques During Cataract Surgery Under Local Anesthesia,anesthesia_analgesia,Sedation; Cataract,COMPLETED,INTERVENTIONAL,NA,University of Liege,ketamine,1,Belgium,2019-06-01,,,,no,,https://clinicaltrials.gov/study/NCT04149340
NCT07569198,Ketamine With Dialectical Behavioural Therapy (DBT) for Suicidality in Individuals With Treatment-Resistant Depression and Borderline Personality Disorder (KET-DBT),psychiatric,Borderline Personality Disorder (BPD); Treatment-Resistant Major Depressive Disorder; Treatment-resistant Bipolar Depression; Major Depressive Disorder (MDD); Bipolar Disorder (BD); Bipolar Disorder I or II; Suicidal Ideation,RECRUITING,INTERVENTIONAL,PHASE2,Joshua Rosenblat,ketamine,1,Canada,2026-07-16,Diana Orsini,437-882-9458,"Joshua D. Rosenblat, MD, MSc (Toronto Western Hospital, Psychiatry)",no,no,https://clinicaltrials.gov/study/NCT07569198
NCT02987985,Efficacy of Opioid-free Anesthesia in Reducing Postoperative Respiratory Depression in Children Undergoing Tonsillectomy,psychiatric,"Anesthesia; General Anesthesia; Analgesics, Opioid; Postoperative Complications; Pathologic Processes; Physiologic Effects of Drugs; Narcotics; Analgesics; Sleep Disordered Breathing; Obstructive Sleep Apnea of Child; Tonsillectomy; Respiratory Depression; Dexmedetomidine; Ketamine; Lidocaine; Gabapentin; Pulse Oximetry",COMPLETED,INTERVENTIONAL,PHASE3,University of Saskatchewan,ketamine,1,Canada,2017-10-15,,,"Jon Gamble, MD (University of Saskatchewan)",no,no,https://clinicaltrials.gov/study/NCT02987985
NCT04111848,Magnesium and Ketamine in Postoperative Analgesia,anesthesia_analgesia,Postoperative Analgesia,COMPLETED,INTERVENTIONAL,PHASE4,"National Cancer Institute, Egypt",ketamine,1,Egypt,2019-11-01,,,"Mohamed Hassan, MD (Ass Prof- Anesthesia Dept- National Cancer Institute - Cairo University)",no,no,https://clinicaltrials.gov/study/NCT04111848
NCT04890418,Risk Factors and Prevention of Severe Pain Upon Cessation of a Peripheral Nerve Block,anesthesia_analgesia,Surgery,UNKNOWN,INTERVENTIONAL,PHASE4,Cliniques universitaires Saint-Luc- Université Catholique de Louvain,ketamine,1,Belgium,2020-01-01,Patricia Lavand'homme,+3224741888,,no,undecided,https://clinicaltrials.gov/study/NCT04890418
NCT05796791,Ketamine and Motivational Enhancement Therapy for the Treatment of Tobacco Use Disorder,other,Tobacco Use; Smoking Cessation; Nicotine Dependence,COMPLETED,INTERVENTIONAL,EARLY_PHASE1,Medical University of South Carolina,ketamine,1,United States,2023-05-02,,,,yes,undecided,https://clinicaltrials.gov/study/NCT05796791
NCT04154150,Ketamine + Cognitive Training for Suicidality in the Medical Setting: Pilot,psychiatric,"Suicide, Attempted",TERMINATED,INTERVENTIONAL,PHASE4,Rebecca Price,ketamine,1,United States,2019-12-19,,,,yes,no,https://clinicaltrials.gov/study/NCT04154150
NCT05032118,Pilot Study of Ketamine Sedation for Aneurysmal Subarachnoid Hemorrhage,anesthesia_analgesia,"Subarachnoid Hemorrhage, Aneurysmal",WITHDRAWN,INTERVENTIONAL,PHASE2|PHASE3,"Jenna L Leclerc MD, PhD",ketamine,0,,2023-04-27,,,"Jenna L Leclerc, MD, PhD (Oregon Health and Science University)",no,no,https://clinicaltrials.gov/study/NCT05032118
NCT01065350,A Comparison of Ketofol (Ketamine and Propofol Admixture) Versus Propofol as Induction Agents on Hemodynamic Parameters,other,Blood Pressure,COMPLETED,INTERVENTIONAL,NA,Mayo Clinic,ketamine,1,United States,2010-12,,,"Nathan J Smischney, MD (Mayo Clinic); Matthew Koff, MD (Dartmouth-Hitchcock Medical Center)",yes,,https://clinicaltrials.gov/study/NCT01065350
NCT01560390,Use of Ketamine Associate With an Opioid for Sedation in ICU,anesthesia_analgesia,Sedation for Mechanical Ventilation,COMPLETED,INTERVENTIONAL,PHASE4,"University Hospital, Clermont-Ferrand",ketamine,1,France,2011-10,,,"Jean-Michel CONSTANTIN (University Hospital, Clermont-Ferrand)",no,,https://clinicaltrials.gov/study/NCT01560390
NCT07455565,Postoperative Pain Monitoring With ANI in Lumbar Spine Surgery,anesthesia_analgesia,Postoperative Pain; Lumbar Spine Surgery,RECRUITING,INTERVENTIONAL,NA,Akdeniz University Hospital,ketamine,1,Turkey (Türkiye),2025-12-16,"Ayşe Tekin, MD",+905376180290,"Neval Boztuğ, MD (Akdeniz University)",no,no,https://clinicaltrials.gov/study/NCT07455565
NCT05837000,"Dexmedetomidine, Ketamine and Magnesium Sulphate in Caudal Block for Hypospadias Repair",other,Preemptive Analgesia; Dexmedetomidine; Ketamine; Magnesium Sulphate; Hypospadias; Pediatrics,UNKNOWN,INTERVENTIONAL,PHASE4,Kafrelsheikh University,ketamine,1,Egypt,2023-05-15,"Gamal MD Hendawy Shams, MD",00201095927971,Kafrelsheikh University (Research ethics committee - Kafrelsheikh University),no,yes,https://clinicaltrials.gov/study/NCT05837000
NCT00478907,Prevention of Complications of Eye Surgery,anesthesia_analgesia,Strabismus,COMPLETED,INTERVENTIONAL,PHASE2,Isfahan University of Medical Sciences,ketamine,1,Iran,2004-03,,,"mohammad safavi, phd (isfahan committee of research); hasan soltani, phd (feiz hospital)",no,,https://clinicaltrials.gov/study/NCT00478907
NCT03053947,Pain Free Laceration Repairs Using Intra-nasal Ketamine,other,Laceration,COMPLETED,INTERVENTIONAL,PHASE2,Evelyne D.Trottier,ketamine,2,Canada,2017-02-16,,,"Evelyne D Trottier, MD, FRCPC (St. Justine's Hospital)",no,no,https://clinicaltrials.gov/study/NCT03053947
NCT02165449,Biomarkers of Fast Acting Therapies in Major Depression,psychiatric,Major Depressive Disorder,COMPLETED,INTERVENTIONAL,PHASE1,"University of California, Los Angeles",ketamine,1,United States,2014-06,,,"Katherine Narr, Ph.D. (Geffen School of Medicine, University of California, Los Angeles (UCLA))",no,yes,https://clinicaltrials.gov/study/NCT02165449
NCT01879826,Pediatric Laser Acupuncture and Renal Biopsy,other,Pain; Anxiety,COMPLETED,INTERVENTIONAL,NA,"University of California, San Francisco",ketamine,2,United States,2013-07,,,"Cynthia Kim, MD (University of California, San Francisco)",yes,,https://clinicaltrials.gov/study/NCT01879826
NCT00484484,Ketamine Associated With Opioids in Refractory Cancer Pain Treatment,other,Pain,COMPLETED,INTERVENTIONAL,PHASE3,Assistance Publique - Hôpitaux de Paris,ketamine,1,France,2007-05,,,"Sylvie ROSTAING-RIGATTIERI, MD (Assistance Publique - Hôpitaux de Paris)",no,,https://clinicaltrials.gov/study/NCT00484484
NCT06915558,Modulation of the Inflammatory Response in Bariatric Surgery,anesthesia_analgesia,Obesity; Bariatric Surgery Candidate; Inflammation; Postoperative Pain; Opioid-Free Anesthesia; Heart Rate Variability,RECRUITING,OBSERVATIONAL,,Hospital HM Nou Delfos,ketamine,1,Spain,2024-12-02,"Hipolito Labandeyra Gonzalez, Anesthesiologist",+34696055181,"Gregory Contreras-Pérez, Anesthesiologist (Hospital HM Nou Delfos)",no,no,https://clinicaltrials.gov/study/NCT06915558
NCT03063671,"Dexmedetomidine,Ketamine and Their Combination to Bupivicaine on Thoracic Epidural Analgesia",anesthesia_analgesia,Acute Pain,COMPLETED,INTERVENTIONAL,PHASE2|PHASE3,Assiut University,ketamine,1,Egypt,2017-01,,,,no,,https://clinicaltrials.gov/study/NCT03063671
NCT01566448,Treatment of Severe Mucositis Pain With Oral Ketamine Mouthwash,other,Mucositis,COMPLETED,INTERVENTIONAL,PHASE2,"Aaron Cumpston, PharmD, BCOP",ketamine,1,United States,2012-02,,,"Aaron Cumpston, PharmD (West Virginia University)",yes,,https://clinicaltrials.gov/study/NCT01566448
NCT03290625,Intranasal Sedation With Dexmedetomidine and Ketamine in Pediatric Dentistry (NASO II),anesthesia_analgesia,Caries of Infancy; Dental Anxiety,COMPLETED,INTERVENTIONAL,PHASE4,Universidade Federal de Goias,ketamine,1,Brazil,2017-11-09,,,"Luciane Costa, PhD (Universidade Federal de Goias)",no,undecided,https://clinicaltrials.gov/study/NCT03290625
NCT04048226,Dexmedetomidine-Ketamine Infusion in Breast Surgeries,other,Total Intravenous Anesthesia,COMPLETED,INTERVENTIONAL,PHASE4,Tanta University,ketamine,1,Egypt,2019-09-01,,,"Sameh Ismaiel, M.D (Lecturer of Anesthesia and Intensive Care, Tanta University)",no,no,https://clinicaltrials.gov/study/NCT04048226
NCT02284204,Sevoflurane Associated With Oral Midazolam and Ketamine for Dental Sedation,anesthesia_analgesia,Dental Anxiety,COMPLETED,INTERVENTIONAL,PHASE2,Universidade Federal de Goias,ketamine,1,Brazil,2012-01,,,"Paulo S Costa, PhD (Universidade Federal de Goias)",no,undecided,https://clinicaltrials.gov/study/NCT02284204
NCT02860117,Ketamine Continuous Infusion on Opioid Consumption and Pain Management in Severe Burned Patients,other,"Pain, Burning",WITHDRAWN,INTERVENTIONAL,PHASE3,University of Sao Paulo General Hospital,ketamine,1,Brazil,2018-01,,,"Claudia Palmeira, MD, PhD (University of Sao Paulo General Hospital)",no,no,https://clinicaltrials.gov/study/NCT02860117
NCT06698848,Integrating Ketamine Effects on Neuronal Molecular Signatures and the Brain Functional and Structural Connectome,other,Depression; Suicide,ACTIVE_NOT_RECRUITING,INTERVENTIONAL,PHASE1,Massachusetts General Hospital,ketamine,1,United States,2025-01-01,,,,no,,https://clinicaltrials.gov/study/NCT06698848
NCT04285255,Quality of Recovery Following Opioids Free Anaesthesia in Laparoscopic Sleeve Gastrectomy,anesthesia_analgesia,Narcotics; Recovery Quality; Analgesia; Bariatric Surgery,COMPLETED,INTERVENTIONAL,NA,Al Mashfa Medical Center,ketamine,1,Saudi Arabia,2020-03-01,,,,no,,https://clinicaltrials.gov/study/NCT04285255
NCT01301079,Evaluation of the Effect of Ketamine on Remifentanil-induced Hyperalgesia,other,Pain; Hyperalgesia; Inflammatory Response,COMPLETED,INTERVENTIONAL,PHASE3,Federal University of São Paulo,ketamine,1,Brazil,2010-09,,,"Plínio da Cunha Leal, PhD (Federal University of São Paulo)",yes,,https://clinicaltrials.gov/study/NCT01301079
NCT03545503,Evaluating the Hemodynamic Effects of Ketamine Versus Etomidate During Rapid Sequence Intubation,anesthesia_analgesia,Intubation Complication,COMPLETED,INTERVENTIONAL,PHASE4,"South East Area Health Education Center, Wilmington, NC",ketamine,1,United States,2018-01-01,,,"William F Powers IV, MD (New Hanover Regional Medical Center)",yes,,https://clinicaltrials.gov/study/NCT03545503
NCT07088380,Ketamine Augmentation of ECT in Treatment-Resistant Depression,psychiatric,Major Depressive Disorder; Treatment Resistant Depression,RECRUITING,INTERVENTIONAL,PHASE3,Università Vita-Salute San Raffaele,ketamine,1,Italy,2025-07-10,"Alberto AZ Zangrillo, MD",0226436154,"Alberto AZ Zangrillo, MD (Università Vita-Salute San Raffaele); Cristina CC Colombo, MD (IRCCS Ospedale San Raffaele Turro)",no,no,https://clinicaltrials.gov/study/NCT07088380
NCT07276542,Clinical Trial Exploring the Outpatient Treatment of Phantom Limb Pain With Ketamine Administration in a Six Month Study With a Minimum Remission Period of 7 Days Between Treatment Session. 25-30 Subjects With an Ongoing History of Significant PLP.--FDA and IRB Approved.,other,Phantom Limb Syndrome With Pain,RECRUITING,INTERVENTIONAL,PHASE2|PHASE3,The Ketamine Research Foundation,ketamine,4,United States,2026-01-15,"Philip E Wolfson, MD",+1-415-785-3797,,no,yes,https://clinicaltrials.gov/study/NCT07276542
NCT04119180,Sedation Versus Protective Stabilization for Pediatric Dental Treatment,anesthesia_analgesia,Child Behavior; Dental Caries in Children,RECRUITING,INTERVENTIONAL,PHASE4,Universidade Federal de Goias,ketamine,2,Brazil,2020-01-30,"Patricia C Faria, PhD",6232096325,"Luciane RS Costa, PhD (Universidade Federal de Goias); Daniela P Raggio, PhD (University of Sao Paulo)",no,yes,https://clinicaltrials.gov/study/NCT04119180
NCT02929524,Intranasal Ketamine as a Sedative for Venipuncture,anesthesia_analgesia,Respiratory Tract Disease; Acute Pain; Diseases of the Digestive System,COMPLETED,INTERVENTIONAL,PHASE2|PHASE3,Hospital de Clinicas de Porto Alegre,ketamine,0,,2015-04,,,Jefferson Piva (Hospital de Clinicas de Porto Alegre),no,undecided,https://clinicaltrials.gov/study/NCT02929524
NCT05214417,Conscious Dying/Conscious Living: Ketamine-Assisted Psychotherapy,other,Illness Terminal,UNKNOWN,INTERVENTIONAL,PHASE2,The Ketamine Research Foundation,ketamine,0,,2022-05-01,"Philip E Wolfson, MD",415-550-1700,"Philip E Wolfson, MD (Ketamine Research Foundation)",no,no,https://clinicaltrials.gov/study/NCT05214417
NCT04562779,Inpatient Single Dose Interventions for Alcohol Use Disorder,psychiatric,"Alcohol Use Disorder, Severe",COMPLETED,INTERVENTIONAL,EARLY_PHASE1,Denver Health and Hospital Authority,ketamine,1,United States,2021-01-19,,,,yes,no,https://clinicaltrials.gov/study/NCT04562779
NCT04769297,"Micro-Dose, Macro-Impact: Leveraging Psychedelics in Frontline Healthcare Workers During the COVID-19 Pandemic",psychiatric,Acute Stress Disorder,UNKNOWN,INTERVENTIONAL,PHASE4,Limbic Medical,ketamine,1,United States,2020-04-15,,,"Andre Atoian, MD (Limbic Medical)",no,,https://clinicaltrials.gov/study/NCT04769297
NCT06010927,Effect of Ketamine/Midazolam Premedication Versus Pre-extubation Ketofol on Recovery Profile in Pediatrics Undergoing Adenotonsillectomy.,anesthesia_analgesia,Emergence Delirium,UNKNOWN,INTERVENTIONAL,PHASE4,Cairo University,ketamine,2,Egypt,2023-08-25,Abeer Ahmed,01005244590,,no,undecided,https://clinicaltrials.gov/study/NCT06010927
NCT02927379,Effect of Wound Infiltration by Ketamine Versus Dexmedetomidine Added to Bupivacaine on Surgical Stress,anesthesia_analgesia,Abdominal Cancer,COMPLETED,INTERVENTIONAL,PHASE3,Assiut University,ketamine,1,Egypt,2016-06,,,"fatma A EL sherif (South Egypt Cancer Instuite, Assuit, Assuit university)",no,undecided,https://clinicaltrials.gov/study/NCT02927379
NCT07682662,Low Dose Bolus Ketamine For Use In Sickle Cell Pain Crisis,other,Vaso-Occlusive Pain Episode in Sickle Cell Disease; Sickle Cell Disease (SCD),NOT_YET_RECRUITING,INTERVENTIONAL,PHASE4,University of Mississippi Medical Center,ketamine,1,United States,2026-08-01,"Cynthia Karlson, Ph.D.",601-984-2723,"John N Freeman, MD (University of Mississippi Medical Center)",no,no,https://clinicaltrials.gov/study/NCT07682662
NCT06180759,Acute Analgesic Effects of DMT on Experimentally Induced Pain in Healthy Participants,psychiatric,Healthy,COMPLETED,INTERVENTIONAL,PHASE1,"University Hospital, Basel, Switzerland",ketamine,1,Switzerland,2025-01-23,,,,no,,https://clinicaltrials.gov/study/NCT06180759
NCT04437888,Intraoperative Ketamine for Patients Undergoing Total Joint Arthroplasty,anesthesia_analgesia,"Pain, Postoperative; Arthroplasty Complications",COMPLETED,INTERVENTIONAL,EARLY_PHASE1,Dartmouth-Hitchcock Medical Center,ketamine,1,United States,2020-09-14,,,"Wayne E Moschetti, MD, MS (Dartmouth-Hitchcock Medical Center)",no,no,https://clinicaltrials.gov/study/NCT04437888
NCT00618397,Pharmacokinetics of Low Dose Ketamine Infusion,other,Sedation; Opioid Tolerance,TERMINATED,INTERVENTIONAL,PHASE1,University of Texas Southwestern Medical Center,ketamine,1,United States,2006-06,,,"Cindy Darnell, MD (University of Texas)",no,,https://clinicaltrials.gov/study/NCT00618397
NCT04120870,Comparison of Ketamine and Etomidate During Rapid Sequence Intubation in Trauma Patients,psychiatric,"Trauma; Shock, Traumatic",TERMINATED,INTERVENTIONAL,NA,Ajou University School of Medicine,ketamine,1,South Korea,2019-10-01,,,"In Kyong Yi, MD (Ajou University School of Medicine)",no,no,https://clinicaltrials.gov/study/NCT04120870
NCT07165262,Effect of Different Anesthetic Drugs on Electrocorticography (ECOG).,other,Epilepsy; Brain Tumor,ACTIVE_NOT_RECRUITING,INTERVENTIONAL,PHASE3,Children's Cancer Hospital Egypt 57357,ketamine,2,Egypt,2025-08-18,,,"Suzan A. Abdelrahman, consultant (Children's Cancer Hospital Egypt 57357)",no,no,https://clinicaltrials.gov/study/NCT07165262
NCT07639359,Subanesthetic Ketamine Infusions for Depressive Symptoms in Intensive Care Unit Patients,psychiatric,Critical Illness; Depressive Symptoms,RECRUITING,INTERVENTIONAL,PHASE2,Hospital Italiano de Buenos Aires,ketamine,2,Argentina; United States,2026-05-14,"Ivan A. Huespe, M.D., M.P.H.",+5493425382554,"Ivan A Huespe, M.D., M.P.H. (Hospital Italiano de Buenos Aires); Devang K Sanghavi, M.B.B.S., M.D. (Mayo Clinic)",no,undecided,https://clinicaltrials.gov/study/NCT07639359
NCT03809442,Analgesic Efficacy of Ropivacaine Alone or in Combination With Adjuvants on Post-operative Analgesia Following Video-Assisted Thoracoscopic Surgery.,anesthesia_analgesia,Postoperative Analgesia,COMPLETED,INTERVENTIONAL,PHASE4,Aga Khan University,ketamine,1,Pakistan,2019-06-25,,,,no,no,https://clinicaltrials.gov/study/NCT03809442
NCT01653327,Analgesic Effects of Topical Ketamine Mouthwash in Patients Receiving Chemoradiation or Radiotherapy for Head & Neck Cancer,anesthesia_analgesia,Mucositis; Head and Neck Cancer,COMPLETED,INTERVENTIONAL,PHASE2,Dartmouth-Hitchcock Medical Center,ketamine,1,United States,2010-06,,,"Thomas H David, MD (Dartmouth-Hitchcock Medical Center)",yes,,https://clinicaltrials.gov/study/NCT01653327
NCT02996591,Spinal Versus General Anesthesia With Popliteal and Adductor Canal Blocks for Ambulatory Foot and Ankle Surgery.,anesthesia_analgesia,Nerve Block; General Anesthesia; Spinal Anesthesia; Pain; Postoperative Nausea and Vomiting,COMPLETED,INTERVENTIONAL,PHASE4,"Hospital for Special Surgery, New York",ketamine,1,United States,2017-01,,,"Jacques YaDeau, MD (Hospital for Special Surgery, New York)",yes,,https://clinicaltrials.gov/study/NCT02996591
NCT04933149,Ketamine Infusion for Neuropathic Pain in Brachial Plexus Injuries,other,Brachial Plexus Injury,ENROLLING_BY_INVITATION,INTERVENTIONAL,PHASE4,Mayo Clinic,ketamine,1,United States,2021-12-15,,,"Alexander Shin, MD (Mayo Clinic)",no,no,https://clinicaltrials.gov/study/NCT04933149
NCT03663426,Impact of Opioid Free Anesthesia on Outcome After Hip Arthroplasty by Direct Anterior Approach.,anesthesia_analgesia,Hip Arthropathy,COMPLETED,INTERVENTIONAL,NA,AZ Sint-Jan AV,ketamine,1,Belgium,2019-03-01,,,"Marco Lanckneus, MD (AZSint Jan AV)",no,no,https://clinicaltrials.gov/study/NCT03663426
NCT06364540,Nebulized Ketamine to Nebulized Fentanyl for Treating Acute Painful Conditions in the ED,other,"Pain, Acute",RECRUITING,INTERVENTIONAL,PHASE4,Antonios Likourezos,ketamine,1,United States,2024-05-01,"Antonios Likourezos, MA, MPH",718-283-6896,"Sergey Motov, MD (Maimonides Medical Center)",no,no,https://clinicaltrials.gov/study/NCT06364540
NCT01306760,The Use of Ketamine as an Anaesthetic During Electroconvulsive Therapy,other,Depression,COMPLETED,INTERVENTIONAL,PHASE4,University of Aberdeen,ketamine,1,United Kingdom,2011-03,,,"Ian C Reid, PhD (University of Aberdeen)",no,,https://clinicaltrials.gov/study/NCT01306760
NCT04621526,Monitored Anesthesia Care: Dexmedetomidine-Ketamine Versus Dexmedetomidine- Propofol For Chronic Subdural Hematoma,anesthesia_analgesia,Conscious Sedation,COMPLETED,INTERVENTIONAL,PHASE1|PHASE2,Zagazig University,ketamine,1,Egypt,2020-11-10,,,"Alshaimaa Kamel, M.D (Zagazig University)",no,,https://clinicaltrials.gov/study/NCT04621526
NCT06426225,Spinal Or General Anesthesia For Umblical Hernia Surgery,anesthesia_analgesia,Umbilical Hernia; Spinal Aneshtesia; General Anesthesia,COMPLETED,INTERVENTIONAL,NA,Ankara City Hospital Bilkent,ketamine,1,Turkey (Türkiye),2024-05-15,,,,no,no,https://clinicaltrials.gov/study/NCT06426225
NCT02109510,Comparative Study of Nonintubated Anesthesia Versus Intubated General Anesthesia in Single Port Thoracoscopic Bullectomy,anesthesia_analgesia,Primary Spontaneous Pneumothorax,COMPLETED,INTERVENTIONAL,NA,Korea University,ketamine,1,South Korea,2012-11,,,,no,,https://clinicaltrials.gov/study/NCT02109510
NCT01835262,Low Dose Ketamine Versus Morphine for Moderate to Severe Pain in the Emergency Department,other,Pain,COMPLETED,INTERVENTIONAL,PHASE4,Antonios Likourezos,ketamine,1,United States,2013-04,,,"Sergey Motov, MD (Maimonides Medical Center)",yes,no,https://clinicaltrials.gov/study/NCT01835262
NCT07086690,"Comparing Nebulized Ketamine,Nebulized Ketamine and Precedex and IM Ketamine for Analgesia in Pediatric Burn",anesthesia_analgesia,Inhalation Anesthesia,ACTIVE_NOT_RECRUITING,INTERVENTIONAL,PHASE1,Ain Shams University,ketamine,1,Egypt,2025-04-16,,,"Marihan A Lwiz, MBBCH,M.Sc. (Teaching assistant Ain Shams university)",no,yes,https://clinicaltrials.gov/study/NCT07086690
NCT02079090,Ketofol Versus Fentofol for Procedural Sedation in the Pediatric Emergency Department,anesthesia_analgesia,Emergency Department Procedural Sedation; Fracture Reduction,COMPLETED,INTERVENTIONAL,PHASE3,University of British Columbia,ketamine,1,Canada,2014-07,,,"Vikram Sabhaney, MD (University of British Columbia, BC Children's Hospital)",no,,https://clinicaltrials.gov/study/NCT02079090
NCT06228391,Ketamine Treatment for PTSD and MDD in TBI,psychiatric,"PTSD, Post Traumatic Stress Disorder; Major Depressive Disorder; Traumatic Brain Injury",NOT_YET_RECRUITING,INTERVENTIONAL,PHASE2,Minneapolis Veterans Affairs Medical Center,ketamine,1,United States,2024-03,"Paulo Shiroma, MD",612-467-2264,,no,undecided,https://clinicaltrials.gov/study/NCT06228391
NCT06511908,"Investigation of the Antidepressant Effects of (2R,6R)-HNK, an Enhancer of Synaptic Glutamate Release, in Treatment-Resistant Depression",psychiatric,"Suicide; Depressive Disorder, Treatment-Resistant; Ketamine; Molecular Mechanisms of Pharmacological Action; Neurotransmitter Agents; Excitatory Amino Acid Agents; Physiological Effects of Drugs; Depressive Disorder, Major; Depressive Disorder; Depression; Mental Disorders; Mood Disorders; Behavioral Symptoms",RECRUITING,INTERVENTIONAL,PHASE2,National Institute of Mental Health (NIMH),ketamine,1,United States,2024-11-06,Solaleh Azimipour,(301) 768-0049,"Carlos A Zarate, M.D. (National Institute of Mental Health (NIMH))",no,yes,https://clinicaltrials.gov/study/NCT06511908
NCT04576975,Ketamine Infusion vs Dexmedetomidine Infusion in Obese Patients Undergoing Bariatric Surgery,anesthesia_analgesia,Morbid Obesity; Surgery,UNKNOWN,INTERVENTIONAL,PHASE3,Ain Shams University,ketamine,1,Egypt,2021-04-20,,,"Bahaa El-Din E Ali, PhD (Ainshams University, Egypt); Ahmed N El-Shaer, PhD (Ainshams University, Egypt)",no,,https://clinicaltrials.gov/study/NCT04576975
NCT06537375,Use of Ketamine in Severe Pain Syndromes,other,"Pain, Intractable; Pain, Chronic; Pain Syndrome; Pain Measurement",COMPLETED,OBSERVATIONAL,,Erasme University Hospital,ketamine,1,Belgium,2024-08-01,,,,no,,https://clinicaltrials.gov/study/NCT06537375
NCT06480500,"i-CBT and IV Ketamine for Suicidality in Treatment-Resistant Depression: A Randomized, Midazolam-Controlled Clinical Trial",psychiatric,Major Depressive Disorder; Suicide; Treatment Resistant Depression,RECRUITING,INTERVENTIONAL,PHASE2,"University Health Network, Toronto",ketamine,1,Canada,2024-01-02,"Simryn Selby, MSc",416-603-5800,"Rodrigo Mansur (University Health Network, Toronto)",no,no,https://clinicaltrials.gov/study/NCT06480500
NCT02887404,Evaluation of Spine Surgery Analgesic Pathway,anesthesia_analgesia,Posterior Spine Surgery,COMPLETED,INTERVENTIONAL,NA,The Cleveland Clinic,ketamine,1,United States,2016-07,,,"Daniel I Sessler, M.D. (Department Chair)",yes,no,https://clinicaltrials.gov/study/NCT02887404
NCT07247006,Ketamine-Assisted Psychotherapy for Treatment-Resistant Depression,psychiatric,Treatment Resistant Depression (TRD); Chronic Pain,NOT_YET_RECRUITING,INTERVENTIONAL,PHASE2,University of Rochester,ketamine,1,United States,2026-12,Pain and Perception Lab,585-275-4424,,no,no,https://clinicaltrials.gov/study/NCT07247006
NCT04156035,Ketamine-Induced Brain Changes and Their Modulation by Lamotrigine,other,Emotions,COMPLETED,INTERVENTIONAL,NA,"Charite University, Berlin, Germany",ketamine,1,Germany,2020-03-10,,,"Simone Grimm, PhD (Medical School Berlin)",no,no,https://clinicaltrials.gov/study/NCT04156035
NCT05933213,Comparing Mescaline Sodium Enteric-coated Tablets vs Morte-mescaline in the Treatment of Adult Lupus Nephritis,other,Lupus Nephritis,UNKNOWN,INTERVENTIONAL,PHASE4,Xiangya Hospital of Central South University,mescaline,0,,2023-07-06,"LUO HUI, Doctor",+86-13974871326,"LUO HUI, Doctor (Xiangya Hospital of Central South University)",no,undecided,https://clinicaltrials.gov/study/NCT05933213
NCT04849013,Role of the Serotonin 5-HT2A Receptor in Mescaline-induced Altered States of Consciousness,psychiatric,Healthy,COMPLETED,INTERVENTIONAL,PHASE1,"University Hospital, Basel, Switzerland",mescaline,1,Switzerland,2021-08-11,,,"Matthias E Liechti, Prof. Dr. MD (University Hospital, Basel, Switzerland)",no,no,https://clinicaltrials.gov/study/NCT04849013
NCT06746441,"Effect of Psilocybin Only and Psilocybin Assisted Cognitive Behavioral Therapy in the Management of Major Depressive Disorder and Associated Metabolic, Immune, Inflammatory, Neuroplasticity and Electrical Activity Markers",psychiatric,Major Depressive Disorder,COMPLETED,INTERVENTIONAL,PHASE2,Khyber Medical University Peshawar,psilocybin,1,Pakistan,2024-12-01,,,"Dr Mahvash Khan (Hayat Abad Medical Complex, Peshawar)",no,yes,https://clinicaltrials.gov/study/NCT06746441
NCT07737054,Trauma-informed Psilocybin Assisted Psychotherapy (TiPAP) for PTSD,psychiatric,"Post-Traumatic Stress Disorder, PTSD",RECRUITING,INTERVENTIONAL,EARLY_PHASE1,Tel-Aviv Sourasky Medical Center,psilocybin,1,Israel,2025-07-22,"Ayelet Or-Borichev, PhD",+972507941243,"Talma Hendler, Prof. (Tel Aviv University and Tel Aviv Sourasky Medical Center)",no,undecided,https://clinicaltrials.gov/study/NCT07737054
NCT06820723,A Mechanistic Study to Assess a Single Dose of CYB003 in Participants With Depression and Anxiety,psychiatric,Depression; Anxiety; Major Depressive Disorder,RECRUITING,INTERVENTIONAL,PHASE2,Ohio State University,psilocybin,1,United States,2026-08-01,Anne-Marie Duchemin,6142935517,"Luan Phan, MD (Ohio State University)",no,no,https://clinicaltrials.gov/study/NCT06820723
NCT06564818,"""A Study of a Deuterated Psilocin Analog (CYB003) in Humans With Major Depressive Disorder""",psychiatric,Major Depressive Disorder,ACTIVE_NOT_RECRUITING,INTERVENTIONAL,PHASE3,Cybin IRL Limited,psilocybin,45,United States,2024-12-17,,,Clinical Development (Cybin IRL Limited),no,no,https://clinicaltrials.gov/study/NCT06564818
NCT06341426,Psilocybin-Assisted Psychotherapy for Treatment-Resistant Depression: Comparing One Versus Two Doses of Psilocybin,psychiatric,Major Depressive Disorder; Depression; Treatment-Resistant Depression; Mood Disorders,ACTIVE_NOT_RECRUITING,INTERVENTIONAL,PHASE2,"University Health Network, Toronto",psilocybin,2,Canada,2024-02-05,,,"Joshua Rosenblat, MD, MSc (University Health Network, Toronto)",no,,https://clinicaltrials.gov/study/NCT06341426
NCT05434156,ELE-101 Safety & Tolerability Study in Healthy Participants and Patients With Depression,psychiatric,Healthy Volunteers; Major Depressive Disorder; Depression,ACTIVE_NOT_RECRUITING,INTERVENTIONAL,PHASE1|PHASE2,Eleusis Therapeutics,psilocybin,2,United Kingdom,2022-10-27,,,Neel Bhatt (MAC Clinical Research),no,no,https://clinicaltrials.gov/study/NCT05434156
NCT05317689,Comparing the Effects of Psilocin and Psilocybin in Healthy Adults,psychiatric,Healthy,UNKNOWN,INTERVENTIONAL,PHASE1,"University of California, San Francisco",psilocybin,1,United States,2022-05-26,,,"Joshua Woolley, MD/PhD (University of California, San Francisco)",no,no,https://clinicaltrials.gov/study/NCT05317689
NCT05385783,A Study of a Psilocybin Analog (CYB003) in Healthy Participants With and Without Major Depressive Disorder,psychiatric,Major Depressive Disorder,COMPLETED,INTERVENTIONAL,PHASE1|PHASE2,Cybin IRL Limited,psilocybin,3,United States,2022-08-02,,,"Amir Inamdar, MBBS,DNB,MFPM (Cybin IRL Limited)",no,no,https://clinicaltrials.gov/study/NCT05385783
NCT07072728,Psilocybin-Assisted Psychotherapy in Cancer Patients With Adjustment Disorder,psychiatric,Adjustment Disorder; Adjustment Disorder With Anxious Mood; Cancer; Cancer Cachexia; Cancer of Endometrium; Cancer of Kidney; Cancer of Prostate; Cancer of the Breast; Cancer of Stomach; Cancer Melanoma Skin; Cancer Pancreas,RECRUITING,INTERVENTIONAL,PHASE2,Psyence Australia Pty Ltd,psilocybin,3,Australia,2025-10-01,Tim Waugh,+61481354373,Clive Ward-Able (Psyence Biomedical),no,no,https://clinicaltrials.gov/study/NCT07072728
NCT04501653,Precision Functional Brain Mapping in Psilocybin,psychiatric,Psilocybin,COMPLETED,INTERVENTIONAL,EARLY_PHASE1,Washington University School of Medicine,psilocybin,1,United States,2021-06-01,,,,no,no,https://clinicaltrials.gov/study/NCT04501653
NCT06605105,Phase III Long-term Extension Trial to Assess Safety and Efficacy of CYB003 in MDD (EXTEND),other,Major Depressive Disorder,ENROLLING_BY_INVITATION,INTERVENTIONAL,PHASE3,Cybin IRL Limited,psilocybin,49,Australia; Greece; Poland; United Kingdom; United States,2025-07-18,,,Clinical Development (Cybin IRL Limited),no,no,https://clinicaltrials.gov/study/NCT06605105
NCT04718792,Psilocybin for Treatment of Alcohol Use Disorder: a Feasibility Study,psychiatric,Alcohol Use Disorder (AUD),UNKNOWN,INTERVENTIONAL,PHASE2,"Anders Fink-Jensen, MD, DMSci",psilocybin,1,Denmark,2023-02-09,,,"Anders Fink-Jensen, Professor (Professor)",no,,https://clinicaltrials.gov/study/NCT04718792
NCT06035900,"Evaluation of Safety, Rate and Extent of Absorption of Psilocin Mucate",other,Side Effect of Drug,COMPLETED,INTERVENTIONAL,PHASE1,Lobe Sciences Ltd.,psilocybin,1,Jordan,2023-06-21,,,"Ahmad Abdulkhaleq, MD (Arab Pharmaceutical Industry Pharmaceutical Research)",no,yes,https://clinicaltrials.gov/study/NCT06035900
NCT06471959,Psychedelic-assisted Group Program for First Responders,psychiatric,"Psilocybin; Psychotherapy, Group",UNKNOWN,INTERVENTIONAL,PHASE1|PHASE2,Empower Research Inc,psilocybin,1,Canada,2025-01-01,"Natasha Campbell, MSc",1-778-874-7758,"Reginald Peters, MD (University of British Columbia (Clinical Assistant Professor))",no,,https://clinicaltrials.gov/study/NCT06471959
NCT07710027,Identification of a Safe and Non-Psychedelic Dose of Psilocybin,psychiatric,Healthy Controls,COMPLETED,INTERVENTIONAL,PHASE1,Diamond Therapeutics Inc.,psilocybin,1,Canada,2021-10-19,,,,no,yes,https://clinicaltrials.gov/study/NCT07710027
NCT07275970,Safety and Preliminary Efficacy of Organic Whole Psilocybin-Containing Mushrooms to Treat Patients Suffering From PTSD,psychiatric,PTSD,ACTIVE_NOT_RECRUITING,INTERVENTIONAL,PHASE1,Scottsdale Research Institute,psilocybin,1,United States,2026-03-20,,,,no,undecided,https://clinicaltrials.gov/study/NCT07275970
NCT07490353,Elucidating the Relevance of the Psychedelic Experience to Psilocybin's Anti-Anhedonic Effects,psychiatric,Depression - Major Depressive Disorder; Anhedonia,RECRUITING,INTERVENTIONAL,PHASE1,Medical University of Vienna,psilocybin,1,Austria,2025-11-01,"Marie Spies, Priv.-Doz. DDr.",+43 1 40400,"Marie Spies, Priv.-Doz. DDr. (Medical University of Vienna, Department of Psychiatry and Psychotherapy, Division of General Psychiatry)",no,,https://clinicaltrials.gov/study/NCT07490353
NCT06793397,A Study of a Deuterated Psilocin Analog (CYB003) in Humans With Major Depressive Disorder,psychiatric,Major Depressive Disorder (MDD); Depression in Adults; Depression - Major Depressive Disorder; Depression Disorders; Depression Disorder; Depression,RECRUITING,INTERVENTIONAL,PHASE3,Cybin IRL Limited,psilocybin,79,Australia; Czechia; Germany; Greece; Ireland; Poland; United Kingdom; United States,2025-12-10,Clinical Development,877-361-4003,Felix Mazer (Cybin IRL Limited),no,no,https://clinicaltrials.gov/study/NCT06793397
NCT05305105,Effects of Psilocybin in Post-Treatment Lyme Disease,psychiatric,"Post-Treatment Lyme Disease; Chronic Lyme Disease; Lyme Disease, Chronic",COMPLETED,INTERVENTIONAL,PHASE1,Johns Hopkins University,psilocybin,1,United States,2022-07-01,,,"Albert Garcia-Romeu, PhD (Johns Hopkins University)",no,no,https://clinicaltrials.gov/study/NCT05305105
NCT02981173,Psilocybin for the Treatment of Cluster Headache,psychiatric,Cluster Headache,COMPLETED,INTERVENTIONAL,PHASE1,Yale University,psilocybin,1,United States,2016-12-05,,,,no,no,https://clinicaltrials.gov/study/NCT02981173
NCT03181529,Effects of Psilocybin in Major Depressive Disorder,psychiatric,Major Depressive Disorder,COMPLETED,INTERVENTIONAL,PHASE2,Johns Hopkins University,psilocybin,1,United States,2017-08-10,,,"Roland R Griffiths, PhD (Johns Hopkins University)",yes,,https://clinicaltrials.gov/study/NCT03181529
NCT06512194,Investigation to Understand and Optimize Psilocybin,psychiatric,Depression,RECRUITING,INTERVENTIONAL,PHASE2,Charles Raison,psilocybin,1,United States,2025-05-13,Program Manager,(970) 855-7374,"Charles Raison, MD (Vail Health Behavioral Health)",no,yes,https://clinicaltrials.gov/study/NCT06512194
NCT06988319,Psilocybin for Chronic Pelvic Pain (CPP) in Women: A Pilot Feasibility Study,psychiatric,Chronic Pelvic Pain,RECRUITING,INTERVENTIONAL,PHASE1,Oregon Health and Science University,psilocybin,1,United States,2026-11-01,"Lynne H Shinto, ND, MPH",(503) 494-5035,,no,no,https://clinicaltrials.gov/study/NCT06988319
NCT06786325,Wellcome Leap Psilocybin for OUD,psychiatric,Opioid Use Disorder,RECRUITING,INTERVENTIONAL,PHASE2,"Anna Rose Childress, Ph.D.",psilocybin,1,United States,2025-10-07,"Megan Ivey, MS",2157467712,,no,no,https://clinicaltrials.gov/study/NCT06786325
NCT06001749,Psilocybin in Cancer Pain Study,psychiatric,Opioid-Related Disorders; Pain Management; Pain Management and Care; Advanced Cancer; Advanced Cancers,RECRUITING,INTERVENTIONAL,PHASE2,"Yvan Beaussant, MD, MSci",psilocybin,1,United States,2024-09-23,Amani Ingram,8572151476,"Yvan Beaussant, MD (Dana-Farber Cancer Institute)",no,yes,https://clinicaltrials.gov/study/NCT06001749
NCT05554094,Psilocybin for the Treatment of Veterans With Post-Traumatic Stress Disorder,psychiatric,"PTSD; Stress Disorders, Traumatic; Stress Disorders, Post-Traumatic; Trauma and Stressor Related Disorders; Mental Disorder",ACTIVE_NOT_RECRUITING,INTERVENTIONAL,PHASE2,Ohio State University,psilocybin,1,United States,2023-01-01,,,"Alan K Davis, PhD (Ohio State University)",no,no,https://clinicaltrials.gov/study/NCT05554094
NCT07732166,Changes in Self-awareness Induced by Psychoactive Substances: an Experimental Study With Psilocybin.,psychiatric,Healthy Adults,RECRUITING,INTERVENTIONAL,EARLY_PHASE1,Pontifícia Universidade Católica do Rio de Janeiro,psilocybin,1,Brazil,2026-04-01,"Daniel C Mograbi, PhD",+ 55 21 35272505,,no,undecided,https://clinicaltrials.gov/study/NCT07732166
NCT05242029,Psilocybin for Opioid Use Disorder in Patients on Methadone Maintenance With Ongoing Opioid Use,psychiatric,Opioid Use Disorder,WITHDRAWN,INTERVENTIONAL,PHASE2,Johns Hopkins University,psilocybin,0,,2023-12,,,"Matthew W Johnson, PhD (Johns Hopkins University)",no,no,https://clinicaltrials.gov/study/NCT05242029
NCT06943573,Psilocybin-Assisted Therapy for Treatment-Resistant Depression in Bipolar II Disorder,psychiatric,Bipolar II Depression,RECRUITING,INTERVENTIONAL,PHASE2,Lakshmi N Yatham,psilocybin,3,Canada,2026-06-15,"Vy Ngo, B.Sc",604-822-3769,Dr. Lakshmi N Yatham (UBC Department of Psychiatry),no,no,https://clinicaltrials.gov/study/NCT06943573
NCT06919640,Psilocybin With Intracranial Neural Sensing,psychiatric,Chronic Pain,ENROLLING_BY_INVITATION,INTERVENTIONAL,PHASE1,"Joshua Woolley, MD, PhD",psilocybin,1,United States,2025-06-01,,,"Joshua Woolley, MD/PhD (University of California, San Francisco); Prasad Shirvalkar, MD/PhD (University of California, San Francisco)",no,no,https://clinicaltrials.gov/study/NCT06919640
NCT05399498,Psilocybin in Co-occuring Major Depressive Disorder and Borderline Personality Disorder,psychiatric,Borderline Personality Disorder; Major Depressive Disorder,COMPLETED,INTERVENTIONAL,PHASE2,University of Chicago,psilocybin,1,United States,2023-11-01,,,"Jon E Grant, MD, JD, MPH (University of Chicago)",no,no,https://clinicaltrials.gov/study/NCT05399498
NCT05029466,Psilocybin for Treatment-Resistant Depression,psychiatric,Treatment Resistant Depression,COMPLETED,INTERVENTIONAL,PHASE2,Brain and Cognition Discovery Foundation,psilocybin,1,Canada,2021-11-19,,,"Joshua D Rosenblat, MD, MSc (Canadian Rapid Treatment Centre of Excellence)",no,no,https://clinicaltrials.gov/study/NCT05029466
NCT06647056,Evaluation of the Effect of a Single Dose of Psilocybin on Neural Correlates of Cognitive Control in Patients With Psychogenic Nonepileptic Seizures,psychiatric,Psychogenic Nonepileptic Seizures; Psilocybin,COMPLETED,INTERVENTIONAL,NA,Centre Hospitalier Universitaire de Nīmes,psilocybin,1,France,2024-12-19,,,Ismaël CONEJERO (CHU Nimes),no,no,https://clinicaltrials.gov/study/NCT06647056
NCT06160284,Exploration of Synaptotrophic Effects of Psilocybin in Opioid Use Disorder (OUD),psychiatric,Opioid Use Disorder,RECRUITING,INTERVENTIONAL,PHASE1,Yale University,psilocybin,1,United States,2025-05-28,"Gustavo Angarita, MD, MHS",(203) 974-7536,"Gustavo Angarita, MD, MHS (Yale University)",no,no,https://clinicaltrials.gov/study/NCT06160284
NCT07226232,Psilocybin Intervention for Veterans Overcoming Treatment-Resistant Depression,psychiatric,Major Depression,RECRUITING,INTERVENTIONAL,PHASE3,VA Office of Research and Development,psilocybin,5,United States,2026-08-03,"Lori L Davis, MD AB",(205) 554-3819,"Lori Lynne Davis, MD AB (Birmingham VA Medical Center, Birmingham, AL)",no,yes,https://clinicaltrials.gov/study/NCT07226232
NCT06303739,Psilocybin-Assisted Therapy in Treatment-Resistant Depression,psychiatric,Refractory Depression; Treatment Resistant Depression,ACTIVE_NOT_RECRUITING,INTERVENTIONAL,PHASE3,"University of North Carolina, Chapel Hill",psilocybin,1,United States,2024-04-19,,,"Robert K McClure, MD (Director of Interventional Psychiatry)",no,yes,https://clinicaltrials.gov/study/NCT06303739
NCT07104916,Mindfulness-based Psilocybin Therapy for PTSD,psychiatric,Post Traumatic Stress Disorder; Depression - Major Depressive Disorder,RECRUITING,INTERVENTIONAL,PHASE2,Anthony P King,psilocybin,1,United States,2026-07-01,"Anthony King, PhD",614 688-9537,,no,undecided,https://clinicaltrials.gov/study/NCT07104916
NCT07405606,Psilocybin-assisted Therapy for Comorbid Major Depressive Disorder and Alcohol Use Disorder,psychiatric,Major Depressive Disorder (MDD); Alcohol Use Disorder (AUD),NOT_YET_RECRUITING,INTERVENTIONAL,PHASE2,Centre for Addiction and Mental Health,psilocybin,1,Canada,2026-03,Bernard Le Foll,+14165358501,,no,no,https://clinicaltrials.gov/study/NCT07405606
NCT02061293,A Double-Blind Trial of Psilocybin-Assisted Treatment of Alcohol Dependence,psychiatric,Alcohol Dependence,COMPLETED,INTERVENTIONAL,PHASE2,NYU Langone Health,psilocybin,2,United States,2014-06,,,"Michael P Bogenschutz, MD (NYU Langone Health)",yes,,https://clinicaltrials.gov/study/NCT02061293
NCT05562973,Safety and Tolerability of Psilocybin in Post-Traumatic Stress Disorder,psychiatric,Post-Traumatic Stress Disorder,WITHDRAWN,INTERVENTIONAL,PHASE1,Johns Hopkins University,psilocybin,0,,2025-01,,,"Matthew W Johnson, Ph.D. (Johns Hopkins University)",no,no,https://clinicaltrials.gov/study/NCT05562973
NCT07306364,Psilocybin-Assisted Physical Therapy in Chronic Low Back Pain,psychiatric,Chronic Low Back Pain (CLBP); Physical Therapy; Psilocybin,NOT_YET_RECRUITING,INTERVENTIONAL,PHASE2,Yale University,psilocybin,1,United States,2026-10,"Julia Meyerovich, M.S.",203-932-5711,"Joao De Aquino, M.D. (Yale University)",no,no,https://clinicaltrials.gov/study/NCT07306364
NCT07048743,"Psilocybin-assisted Existential, Attachment and RelationaL (PEARL) Therapy for Caregivers of Patients With Advanced Cancer",psychiatric,Caregiver Distress,RECRUITING,INTERVENTIONAL,PHASE2,"University Health Network, Toronto",psilocybin,1,Canada,2025-07-16,"Sarah Hales, MD, PhD",416-340-4800,"Sarah Hales, MD, PhD (Princess Margaret Cancer Centre)",no,no,https://clinicaltrials.gov/study/NCT07048743
NCT07281352,RCT of Psilocybin-assisted CBT for Depression,psychiatric,Major Depressive Diorder,RECRUITING,INTERVENTIONAL,PHASE1|PHASE2,"University of California, Los Angeles",psilocybin,1,United States,2026-01-05,Shelby Grody,310-825-4354,,no,,https://clinicaltrials.gov/study/NCT07281352
NCT07347405,Psilocybin Whole Mushroom for the Treatment of Obsessive-compulsive Disorder.,psychiatric,Obsessive-Compulsive Disorder,RECRUITING,INTERVENTIONAL,PHASE1,Francisco A Moreno,psilocybin,1,United States,2026-05-18,The clinical and translational research center,(520) 626-8000,"Francisco Moreno, MD (University of Arizona)",no,no,https://clinicaltrials.gov/study/NCT07347405
NCT06796361,Role of the Serotonin 2A Receptor in Psilocybin-induced Altered States of Consciousness,psychiatric,Healthy,RECRUITING,INTERVENTIONAL,PHASE1,"University Hospital, Basel, Switzerland",psilocybin,1,Switzerland,2025-04-21,,,,no,no,https://clinicaltrials.gov/study/NCT06796361
NCT06827054,Psilocybin With Psychotherapy for Improving Chronic Pain in Cancer Patients Requiring Opioids,psychiatric,Hematopoietic and Lymphatic System Neoplasm; Malignant Solid Neoplasm,NOT_YET_RECRUITING,INTERVENTIONAL,PHASE2,Roswell Park Cancer Institute,psilocybin,1,United States,2026-09-15,,,William Alexander (Roswell Park Cancer Institute),no,,https://clinicaltrials.gov/study/NCT06827054
NCT06299319,"Feasibility, Clinical Effects, and Safety of Psilocybin-assisted Psychotherapy for Treatment-resistant OCD",psychiatric,Obsessive-Compulsive Disorder,COMPLETED,INTERVENTIONAL,PHASE1,Centre for Addiction and Mental Health,psilocybin,1,Canada,2024-09-01,,,"Gwyneth Zai, MD, MSc, PhD (Centre for Addiction and Mental Health)",no,no,https://clinicaltrials.gov/study/NCT06299319
NCT07721467,Neuroplasticity Enhancement From Cognitive Training Reinforced by Psilocybin,psychiatric,Alzheimer's Disease,NOT_YET_RECRUITING,INTERVENTIONAL,PHASE2,National Institute on Aging (NIA),psilocybin,1,United States,2026-10-07,Sierra D Kunkosi,(410) 350-3941,"Dimitrios I Kapogiannis, M.D. (National Institute on Aging (NIA))",no,no,https://clinicaltrials.gov/study/NCT07721467
NCT03289949,The Neurobiological Effect of 5-HT2AR Modulation,other,Basic Science,RECRUITING,INTERVENTIONAL,PHASE1,Gitte Moos Knudsen,psilocybin,1,Denmark,2017-03-03,"Gitte M Knudsen, Professor",+45 35456720,"Gitte M Knudsen, Professor (Neurobiology Research Unit, Rigshospitalet)",no,yes,https://clinicaltrials.gov/study/NCT03289949
NCT04433858,An Open Label Study of the Safety and Efficacy of Psilocybin in Participants With Treatment-Resistant Depression (P-TRD),psychiatric,Treatment Resistant Depression,UNKNOWN,INTERVENTIONAL,PHASE2,Sheppard Pratt Health System,psilocybin,2,United States,2021-03-01,,,"Scott Aaronson, MD (Sheppard Pratt Health System)",no,no,https://clinicaltrials.gov/study/NCT04433858
NCT06529939,The Effects of Psilocybin on Shared Experience in Film Processing,psychiatric,Disorders of Consciousness; Psychedelic Experiences,UNKNOWN,INTERVENTIONAL,NA,"Western University, Canada",psilocybin,0,,2024-11,Adrian M. Owen,519-661-2111,,no,no,https://clinicaltrials.gov/study/NCT06529939
NCT06814522,Psilocybin-Assisted Therapy for Physician Well-Being and Burnout,psychiatric,"Burnout; Burnout, Healthcare Workers",RECRUITING,INTERVENTIONAL,PHASE1|PHASE2,"University of California, San Diego",psilocybin,1,United States,2025-01-13,Vy Nguyen,619-363-2465,,no,no,https://clinicaltrials.gov/study/NCT06814522
NCT02163707,UW Psilocybin Pharmacokinetics Study,psychiatric,Healthy,COMPLETED,INTERVENTIONAL,PHASE1,"University of Wisconsin, Madison",psilocybin,1,United States,2014-06,,,"Paul Hutson, PharmD (University of Wisconsin, School of Pharmacy)",no,,https://clinicaltrials.gov/study/NCT02163707
NCT06233344,Mindfulness-Assisted Psychedelic Therapy,psychiatric,Mental Health,RECRUITING,INTERVENTIONAL,PHASE2,University of Southern California,psilocybin,1,United States,2025-07-30,"Anna Zandueta-Duarte, BA",(323) 442-0938,"Baruch R Cahn, MD, PhD (University of Southern California)",no,no,https://clinicaltrials.gov/study/NCT06233344
NCT07756736,Psilocybin Therapy for Methamphetamine Use Disorder and HIV,psychiatric,Methamphetamine Use Disorder; Human Immunodeficiency Virus (HIV),NOT_YET_RECRUITING,INTERVENTIONAL,PHASE2,"Nicky Mehtani, MD, MPH",psilocybin,1,United States,2026-11,"Eliza Banbury, BA",510-985-3522,"Nicky J. Mehtani, MD, MPH (University of California, San Francisco)",no,no,https://clinicaltrials.gov/study/NCT07756736
NCT07570654,"Redefine Study: A Study Evaluating the Efficacy, Safety, and Tolerability of COMP360 in Participants With Post-traumatic Stress Disorder",psychiatric,"PTSD - Post Traumatic Stress Disorder; PTSD; PTSD Symptoms; PTSD, Post Traumatic Stress Disorder",RECRUITING,INTERVENTIONAL,PHASE2|PHASE3,COMPASS Pathways,psilocybin,4,United States,2026-09,Redefine Study Call Center,202-459-9258,,no,,https://clinicaltrials.gov/study/NCT07570654
NCT03912974,Effects of SERT Inhibition on the Subjective Response to Psilocybin in Healthy Subjects,psychiatric,Healthy,COMPLETED,INTERVENTIONAL,PHASE1,"University Hospital, Basel, Switzerland",psilocybin,1,Switzerland,2019-07-04,,,"Matthias E Liechti, MD, MAS (University Hospital, Basel, Switzerland)",no,,https://clinicaltrials.gov/study/NCT03912974
NCT05557643,PAPR: PAP + MBSR for Front-line Healthcare Provider COVID-19 Related Burnout,other,"Depression; Burnout, Professional",COMPLETED,INTERVENTIONAL,PHASE1,University of Utah,psilocybin,1,United States,2023-01-02,,,,no,no,https://clinicaltrials.gov/study/NCT05557643
NCT05832255,An Investigation of Psilocybin on Behavioural and Cognitive Symptoms of Adults With Fragile X Syndrome,psychiatric,Fragile X Syndrome; Behavior; Cognitive Dysfunction,SUSPENDED,INTERVENTIONAL,PHASE2,Nova Mentis Life Science Corp,psilocybin,1,Canada,2023-03-28,,,"David Crowley, MD (KGK Science Inc.); Marvin Hausman, MD (Nova Mentis Life Science Corp)",no,,https://clinicaltrials.gov/study/NCT05832255
NCT03715127,"Clinical, Neurocognitive, and Emotional Effects of Psilocybin in Depressed Patients - Proof of Concept",psychiatric,"Depressive Disorder, Major",COMPLETED,INTERVENTIONAL,PHASE2,University of Zurich,psilocybin,1,Switzerland,2019-03-11,,,,no,undecided,https://clinicaltrials.gov/study/NCT03715127
NCT06815653,Digital Intervention for Psychedelic Preparation (DIPP): Comparing Meditation and Music-Based Programs,psychiatric,Healthy,RECRUITING,INTERVENTIONAL,PHASE1,"University College, London",psilocybin,1,United Kingdom,2025-03-01,Jeremy I Skipper,+44 (0)20 7679 2000,,no,yes,https://clinicaltrials.gov/study/NCT06815653
NCT06818994,Safety and Efficacy of Psilocybin-assisted Psychotherapy for Demoralization Syndrome in Patients Diagnosed With Advanced Stage Cancer,psychiatric,Demoralization; Safety,RECRUITING,INTERVENTIONAL,PHASE1,Gustavo Vazquez,psilocybin,1,Canada,2026-04-01,"Gustavo Vazquez, MD, PhD, FRCPC",613-544-4900 x51214,,no,no,https://clinicaltrials.gov/study/NCT06818994
NCT05160220,Naturalistic Study of Microdosing With Psilocybin,psychiatric,Cognitive Change; Creativity; Mood Change; Sleep,COMPLETED,INTERVENTIONAL,NA,"National Council of Scientific and Technical Research, Argentina",psilocybin,1,Argentina,2021-01-20,,,"Enzo Tagliazucchi, PhD (National Council of Scientific and Technical Research, Argentina)",no,yes,https://clinicaltrials.gov/study/NCT05160220
NCT06407635,A Study of Psilocybin for PTSD,psychiatric,Post Traumatic Stress Disorder,ACTIVE_NOT_RECRUITING,INTERVENTIONAL,PHASE1,Johns Hopkins University,psilocybin,1,United States,2024-06-07,,,"Sandeep Nayak, MD (Johns Hopkins University)",no,no,https://clinicaltrials.gov/study/NCT06407635
NCT05035927,Evaluation of Psilocybin (TRP-8802) in the Treatment of Binge Eating Disorder,psychiatric,Binge Eating Disorder,COMPLETED,INTERVENTIONAL,PHASE2,TRYP Therapeutics,psilocybin,1,United States,2022-03-16,,,"Jennifer Miller, MD (University of Florida)",no,no,https://clinicaltrials.gov/study/NCT05035927
NCT06898606,Psilocybe Cubensis Mushrooms With or Without Fluoxetine for Refractory Depression,psychiatric,Depressive Disorder,RECRUITING,INTERVENTIONAL,PHASE1|PHASE2,Federal University of Latin American Integration,psilocybin,1,Brazil,2024-09-05,"Francisney P Nascimento, 1",+55 45 99933-3479,"Francisney P Nascimento, 1 (Federal University of Latin American Integration)",no,,https://clinicaltrials.gov/study/NCT06898606
NCT06160232,Psilocybin-Assisted Therapy for Severe Alcohol Use Disorder,psychiatric,Severe Alcohol Use Disorder,UNKNOWN,INTERVENTIONAL,PHASE2,Brugmann University Hospital,psilocybin,1,Belgium,2024-02-15,"Laetitia Vanderijst, M.Sc.",02 477 22 33,"Charles Kornreich, M.D. Ph.D. (Brugmann University Hospital, Free University of Brussels)",no,,https://clinicaltrials.gov/study/NCT06160232
NCT07565493,Psilocybin Administration With 5-HT1a Blockade,psychiatric,Psychedelic Effects in Healthy Volunteers,RECRUITING,INTERVENTIONAL,EARLY_PHASE1,Johns Hopkins University,psilocybin,1,United States,2026-08-12,"Zarmeen Zahid, PhD",667-208-8099,"Sandeep M Nayak, MD (Center for Psychedelics and Consciousness Research)",no,yes,https://clinicaltrials.gov/study/NCT07565493
NCT05651126,Psilocybin in Adults With and Without Autism Spectrum Disorder,psychiatric,Autism Spectrum Disorder,COMPLETED,INTERVENTIONAL,NA,King's College London,psilocybin,1,United Kingdom,2022-12-12,,,,no,no,https://clinicaltrials.gov/study/NCT05651126
NCT06666010,"PEX010-Assisted Therapy for Stimulant Use Disorder: A Safety, Feasibility and Efficacy Study",other,Stimulant Use Disorder,NOT_YET_RECRUITING,INTERVENTIONAL,PHASE2,Filament Health Corp.,psilocybin,0,,2025-01,Lisa Ranken,250-212-1169,,no,undecided,https://clinicaltrials.gov/study/NCT06666010
NCT04754061,PSilocybin for psYCHological and Existential Distress in PALliative Care (PSYCHED-PAL),psychiatric,"Depression, Anxiety; Distress, Emotional",ACTIVE_NOT_RECRUITING,INTERVENTIONAL,PHASE1|PHASE2,Ottawa Hospital Research Institute,psilocybin,2,Canada,2024-01-08,,,"James Downar, MDCM, MSc (Ottawa Hospital Research Institute)",no,no,https://clinicaltrials.gov/study/NCT04754061
NCT05220046,Palliadelic Treatment to Reduce Psychological Distress in Persons With Advanced Gastrointestinal Cancers,other,Pancreas Cancer; Biliary Tract Cancer; Psychological Distress; Gastrointestinal Cancer,COMPLETED,INTERVENTIONAL,PHASE1,University of Nebraska,psilocybin,1,United States,2023-04-10,,,"Lou Lukas, MD (University of Nebraska)",no,no,https://clinicaltrials.gov/study/NCT05220046
NCT07610135,Psilocybin Efficacy With or Without Pimavanserin Pretreatment,psychiatric,Mood (Psychological Function); Well Being; Mood; Healthy,RECRUITING,INTERVENTIONAL,PHASE1|PHASE2,Johns Hopkins University,psilocybin,1,United States,2026-10-30,Arozo Azimi,410-550-0007,"David B. Yaden, PhD (Johns Hopkins University)",no,no,https://clinicaltrials.gov/study/NCT07610135
NCT04410913,Pilot Trial of Visual Healing® in Psilocybin-assisted Therapy for Alcohol Use Disorder,psychiatric,Alcohol Use Disorder,ACTIVE_NOT_RECRUITING,INTERVENTIONAL,PHASE2,Keith Heinzerling,psilocybin,1,United States,2021-02-18,,,,no,,https://clinicaltrials.gov/study/NCT04410913
NCT07582120,Psilocybin-Assisted Therapy as a Treatment for Depression,psychiatric,Depression,NOT_YET_RECRUITING,INTERVENTIONAL,PHASE2,Washington University School of Medicine,psilocybin,1,United States,2026-06,Dawnita Reathaford,314-532-5939,,no,no,https://clinicaltrials.gov/study/NCT07582120
NCT06235411,Psilocybin in Alcohol Use Disorder With Comorbid Depression,psychiatric,Alcohol-Related Disorders; Depressive Disorder; Addiction,COMPLETED,INTERVENTIONAL,NA,Centre Hospitalier Universitaire de Nīmes,psilocybin,1,France,2024-02-05,,,Amandine Luquiens (CHU de Nimes),no,,https://clinicaltrials.gov/study/NCT06235411
NCT06899165,Psilocybin-Assisted Therapy for Intergenerational Trauma,psychiatric,Psychological Stress; Depression; Anxiety,RECRUITING,INTERVENTIONAL,PHASE2,Rachel Yehuda,psilocybin,1,United States,2026-08-28,"Lauren Lepow, MD, PhD",646-438-5044,"Rachel Yehuda, PhD (Icahn School of Medicine at Mount Sinai)",no,no,https://clinicaltrials.gov/study/NCT06899165
NCT06650800,Effect of Psilocybin on the Positive Valence System in Treatment-resistant Depression,psychiatric,"Depressive Disorder; Depressive Disorder, Treatment-Resistant; Hallucinogens; Reinforcement, Psychology",COMPLETED,INTERVENTIONAL,NA,Centre Hospitalier Universitaire de Nīmes,psilocybin,1,France,2024-11-19,,,Ismaël Conejero (CHU Nimes),no,,https://clinicaltrials.gov/study/NCT06650800
NCT03775200,The Safety and Efficacy of Psilocybin in Participants With Treatment Resistant Depression,psychiatric,Treatment Resistant Depression,COMPLETED,INTERVENTIONAL,PHASE2,COMPASS Pathways,psilocybin,25,Canada; Czechia; Denmark; Germany; Ireland; Netherlands; Portugal; Spain; United Kingdom; United States,2019-03-01,,,,yes,,https://clinicaltrials.gov/study/NCT03775200
NCT06416085,"Psilocybin-assisted Existential, Attachment and RelationaL (PEARL) Therapy for Patients With Advanced Cancer",psychiatric,Advanced Cancer; Stage IV Solid Tumor Cancer; Stage IV Sarcoma of Bone; Stage IV Lymphoma; Stage IV Melanoma; Endocrine Cancer,ACTIVE_NOT_RECRUITING,INTERVENTIONAL,PHASE2,"University Health Network, Toronto",psilocybin,1,Canada,2024-06-06,,,"Sarah Hales, MD (University Health Network, Toronto)",no,,https://clinicaltrials.gov/study/NCT06416085
NCT07227909,NeuroGuard: Psilocybin Trial for Preventing Chemo-induced Neuropathy,psychiatric,Psilocybin; Neuropathy,NOT_YET_RECRUITING,INTERVENTIONAL,PHASE2,M.D. Anderson Cancer Center,psilocybin,1,United States,2026-11-04,"Moran Amit, MD",713-794-5304,"Moran Amit, MD (M.D. Anderson Cancer Center)",no,,https://clinicaltrials.gov/study/NCT07227909
NCT07484906,Precision Phenotyping of Behavioral Risk and Response to Electromagnetic and Psychedelic Therapies,psychiatric,Suicidal Ideation,WITHDRAWN,INTERVENTIONAL,PHASE2,University of New Mexico,psilocybin,0,,2026-05-01,,,,no,yes,https://clinicaltrials.gov/study/NCT07484906
NCT03554174,Psilocybin - Induced Neuroplasticity in the Treatment of Major Depressive Disorder,psychiatric,Major Depressive Disorder,ACTIVE_NOT_RECRUITING,INTERVENTIONAL,PHASE1,Yale University,psilocybin,1,United States,2018-02-27,,,"Deepak D'Souza, MD (Yale University)",no,,https://clinicaltrials.gov/study/NCT03554174
NCT06706232,Acceptability & Safety of Two Sequential Doses of Psilocybin in Bipolar Disorder II Depression and Suicidality,psychiatric,"Bipolar II Disorder; Depression, Bipolar; Suicidality",RECRUITING,INTERVENTIONAL,PHASE2,"The University of Texas Health Science Center, Houston",psilocybin,1,United States,2025-07-07,"Thomas Meyer, PhD",713-486-2643,"Thomas Meyer, PhD (The University of Texas Health Science Center, Houston)",no,no,https://clinicaltrials.gov/study/NCT06706232
NCT05265546,Investigating the Mechanisms of the Effects of Psilocybin on Visual Perception and Visual Representations in the Brain,psychiatric,Perception Disorders,RECRUITING,INTERVENTIONAL,PHASE1,"University of California, Berkeley",psilocybin,1,United States,2024-03-08,BCSP Staff,(669) 244-2436,,no,,https://clinicaltrials.gov/study/NCT05265546
NCT04433845,The Safety and Efficacy of Psilocybin in Participants With Type 2 Bipolar Disorder (BP-II) Depression.,psychiatric,Treatment Resistant Depression,UNKNOWN,INTERVENTIONAL,PHASE2,Sheppard Pratt Health System,psilocybin,1,United States,2021-03-01,,,"Scott Aaronson, MD (Sheppard Pratt Health System)",no,no,https://clinicaltrials.gov/study/NCT04433845
NCT04424225,Visual Surround Suppression and Perceptual Expectation Under Psilocybin,psychiatric,Perception Disturbance; Visual Suppression; Psychedelic Experiences,TERMINATED,INTERVENTIONAL,PHASE1,University of Minnesota,psilocybin,1,United States,2021-08-30,,,"Jessica Nielson, PhD (University of Minnesota); Link Swanson, PhD(c) (University of Minnesota)",yes,yes,https://clinicaltrials.gov/study/NCT04424225
NCT04950608,Pilot Study of Psilocybin-Assisted Therapy for Demoralization in Patients Receiving Hospice Care,psychiatric,Hospice; Psilocybin; Demoralization; Terminal Illness; Cancer-related Problem/Condition; Psychotherapy; Terminal Cancer; Cancer Terminal,COMPLETED,INTERVENTIONAL,PHASE2,"Yvan Beaussant, MD, MSci",psilocybin,1,United States,2022-03-09,,,"Yvan Beaussant, MD (Dana-Farber Cancer Institute)",yes,yes,https://clinicaltrials.gov/study/NCT04950608
NCT06518720,Treatment With Psilocybin for Chronic Neuropathic Pain and Depression (TRANSCEND),psychiatric,Treatment Resistant Depression; Chronic Pain,RECRUITING,INTERVENTIONAL,PHASE2,Centre for Addiction and Mental Health,psilocybin,1,Canada,2025-04-01,"Emily Gilbert, MSc",4165358501,"Ishrat Husain, MBBS, MD (Centre for Addiction and Mental Health)",no,no,https://clinicaltrials.gov/study/NCT06518720
NCT04280055,Prophylactic Effects of Psilocybin on Chronic Cluster Headache,psychiatric,Cluster Headache,TERMINATED,INTERVENTIONAL,PHASE1|PHASE2,Gitte Moos Knudsen,psilocybin,1,Denmark,2020-01-21,,,"Gitte Moos Knudsen, MD, DMSc (Neurobiology Research Unit, Rigshospitalet)",no,yes,https://clinicaltrials.gov/study/NCT04280055
NCT04522804,Study of Psilocybin Enhanced Group Psychotherapy in Patients With Cancer,psychiatric,Cancer,COMPLETED,INTERVENTIONAL,EARLY_PHASE1,University of Utah,psilocybin,1,United States,2021-10-04,,,"Anna Beck, MD (Huntsman Cancer Institute)",no,no,https://clinicaltrials.gov/study/NCT04522804
NCT07210112,Efficacy of Psilocybin and Trazodone Combination in Treatment-resistant Depression: a Randomized Controlled Proof-of-concept Study (PSILOTRAZ),psychiatric,Depression - Major Depressive Disorder; Treatment-resistant Depression (TRD),RECRUITING,INTERVENTIONAL,PHASE2,Centre Hospitalier St Anne,psilocybin,1,France,2026-06-30,"Lucie BERKOVITCH, MD",+33 145657481,"Lucie BERKOVITCH, MD (GHU Paris Psychiatrie and Neurosciences - Neuromodulation Institute)",no,undecided,https://clinicaltrials.gov/study/NCT07210112
NCT05227742,Exploratory Study of Low Dose Psilocybin,psychiatric,Demoralization,WITHDRAWN,INTERVENTIONAL,EARLY_PHASE1,University of Alabama at Birmingham,psilocybin,1,United States,2023-08-15,,,,no,,https://clinicaltrials.gov/study/NCT05227742
NCT06644170,A Second Psilocybin Group Therapy for the Treatment of Cancer-Related Anxiety in Partial Responders With Metastatic Cancer,psychiatric,Hematopoietic and Lymphatic System Neoplasm; Metastatic Malignant Solid Neoplasm,COMPLETED,INTERVENTIONAL,PHASE1,University of Washington,psilocybin,1,United States,2024-11-19,,,"Anthony L. Back, MD (Fred Hutch/University of Washington Cancer Consortium)",no,no,https://clinicaltrials.gov/study/NCT06644170
NCT05592379,"Consciousness, Psilocybin, and Well-Being",psychiatric,Healthy; Psychedelic Experiences; Sleep,COMPLETED,INTERVENTIONAL,PHASE1,"University of Wisconsin, Madison",psilocybin,1,United States,2023-11-07,,,"Charles Raison, MD (University of Wisconsin, Madison)",no,no,https://clinicaltrials.gov/study/NCT05592379
NCT04842045,Pilot RECAP Study in Healthy Volunteers,psychiatric,Psychedelic Experiences; Amnesia,COMPLETED,INTERVENTIONAL,PHASE1,"University of Wisconsin, Madison",psilocybin,1,United States,2021-05-21,,,"Christopher R Nicholas, MD,PHD (University of Wisconsin Hospital and Clinics, Madison, Wisconsin, United State, 53715)",no,no,https://clinicaltrials.gov/study/NCT04842045
NCT07079930,Safety and Psychological Effects of Psilocybin and D-Serine Formulation in Healthy Volunteers,psychiatric,Healthy Volunteers,RECRUITING,INTERVENTIONAL,PHASE1,Hadassah Medical Organization,psilocybin,1,Israel,2025-12-11,"Bernard Lerer, MD",+972-50-7874575,,no,,https://clinicaltrials.gov/study/NCT07079930
NCT06102434,Safety Profile of Psilocybin for Cocaine Use Disorder,psychiatric,Cocaine Use Disorder,SUSPENDED,INTERVENTIONAL,EARLY_PHASE1,"University of California, Los Angeles",psilocybin,1,United States,2029-02-01,,,,no,undecided,https://clinicaltrials.gov/study/NCT06102434
NCT06230757,Psilocybin for Treatment-Resistant Depression,psychiatric,Major Depressive Disorder; Anhedonia; Treatment Resistant Depression,COMPLETED,INTERVENTIONAL,PHASE2,"University of Colorado, Denver",psilocybin,1,United States,2024-07-08,,,"Andrew M Novick, MD, PhD (University of Colorado, Denver)",no,no,https://clinicaltrials.gov/study/NCT06230757
NCT03356483,"Efficacy of Psilocybin in OCD: a Double-Blind, Placebo-Controlled Study.",psychiatric,Obsessive-Compulsive Disorder,COMPLETED,INTERVENTIONAL,PHASE1,Yale University,psilocybin,1,United States,2018-11-13,,,"Benjamin Kelmendi, MD (Yale University); Christopher Pittenger, MD, PhD (Yale University)",no,no,https://clinicaltrials.gov/study/NCT03356483
NCT07189988,Observational Pilot Study to Explore the Social and Health Impacts of a New Model of Care in Oregon: Psilocybin Services on Alcoholism,psychiatric,Alcohol Use Disorder,ACTIVE_NOT_RECRUITING,OBSERVATIONAL,,Healing Advocacy Fund,psilocybin,1,United States,2025-03-05,,,"Noah Craft, MD (People Science, Inc.)",no,undecided,https://clinicaltrials.gov/study/NCT07189988
NCT07607938,Psilocybin as a Novel Therapy for Residual Anhedonia,psychiatric,Anhedonia; Emotional Blunting,RECRUITING,INTERVENTIONAL,PHASE1,NYU Langone Health,psilocybin,1,United States,2026-09,Julia Diamond,646-754-4744,"Joshua Siegel, MD, PhD (NYU Langone Health)",no,yes,https://clinicaltrials.gov/study/NCT07607938
NCT02037126,Psilocybin-facilitated Treatment for Cocaine Use,psychiatric,Cocaine-Related Disorders,COMPLETED,INTERVENTIONAL,PHASE2,University of Alabama at Birmingham,psilocybin,1,United States,2015-05,,,"Peter S. Hendricks, Ph.D. (UAB Department of Psychiatry)",yes,,https://clinicaltrials.gov/study/NCT02037126
NCT01988311,"Pilot Study: Effects of Psilocybin on Behavior, Psychology and Brain Function in Long-term Meditators",psychiatric,Psilocybin; Hallucinogens; Pharmacologic Actions; Central Nervous System Agents; Therapeutic Uses; Psychotropic Drugs,COMPLETED,INTERVENTIONAL,PHASE1,Johns Hopkins University,psilocybin,1,United States,2013-05,,,"Roland R Griffiths, Ph.D. (Johns Hopkins University)",no,,https://clinicaltrials.gov/study/NCT01988311
NCT06464367,Mechanistic Studies of Psilocybin in Headache Disorders,psychiatric,Migraine,RECRUITING,INTERVENTIONAL,EARLY_PHASE1,Yale University,psilocybin,1,United States,2025-05-19,"Erik Zorrilla, PhD",203-932-5711,,no,,https://clinicaltrials.gov/study/NCT06464367
NCT07251491,Psilocybin to Treat Depression in Spinal Cord Injury,psychiatric,Spinal Cord Injury; Depression - Major Depressive Disorder; Veteran,RECRUITING,INTERVENTIONAL,PHASE1|PHASE2,James J. Peters Veterans Affairs Medical Center,psilocybin,1,United States,2026-08-06,"Thomas W Sutor, PhD",718-584-9000,"Jill M Wecht, EdD (James J Peters VA Medical Center)",no,undecided,https://clinicaltrials.gov/study/NCT07251491
NCT03736980,Beyond the Self and Back: Neuropharmacological Mechanisms Underlying the Dissolution of the Self,other,Healthy,COMPLETED,INTERVENTIONAL,NA,University of Zurich,psilocybin,0,,2013-10-01,,,,no,no,https://clinicaltrials.gov/study/NCT03736980
NCT05163496,Frontline Clinician Psilocybin Study,psychiatric,"Burnout, Caregiver; Burnout, Professional; COVID-19; Depression; Post Traumatic Stress Disorder; Moral Injury",COMPLETED,INTERVENTIONAL,PHASE3,University of Washington,psilocybin,1,United States,2022-03-03,,,"Anthony Back, MD (University of Washington)",yes,yes,https://clinicaltrials.gov/study/NCT05163496
NCT06308653,Psilocybin for Major Depressive Disorder (MDD),psychiatric,"Depressive Disorder, Major",ACTIVE_NOT_RECRUITING,INTERVENTIONAL,PHASE3,Usona Institute,psilocybin,29,United States,2024-03-13,,,"Charles Raison, MD (Usona Institute)",no,,https://clinicaltrials.gov/study/NCT06308653
NCT07638553,Efficacy in Relapse Prevention: Psilocybin in Alcohol Use Disorder With Depressive Symptoms,psychiatric,Alcohol Use Disorder; Depressive Sympotoms; Psilocybin,RECRUITING,INTERVENTIONAL,PHASE3,Centre Hospitalier Universitaire de Nīmes,psilocybin,8,France,2026-06-30,Amandine Luquiens,04.66.68.69.98,Amandine Luquiens (Centre Hospitalier Universitaire de Nīmes),no,,https://clinicaltrials.gov/study/NCT07638553
NCT05452772,5-HT2A Agonist Psilocybin in the Treatment of Tobacco Use Disorder,psychiatric,Tobacco Use Disorder,RECRUITING,INTERVENTIONAL,PHASE2,Johns Hopkins University,psilocybin,3,United States,2023-11-01,"Matthew Johnson, Ph.D",410-550-0056,"Matthew Johnson, Ph.D (Johns Hopkins University)",no,,https://clinicaltrials.gov/study/NCT05452772
NCT06798636,PsiloIMAGINE: A Psychedelic-augmented Mental Imagery-based Intervention for Young People With Self-harm,psychiatric,Self Harm,RECRUITING,INTERVENTIONAL,EARLY_PHASE1,Imperial College London,psilocybin,1,United Kingdom,2025-10-01,Joanna Vamvakopoulou,+44 (0) 7942292199,"Martina Di Simplicio, Dr (Imperial College London); David Nutt, Prof (Imperial College London)",no,yes,https://clinicaltrials.gov/study/NCT06798636
NCT06560658,Optimizing Microdosing and Meditation,psychiatric,Meditation; Microdosing,WITHDRAWN,INTERVENTIONAL,NA,National University of Natural Medicine,psilocybin,1,United States,2024-10-01,,,"Matthew Hicks, ND, MS (National University of Natural Medicine)",no,no,https://clinicaltrials.gov/study/NCT06560658
NCT07063862,Psilocybin Microdose for Psychological and Existential Distress in Palliative Care (PSYCHED-PAL-RCT),psychiatric,Psychological Distress,RECRUITING,INTERVENTIONAL,PHASE3,Bruyère Health Research Institute.,psilocybin,7,Canada,2026-01-28,"James Downar, MDCM, MHSc",613-562-6262,,no,no,https://clinicaltrials.gov/study/NCT07063862
NCT06656702,Effects of Psilocybin in Patients With Amyotrophic Lateral Sclerosis,psychiatric,Amyotrophic Lateral Sclerosis,RECRUITING,INTERVENTIONAL,EARLY_PHASE1,Johns Hopkins University,psilocybin,1,United States,2025-04-09,Betsy Mosmiller,410-502-0495,"Ambereen K Mehta, MD, MPH, FAAHPM (Johns Hopkins University)",no,,https://clinicaltrials.gov/study/NCT06656702
NCT04052568,Effects of Psilocybin in Anorexia Nervosa,psychiatric,Anorexia Nervosa,COMPLETED,INTERVENTIONAL,PHASE1,Johns Hopkins University,psilocybin,1,United States,2019-08-26,,,"Roland Griffiths, Ph.D. (Johns Hopkins University)",no,,https://clinicaltrials.gov/study/NCT04052568
NCT04161066,Adjunctive Effects of Psilocybin and a Formulation of Buprenorphine,psychiatric,Opioid Use Disorder,RECRUITING,INTERVENTIONAL,PHASE1,"University of Wisconsin, Madison",psilocybin,1,United States,2021-01-13,PROTEA Research,608-444-2397,"Randall Brown, MD PhD (University of Wisconsin, Madison)",no,no,https://clinicaltrials.gov/study/NCT04161066
NCT03429075,Psilocybin vs Escitalopram for Major Depressive Disorder: Comparative Mechanisms,psychiatric,"Depressive Disorder, Major",COMPLETED,INTERVENTIONAL,PHASE2,Imperial College London,psilocybin,1,United Kingdom,2019-01-07,,,"David J Nutt, Medicine (Imperial College London)",yes,no,https://clinicaltrials.gov/study/NCT03429075
NCT07499583,Psilocybin Assisted Psychotherapy for Treatment Resistant Depression and Co-occurring Substance Use Disorder,psychiatric,Treatment Resistant Depression; Substance Use Disorders,NOT_YET_RECRUITING,INTERVENTIONAL,PHASE1|PHASE2,Indiana University,psilocybin,2,United States,2026-08-01,"Susan K Conroy, MD",317-948-5450,"Susan K Conroy, PhD (Indiana University)",no,no,https://clinicaltrials.gov/study/NCT07499583
NCT06372197,Low-Income Group Psilocybin Assisted Therapy for Depression,psychiatric,Depression,COMPLETED,INTERVENTIONAL,NA,Matthew Hicks,psilocybin,1,United States,2024-08-01,,,"Matthew R Hicks, ND, MS (National University of Natural Medicine)",no,no,https://clinicaltrials.gov/study/NCT06372197
NCT04353921,PSIL201 Long-term Follow-up Study: Psilocybin or Niacin / Major Depressive Disorder,psychiatric,Major Depressive Disorder,TERMINATED,OBSERVATIONAL,,Usona Institute,psilocybin,1,United States,2020-06-30,,,"Charles Raison, MD (Usona Institute)",no,,https://clinicaltrials.gov/study/NCT04353921
NCT07719088,Psilocybin Effects on Healthy Aging Biomarkers and Purpose in Life,psychiatric,Aging; Longevity; Biomarkers of Aging,NOT_YET_RECRUITING,INTERVENTIONAL,PHASE1,Charles Raison,psilocybin,1,United States,2026-12,BHIC Study Team,970-855-7374,,no,no,https://clinicaltrials.gov/study/NCT07719088
NCT07053917,Psychedelic Healing: Adjunct Therapy Harnessing Opened Malleability,psychiatric,Stroke; Chronic Stroke; Intracerebral Haemorrhage; Intracerebral Haemorrhage (ICH); Intracerebral Hemorrhage Basal Ganglia; Ischemic Stroke; Ischemic Stroke and Hemorrhagic Stroke; Hemiparesis After Stroke; Hemiplegia Following Ischemic Stroke; Hemiplegia and Hemiparesis; Hemiplegia and/or Hemiparesis Following Stroke; Middle Cerebral Artery Stroke,RECRUITING,INTERVENTIONAL,PHASE1,Johns Hopkins University,psilocybin,1,United States,2026-02-09,"Steven R Zeiler, M.D., Ph.D.",303-520-7404,"Victor Urrutia, M.D. (Johns Hopkins University)",no,no,https://clinicaltrials.gov/study/NCT07053917
NCT05711940,"Efficacy, Safety, and Tolerability of Two Administrations of COMP360 in Participants With TRD",other,Treatment Resistant Depression,ACTIVE_NOT_RECRUITING,INTERVENTIONAL,PHASE3,COMPASS Pathways,psilocybin,116,Canada; Czechia; Denmark; France; Germany; Ireland; Netherlands; Poland; Spain; Sweden; United Kingdom; United States,2023-02-14,,,,no,,https://clinicaltrials.gov/study/NCT05711940
NCT07703722,Effect of Psilocybin and Structured Integrated Reframing Therapy on Gut-Brain Axis Biomarkers and Depression in Major Depressive Disorder,psychiatric,Major Depressive Disorder; Post-Traumatic Stress Disorder (PTSD),RECRUITING,INTERVENTIONAL,PHASE3,Khyber Medical University Peshawar,psilocybin,3,Pakistan,2026-04-01,"Bushra Riaz, PhD*",+92 3338000744,"Dr Omer Malik, PhD (Khyber Medical University Peshawar, Pakistan); Dr Inayat Shah, PhD* (Khyber Medical University)",no,yes,https://clinicaltrials.gov/study/NCT07703722
NCT07820033,"Psilocybin-assisted Existential, Attachment and RelationaL (PEARL) Therapy for Patients With Advanced Cancer: A Randomized Controlled Trial",psychiatric,Advanced Cancer; Stage IV Solid Tumor Cancer; Stage IV Sarcoma of Bone; Stage IV Lymphoma; Stage IV Melanoma; Endocrine Cancer,NOT_YET_RECRUITING,INTERVENTIONAL,PHASE2,"University Health Network, Toronto",psilocybin,1,Canada,2026-09-14,"Sarah Hales, MD",416-340-4800,,no,,https://clinicaltrials.gov/study/NCT07820033
NCT06355414,Psilocybin in Chronic Low Back Pain and Depression,psychiatric,Chronic Low-back Pain; Depression,RECRUITING,INTERVENTIONAL,PHASE1,Johns Hopkins University,psilocybin,1,United States,2024-04-22,"Arozo Azimi, BA",410-550-1140,"David B Yaden, PhD (Johns Hopkins University)",no,no,https://clinicaltrials.gov/study/NCT06355414
NCT06206265,Assessment of Psilocybin (TRP-8802) in Concert With Psychotherapy in Patients With Irritable Bowel Syndrome (IBS),psychiatric,Irritable Bowel Syndrome,ACTIVE_NOT_RECRUITING,INTERVENTIONAL,PHASE2,TRYP Therapeutics,psilocybin,1,United States,2024-01-17,,,"Franklin King, MD (Massachusetts General Hospital)",no,no,https://clinicaltrials.gov/study/NCT06206265
NCT06731621,Psilocybin for Treatment-Resistant Depression in Autism,psychiatric,Treatment Resistant Depression; Autism Spectrum Disorder,ACTIVE_NOT_RECRUITING,INTERVENTIONAL,PHASE1,Centre for Addiction and Mental Health,psilocybin,1,Canada,2024-11-01,,,"Hsiang-Yuan Lin, MD (Centre for Addiction and Mental Health)",no,no,https://clinicaltrials.gov/study/NCT06731621
NCT06367738,Investigating the Persisting Effects of a Single Dose of Psilocybin on Structural Plasticity in Healthy Older Adults,psychiatric,Aging,RECRUITING,INTERVENTIONAL,PHASE1,"University of California, Berkeley",psilocybin,1,United States,2025-11,BCSP Research Staff,(669) 244-2436,,no,,https://clinicaltrials.gov/study/NCT06367738
NCT06615908,Treatment of Persisting Symptoms After Concussion With Psilocybin Assisted Therapy,psychiatric,Persisting Symptoms After Concussion,RECRUITING,INTERVENTIONAL,PHASE1,University of Calgary,psilocybin,1,Canada,2025-05-27,"Chantel T Debert, MD MSc FRCPC",(403) 944-4500,"Chantel T Debert, MD MSc FRCPC (University of Calgary)",no,no,https://clinicaltrials.gov/study/NCT06615908
NCT07479550,Study of Psilocybin Under Anesthesia Controlled by EEG,psychiatric,Major Depression,NOT_YET_RECRUITING,INTERVENTIONAL,PHASE2,Stanford University,psilocybin,1,United States,2026-07,"Dr. Boris Heifets, MD, PhD",4157161585,"Dr. Boris Heifets, MD, PhD (Stanford University)",no,no,https://clinicaltrials.gov/study/NCT07479550
NCT06731335,Psilocybin for Enhanced Analgesia in Chronic nEuropathic PAIN,psychiatric,Chronic Neuropathic Pain; Pain Management,RECRUITING,INTERVENTIONAL,PHASE2,Unity Health Toronto,psilocybin,2,Canada,2025-03-05,,,,no,no,https://clinicaltrials.gov/study/NCT06731335
NCT06247839,The Effects of Psilocybin on Self-Focus and Self-Related Processing in Major Depressive Disorder,psychiatric,Major Depressive Disorder,RECRUITING,INTERVENTIONAL,PHASE3,Sharmin Ghaznavi,psilocybin,1,United States,2024-09-10,"Artana Arora, B.S.",6177262290,"Sharmin Ghaznavi, M.D., Ph.D. (Massachusetts General Hospital)",no,,https://clinicaltrials.gov/study/NCT06247839
NCT04959253,Psilocybin in Depression Resistant to Standard Treatments,psychiatric,Treatment Resistant Depression,COMPLETED,INTERVENTIONAL,PHASE2,King's College London,psilocybin,1,United Kingdom,2021-06-21,,,"James Rucker, MD PhD (King's College London)",no,no,https://clinicaltrials.gov/study/NCT04959253
NCT05601648,PET Synaptogenesis After Psilocybin In DEpression Recovery,psychiatric,Major Depressive Disorder; Anhedonia,WITHDRAWN,INTERVENTIONAL,PHASE2,Washington University School of Medicine,psilocybin,1,United States,2023-07-01,,,,no,undecided,https://clinicaltrials.gov/study/NCT05601648
NCT06853912,PsiloStudy: Psilocybin With Psychological Support (Psi-PS) for Military Veterans and First Responders With Co-occurring PTSD & Alcohol Use Disorder (AUD),psychiatric,Alcohol Use Disorder (AUD); PTSD,ACTIVE_NOT_RECRUITING,INTERVENTIONAL,PHASE2,Nathan Brashares Sackett,psilocybin,1,United States,2025-06-01,,,"Nathan B Sackett, MD (University of Washington)",no,no,https://clinicaltrials.gov/study/NCT06853912
NCT06692192,The RECAP2 Study: Midazolam and Psilocybin,psychiatric,Psilocybin,RECRUITING,INTERVENTIONAL,PHASE1,"University of Wisconsin, Madison",psilocybin,1,United States,2025-08-07,RECAP Study Contact,608-263-4852,"Charles Raison, MD (University of Wisconsin, Madison)",no,no,https://clinicaltrials.gov/study/NCT06692192
NCT07693153,The Effects of Psilocybin on Social Connectedness,psychiatric,Loneliness; Grief,NOT_YET_RECRUITING,INTERVENTIONAL,PHASE1,Yale University,psilocybin,1,United States,2026-08-31,"Anahita Bassir Nia, MD",203-932-5711,"Anahita Bassir Nia, MD (Yale University)",no,no,https://clinicaltrials.gov/study/NCT07693153
NCT01534494,Effects and Therapeutic Potential of Psilocybin in Alcohol Dependence,psychiatric,Alcohol Dependence,COMPLETED,INTERVENTIONAL,PHASE2,University of New Mexico,psilocybin,1,United States,2012-01,,,"Michael P Bogenschutz, M.D. (University of New Mexico)",yes,,https://clinicaltrials.gov/study/NCT01534494
NCT03866174,A Study of Psilocybin for Major Depressive Disorder (MDD),psychiatric,"Depressive Disorder, Major",COMPLETED,INTERVENTIONAL,PHASE2,Usona Institute,psilocybin,11,United States,2020-01-23,,,"Charles Raison, MD (Usona Institute)",yes,no,https://clinicaltrials.gov/study/NCT03866174
NCT02421263,The Effects of Psilocybin-Facilitated Experience on the Psychology and Effectiveness of Religious Professionals,psychiatric,Religious or Spiritual Problem,COMPLETED,INTERVENTIONAL,PHASE1,NYU Langone Health,psilocybin,1,United States,2015-04,,,"Anthony Bossis, PhD (New York University); Stephen Ross, MD (New York University)",no,,https://clinicaltrials.gov/study/NCT02421263
NCT07216404,Psilocybin-Assisted Therapy for the Treatment of Major Depressive Disorder in Patients With Non-Small Cell Lung Cancer,psychiatric,Lung Non-Small Cell Carcinoma; Unipolar Depression,RECRUITING,INTERVENTIONAL,PHASE2,Alan Davis,psilocybin,1,United States,2026-01-01,Ohio State University Comprehensive Cancer Center,18002935066,"Alan K Davis, PhD (Ohio State University Comprehensive Cancer Center)",no,,https://clinicaltrials.gov/study/NCT07216404
NCT05958758,A Community of Practice Program With Psilocybin-assisted Therapy for End-of-Life Patients,psychiatric,End of Life,UNKNOWN,INTERVENTIONAL,EARLY_PHASE1,The Roots to Thrive Society for Psychedelic Therapy,psilocybin,0,,2023-09-01,,,,no,,https://clinicaltrials.gov/study/NCT05958758
NCT05220410,The Safety and Efficacy of Psilocybin in Patients With Treatment-resistant Depression and Chronic Suicidal Ideation,psychiatric,Treatment Resistant Depression; Suicidal Ideation,COMPLETED,INTERVENTIONAL,PHASE2,Sheppard Pratt Health System,psilocybin,1,United States,2022-03-28,,,"Scott Aaronson, MD (Sheppard Pratt Health System)",no,no,https://clinicaltrials.gov/study/NCT05220410
NCT04593563,The Safety and Efficacy of Psilocybin in Cancer Patients With Major Depressive Disorder,psychiatric,Major Depressive Disorder,UNKNOWN,INTERVENTIONAL,PHASE2,"Maryland Oncology Hematology, PA",psilocybin,1,United States,2020-09-01,,,,no,,https://clinicaltrials.gov/study/NCT04593563
NCT06399263,Study of Psilocybin for Anorexia in Young Adults,psychiatric,Anorexia Nervosa,RECRUITING,INTERVENTIONAL,PHASE2,"Marissa Raymond-Flesch, MD, MPH",psilocybin,2,United States,2024-11-18,"Lisa Fredenburg, MS",415-993-2486,"Marissa Raymond-Flesch, MD (University of California, San Francisco)",no,no,https://clinicaltrials.gov/study/NCT06399263
NCT06626139,Investigating the Interaction of Psilocybin and Context of Its Administration in Healthy Volunteers,psychiatric,Healthy Participants With Lower-than-average Mental Well-being,RECRUITING,INTERVENTIONAL,PHASE2,"Robin Carhart-Harris, PhD, MA",psilocybin,1,United States,2024-10-20,"Hannes Kettner, MSc",4158495452,"Robin Carhart-Harris, PhD (University of California, San Francisco); Jennifer Mitchell, PhD (University of California, San Francisco)",no,no,https://clinicaltrials.gov/study/NCT06626139
NCT05370911,Effects of Repeated Psilocybin Dosing in OCD,psychiatric,Obsessive-Compulsive Disorder,ACTIVE_NOT_RECRUITING,INTERVENTIONAL,PHASE1,Yale University,psilocybin,2,United States,2023-07-20,,,"Benjamin Kelmendi, MD (Yale University); Terence Ching, PhD (Yale University)",no,no,https://clinicaltrials.gov/study/NCT05370911
NCT06969170,"Safety, Tolerability, and Preliminary Efficacy of Psilocybin Oral Solution in Adults With Generalized Anxiety Disorder",psychiatric,Generalized Anxiety Disorder (GAD),RECRUITING,INTERVENTIONAL,PHASE2,Claudio N Soares,psilocybin,1,Canada,2025-05-16,"Claudio N Soares, MD, PhD, FRCPC, MBA",1-613-548-3232,,no,no,https://clinicaltrials.gov/study/NCT06969170
NCT06888128,State-Funded Trial Assessing Recovery and Long-Term Impact of Guided Psilocybin for Healing Trauma,psychiatric,PTSD,RECRUITING,INTERVENTIONAL,PHASE2,Baylor College of Medicine,psilocybin,1,United States,2025-01-30,"Lynnette A. Averill, Ph.D.",‪(832) 271-6615,,no,,https://clinicaltrials.gov/study/NCT06888128
NCT05312151,The Safety and Tolerability of COMP360 in Participants With Post-traumatic Stress Disorder,psychiatric,Post Traumatic Stress Disorder,COMPLETED,INTERVENTIONAL,PHASE2,COMPASS Pathways,psilocybin,3,United Kingdom; United States,2022-06-10,,,,yes,,https://clinicaltrials.gov/study/NCT05312151
NCT06430541,Study of Psilocybin Assisted Psychotherapy to Address Fear of Recurrence,psychiatric,Breast Cancer; Ovarian Cancer,RECRUITING,INTERVENTIONAL,PHASE1,"University of Colorado, Denver",psilocybin,2,United States,2024-11-21,Mary Mancuso,303-724-5729,"Stacy Fischer, MD (University of Colorado, Denver)",no,,https://clinicaltrials.gov/study/NCT06430541
NCT05259943,Microdosing Psychedelics to Improve Mood,psychiatric,Major Depressive Disorder,COMPLETED,INTERVENTIONAL,PHASE2,Rotem Petranker,psilocybin,1,Canada,2023-07-15,,,,no,undecided,https://clinicaltrials.gov/study/NCT05259943
NCT05478278,An Evaluation of Psilocybin's Effect on Cardiac Repolarization and the Effect of Food on Psilocybin's Pharmacokinetics,psychiatric,QTc Interval; Pharmacokinetics,COMPLETED,INTERVENTIONAL,PHASE1,Usona Institute,psilocybin,1,United States,2022-06-22,,,,no,undecided,https://clinicaltrials.gov/study/NCT05478278
NCT05227612,Psilocybin-assisted CBT for Depression,psychiatric,Major Depressive Disorder,COMPLETED,INTERVENTIONAL,PHASE1,"University of California, Los Angeles",psilocybin,1,United States,2023-06-27,,,,yes,,https://clinicaltrials.gov/study/NCT05227612
NCT07565909,Group Retreat Psilocybin Therapy for Healthcare Clinicians With Loss of Meaning in Their Work and Symptoms of Depression,psychiatric,Depression; Anxiety,NOT_YET_RECRUITING,INTERVENTIONAL,PHASE2,University of Washington,psilocybin,0,,2026-06,Leslie Thorn,(206) 295-4425,"Anthony Back, MD (University of Washington)",no,,https://clinicaltrials.gov/study/NCT07565909
NCT05594667,Effect of SSRIs on Response to Psilocybin Therapy,psychiatric,Depression; Major Depressive Disorder; Mild Depression; Moderate Depression; Depressive Disorder,WITHDRAWN,INTERVENTIONAL,PHASE2,Cybin Therapeutics Inc.,psilocybin,1,Canada,2023-01-01,,,"Reginald Peters, MD (Upstream)",no,no,https://clinicaltrials.gov/study/NCT05594667
NCT04661514,Evaluation of Psilocybin in Anorexia Nervosa: Safety and Efficacy,psychiatric,Anorexia Nervosa,COMPLETED,INTERVENTIONAL,PHASE2,"University of California, San Diego",psilocybin,1,United States,2021-05-01,,,,no,,https://clinicaltrials.gov/study/NCT04661514
NCT07211438,Evaluating the Role of Psilocybin Monitors in Psilocybin Therapy for Treatment Resistant Depression,psychiatric,Treatment-Resistant Depression,RECRUITING,INTERVENTIONAL,PHASE2,Centre for Addiction and Mental Health,psilocybin,2,Canada,2026-07-03,"Emily Gilbert, MSc",416-535-8501,"Ishrat Husain, MBBS, MD (Centre for Addiction and Mental Health)",no,no,https://clinicaltrials.gov/study/NCT07211438
NCT07183748,Psilocybin Microdosing With Psychotherapy for Treatment-Resistant Depression,psychiatric,Treatment Resistant Depression,RECRUITING,INTERVENTIONAL,PHASE2,Beersheva Mental Health Center,psilocybin,1,Israel,2025-12-01,"Oded Arbel, MD",+972506576691,,no,,https://clinicaltrials.gov/study/NCT07183748
NCT05467761,Bioavailability Study of Psilocybin in Normal Adults,psychiatric,Healthy,WITHDRAWN,INTERVENTIONAL,PHASE1,"University of Wisconsin, Madison",psilocybin,1,United States,2023-06,,,"Christopher Nicholas, PhD (University of Wisconsin, Madison); Paul Hutson, PharmD (University of Wisconsin, Madison)",no,no,https://clinicaltrials.gov/study/NCT05467761
NCT07745569,Assessing of Behavioral Risk and Response to Electromagnetic and Psychedelic Therapies,psychiatric,PTSD; PTSD - Post Traumatic Stress Disorder; Major Depression; Suicidality,NOT_YET_RECRUITING,INTERVENTIONAL,PHASE2,University of New Mexico,psilocybin,0,,2026-08-31,Crystal A Garcia,505-272-9552,"Davin Quinn, MD (University of New Mexico)",no,,https://clinicaltrials.gov/study/NCT07745569
NCT07433452,"The Effects of Psilocybin in Healthy Volunteers: Psychological, Biochemical and Electrophysiological Biomarkers.",psychiatric,Healthy Participants; Placebo - Control; Psilocybin,NOT_YET_RECRUITING,INTERVENTIONAL,PHASE1,Gabriella Gobbi,psilocybin,0,,2026-09-01,"Maryam Oraei, MD",+1-514-3984650,,no,undecided,https://clinicaltrials.gov/study/NCT07433452
NCT07792538,Psilocybin-Assisted Psychotherapy for Veterans With PTSD,psychiatric,Posttraumatic Stress Disorder (PTSD),NOT_YET_RECRUITING,INTERVENTIONAL,PHASE2,ARQ National Psychotrauma Centre,psilocybin,1,Netherlands,2026-12,"Annika Wirsching, MSc",088 330 5699,"Eric Vermetten, MD, PhD (Leiden University Medical Center)",no,no,https://clinicaltrials.gov/study/NCT07792538
NCT05624268,"Efficacy, Safety, and Tolerability of COMP360 in Participants With TRD",other,Treatment Resistant Depression,COMPLETED,INTERVENTIONAL,PHASE3,COMPASS Pathways,psilocybin,40,United States,2023-01-24,,,,no,undecided,https://clinicaltrials.gov/study/NCT05624268
NCT07050368,"A Study Assessing Brain Activity, Safety, Tolerability, and Pharmacokinetics Following Multiple Doses of MLS101 (Psilocybin) in Healthy Volunteers",psychiatric,Healthy Volunteer,COMPLETED,INTERVENTIONAL,PHASE1,MycoMedica Life Sciences PBC,psilocybin,1,United Kingdom,2025-07-28,,,,no,,https://clinicaltrials.gov/study/NCT07050368
NCT06512220,Imaging the Effects of Serotonin 2A Receptor Modulation on Synaptic Density in Treatment-resistant Depression (SYNVEST),psychiatric,Treatment Resistant Depression,RECRUITING,INTERVENTIONAL,PHASE2,Centre for Addiction and Mental Health,psilocybin,1,Canada,2025-04-21,"Emily Gilbert, MSc",416-535-8501,"Ishrat Husain, MBBS, MD (Centre for Addiction and Mental Health)",no,no,https://clinicaltrials.gov/study/NCT06512220
NCT06378229,Psilocybin for Hospitalized Patients with Treatment-resistant Depression,psychiatric,Treatment Resistant Depression,RECRUITING,INTERVENTIONAL,PHASE2,"University Hospital, Ghent",psilocybin,1,Belgium,2024-05-21,"Cisse Geleyn, dr.",003293328742,"Gilbert Lemmens, Prof. dr. (University Hospital, Ghent)",no,yes,https://clinicaltrials.gov/study/NCT06378229
NCT05546658,Effects of Psilocybin in Obsessive Compulsive Disorder,psychiatric,Obsessive-Compulsive Disorder,ACTIVE_NOT_RECRUITING,INTERVENTIONAL,EARLY_PHASE1,Johns Hopkins University,psilocybin,1,United States,2022-11-28,,,"David B Yaden, PhD (Johns Hopkins University)",no,,https://clinicaltrials.gov/study/NCT05546658
NCT06072898,A Randomized Neuroimaging Trial of Psilocybin in Depression,psychiatric,Depressive Disorder; Major Depressive Disorder,RECRUITING,INTERVENTIONAL,PHASE2,Sunnybrook Health Sciences Centre,psilocybin,1,Canada,2025-05-28,EMBRACE Team,416-480-4085,"Sean M Nestor, PhD MD FRCPC (Sunnybrook Health Sciences Centre); Bradley J MacIntosh, PhD (Sunnybrook Research Institute)",no,yes,https://clinicaltrials.gov/study/NCT06072898
NCT06801041,TRIPS - Treatment to Improve Depression and/or Anxiety Using Psilocybin-assisted Psychotherapy in Cancer Survivors,psychiatric,Depression; Anxiety; Cancer,RECRUITING,INTERVENTIONAL,PHASE2,M.D. Anderson Cancer Center,psilocybin,1,United States,2025-05-23,"Moran Amit, MD, PHD",(713) 794-5304,"Moran Amit, MD, PHD (M.D. Anderson Cancer Center)",no,,https://clinicaltrials.gov/study/NCT06801041
NCT05506982,Psilocybin Combined With Multidisciplinary Palliative Care in Demoralized Cancer Survivors With Chronic Pain,psychiatric,Hematopoietic and Lymphoid Cell Neoplasm; Malignant Solid Neoplasm,COMPLETED,INTERVENTIONAL,PHASE1,Emory University,psilocybin,2,United States,2022-11-01,,,"Ali J. Zarrabi, MD (Emory University Hospital/Winship Cancer Institute)",no,,https://clinicaltrials.gov/study/NCT05506982
NCT05675800,Psilocybin for Major Depressive Disorder,psychiatric,Major Depressive Disorder,WITHDRAWN,INTERVENTIONAL,PHASE2,Washington University School of Medicine,psilocybin,0,,2024-01-01,,,"Ginger Nicol, MD (Washington University School of Medicine)",no,yes,https://clinicaltrials.gov/study/NCT05675800
NCT02243813,Effects of Psilocybin-facilitated Experience on the Psychology and Effectiveness of Professional Leaders in Religion,psychiatric,Healthy,COMPLETED,INTERVENTIONAL,PHASE1,Johns Hopkins University,psilocybin,1,United States,2015-03,,,"Roland R Griffiths, Ph.D. (JHUSOM)",no,,https://clinicaltrials.gov/study/NCT02243813
NCT07818564,Pilot Study on the Effects of Psilocybin on Belief Updating and Insight Formation,psychiatric,Phase I,NOT_YET_RECRUITING,INTERVENTIONAL,PHASE1,Brown University,psilocybin,1,United States,2026-11,,,,no,undecided,https://clinicaltrials.gov/study/NCT07818564
NCT06368492,The Impact of Psilocybin on Pain in Fibromyalgia Patients,psychiatric,Fibromyalgia,RECRUITING,INTERVENTIONAL,NA,Maastricht University,psilocybin,2,Netherlands,2024-05-03,"Mauro Cavarra, MSc",‭+310683029784‬,"Johannes G. Ramaekers, PhD (Maastricht University)",no,no,https://clinicaltrials.gov/study/NCT06368492
NCT06326606,"A Study to Evaluate the Safety, Tolerability, and Pharmacokinetics of MLS101 in Healthy Participants",other,Healthy Volunteers,COMPLETED,INTERVENTIONAL,PHASE1,MycoMedica Life Sciences PBC,psilocybin,1,Australia,2024-03-27,,,Sepehr Shakib (Principal Investigator at CMAX Clinical Research Pty Ltd),no,no,https://clinicaltrials.gov/study/NCT06326606
NCT07079852,"The Acute Effects of Psilocybin on Cognition, Memory, and Brain Function",psychiatric,Healthy,NOT_YET_RECRUITING,INTERVENTIONAL,PHASE1|PHASE2,Manoj Doss,psilocybin,1,United States,2026-09,"Manoj Doss, PhD",512-495-5856,,no,yes,https://clinicaltrials.gov/study/NCT07079852
NCT04630964,The Effect of Psilocybin on MDD Symptom Severity and Synaptic Density,psychiatric,Major Depressive Disorder; Depression,COMPLETED,INTERVENTIONAL,PHASE2,Section for Affective Disorders; Northern Stockholm Psychiatry,psilocybin,1,Sweden,2021-01-01,,,,no,,https://clinicaltrials.gov/study/NCT04630964
NCT04882839,"Evaluating the Feasibility, Safety and Efficacy of Psychotherapy Assisted Psilocybin for Treatment of Severe OCD",psychiatric,Obsessive-compulsive Disorder,RECRUITING,INTERVENTIONAL,PHASE2,Beersheva Mental Health Center,psilocybin,1,Israel,2024-11-25,"Oded Arbel, Dr.",+972506576691,"Oded Arbel, MD (Beersheva Mental Health Center)",no,no,https://clinicaltrials.gov/study/NCT04882839
NCT05481736,Efficacy and Safety of COMP360 Psilocybin Therapy in Anorexia Nervosa: a Proof-of-concept Study,psychiatric,Anorexia Nervosa,COMPLETED,INTERVENTIONAL,PHASE2,COMPASS Pathways,psilocybin,5,Ireland; United Kingdom; United States,2022-10-12,,,,no,undecided,https://clinicaltrials.gov/study/NCT05481736
NCT07852832,Effects of Psilocybin on Craving in Nicotine Dependence,psychiatric,Nicotine Dependence,NOT_YET_RECRUITING,INTERVENTIONAL,PHASE2,University of British Columbia,psilocybin,0,,2027-01,Christian G Schutz,604-827-4287,,no,no,https://clinicaltrials.gov/study/NCT07852832
NCT03853577,Characterization of Altered Waking States of Consciousness in Healthy Humans,psychiatric,Altered Waking States of Consciousness in Healthy Humans,COMPLETED,INTERVENTIONAL,NA,University of Zurich,psilocybin,1,Switzerland,2020-07-08,,,"Franz X. Vollenweider, Prof, MD (Psychiatric Hospital, University of Zurich)",no,undecided,https://clinicaltrials.gov/study/NCT03853577
NCT07506395,Group Psilocybin-Assisted Therapy for Post-Traumatic Stress Disorder,psychiatric,PTSD,RECRUITING,INTERVENTIONAL,PHASE1,University of New Mexico,psilocybin,1,United States,2026-05-01,Victoria Culkin,,,no,no,https://clinicaltrials.gov/study/NCT07506395
NCT06902974,Psilocybin-Assisted Therapy for Sexual Assault-Related PTSD,psychiatric,Post Traumatic Stress Disorder; PTSD,RECRUITING,INTERVENTIONAL,PHASE2,Sunstone Medical,psilocybin,1,United States,2026-05-23,Clinical Evaluation Team,301-750-3401,"Manish Agrawal, MD, MSC (Sunstone Medical, PC)",no,undecided,https://clinicaltrials.gov/study/NCT06902974
NCT06506019,Neurobiological Effects of Psilocybin in Treatment Resistant Bipolar Depression,psychiatric,Bipolar Depression,ACTIVE_NOT_RECRUITING,INTERVENTIONAL,PHASE1,"University Health Network, Toronto",psilocybin,1,Canada,2024-10-09,,,"Joshua Rosenblat, MD, MSc (University Health Network, Toronto)",no,undecided,https://clinicaltrials.gov/study/NCT06506019
NCT04656301,Safety and Efficacy of Psilocybin for Body Dysmorphic Disorder,psychiatric,Body Dysmorphic Disorders,COMPLETED,INTERVENTIONAL,PHASE2,New York State Psychiatric Institute,psilocybin,1,United States,2021-02-26,,,"Franklin Schneier, MD (Research Foundation for Mental Hygiene/NY State Psychiatric Institute)",yes,no,https://clinicaltrials.gov/study/NCT04656301
NCT07386730,A Study of Psychedelics in Healthy Older Adults With Low Well-being,psychiatric,Anhedonia in Healthy Volunteers; Older Adults (50-90 Years),RECRUITING,INTERVENTIONAL,PHASE1,Jennifer Mitchell,psilocybin,1,United States,2026-06-01,Gabriella Mace,415-707-5399,"Lorenzo Pasquini, PhD (University of California, San Francisco); Jennifer Mitchell, PhD (University of California, San Francisco)",no,no,https://clinicaltrials.gov/study/NCT07386730
NCT05698511,Neural and Physiological Correlates of Psychedelic Sub-states,psychiatric,Psychedelic Experiences; Neuroimaging; Healthy Volunteers,ACTIVE_NOT_RECRUITING,INTERVENTIONAL,PHASE1,"Robin Carhart-Harris, PhD, MA",psilocybin,1,United States,2023-07-31,,,"Robin Carhart-Harris, PhD (University of California, San Francisco)",no,no,https://clinicaltrials.gov/study/NCT05698511
NCT04519957,Long Term Follow Up Study to COMP 001 And COMP 003 Trials (P-TRD LTFU),other,Treatment Resistant Depression,COMPLETED,OBSERVATIONAL,,COMPASS Pathways,psilocybin,8,Czechia; Ireland; Netherlands; United Kingdom; United States,2020-07-20,,,,no,,https://clinicaltrials.gov/study/NCT04519957
NCT04739865,The Safety and Efficacy Of Psilocybin as an Adjunctive Therapy in Participants With Treatment Resistant Depression,psychiatric,Treatment Resistant Depression,COMPLETED,INTERVENTIONAL,PHASE2,COMPASS Pathways,psilocybin,2,Ireland; United States,2020-08-10,,,Guy Goodwin (University of Oxford),yes,,https://clinicaltrials.gov/study/NCT04739865
NCT07360301,Consciousness and Psilocybin Effects on Well-Being: The CoPEWell Study,psychiatric,"Well-Being, Psychological; Psychedelic Experiences",NOT_YET_RECRUITING,INTERVENTIONAL,PHASE1,"University of Wisconsin, Madison",psilocybin,1,United States,2026-10,CoPEWell Study Contact,608-263-4852,"Charles Raison, MD (University of Wisconsin, Madison)",no,yes,https://clinicaltrials.gov/study/NCT07360301
NCT06835699,Psilocybin Brain Stimulation and Imaging Pilot Study,psychiatric,Healthy Volunteers,COMPLETED,INTERVENTIONAL,PHASE1,Johns Hopkins University,psilocybin,1,United States,2025-04-18,,,"Ceyda Sayali, PhD (Johns Hopkins University)",no,,https://clinicaltrials.gov/study/NCT06835699
NCT06660381,Psilocybin-assisted Treatment for Cannabis Use Disorder,psychiatric,Cannabis Use Disorder,RECRUITING,INTERVENTIONAL,PHASE1,Johns Hopkins University,psilocybin,1,United States,2024-11-08,"Ian Geithner, MPS",410-550-1972,"Albert Garcia-Romeu, Ph.D. (Johns Hopkins University)",no,no,https://clinicaltrials.gov/study/NCT06660381
NCT06768944,Subjective Experience Following Psilocybin,psychiatric,Investigating the Importance of the Subjective Psychedelic Experience,RECRUITING,INTERVENTIONAL,PHASE2,University of Calgary,psilocybin,1,Canada,2026-05-15,"Ana Deutsch, MSc",587-893-0257,"Leah Mayo, PhD (University of Calgary)",no,no,https://clinicaltrials.gov/study/NCT06768944
NCT05710237,Does Psilocybin Require Psychedelic Effects to Treat Depression?,psychiatric,Treatment-resistant Depression,COMPLETED,INTERVENTIONAL,PHASE2,Centre for Addiction and Mental Health,psilocybin,1,Canada,2023-07-01,,,"M. Ishrat Husain, MBBS, MD (Centre for Addiction and Mental Health)",no,no,https://clinicaltrials.gov/study/NCT05710237
NCT05733546,"A Phase II, Multicentre, Randomised, Double-blind, Controlled Study to Investigate the Safety, Tolerability, Pharmacokinetics, and Efficacy of COMP360 in Participants With Recurrent Major Depressive Disorder",psychiatric,Major Depressive Disorder,ACTIVE_NOT_RECRUITING,INTERVENTIONAL,PHASE2,COMPASS Pathways,psilocybin,5,United States,2023-01-30,,,,no,no,https://clinicaltrials.gov/study/NCT05733546
NCT06760533,Psilocybin-Assisted Psychotherapy in Treating Irritable Bowel Syndrome (IBS),psychiatric,IBS - Irritable Bowel Syndrome,NOT_YET_RECRUITING,INTERVENTIONAL,EARLY_PHASE1,NYU Langone Health,psilocybin,1,United States,2026-08,Maysaa El Zoghbi,216-835-7626,Maysaa El Zoghbi (NYU Langone Health),no,no,https://clinicaltrials.gov/study/NCT06760533
NCT05876481,Evaluation of Psilocybin-assisted Psychotherapy (PaP) for the Treatment of Post-traumatic Stress Disorder (PTSD) in Military Veterans,psychiatric,PTSD,UNKNOWN,INTERVENTIONAL,PHASE2,Combat Stress,psilocybin,1,United Kingdom,2023-06,Prof. Dominic Murphy,01372 587 017,Prof. Dominic Murphy (Combat Stress),no,no,https://clinicaltrials.gov/study/NCT05876481
NCT00979693,Psilocybin-Assisted Psychotherapy for Anxiety in People With Stage IV Melanoma,psychiatric,Anxiety; Stage IV Melanoma,WITHDRAWN,INTERVENTIONAL,PHASE2,Multidisciplinary Association for Psychedelic Studies,psilocybin,1,United States,2012-01,,,"Sameet Kumar, Ph.D (Psycho-oncologist, Mount Sinai Comprehensive Cancer Center)",no,,https://clinicaltrials.gov/study/NCT00979693
NCT07336238,Group Retreat Psilocybin Therapy for the Treatment of Anxiety and Depression in Patients With Metastatic Solid Tumors or Incurable Hematologic Malignancies,psychiatric,Anxiety; Depression; Hematopoietic and Lymphatic System Neoplasm; Metastatic Malignant Solid Neoplasm,ACTIVE_NOT_RECRUITING,INTERVENTIONAL,PHASE2,University of Washington,psilocybin,1,United States,2026-05-19,,,"Anthony Back, MD (Fred Hutch/University of Washington Cancer Consortium)",no,no,https://clinicaltrials.gov/study/NCT07336238
NCT05646303,Psilocybin-Assisted Psychotherapy in Adults With Alcohol Use Disorder (AUD),psychiatric,Alcohol Use Disorder,UNKNOWN,INTERVENTIONAL,PHASE2,Clairvoyant Therapeutics,psilocybin,12,Canada; Finland,2022-05-02,,,"Hannu Alho, MD (Addiktum Oy)",no,,https://clinicaltrials.gov/study/NCT05646303
NCT05068791,Psilocybin-facilitated Treatment for Chronic Pain,psychiatric,"Fibromyalgia, Primary",RECRUITING,INTERVENTIONAL,EARLY_PHASE1,University of Alabama at Birmingham,psilocybin,1,United States,2023-11-01,"Peter Hendricks, Ph.D.",205-202-1387,,no,,https://clinicaltrials.gov/study/NCT05068791
NCT06899594,Psilocybin for Methamphetamine Addiction,psychiatric,Methamphetamine Use Disorder,RECRUITING,INTERVENTIONAL,EARLY_PHASE1,Kevin Murnane,psilocybin,1,United States,2025-04-04,"Kevin S Murnane, PhD",(318) 675-7830,"Kevin S Murnane, PhD (Louisiana State University Health Science Center Shreveport)",no,no,https://clinicaltrials.gov/study/NCT06899594
NCT07164755,Measurement of Serum Inflammatory Markers in Patients Treatment-resistant Depression Given Psilocybin,psychiatric,Depression - Major Depressive Disorder,ACTIVE_NOT_RECRUITING,OBSERVATIONAL,,King's College London,psilocybin,1,United Kingdom,2021-06-21,,,,no,undecided,https://clinicaltrials.gov/study/NCT07164755
NCT03806985,Effects of Psilocybin in Concussion Headache,psychiatric,Post-Traumatic Headache,TERMINATED,INTERVENTIONAL,PHASE1,Yale University,psilocybin,1,United States,2019-03-28,,,,no,,https://clinicaltrials.gov/study/NCT03806985
NCT06067737,Outpatient Buprenorphine Induction With Psilocybin for Opioid Use Disorder,psychiatric,Opioid Use Disorder,RECRUITING,INTERVENTIONAL,PHASE2,Johns Hopkins University,psilocybin,1,United States,2024-02-08,"Andrew L Gaddis, MD",410-550-0048,"Sandeep Nayak, MD (Johns Hopkins University)",no,no,https://clinicaltrials.gov/study/NCT06067737
NCT07296328,"Effects of Psilocybin on Speech Fluency, Struggle, and Brain Activity in People Who Stutter",psychiatric,Stuttering,NOT_YET_RECRUITING,INTERVENTIONAL,PHASE2,NYU Langone Health,psilocybin,1,United States,2026-01-15,"Eric Jackson, PhD",212-992-9470,"Michael Bogenschutz, MD (NYU Langone Health)",no,yes,https://clinicaltrials.gov/study/NCT07296328
NCT02971605,Persisting Effects of Psilocybin,psychiatric,Healthy,COMPLETED,INTERVENTIONAL,PHASE1|PHASE2,Johns Hopkins University,psilocybin,1,United States,2017-07-01,,,"Frederick S Barrett, PhD (Johns Hopkins University)",yes,yes,https://clinicaltrials.gov/study/NCT02971605
NCT07774702,Psilocybin for Methamphetamine Use Disorder,psychiatric,Methamphetamine Use Disorder,NOT_YET_RECRUITING,INTERVENTIONAL,PHASE2,Peter Hendricks,psilocybin,1,United States,2027-02-01,"Seher Premani, MPH",205-975-7721,"Peter S Hendricks, PhD (University of Alabama at Birmingham)",no,yes,https://clinicaltrials.gov/study/NCT07774702
NCT04670081,Efficacy and Safety of Psilocybin in Treatment-Resistant Major Depression,psychiatric,Treatment-resistant Depression,COMPLETED,INTERVENTIONAL,PHASE2,"Central Institute of Mental Health, Mannheim",psilocybin,2,Germany,2021-06-10,,,"Gerhard Gründer, Prof. Dr. (Central Institute of Mental Health, Mannheim)",no,yes,https://clinicaltrials.gov/study/NCT04670081
NCT05398484,Psilocybin Therapy in Advanced Cancer,psychiatric,Advanced Cancer,RECRUITING,INTERVENTIONAL,PHASE2|PHASE3,NYU Langone Health,psilocybin,2,United States,2023-05-24,"Sydney Weiner, MA",212-263-6283,"Stephen Ross, MD (NYU Langone Medical Center)",no,yes,https://clinicaltrials.gov/study/NCT05398484
NCT05723276,Psilocybin in Functional Neurological Disorder,psychiatric,Functional Neurological Disorder,COMPLETED,INTERVENTIONAL,NA,King's College London,psilocybin,1,United Kingdom,2024-02-14,,,,no,,https://clinicaltrials.gov/study/NCT05723276
NCT06782724,Psilocybin Therapy for Psychological Distress in Palliative Patients,psychiatric,COPD (Chronic Obstructive Pulmonary Disease); ALS (Amyotrophic Lateral Sclerosis); MS (Multiple Sclerosis); Major Depressive Disorder (MDD); Atypical Parkinson Disease,RECRUITING,INTERVENTIONAL,PHASE2,University Medical Center Groningen,psilocybin,4,Czechia; Denmark; Netherlands; Portugal,2025-07-01,"Robert A Schoevers, Professor",050 361 2008,,no,no,https://clinicaltrials.gov/study/NCT06782724
NCT07449351,"Psilocybin Microdosing on Cognition, Mood and Quality of Life",psychiatric,"Psychedelic Microdosing Effects on Mood, Cognition, Subjective Well-being and MRI",NOT_YET_RECRUITING,INTERVENTIONAL,EARLY_PHASE1,Yale University,psilocybin,1,United States,2026-10-01,"Godfrey Pearlson, MD",860-545-7757,"Godfrey Pearlson, MD (Yale University)",no,no,https://clinicaltrials.gov/study/NCT07449351
NCT07296094,Psilocybin-Assisted Psychotherapy for the Treatment of Severe Alcohol Use Disorder,psychiatric,Alcohol Use Disorder,NOT_YET_RECRUITING,INTERVENTIONAL,PHASE2,Brigham and Women's Hospital,psilocybin,1,United States,2026-11-15,"Joji Suzuki, MD",617-732-5752,"Joji Suzuki, MD (Brigham and Women's Hospital)",no,,https://clinicaltrials.gov/study/NCT07296094
NCT05416229,Psilocybin-assisted Therapy for Treatment of Alcohol Use Disorder,psychiatric,Alcohol Use Disorder,COMPLETED,INTERVENTIONAL,PHASE2,"Anders Fink-Jensen, MD, DMSci",psilocybin,1,Denmark,2023-09-01,,,"Anders Fink-Jensen, Professor (Psychiatric Center Copenhagen, Frederiksberg Hospital)",no,yes,https://clinicaltrials.gov/study/NCT05416229
NCT04505189,Psilocybin as a Treatment for Anorexia Nervosa: A Pilot Study,psychiatric,Anorexia Nervosa,COMPLETED,INTERVENTIONAL,PHASE1|PHASE2,Imperial College London,psilocybin,1,United Kingdom,2021-05-28,,,,no,no,https://clinicaltrials.gov/study/NCT04505189
NCT06141876,Evaluation of Psilocybin-Assisted Psychotherapy in Treating Severe Depression in Patients With PTSD,psychiatric,Post-traumatic Stress Disorder; Depression,UNKNOWN,INTERVENTIONAL,PHASE2,Apex Labs Ltd.,psilocybin,0,,2023-12-15,,,,no,undecided,https://clinicaltrials.gov/study/NCT06141876
NCT05042466,Northwest Therapies Trauma Psilocybin Study Compassionate Use Study,psychiatric,"Trauma, Nervous System",UNKNOWN,INTERVENTIONAL,PHASE1,NWTraumatherapies,psilocybin,1,United States,2023-09-03,"Ross M Allison, Plant Medicine On Boarding",206-234-3087,"Ross M Allison, Provider (NW Therapies Trauma Unit)",no,,https://clinicaltrials.gov/study/NCT05042466
NCT07516405,Safety and Tolerability Trial of Psilocybin in Healthy Older Adults,psychiatric,Healthy Volunteer; Older Adults (65-85 Years),RECRUITING,INTERVENTIONAL,PHASE1,"University of Colorado, Denver",psilocybin,6,United States,2026-04-01,"Mary P Mancuso, MA (dual degrees)",3037245729,,no,undecided,https://clinicaltrials.gov/study/NCT07516405
NCT07391332,Psilocybin AsSisted pSychotherapy for the treatmENt of Gambling disordER : a Pilot Study,psychiatric,Gambling Disorder,NOT_YET_RECRUITING,INTERVENTIONAL,PHASE2,Nantes University Hospital,psilocybin,1,France,2026-04-01,Benoit SCHRECK,+33.2.40.84.76.20,,no,no,https://clinicaltrials.gov/study/NCT07391332
NCT06319378,Cancer Related Major Depression Treated With a Single Dose of Psilocybin,psychiatric,MDD,RECRUITING,INTERVENTIONAL,PHASE2,Section for Affective Disorders; Northern Stockholm Psychiatry,psilocybin,4,Sweden,2024-04-19,Johan Lundberg,0812340000,"Johan Lundberg, MD PhD (Norra Stockholms Psykiatri and Karolinska Institutet)",no,no,https://clinicaltrials.gov/study/NCT06319378
NCT07118332,Psilocybin as a Treatment for Chronic Pain in Smokers,psychiatric,Smokers With Chronic Pain,RECRUITING,INTERVENTIONAL,EARLY_PHASE1,Yale University,psilocybin,2,United States,2026-07-06,"Mehmet Sofuoglu, M.D., Ph.D.",203-932-5711,,no,undecided,https://clinicaltrials.gov/study/NCT07118332
NCT06041152,Does Psilocybin Change Synaptic Density in Amnestic Mild Cognitive Impairment,psychiatric,Amnestic Mild Cognitive Impairment,ACTIVE_NOT_RECRUITING,INTERVENTIONAL,PHASE2,Centre for Addiction and Mental Health,psilocybin,1,Canada,2023-11-27,,,"Philip Gerretsen, MD, PhD (Centre for Addiction and Mental Health)",no,no,https://clinicaltrials.gov/study/NCT06041152
NCT07373535,Understanding Music and Mindfulness Preferences in Psilocybin-Assisted Psychotherapy,psychiatric,Treatment-Resistant Major Depressive Disorder,NOT_YET_RECRUITING,INTERVENTIONAL,PHASE2,Kyle Greenway,psilocybin,2,Canada,2026-05,,,"Kyle T Greenway, MD (Jewish General Hospital)",no,no,https://clinicaltrials.gov/study/NCT07373535
NCT06724289,Psilocybin for Prolonged Grief Disorder,psychiatric,Prolonged Grief Disorder,RECRUITING,INTERVENTIONAL,EARLY_PHASE1,University of Virginia,psilocybin,1,United States,2026-03-24,"Fatma Wise, PhD",(434) 243-0568,"Jennifer K Penberthy, PhD (University of Virginia)",no,,https://clinicaltrials.gov/study/NCT06724289
NCT07818720,MLS101 Study in PMDD,other,Premenstrual Dysphoric Disorder ( PMDD); PMDD,NOT_YET_RECRUITING,INTERVENTIONAL,PHASE1,MycoMedica Life Sciences PBC,psilocybin,0,,2026-12,Executive Director of Clinical Operations,(732) 690-3185,,no,no,https://clinicaltrials.gov/study/NCT07818720
NCT07332143,Psilocybin-Assisted Therapy,psychiatric,PTSD,RECRUITING,INTERVENTIONAL,PHASE2,Emory University,psilocybin,1,United States,2026-06-08,"Anna Wise, PhD",404-712-1035,"Anna Wise, PhD (Emory University)",no,no,https://clinicaltrials.gov/study/NCT07332143
NCT06442423,Open-Label Psilocybin Study in Transdiagnostic Population,psychiatric,Transdiagnostic; Depression - Major Depressive Disorder; Anxiety; PTSD Symptoms; PTSD; Substance Use; Substance Use Disorder (SUD); OCD,RECRUITING,INTERVENTIONAL,PHASE1,Yale University,psilocybin,1,United States,2024-10-17,Sarah Shnayder,(203) 737-3404,"Benjamin Kelmendi, MD (Yale University); Gabrielle Agin-Liebes, PhD (Yale University)",no,yes,https://clinicaltrials.gov/study/NCT06442423
NCT05947383,Two Doses of Psilocybin for the Treatment of MDD in Adults With Cancer,psychiatric,Cancer; Major Depressive Disorder,ACTIVE_NOT_RECRUITING,INTERVENTIONAL,PHASE2,Sunstone Medical,psilocybin,1,United States,2023-10-23,,,,no,,https://clinicaltrials.gov/study/NCT05947383
NCT06592833,Psilocybin With Pimavanserin Compared to Psilocybin Alone for the Treatment of Major Depressive Disorder,psychiatric,Major Depressive Disorder,RECRUITING,INTERVENTIONAL,PHASE2,Icahn School of Medicine at Mount Sinai,psilocybin,1,United States,2025-02-25,Depression and Anxiety Center Icahn School of Medicine at Mount Sinai,(212) 241-6539,James Murrough (Icahn School of Medicine at Mount Sinai); Rachel Fremont (Icahn School of Medicine at Mount Sinai),no,no,https://clinicaltrials.gov/study/NCT06592833
NCT07566104,Group PACBT for Depression,psychiatric,Depression - Major Depressive Disorder; Psilocybin; Cognitive Behavioral Therapy,NOT_YET_RECRUITING,INTERVENTIONAL,PHASE2,"University of California, Los Angeles",psilocybin,1,United States,2027-01,,,,no,no,https://clinicaltrials.gov/study/NCT07566104
NCT06643637,"A Study to Evaluate the Safety, Tolerability, and Pharmacokinetics of Multiple Doses of MLS101 in Healthy Participants",other,Healthy Volunteers,COMPLETED,INTERVENTIONAL,PHASE1,MycoMedica Life Sciences PBC,psilocybin,1,Australia,2024-11-08,,,,no,,https://clinicaltrials.gov/study/NCT06643637
NCT03341689,Psilocybin for the Treatment of Migraine Headache,psychiatric,Migraine Headache,COMPLETED,INTERVENTIONAL,PHASE1,Yale University,psilocybin,1,United States,2017-11-01,,,,no,,https://clinicaltrials.gov/study/NCT03341689
NCT04905121,Phase 1b Study in Patients With Short-Lasting Unilateral Neuralgiform Headache Attacks (SUNHA),other,Short Lasting Unilateral Neuralgiform Headache Attacks,TERMINATED,INTERVENTIONAL,PHASE1,Beckley Psytech Limited,psilocybin,1,United Kingdom,2021-08-11,,,,no,no,https://clinicaltrials.gov/study/NCT04905121
NCT03300947,Psilocybin for Treatment of Obsessive Compulsive Disorder,psychiatric,Obsessive-compulsive Disorder (OCD),COMPLETED,INTERVENTIONAL,PHASE1,University of Arizona,psilocybin,1,United States,2019-01-02,,,"Francisco A. Moreno, MD (Professor of Psychiatry and Associate Vice President, Diversity and Inclusion)",no,no,https://clinicaltrials.gov/study/NCT03300947
NCT07406828,Psilocybin After Trauma Surgery for Pain,psychiatric,Pain Management; Postoperative Pain,NOT_YET_RECRUITING,INTERVENTIONAL,PHASE1,Trent Emerick,psilocybin,1,United States,2027-12-31,"Alisha Maslanka, BS, CCRC",4128646779,Trent D. Emerick (University of Pittsburgh / UPMC),no,no,https://clinicaltrials.gov/study/NCT07406828
NCT07791901,MB-PAT for Demoralization in Advanced Cancer ('PAT-MIND') Trial,other,Advanced Cancer; Demoralization; Existential Distress; Psychological Distress,NOT_YET_RECRUITING,INTERVENTIONAL,PHASE2,University of Calgary,psilocybin,2,Canada,2026-10-30,"Christopher P. Albertyn, PhD",587-231-3984,"Linda E. Carlson, Ph.D., R.Psych, FCAHS, FABMR (University of Calgary); Ron Shore, MPA, PhD (Queen's University)",no,undecided,https://clinicaltrials.gov/study/NCT07791901
NCT04123314,Psilocybin for Depression in People With Mild Cognitive Impairment or Early Alzheimer's Disease,psychiatric,Depressive Symptoms; Depression; Alzheimer Disease; Mild Cognitive Impairment,RECRUITING,INTERVENTIONAL,EARLY_PHASE1,Johns Hopkins University,psilocybin,1,United States,2021-03-24,"Ian Geithner, MPS",4105505466,"Albert Garcia-Romeu, PhD (Johns Hopkins University)",no,no,https://clinicaltrials.gov/study/NCT04123314
NCT06200155,Psilocybin-Assisted Psychotherapy in Patients With Advanced Cancer on Maintenance Therapy,psychiatric,"Depression, Anxiety; Psilocybin-Assisted Psychotherapy; Advanced Cancer",RECRUITING,INTERVENTIONAL,PHASE2,M.D. Anderson Cancer Center,psilocybin,1,United States,2024-04-16,"Moran Amit, MD",(713) 794-5304,"Moran Amit, MD (M.D. Anderson Cancer Center)",no,,https://clinicaltrials.gov/study/NCT06200155
NCT06992999,Psilocybin for Treatment of OCD-2,psychiatric,Obsessive - Compulsive Disorder,NOT_YET_RECRUITING,INTERVENTIONAL,PHASE1|PHASE2,Francisco A Moreno,psilocybin,1,United States,2026-09-08,Esmeralda Terrazas,(520) 626-8000,"Francisco Moreno, MD (University of Arizona, College of Medicine, Tucson)",no,undecided,https://clinicaltrials.gov/study/NCT06992999
NCT06386003,Psilocybin-Assisted Cognitive Processing Therapy for Chronic PTSD,psychiatric,Post Traumatic Stress Disorder; PTSD; Chronic PTSD,RECRUITING,INTERVENTIONAL,PHASE2,Unity Health Toronto,psilocybin,1,Canada,2026-06,Venkat Bhat,416-360-4000,,no,no,https://clinicaltrials.gov/study/NCT06386003
NCT05243329,Investigating the Therapeutic Effects of Psilocybin in Treatment-Resistant Post-Traumatic Stress Disorder,psychiatric,Treatment Resistant Disorders; Post Traumatic Stress Disorder,UNKNOWN,INTERVENTIONAL,PHASE2,Halucenex Life Sciences Inc.,psilocybin,1,Canada,2022-10-03,,,"Lisa Batten, PhD (Halucenex Life Sciences); Paige Stevens, MD (Contracted)",no,no,https://clinicaltrials.gov/study/NCT05243329
NCT06444243,Psilocybin-assisted Therapy for Alcohol Use Disorder,psychiatric,Alcohol Use Disorder; Alcohol Dependence; Depression; Anxiety,UNKNOWN,INTERVENTIONAL,PHASE2,University of Sydney,psilocybin,0,,2024-09,"Kirsten C Morley, PhD",95153636,"Paul Haber, PhD (University of Sydney); Kirsten C Morley, PhD (University of Sydney)",no,no,https://clinicaltrials.gov/study/NCT06444243
NCT07180108,PRoMiSS: Psilocybin and the Role of Music in Set and Setting,psychiatric,Psilocybin; Music Intervention,RECRUITING,INTERVENTIONAL,PHASE1,Johns Hopkins University,psilocybin,1,United States,2025-08-12,"David S Rosen, PhD",609-502-8900,"Frederick S Barrett, PhD (Johns Hopkins University)",no,,https://clinicaltrials.gov/study/NCT07180108
NCT06225232,Psilocybin in the Treatment of Cannabis Use Disorder: A-Proof-of-Concept Study,psychiatric,"Cannabis Use Disorder, Moderate; Cannabis Use Disorder, Severe",ACTIVE_NOT_RECRUITING,INTERVENTIONAL,PHASE2,McMaster University,psilocybin,1,Canada,2025-03-21,,,,no,undecided,https://clinicaltrials.gov/study/NCT06225232
NCT05995769,Psilocybin-Assisted Psychotherapy for Alcohol Use Disorder,psychiatric,Alcohol Use Disorder; Alcoholism,RECRUITING,INTERVENTIONAL,PHASE2,University of Calgary,psilocybin,1,Canada,2024-03-20,Kaitlin O'Grady,587-893-0257,"Leah Mayo, PhD (University of Calgary)",no,no,https://clinicaltrials.gov/study/NCT05995769
NCT05866471,The ENHANCE Study: taVNS and Psilocybin,psychiatric,Healthy; Psychedelic Experiences; Vagus Nerve Stimulation,RECRUITING,INTERVENTIONAL,PHASE1,"University of Wisconsin, Madison",psilocybin,1,United States,2025-01-27,Program Manager,608-265-4987,"Charles Raison, MD (University of Wisconsin, Madison)",no,yes,https://clinicaltrials.gov/study/NCT05866471
NCT05847686,Psilocybin-Assisted Therapy for the Treatment of Cancer-Related Anxiety in Patients With Metastatic Cancer,psychiatric,Hematopoietic and Lymphatic System Neoplasm; Metastatic Malignant Solid Neoplasm,COMPLETED,INTERVENTIONAL,PHASE1|PHASE2,University of Washington,psilocybin,1,United States,2023-06-27,,,Anthony Back (Fred Hutch/University of Washington Cancer Consortium),yes,no,https://clinicaltrials.gov/study/NCT05847686
NCT04982796,Psilocybin-Enhanced Psychotherapy for Methamphetamine Use Disorder,psychiatric,Amphetamine-Related Disorders,ACTIVE_NOT_RECRUITING,INTERVENTIONAL,PHASE1|PHASE2,"Portland VA Research Foundation, Inc",psilocybin,1,United States,2022-07-07,,,"Chris Stauffer, MD (Oregon Health and Science University)",no,no,https://clinicaltrials.gov/study/NCT04982796
NCT06450210,Safety for Home Administration of Microdose Psilocybin Use,psychiatric,Psychedelic Experiences,COMPLETED,INTERVENTIONAL,PHASE1,Johns Hopkins University,psilocybin,1,United States,2024-12-06,,,"Sandeep M. Nayak, MD (Johns Hopkins University)",no,,https://clinicaltrials.gov/study/NCT06450210
NCT06796062,Psilocybin for Opioid Use Disorder (OUD),psychiatric,Opioid Use Disorder,RECRUITING,INTERVENTIONAL,PHASE2,NYU Langone Health,psilocybin,5,United States,2025-12-17,"Michael Bogenschutz, MD",646-501-4026,"Michael Bogenschutz, MD (NYU Langone Health)",no,yes,https://clinicaltrials.gov/study/NCT06796062
NCT06005662,Inpatient Buprenorphine Induction With Psilocybin for Opioid Use Disorder,psychiatric,Opioid Use Disorder,WITHDRAWN,INTERVENTIONAL,PHASE2,Johns Hopkins University,psilocybin,1,United States,2027-04,,,"Sandeep Nayak, MD (Johns Hopkins School of Medicine)",no,no,https://clinicaltrials.gov/study/NCT06005662
NCT05581797,Psilocybin-assisted Interpersonal Therapy for Depression,psychiatric,"Depressive Disorder, Treatment-Resistant",COMPLETED,INTERVENTIONAL,NA,University of Otago,psilocybin,1,New Zealand,2023-03-15,,,"Cameron Lacey, PhD (University of Otago)",no,no,https://clinicaltrials.gov/study/NCT05581797
NCT07737990,Psilocybin-Assisted Group Integration Psychotherapy for Treatment-Resistant Depression,psychiatric,Treatment-resistant Depression (TRD),ENROLLING_BY_INVITATION,INTERVENTIONAL,NA,Joshua Rosenblat,psilocybin,1,Canada,2026-07-01,,,,no,no,https://clinicaltrials.gov/study/NCT07737990
NCT05585229,Standardized Natural Psilocybin-assisted Psychotherapy for Tapering of Opioid Medication,psychiatric,Opioid Dependence; Chronic Pain,RECRUITING,INTERVENTIONAL,PHASE2,University of British Columbia,psilocybin,1,Canada,2025-10-27,"W. Francois Louw, MD",250-860-9754,"W. Francois Louw, MD (University of British Columbia)",no,no,https://clinicaltrials.gov/study/NCT05585229
NCT04989972,Assessing the Efficacy of Micro-dosed Psilocybin on Reducing Anxiety & Depression Levels in Adults,psychiatric,Anxiety and Depression,WITHDRAWN,INTERVENTIONAL,PHASE2,"Wake Network, Inc.",psilocybin,1,Jamaica,2022-09-15,,,"Roger Gibson (Faculty of Medical Sciences UWI Mona); Sharon White (Wake Network, Inc.)",no,no,https://clinicaltrials.gov/study/NCT04989972
NCT06810310,Psilocybin on Brain Mechanisms of Motivation in OUD,psychiatric,Opioid Use Disorder,RECRUITING,INTERVENTIONAL,PHASE2,University of Pennsylvania,psilocybin,1,United States,2025-12-22,"Anna Rose Childress, PhD",215-746-1803,,no,no,https://clinicaltrials.gov/study/NCT06810310
NCT04218539,Repeat Dosing of Psilocybin in Migraine Headache,psychiatric,Migraine Headache,COMPLETED,INTERVENTIONAL,PHASE1,Yale University,psilocybin,1,United States,2021-08-10,,,,no,,https://clinicaltrials.gov/study/NCT04218539
NCT05252598,Mood and Cognitive Effects of Psilocybin in Healthy Participants,psychiatric,"Mood Disturbance; Mood Change; Sleep Disturbance; Drug Effect; Psychedelic Experiences; Health, Subjective; Psilocin Toxicity; Psilocybin Toxicity; Psilocybin Causing Adverse Effects in Therapeutic Use; Anxiety",WITHDRAWN,INTERVENTIONAL,EARLY_PHASE1,Optimi Health Corporation,psilocybin,0,,2023-01,,,"Valerie Taylor, MD/PhD (University of Calgary)",no,no,https://clinicaltrials.gov/study/NCT05252598
NCT06132178,Psilocybin rTMS for Treatment Resistant Depression,psychiatric,Treatment Resistant Depression; MDD; Major Depressive Disorder; Recurrent Depression; Depression,RECRUITING,INTERVENTIONAL,PHASE2,University of Texas at Austin,psilocybin,1,United States,2025-01-10,"Lauren K Enten, B.S.A.",512-495-5856,"Gregory A Fonzo, Ph.D. (The University of Texas at Austin)",no,no,https://clinicaltrials.gov/study/NCT06132178
NCT06885996,Psilocybin-assisted Therapy for Post-Traumatic Stress Disorder in Survivors of Intimate Partner Violence,psychiatric,Post Traumatic Stress Disorder PTSD; Intimate Partner Violence (IPV),NOT_YET_RECRUITING,INTERVENTIONAL,PHASE2,University of Calgary,psilocybin,2,Canada,2026-10-01,"Chantel T Debert, MD MSc FRCPC",403) 944-4500,"Sandy Shultz, PhD (The Institute on Aging & Lifelong Health, Faculty of Health, University of Victoria); Leah Mayo, PhD (Parker Psychedelics Research Chair and Assistant Professor, Department of Psychiatry, University of Calgary, Cumming School of Medicine)",no,no,https://clinicaltrials.gov/study/NCT06885996
NCT06349083,Neurobehavioral Mechanisms of Psilocybin-assisted Treatment for AUD,psychiatric,Alcohol Use Disorder,RECRUITING,INTERVENTIONAL,PHASE2,NYU Langone Health,psilocybin,1,United States,2026-09-01,"Michael Bogenschutz, MD",646-501-4026,"Michael Bogenschutz, MD (NYU Langone Health)",no,yes,https://clinicaltrials.gov/study/NCT06349083
NCT00802282,Psilocybin and Spiritual Practice,psychiatric,Healthy,COMPLETED,INTERVENTIONAL,PHASE1,Johns Hopkins University,psilocybin,1,United States,2009-08,,,"Roland R Griffiths, Ph.D. (Johns Hopkins University)",no,,https://clinicaltrials.gov/study/NCT00802282
NCT05128162,Open-label Study to Assess the Safety and Efficacy of Psilocybin With Psychotherapy in Adult Participants With Fibromyalgia,psychiatric,Fibromyalgia,COMPLETED,INTERVENTIONAL,PHASE2,Kevin Boehnke,psilocybin,1,United States,2023-09-27,,,"Kevin F Boehnke, PhD (University of Michigan)",yes,no,https://clinicaltrials.gov/study/NCT05128162
NCT05381974,The Effects of Psilocybin on Self-Focus and Self-Related Processing in Treatment Resistant MDD,psychiatric,Treatment-Resistant Major Depressive Disorder,WITHDRAWN,INTERVENTIONAL,PHASE2,Massachusetts General Hospital,psilocybin,1,United States,2022-09-15,,,"Sharmin Ghaznavi, MD, PhD (Massachusetts General Hospital)",no,,https://clinicaltrials.gov/study/NCT05381974
NCT05322954,Study of the Safety and Feasibility of Psilocybin in Adults With Methamphetamine Use Disorder,psychiatric,Methamphetamine Use Disorder; Substance-Related Disorders; Chemically-Induced Disorders; Substance Use Disorders; Stimulant-Use Disorder,TERMINATED,INTERVENTIONAL,PHASE1,"University of Wisconsin, Madison",psilocybin,1,United States,2023-03-03,,,"Christopher Nicholas, PhD (University of Wisconsin, Madison)",no,no,https://clinicaltrials.gov/study/NCT05322954
NCT04141501,Clinical and Mechanistic Effects of Psilocybin in Alcohol Addicted Patients,psychiatric,Alcohol Use Disorder,COMPLETED,INTERVENTIONAL,PHASE2,University of Zurich,psilocybin,1,Switzerland,2020-06-08,,,"Katrin Preller, Dr. (Psychiatric University Clinic)",no,no,https://clinicaltrials.gov/study/NCT04141501
NCT05224336,Psilocybin-assisted Therapy for Phantom Limb Pain,psychiatric,Phantom Limb Pain,COMPLETED,INTERVENTIONAL,PHASE1,"University of California, San Diego",psilocybin,1,United States,2022-10-03,,,,no,,https://clinicaltrials.gov/study/NCT05224336
NCT07169747,"Safety, Therapeutic Potential, and Mechanisms of Two Psilocybin Doses, Administered With Psychological Support in Young Adults With Anorexia Nervosa",psychiatric,Anorexia Nervosa,RECRUITING,INTERVENTIONAL,PHASE2,Region Skane,psilocybin,1,Sweden,2026-07-20,"David Sjöström, MD, PhD-student",+46739075390,"Pouya Movahed Rad, Associate Professor (Department of Clinical Sciences, Lund University, Sweden)",no,undecided,https://clinicaltrials.gov/study/NCT07169747
NCT01149824,Placebo Controlled Study of Sublingual Salvinorin A,other,Pharmaceutical Preparations,COMPLETED,INTERVENTIONAL,NA,California Pacific Medical Center Research Institute,salvinorin,0,,2009-06,,,"John Mendelson, MD (California Pacific Medical Center)",no,,https://clinicaltrials.gov/study/NCT01149824
NCT00996411,Human Psychopharmacology of Salvinorin A,other,Healthy,COMPLETED,INTERVENTIONAL,PHASE1,Johns Hopkins University,salvinorin,2,United States,2008-11,,,"Roland Griffiths, Ph.D. (Johns Hopkins University); Matthew W Johnson, Ph.D. (Johns Hopkins University)",no,,https://clinicaltrials.gov/study/NCT00996411
NCT03418714,Effects of Salvinorin A on Brain Function,other,Drug Effect,COMPLETED,INTERVENTIONAL,PHASE1|PHASE2,Johns Hopkins University,salvinorin,1,United States,2017-12-14,,,"Frederick S Barrett, Ph.D. (Johns Hopkins University)",yes,no,https://clinicaltrials.gov/study/NCT03418714
NCT00700596,Effects of Salvinorin A in Healthy Controls,other,Healthy,COMPLETED,INTERVENTIONAL,EARLY_PHASE1,Yale University,salvinorin,1,United States,2009-02-12,,,"Mohini Ranganathan, M.D. (Yale University School of Medicine, Dept of Psychiatry)",no,,https://clinicaltrials.gov/study/NCT00700596
